station_id,station_name,date_local,pm25_value,pm25_unit,latitude,longitude,co_ug_m3,co_ppb,no2_ug_m3,no2_ppb,o3_ug_m3,pm10_ug_m3,so2_ug_m3,so2_ppb,temperature_mean_c,temperature_min_c,temperature_max_c,precipitation_total_mm,wind_speed_mean_kmh,relative_humidity_mean_pct,hourly_records,coverage_flag,weather_source,weather_match
5592,Gangapur Road,2019-01-03,132.0,µg/m³,20.0073285,73.7762427,4310.0,,137.0,,9.55,223.0,4.19,,20.5875,12.7,28.7,0.0,6.416666666666667,36.25,24,complete_24_hours,Original weather CSV,available
5592,Gangapur Road,2019-02-13,37.2,µg/m³,20.0073285,73.7762427,755.0,,30.1,,92.3,65.9,6.06,,23.945833333333336,18.1,31.3,0.0,8.295833333333333,43.375,24,complete_24_hours,Original weather CSV,available
5592,Gangapur Road,2019-02-14,51.6,µg/m³,20.0073285,73.7762427,796.0,,28.8,,45.5,61.2,5.37,,23.275,16.6,31.3,0.0,9.804166666666667,46.375,24,complete_24_hours,Original weather CSV,available
5592,Gangapur Road,2019-04-27,39.9,µg/m³,20.0073285,73.7762427,362.0,,1.41,,34.0,86.9,7.68,,34.4625,25.4,41.7,0.0,13.441666666666668,23.75,24,complete_24_hours,Original weather CSV,available
5592,Gangapur Road,2019-04-28,38.7,µg/m³,20.0073285,73.7762427,372.0,,0.0,,32.8,96.0,8.3,,33.78333333333333,24.9,41.4,0.0,12.2125,18.916666666666668,24,complete_24_hours,Original weather CSV,available
5592,Gangapur Road,2019-04-29,48.3,µg/m³,20.0073285,73.7762427,798.0,,0.0,,33.1,99.2,8.09,,31.89583333333333,25.3,39.5,0.0,12.029166666666669,33.625,24,complete_24_hours,Original weather CSV,available
5592,Gangapur Road,2019-04-30,34.3,µg/m³,20.0073285,73.7762427,416.0,,0.0,,32.9,88.9,5.07,,30.758333333333336,24.7,38.4,0.0,16.345833333333335,32.375,24,complete_24_hours,Original weather CSV,available
5592,Gangapur Road,2019-05-01,39.1,µg/m³,20.0073285,73.7762427,392.0,,0.0,,31.8,133.0,4.16,,28.579166666666666,22.4,36.6,0.0,15.9875,46.125,24,complete_24_hours,Original weather CSV,available
5592,Gangapur Road,2019-05-02,37.9,µg/m³,20.0073285,73.7762427,450.0,,0.0,,31.2,111.0,3.67,,27.541666666666668,20.4,35.7,0.0,13.708333333333334,49.25,24,complete_24_hours,Original weather CSV,available
5592,Gangapur Road,2019-05-03,36.7,µg/m³,20.0073285,73.7762427,460.0,,0.0,,27.2,75.9,3.16,,26.8,20.3,34.6,0.0,15.725,53.208333333333336,24,complete_24_hours,Original weather CSV,available
5592,Gangapur Road,2019-06-19,18.1,µg/m³,20.0073285,73.7762427,381.0,,,,31.3,88.4,1.76,,25.725,23.3,29.2,6.5,17.416666666666668,80.625,24,complete_24_hours,Original weather CSV,available
5592,Gangapur Road,2019-06-20,28.1,µg/m³,20.0073285,73.7762427,330.0,,15.7,,29.8,85.2,2.47,,26.925,22.6,32.4,0.1,14.441666666666668,71.375,24,complete_24_hours,Original weather CSV,available
5592,Gangapur Road,2019-06-21,22.3,µg/m³,20.0073285,73.7762427,303.0,,13.8,,30.4,69.6,2.92,,27.058333333333334,22.7,32.4,0.6000000000000001,12.679166666666667,71.125,24,complete_24_hours,Original weather CSV,available
5592,Gangapur Road,2019-06-22,28.2,µg/m³,20.0073285,73.7762427,335.0,,14.1,,27.9,,2.67,,27.45,22.8,34.4,1.2,12.4375,69.875,24,complete_24_hours,Original weather CSV,available
5592,Gangapur Road,2019-06-23,22.6,µg/m³,20.0073285,73.7762427,338.0,,12.8,,28.1,,2.57,,25.204166666666666,23.3,30.3,24.3,10.0375,83.58333333333333,24,complete_24_hours,Original weather CSV,available
5592,Gangapur Road,2019-06-24,23.8,µg/m³,20.0073285,73.7762427,466.0,,14.8,,30.2,76.4,3.51,,25.054166666666664,23.3,27.7,11.0,9.545833333333333,84.33333333333333,24,complete_24_hours,Original weather CSV,available
5592,Gangapur Road,2019-06-25,26.2,µg/m³,20.0073285,73.7762427,501.0,,15.2,,30.1,53.5,14.8,,25.8875,23.0,30.0,10.9,9.008333333333333,82.29166666666667,24,complete_24_hours,Original weather CSV,available
5592,Gangapur Road,2019-06-26,37.7,µg/m³,20.0073285,73.7762427,470.0,,17.6,,30.4,44.7,2.23,,25.991666666666664,23.2,30.8,9.5,10.279166666666669,83.58333333333333,24,complete_24_hours,Original weather CSV,available
5592,Gangapur Road,2019-06-27,19.2,µg/m³,20.0073285,73.7762427,552.0,,14.1,,31.2,20.9,3.05,,25.504166666666663,22.9,29.8,9.4,13.7125,84.75,24,complete_24_hours,Original weather CSV,available
5592,Gangapur Road,2019-06-28,19.5,µg/m³,20.0073285,73.7762427,862.0,,21.9,,31.0,15.9,4.56,,24.05,22.9,26.9,36.6,13.208333333333334,91.625,24,complete_24_hours,Original weather CSV,available
5592,Gangapur Road,2019-06-29,16.3,µg/m³,20.0073285,73.7762427,1300.0,,13.2,,31.1,18.8,15.4,,23.45,22.4,24.8,30.7,14.975,91.54166666666669,24,complete_24_hours,Original weather CSV,available
5592,Gangapur Road,2019-07-01,0.0144,µg/m³,20.0073285,73.7762427,1730.0,,20.3,,30.5,6.53,5.35,,22.79583333333333,22.2,23.9,44.5,10.516666666666667,95.16666666666669,24,complete_24_hours,Original weather CSV,available
5592,Gangapur Road,2019-07-08,30.6,µg/m³,20.0073285,73.7762427,753.0,,,,29.9,17.1,0.878,,23.804166666666664,22.6,25.4,4.1000000000000005,19.98333333333333,91.25,24,complete_24_hours,Original weather CSV,available
5592,Gangapur Road,2019-07-09,24.2,µg/m³,20.0073285,73.7762427,674.0,,19.6,,30.1,28.7,1.15,,24.23333333333333,22.8,26.1,3.6,21.67083333333333,89.08333333333333,24,complete_24_hours,Original weather CSV,available
5592,Gangapur Road,2019-07-10,16.6,µg/m³,20.0073285,73.7762427,680.0,,16.7,,31.5,26.8,6.68,,24.09583333333333,22.7,27.2,12.0,19.425,89.16666666666667,24,complete_24_hours,Original weather CSV,available
5592,Gangapur Road,2019-07-11,19.0,µg/m³,20.0073285,73.7762427,595.0,,15.6,,29.4,33.5,1.41,,23.825,22.7,25.7,2.9000000000000004,22.0,89.91666666666667,24,complete_24_hours,Original weather CSV,available
5592,Gangapur Road,2019-07-12,19.2,µg/m³,20.0073285,73.7762427,430.0,,9.61,,31.5,33.8,1.68,,24.425,22.9,27.4,1.7000000000000002,20.258333333333333,86.20833333333333,24,complete_24_hours,Original weather CSV,available
5592,Gangapur Road,2019-07-13,17.6,µg/m³,20.0073285,73.7762427,636.0,,15.7,,30.8,46.2,1.66,,24.304166666666664,22.7,26.9,3.3000000000000003,18.466666666666665,87.08333333333333,24,complete_24_hours,Original weather CSV,available
5592,Gangapur Road,2019-07-14,25.6,µg/m³,20.0073285,73.7762427,541.0,,11.7,,30.0,38.0,1.91,,24.504166666666663,22.6,27.2,2.6,20.35,85.20833333333333,24,complete_24_hours,Original weather CSV,available
5592,Gangapur Road,2019-07-15,18.5,µg/m³,20.0073285,73.7762427,518.0,,11.1,,29.9,80.9,1.69,,24.7,22.7,27.7,0.7000000000000001,20.141666666666666,83.79166666666667,24,complete_24_hours,Original weather CSV,available
5592,Gangapur Road,2019-07-16,20.0,µg/m³,20.0073285,73.7762427,513.0,,10.6,,30.0,104.0,1.39,,24.554166666666664,22.7,27.5,1.8,18.308333333333334,84.5,24,complete_24_hours,Original weather CSV,available
5592,Gangapur Road,2019-07-17,21.4,µg/m³,20.0073285,73.7762427,477.0,,9.4,,30.5,98.2,1.72,,24.808333333333334,22.6,27.8,0.7000000000000001,16.266666666666666,82.66666666666667,24,complete_24_hours,Original weather CSV,available
5592,Gangapur Road,2019-07-18,24.2,µg/m³,20.0073285,73.7762427,492.0,,6.53,,31.4,98.8,1.15,,25.041666666666668,22.4,28.2,0.9,12.770833333333334,83.33333333333333,24,complete_24_hours,Original weather CSV,available
5592,Gangapur Road,2019-07-19,22.9,µg/m³,20.0073285,73.7762427,396.0,,7.05,,31.0,67.6,4.58,,25.5,22.3,29.7,1.7999999999999998,9.095833333333331,80.33333333333333,24,complete_24_hours,Original weather CSV,available
5592,Gangapur Road,2019-07-20,22.5,µg/m³,20.0073285,73.7762427,698.0,,21.2,,28.9,18.4,1.25,,25.14583333333333,23.6,28.8,52.9,6.508333333333333,89.83333333333333,24,complete_24_hours,Original weather CSV,available
5592,Gangapur Road,2019-07-21,27.1,µg/m³,20.0073285,73.7762427,595.0,,20.5,,30.0,27.7,1.3,,25.1625,22.3,29.5,30.1,4.45,86.54166666666667,24,complete_24_hours,Original weather CSV,available
5592,Gangapur Road,2019-07-22,30.0,µg/m³,20.0073285,73.7762427,722.0,,20.3,,31.0,25.9,1.16,,25.8,22.6,30.0,10.5,5.341666666666666,86.25,24,complete_24_hours,Original weather CSV,available
5592,Gangapur Road,2019-07-23,34.6,µg/m³,20.0073285,73.7762427,755.0,,14.1,,31.3,30.0,1.2,,25.475,23.2,29.0,1.7,9.854166666666666,86.79166666666667,24,complete_24_hours,Original weather CSV,available
5592,Gangapur Road,2019-07-24,12.9,µg/m³,20.0073285,73.7762427,690.0,,17.0,,30.5,24.7,1.49,,24.8375,23.1,28.0,37.7,15.358333333333334,89.54166666666667,24,complete_24_hours,Original weather CSV,available
5592,Gangapur Road,2019-07-25,20.4,µg/m³,20.0073285,73.7762427,599.0,,12.0,,30.8,19.6,1.03,,23.9,22.5,26.1,14.6,19.8875,90.79166666666669,24,complete_24_hours,Original weather CSV,available
5592,Gangapur Road,2019-07-26,21.0,µg/m³,20.0073285,73.7762427,512.0,,8.02,,30.4,39.0,1.34,,23.59166666666667,22.3,25.7,10.5,22.92083333333333,89.16666666666667,24,complete_24_hours,Original weather CSV,available
5592,Gangapur Road,2019-07-27,16.7,µg/m³,20.0073285,73.7762427,476.0,,6.21,,30.5,30.0,1.14,,23.175,21.8,24.8,11.5,23.570833333333336,91.45833333333331,24,complete_24_hours,Original weather CSV,available
5592,Gangapur Road,2019-07-28,29.9,µg/m³,20.0073285,73.7762427,422.0,,5.01,,31.2,119.0,1.4,,23.40416666666667,22.6,25.1,8.3,24.320833333333336,90.41666666666669,24,complete_24_hours,Original weather CSV,available
5592,Gangapur Road,2019-07-29,18.3,µg/m³,20.0073285,73.7762427,477.0,,5.56,,31.0,38.3,1.79,,22.916666666666668,22.2,24.1,26.3,22.71666666666667,92.375,24,complete_24_hours,Original weather CSV,available
5592,Gangapur Road,2019-07-30,15.3,µg/m³,20.0073285,73.7762427,468.0,,7.25,,31.2,17.6,1.17,,22.79583333333333,22.3,23.5,20.1,23.85833333333333,92.41666666666669,24,complete_24_hours,Original weather CSV,available
5592,Gangapur Road,2019-07-31,17.3,µg/m³,20.0073285,73.7762427,463.0,,7.1,,29.6,27.4,1.28,,22.825,22.1,23.7,29.7,22.729166666666668,92.58333333333331,24,complete_24_hours,Original weather CSV,available
5592,Gangapur Road,2019-08-01,17.7,µg/m³,20.0073285,73.7762427,484.0,,4.65,,31.8,24.4,1.78,,23.3,22.5,24.5,12.6,23.008333333333336,90.79166666666669,24,complete_24_hours,Original weather CSV,available
5592,Gangapur Road,2019-08-02,20.7,µg/m³,20.0073285,73.7762427,556.0,,6.73,,30.7,20.1,2.18,,23.554166666666664,22.3,25.9,8.6,25.2,88.20833333333333,24,complete_24_hours,Original weather CSV,available
5592,Gangapur Road,2019-08-03,12.2,µg/m³,20.0073285,73.7762427,646.0,,8.66,,30.6,18.6,2.52,,23.229166666666668,22.5,25.0,32.9,22.23333333333333,92.625,24,complete_24_hours,Original weather CSV,available
5592,Gangapur Road,2019-08-04,13.1,µg/m³,20.0073285,73.7762427,210.0,,,,33.0,40.7,2.97,,23.0125,22.3,23.8,161.4,21.391666666666666,93.29166666666669,24,complete_24_hours,Original weather CSV,available
5592,Gangapur Road,2019-08-05,20.7,µg/m³,20.0073285,73.7762427,443.0,,,,30.9,25.7,2.05,,23.3,22.8,24.4,41.1,21.40416666666667,92.95833333333331,24,complete_24_hours,Original weather CSV,available
5592,Gangapur Road,2019-08-06,19.2,µg/m³,20.0073285,73.7762427,448.0,,4.54,,31.5,27.1,2.28,,23.8625,22.6,26.6,8.9,24.0375,90.0,24,complete_24_hours,Original weather CSV,available
5592,Gangapur Road,2019-08-07,22.6,µg/m³,20.0073285,73.7762427,436.0,,5.0,,30.7,32.3,1.79,,23.54583333333333,22.8,25.1,6.0,25.058333333333334,90.0,24,complete_24_hours,Original weather CSV,available
5592,Gangapur Road,2019-08-08,26.3,µg/m³,20.0073285,73.7762427,444.0,,3.82,,31.1,46.8,2.29,,23.133333333333336,22.7,23.5,15.8,27.3,92.66666666666669,24,complete_24_hours,Original weather CSV,available
5592,Gangapur Road,2019-08-09,19.3,µg/m³,20.0073285,73.7762427,536.0,,6.43,,31.3,30.9,1.8,,23.3375,23.0,24.1,32.1,28.391666666666666,92.29166666666669,24,complete_24_hours,Original weather CSV,available
5592,Gangapur Road,2019-08-10,16.0,µg/m³,20.0073285,73.7762427,527.0,,3.5,,31.5,37.2,1.97,,23.5,22.3,26.0,13.6,26.5125,90.33333333333331,24,complete_24_hours,Original weather CSV,available
5592,Gangapur Road,2019-08-11,14.8,µg/m³,20.0073285,73.7762427,359.0,,0.0217,,31.4,35.1,2.78,,23.4,22.1,25.2,5.8,21.695833333333336,89.375,24,complete_24_hours,Original weather CSV,available
5592,Gangapur Road,2019-08-12,21.3,µg/m³,20.0073285,73.7762427,647.0,,1.38,,30.9,68.6,2.43,,24.195833333333336,22.2,27.2,1.7000000000000002,16.670833333333334,85.20833333333333,24,complete_24_hours,Original weather CSV,available
5592,Gangapur Road,2019-08-13,24.0,µg/m³,20.0073285,73.7762427,499.0,,1.21,,31.7,62.1,2.04,,24.35833333333333,22.0,27.7,2.0,16.404166666666665,84.625,24,complete_24_hours,Original weather CSV,available
5592,Gangapur Road,2019-08-14,28.2,µg/m³,20.0073285,73.7762427,461.0,,6.13,,33.1,42.7,2.16,,23.829166666666666,22.6,25.8,2.4000000000000004,16.070833333333333,88.125,24,complete_24_hours,Original weather CSV,available
5592,Gangapur Road,2019-08-19,14.8,µg/m³,20.0073285,73.7762427,437.0,,7.4,,33.6,33.9,2.63,,24.15416666666667,21.4,27.6,2.5,11.708333333333334,84.25,24,complete_24_hours,Original weather CSV,available
5592,Gangapur Road,2019-08-20,24.4,µg/m³,20.0073285,73.7762427,641.0,,10.7,,33.8,32.9,5.86,,24.25,21.8,27.9,2.2,12.379166666666668,82.75,24,complete_24_hours,Original weather CSV,available
5592,Gangapur Road,2019-08-21,20.2,µg/m³,20.0073285,73.7762427,538.0,,11.8,,32.8,43.4,5.02,,23.891666666666666,21.4,27.2,2.7,13.470833333333331,84.58333333333333,24,complete_24_hours,Original weather CSV,available
5592,Gangapur Road,2019-08-22,24.8,µg/m³,20.0073285,73.7762427,493.0,,6.68,,33.4,55.7,3.6,,23.870833333333334,21.7,26.7,1.7000000000000002,13.145833333333334,84.16666666666667,24,complete_24_hours,Original weather CSV,available
5592,Gangapur Road,2019-08-23,28.7,µg/m³,20.0073285,73.7762427,435.0,,2.72,,33.7,41.2,6.13,,24.1125,21.2,27.8,1.2,11.833333333333334,80.45833333333333,24,complete_24_hours,Original weather CSV,available
5592,Gangapur Road,2019-08-24,20.9,µg/m³,20.0073285,73.7762427,694.0,,14.5,,32.9,30.3,11.2,,23.77083333333333,21.7,26.8,2.8,11.4875,87.08333333333333,24,complete_24_hours,Original weather CSV,available
5592,Gangapur Road,2019-08-25,23.2,µg/m³,20.0073285,73.7762427,426.0,,6.02,,34.3,22.7,2.02,,23.916666666666668,21.6,27.9,1.2000000000000002,12.979166666666666,83.33333333333333,24,complete_24_hours,Original weather CSV,available
5592,Gangapur Road,2019-08-26,29.0,µg/m³,20.0073285,73.7762427,384.0,,3.62,,32.2,25.0,2.43,,23.52916666666667,21.7,26.8,1.4,15.008333333333333,84.125,24,complete_24_hours,Original weather CSV,available
5592,Gangapur Road,2019-08-27,27.8,µg/m³,20.0073285,73.7762427,632.0,,11.4,,33.4,60.5,2.43,,23.241666666666664,21.6,25.4,0.6000000000000001,16.458333333333332,85.33333333333333,24,complete_24_hours,Original weather CSV,available
5592,Gangapur Road,2019-08-28,23.8,µg/m³,20.0073285,73.7762427,544.0,,11.2,,33.3,58.6,2.0,,24.02083333333333,21.7,27.6,0.8,15.304166666666667,84.625,24,complete_24_hours,Original weather CSV,available
5592,Gangapur Road,2019-08-29,23.2,µg/m³,20.0073285,73.7762427,650.0,,14.5,,33.7,35.6,2.87,,24.5875,22.1,28.4,2.8000000000000003,10.5875,85.375,24,complete_24_hours,Original weather CSV,available
5592,Gangapur Road,2019-08-30,17.1,µg/m³,20.0073285,73.7762427,528.0,,12.9,,33.6,23.5,2.45,,24.370833333333334,22.4,28.1,7.3,10.283333333333331,89.16666666666667,24,complete_24_hours,Original weather CSV,available
5592,Gangapur Road,2019-08-31,11.4,µg/m³,20.0073285,73.7762427,532.0,,12.4,,32.7,23.2,9.59,,23.870833333333334,22.2,26.6,5.5,13.758333333333333,90.75,24,complete_24_hours,Original weather CSV,available
5592,Gangapur Road,2019-09-01,15.9,µg/m³,20.0073285,73.7762427,563.0,,12.0,,32.7,16.0,2.37,,23.7625,22.3,27.0,3.5,18.0125,88.91666666666667,24,complete_24_hours,Original weather CSV,available
5592,Gangapur Road,2019-09-02,16.4,µg/m³,20.0073285,73.7762427,522.0,,9.63,,33.5,27.8,2.42,,24.104166666666668,22.4,27.1,2.5,16.995833333333334,87.41666666666667,24,complete_24_hours,Original weather CSV,available
5592,Gangapur Road,2019-09-03,14.7,µg/m³,20.0073285,73.7762427,605.0,,10.3,,33.1,29.0,2.29,,23.92083333333333,22.1,26.4,3.7,14.65,87.375,24,complete_24_hours,Original weather CSV,available
5592,Gangapur Road,2019-09-04,10.7,µg/m³,20.0073285,73.7762427,568.0,,11.1,,33.3,26.3,2.2,,23.825,22.4,27.3,10.5,13.429166666666667,90.29166666666669,24,complete_24_hours,Original weather CSV,available
5592,Gangapur Road,2019-09-05,12.4,µg/m³,20.0073285,73.7762427,689.0,,12.0,,33.6,14.4,2.67,,24.04583333333333,22.4,26.7,1.7000000000000002,15.4125,90.0,24,complete_24_hours,Original weather CSV,available
5592,Gangapur Road,2019-09-06,10.2,µg/m³,20.0073285,73.7762427,605.0,,9.55,,33.6,16.1,2.52,,24.0,22.6,26.8,2.5,19.75,89.29166666666667,24,complete_24_hours,Original weather CSV,available
5592,Gangapur Road,2019-09-07,10.7,µg/m³,20.0073285,73.7762427,623.0,,9.85,,33.0,19.6,2.42,,23.98333333333333,22.7,26.2,3.2,19.466666666666665,90.20833333333331,24,complete_24_hours,Original weather CSV,available
5592,Gangapur Road,2019-09-08,10.1,µg/m³,20.0073285,73.7762427,528.0,,7.9,,32.5,10.9,2.31,,23.59166666666667,22.6,25.9,7.1,19.67083333333333,90.625,24,complete_24_hours,Original weather CSV,available
5592,Gangapur Road,2019-09-09,14.9,µg/m³,20.0073285,73.7762427,606.0,,9.94,,34.0,13.4,2.27,,23.6875,22.8,26.0,7.1,17.683333333333334,92.625,24,complete_24_hours,Original weather CSV,available
5592,Gangapur Road,2019-09-10,16.7,µg/m³,20.0073285,73.7762427,496.0,,5.82,,34.0,12.1,1.72,,23.65,22.5,26.0,5.6,17.704166666666666,90.45833333333331,24,complete_24_hours,Original weather CSV,available
5592,Gangapur Road,2019-09-11,17.3,µg/m³,20.0073285,73.7762427,570.0,,10.3,,33.1,28.0,2.01,,23.8125,22.2,26.8,1.5,17.837500000000002,87.33333333333333,24,complete_24_hours,Original weather CSV,available
5592,Gangapur Road,2019-09-12,17.6,µg/m³,20.0073285,73.7762427,497.0,,1.87,,33.8,31.1,2.13,,22.92083333333333,22.2,24.5,7.1,16.583333333333332,90.91666666666669,24,complete_24_hours,Original weather CSV,available
5592,Gangapur Road,2019-09-13,19.2,µg/m³,20.0073285,73.7762427,452.0,,5.27,,33.3,30.4,2.05,,22.975,21.3,25.4,3.6,17.254166666666666,90.70833333333331,24,complete_24_hours,Original weather CSV,available
5592,Gangapur Road,2019-09-14,16.3,µg/m³,20.0073285,73.7762427,506.0,,5.59,,33.2,22.3,2.17,,23.29583333333333,21.4,25.2,2.5,16.154166666666665,90.29166666666669,24,complete_24_hours,Original weather CSV,available
5592,Gangapur Road,2019-09-15,15.0,µg/m³,20.0073285,73.7762427,523.0,,3.0,,34.1,30.8,2.58,,23.8625,22.0,27.0,3.9,13.320833333333333,88.79166666666667,24,complete_24_hours,Original weather CSV,available
5592,Gangapur Road,2019-09-16,18.6,µg/m³,20.0073285,73.7762427,417.0,,1.73,,34.2,42.4,2.23,,23.83333333333333,22.1,26.5,0.6,15.2625,85.95833333333333,24,complete_24_hours,Original weather CSV,available
5592,Gangapur Road,2019-09-17,16.0,µg/m³,20.0073285,73.7762427,422.0,,1.37,,33.8,39.0,2.47,,23.025,21.7,24.6,14.2,10.308333333333334,93.41666666666669,24,complete_24_hours,Original weather CSV,available
5592,Gangapur Road,2019-09-18,25.9,µg/m³,20.0073285,73.7762427,560.0,,5.92,,33.2,52.8,2.41,,23.925,21.5,27.1,11.3,7.970833333333334,92.0,24,complete_24_hours,Original weather CSV,available
5592,Gangapur Road,2019-09-19,26.2,µg/m³,20.0073285,73.7762427,781.0,,10.3,,34.3,34.6,2.13,,24.016666666666666,22.1,28.4,21.5,8.9625,90.5,24,complete_24_hours,Original weather CSV,available
5592,Gangapur Road,2019-09-20,14.2,µg/m³,20.0073285,73.7762427,640.0,,7.73,,33.3,40.0,2.09,,23.8,21.7,27.5,4.3,8.354166666666666,88.79166666666667,24,complete_24_hours,Original weather CSV,available
5592,Gangapur Road,2019-09-21,17.9,µg/m³,20.0073285,73.7762427,573.0,,6.41,,33.4,50.3,2.31,,24.2,21.2,28.7,5.1,5.679166666666667,85.66666666666667,24,complete_24_hours,Original weather CSV,available
5592,Gangapur Road,2019-09-22,22.8,µg/m³,20.0073285,73.7762427,568.0,,6.08,,33.2,46.8,2.47,,24.2875,21.2,28.9,1.0,6.783333333333334,86.375,24,complete_24_hours,Original weather CSV,available
5592,Gangapur Road,2019-09-23,20.2,µg/m³,20.0073285,73.7762427,472.0,,4.23,,32.5,46.7,3.61,,24.183333333333334,21.2,29.2,10.5,4.875,87.45833333333333,24,complete_24_hours,Original weather CSV,available
5592,Gangapur Road,2019-09-24,27.9,µg/m³,20.0073285,73.7762427,731.0,,7.5,,31.1,42.9,2.21,,24.191666666666663,21.3,28.1,8.8,6.5,89.66666666666667,24,complete_24_hours,Original weather CSV,available
5592,Gangapur Road,2019-09-25,33.7,µg/m³,20.0073285,73.7762427,705.0,,6.87,,32.4,36.8,2.37,,23.975,21.6,27.6,17.1,6.454166666666667,92.0,24,complete_24_hours,Original weather CSV,available
5592,Gangapur Road,2019-09-26,14.4,µg/m³,20.0073285,73.7762427,664.0,,7.79,,32.1,24.9,3.42,,23.84166666666667,21.9,27.6,60.8,8.891666666666667,90.33333333333331,24,complete_24_hours,Original weather CSV,available
5592,Gangapur Road,2019-09-27,12.3,µg/m³,20.0073285,73.7762427,964.0,,6.36,,29.7,16.8,18.5,,23.2125,21.8,26.3,7.0,14.633333333333333,88.875,24,complete_24_hours,Original weather CSV,available
5592,Gangapur Road,2019-09-28,27.0,µg/m³,20.0073285,73.7762427,678.0,,2.51,,30.2,23.2,3.06,,23.65416666666667,21.5,27.4,0.7000000000000001,14.070833333333333,84.54166666666667,24,complete_24_hours,Original weather CSV,available
5592,Gangapur Road,2019-09-29,14.7,µg/m³,20.0073285,73.7762427,587.0,,0.307,,32.3,33.7,2.17,,23.729166666666668,21.3,27.5,0.7999999999999999,13.079166666666666,85.70833333333333,24,complete_24_hours,Original weather CSV,available
5592,Gangapur Road,2019-09-30,11.3,µg/m³,20.0073285,73.7762427,596.0,,0.007,,31.4,31.2,2.66,,23.45833333333333,21.4,26.5,1.7,14.075,87.66666666666667,24,complete_24_hours,Original weather CSV,available
5592,Gangapur Road,2019-10-01,15.8,µg/m³,20.0073285,73.7762427,641.0,,0.497,,29.5,28.8,1.63,,23.52083333333333,21.6,26.6,1.4,13.208333333333334,87.0,24,complete_24_hours,Original weather CSV,available
5592,Gangapur Road,2019-10-02,12.3,µg/m³,20.0073285,73.7762427,469.0,,0.0,,31.1,19.5,,,23.775,21.1,28.1,0.3999999999999999,8.370833333333334,86.29166666666667,24,complete_24_hours,Original weather CSV,available
5592,Gangapur Road,2019-10-03,16.8,µg/m³,20.0073285,73.7762427,490.0,,0.0197,,30.6,26.1,3.54,,24.129166666666663,21.2,28.1,1.0,4.766666666666667,85.375,24,complete_24_hours,Original weather CSV,available
5592,Gangapur Road,2019-10-04,35.2,µg/m³,20.0073285,73.7762427,830.0,,3.1,,32.1,42.3,2.55,,23.65,21.0,28.7,9.8,4.7,87.83333333333333,24,complete_24_hours,Original weather CSV,available
5592,Gangapur Road,2019-10-05,25.9,µg/m³,20.0073285,73.7762427,721.0,,0.0,,31.2,37.0,2.15,,23.54583333333333,19.8,29.2,5.8,5.629166666666666,86.79166666666667,24,complete_24_hours,Original weather CSV,available
5592,Gangapur Road,2019-10-06,25.0,µg/m³,20.0073285,73.7762427,778.0,,0.0,,31.7,25.9,2.79,,23.291666666666668,20.0,28.0,9.3,4.433333333333334,89.45833333333333,24,complete_24_hours,Original weather CSV,available
5592,Gangapur Road,2019-10-07,36.3,µg/m³,20.0073285,73.7762427,904.0,,0.0,,31.1,51.9,2.44,,23.954166666666666,20.7,29.0,2.1,4.229166666666667,85.95833333333333,24,complete_24_hours,Original weather CSV,available
5592,Gangapur Road,2019-10-08,35.1,µg/m³,20.0073285,73.7762427,822.0,,,,31.2,47.6,2.38,,23.8625,20.3,29.1,12.5,5.7875000000000005,86.95833333333333,24,complete_24_hours,Original weather CSV,available
5592,Gangapur Road,2019-10-09,34.2,µg/m³,20.0073285,73.7762427,853.0,,20.3,,31.3,54.3,2.96,,24.4,21.0,29.3,4.1,6.104166666666667,86.04166666666667,24,complete_24_hours,Original weather CSV,available
5592,Gangapur Road,2019-10-10,27.9,µg/m³,20.0073285,73.7762427,732.0,,6.16,,31.0,38.9,1.71,,24.570833333333336,20.8,28.9,0.2,6.1375,80.20833333333333,24,complete_24_hours,Original weather CSV,available
5592,Gangapur Road,2019-10-11,45.9,µg/m³,20.0073285,73.7762427,799.0,,7.52,,31.3,65.9,2.31,,24.52083333333333,20.0,28.6,0.4,5.495833333333334,78.29166666666667,24,complete_24_hours,Original weather CSV,available
5592,Gangapur Road,2019-10-12,43.6,µg/m³,20.0073285,73.7762427,708.0,,89.6,,32.6,58.4,3.12,,24.629166666666663,21.0,28.9,0.5,6.466666666666666,80.20833333333333,24,complete_24_hours,Original weather CSV,available
5592,Gangapur Road,2019-10-13,54.0,µg/m³,20.0073285,73.7762427,579.0,,19.0,,32.5,67.8,2.37,,25.016666666666666,21.1,29.4,0.1,6.574999999999999,79.04166666666667,24,complete_24_hours,Original weather CSV,available
5592,Gangapur Road,2019-10-14,30.8,µg/m³,20.0073285,73.7762427,692.0,,134.0,,33.4,55.3,3.12,,24.83333333333333,20.7,30.1,0.0,7.829166666666667,69.70833333333333,24,complete_24_hours,Original weather CSV,available
5592,Gangapur Road,2019-10-15,35.8,µg/m³,20.0073285,73.7762427,821.0,,43.3,,32.1,71.1,4.6,,24.275,18.9,29.9,0.0,8.595833333333333,65.0,24,complete_24_hours,Original weather CSV,available
5592,Gangapur Road,2019-10-16,37.2,µg/m³,20.0073285,73.7762427,824.0,,47.6,,74.4,72.9,3.29,,23.9875,18.5,29.8,0.0,9.829166666666667,66.20833333333333,24,complete_24_hours,Original weather CSV,available
5592,Gangapur Road,2019-10-17,52.3,µg/m³,20.0073285,73.7762427,1070.0,,0.0,,9.06,87.0,2.24,,23.7,18.9,29.4,0.0,7.995833333333334,67.70833333333333,24,complete_24_hours,Original weather CSV,available
5592,Gangapur Road,2019-10-18,59.6,µg/m³,20.0073285,73.7762427,790.0,,0.0,,0.298,89.2,0.769,,23.45,19.2,28.9,4.1,8.391666666666667,80.29166666666667,24,complete_24_hours,Original weather CSV,available
5592,Gangapur Road,2019-10-19,13.1,µg/m³,20.0073285,73.7762427,437.0,,0.0,,0.0,16.1,2.95,,22.8375,21.6,25.4,18.7,11.304166666666667,91.91666666666669,24,complete_24_hours,Original weather CSV,available
5592,Gangapur Road,2019-10-20,30.1,µg/m³,20.0073285,73.7762427,669.0,,0.0,,19.9,19.2,2.48,,21.383333333333336,20.6,22.3,20.3,12.354166666666666,95.625,24,complete_24_hours,Original weather CSV,available
5592,Gangapur Road,2019-10-21,36.2,µg/m³,20.0073285,73.7762427,655.0,,328.0,,2.18,34.6,2.39,,22.46666666666667,20.2,26.3,12.1,11.404166666666669,89.08333333333333,24,complete_24_hours,Original weather CSV,available
5592,Gangapur Road,2019-10-22,27.3,µg/m³,20.0073285,73.7762427,606.0,,732.0,,15.5,31.4,2.46,,22.870833333333334,20.8,26.9,12.9,7.716666666666666,89.58333333333333,24,complete_24_hours,Original weather CSV,available
5592,Gangapur Road,2019-10-23,13.5,µg/m³,20.0073285,73.7762427,642.0,,233.0,,39.7,19.9,2.09,,22.683333333333334,20.8,25.7,10.2,7.741666666666667,90.91666666666669,24,complete_24_hours,Original weather CSV,available
5592,Gangapur Road,2019-10-24,25.1,µg/m³,20.0073285,73.7762427,700.0,,42.0,,22.3,34.5,2.08,,21.95833333333333,20.8,23.6,4.7,13.408333333333331,93.95833333333331,24,complete_24_hours,Original weather CSV,available
5592,Gangapur Road,2019-10-25,29.0,µg/m³,20.0073285,73.7762427,630.0,,95.3,,24.6,35.0,2.36,,22.09583333333333,20.6,24.4,10.5,18.379166666666663,90.04166666666667,24,complete_24_hours,Original weather CSV,available
5592,Gangapur Road,2019-10-26,19.6,µg/m³,20.0073285,73.7762427,1210.0,,27.3,,15.8,30.8,2.57,,22.28333333333333,21.0,24.8,7.7,17.058333333333334,92.5,24,complete_24_hours,Original weather CSV,available
5592,Gangapur Road,2019-10-27,62.7,µg/m³,20.0073285,73.7762427,743.0,,22.4,,25.3,70.0,2.6,,23.4375,20.7,27.2,0.4,11.070833333333333,84.20833333333333,24,complete_24_hours,Original weather CSV,available
5592,Gangapur Road,2019-10-28,30.1,µg/m³,20.0073285,73.7762427,563.0,,16.5,,27.8,53.4,2.98,,23.495833333333334,19.7,28.7,6.1,7.904166666666666,86.375,24,complete_24_hours,Original weather CSV,available
5592,Gangapur Road,2019-10-29,19.8,µg/m³,20.0073285,73.7762427,709.0,,14.4,,29.6,33.6,2.36,,23.4375,19.7,28.5,5.1,8.229166666666666,87.66666666666667,24,complete_24_hours,Original weather CSV,available
5592,Gangapur Road,2019-10-30,32.5,µg/m³,20.0073285,73.7762427,616.0,,15.9,,26.3,39.7,2.36,,23.825,20.7,28.8,2.6,8.799999999999999,87.66666666666667,24,complete_24_hours,Original weather CSV,available
5592,Gangapur Road,2019-11-11,68.5,µg/m³,20.0073285,73.7762427,1450.0,,3.36,,34.0,80.7,4.11,,23.1125,18.1,28.9,0.1,6.2375,73.08333333333333,24,complete_24_hours,Original weather CSV,available
5592,Gangapur Road,2019-11-12,68.5,µg/m³,20.0073285,73.7762427,1540.0,,6.29,,35.4,104.0,3.82,,22.825,17.7,28.4,0.1,7.245833333333334,72.79166666666667,24,complete_24_hours,Original weather CSV,available
5592,Gangapur Road,2019-11-13,59.5,µg/m³,20.0073285,73.7762427,1070.0,,5.43,,37.9,89.4,3.65,,22.7,18.8,27.4,0.1,9.0375,73.0,24,complete_24_hours,Original weather CSV,available
5592,Gangapur Road,2019-11-14,59.9,µg/m³,20.0073285,73.7762427,1150.0,,2.19,,38.1,98.4,4.8,,21.558333333333334,16.9,27.4,0.0,8.8125,70.25,24,complete_24_hours,Original weather CSV,available
5592,Gangapur Road,2019-11-15,61.3,µg/m³,20.0073285,73.7762427,1030.0,,0.928,,38.3,94.6,2.61,,21.925,17.6,26.4,0.4,6.0,76.0,24,complete_24_hours,Original weather CSV,available
5592,Gangapur Road,2019-11-16,49.7,µg/m³,20.0073285,73.7762427,807.0,,7.17,,37.5,82.7,1.88,,23.379166666666663,18.7,28.5,0.0,6.6125,73.375,24,complete_24_hours,Original weather CSV,available
5592,Gangapur Road,2019-11-17,46.3,µg/m³,20.0073285,73.7762427,747.0,,1.13,,46.4,72.5,1.34,,23.46666666666667,18.9,28.5,0.1,7.125,73.33333333333333,24,complete_24_hours,Original weather CSV,available
5592,Gangapur Road,2019-11-18,67.0,µg/m³,20.0073285,73.7762427,1060.0,,1.21,,52.4,96.6,1.65,,22.191666666666663,16.6,28.9,0.0,8.829166666666667,68.625,24,complete_24_hours,Original weather CSV,available
5592,Gangapur Road,2019-11-19,74.2,µg/m³,20.0073285,73.7762427,1530.0,,10.6,,67.1,105.0,2.28,,22.15416666666667,15.6,29.3,0.0,7.208333333333333,68.25,24,complete_24_hours,Original weather CSV,available
5592,Gangapur Road,2019-11-20,65.9,µg/m³,20.0073285,73.7762427,1320.0,,15.8,,39.5,105.0,2.02,,22.7625,17.1,29.3,0.0,7.279166666666666,67.66666666666667,24,complete_24_hours,Original weather CSV,available
5592,Gangapur Road,2019-11-21,60.5,µg/m³,20.0073285,73.7762427,1150.0,,17.9,,45.4,99.9,1.74,,23.304166666666664,17.8,29.4,0.0,8.508333333333333,66.70833333333333,24,complete_24_hours,Original weather CSV,available
5592,Gangapur Road,2019-11-22,72.1,µg/m³,20.0073285,73.7762427,1190.0,,16.2,,41.3,104.0,1.49,,23.25,17.9,29.5,0.0,7.0125,66.66666666666667,24,complete_24_hours,Original weather CSV,available
5592,Gangapur Road,2019-11-23,68.7,µg/m³,20.0073285,73.7762427,1430.0,,15.3,,41.2,114.0,2.44,,22.829166666666666,17.8,29.1,0.0,7.825,69.70833333333333,24,complete_24_hours,Original weather CSV,available
5592,Gangapur Road,2019-11-24,69.9,µg/m³,20.0073285,73.7762427,1200.0,,12.6,,45.6,111.0,2.44,,22.65,17.8,29.1,0.0,7.154166666666666,68.41666666666667,24,complete_24_hours,Original weather CSV,available
5592,Gangapur Road,2019-11-25,66.6,µg/m³,20.0073285,73.7762427,1240.0,,16.1,,43.5,105.0,2.74,,22.575,17.1,29.1,0.0,7.866666666666667,64.66666666666667,24,complete_24_hours,Original weather CSV,available
5592,Gangapur Road,2019-11-26,62.0,µg/m³,20.0073285,73.7762427,1110.0,,13.8,,39.6,96.2,2.66,,22.691666666666663,17.3,29.4,0.0,8.116666666666667,67.16666666666667,24,complete_24_hours,Original weather CSV,available
5592,Gangapur Road,2019-11-27,52.9,µg/m³,20.0073285,73.7762427,1040.0,,9.31,,44.6,87.9,2.38,,22.8625,17.9,29.3,0.0,8.283333333333333,68.625,24,complete_24_hours,Original weather CSV,available
5592,Gangapur Road,2019-11-28,59.5,µg/m³,20.0073285,73.7762427,1390.0,,10.1,,39.7,106.0,2.82,,22.95,17.6,29.4,0.0,6.9125000000000005,66.08333333333333,24,complete_24_hours,Original weather CSV,available
5592,Gangapur Road,2019-11-29,66.8,µg/m³,20.0073285,73.7762427,1320.0,,6.71,,46.7,102.0,2.81,,23.054166666666664,18.1,28.5,0.0,5.695833333333333,68.5,24,complete_24_hours,Original weather CSV,available
5592,Gangapur Road,2019-11-30,55.8,µg/m³,20.0073285,73.7762427,1040.0,,5.37,,48.0,91.7,1.77,,23.116666666666664,19.1,28.0,0.3,7.45,73.125,24,complete_24_hours,Original weather CSV,available
5592,Gangapur Road,2019-12-01,56.3,µg/m³,20.0073285,73.7762427,1020.0,,5.56,,49.5,87.9,2.89,,23.27916666666667,19.5,28.8,0.2,6.720833333333334,71.20833333333333,24,complete_24_hours,Original weather CSV,available
5592,Gangapur Road,2019-12-02,45.1,µg/m³,20.0073285,73.7762427,927.0,,5.45,,47.7,78.9,2.58,,23.241666666666664,18.6,28.6,0.3,9.5375,70.08333333333333,24,complete_24_hours,Original weather CSV,available
5592,Gangapur Road,2019-12-03,38.4,µg/m³,20.0073285,73.7762427,817.0,,5.08,,59.9,64.3,2.53,,23.129166666666663,18.8,28.2,0.0,11.604166666666666,70.33333333333333,24,complete_24_hours,Original weather CSV,available
5592,Gangapur Road,2019-12-04,52.1,µg/m³,20.0073285,73.7762427,990.0,,7.42,,67.0,76.7,3.76,,23.629166666666663,19.4,28.5,0.4,12.358333333333334,68.5,24,complete_24_hours,Original weather CSV,available
5592,Gangapur Road,2019-12-05,55.9,µg/m³,20.0073285,73.7762427,988.0,,9.82,,46.5,96.4,4.97,,23.945833333333336,21.0,28.0,0.0,11.595833333333331,66.625,24,complete_24_hours,Original weather CSV,available
5592,Gangapur Road,2019-12-06,46.4,µg/m³,20.0073285,73.7762427,719.0,,8.3,,53.2,80.3,9.26,,22.766666666666666,19.3,28.1,0.0,10.016666666666667,62.04166666666666,24,complete_24_hours,Original weather CSV,available
5592,Gangapur Road,2019-12-07,48.6,µg/m³,20.0073285,73.7762427,1040.0,,8.61,,63.0,86.2,10.7,,21.39583333333333,16.5,27.3,0.0,9.808333333333334,60.16666666666666,24,complete_24_hours,Original weather CSV,available
5592,Gangapur Road,2019-12-08,54.8,µg/m³,20.0073285,73.7762427,678.0,,5.88,,66.9,90.3,4.18,,21.379166666666663,15.6,27.8,0.0,7.733333333333333,65.20833333333333,24,complete_24_hours,Original weather CSV,available
5592,Gangapur Road,2019-12-10,52.1,µg/m³,20.0073285,73.7762427,1570.0,,7.85,,60.6,115.0,3.22,,23.09583333333333,17.6,28.3,0.0,6.254166666666666,70.95833333333333,24,complete_24_hours,Original weather CSV,available
5592,Gangapur Road,2019-12-11,50.7,µg/m³,20.0073285,73.7762427,1070.0,,5.43,,49.8,109.0,2.64,,22.7375,16.6,28.9,0.0,5.416666666666667,70.875,24,complete_24_hours,Original weather CSV,available
5592,Gangapur Road,2019-12-12,47.5,µg/m³,20.0073285,73.7762427,1000.0,,4.84,,51.4,128.0,2.29,,22.058333333333334,17.9,28.0,0.3,8.229166666666666,66.41666666666667,24,complete_24_hours,Original weather CSV,available
5592,Gangapur Road,2019-12-13,44.8,µg/m³,20.0073285,73.7762427,708.0,,3.29,,53.0,102.0,2.48,,20.52083333333333,14.7,26.9,0.0,7.791666666666667,66.33333333333333,24,complete_24_hours,Original weather CSV,available
5592,Gangapur Road,2019-12-14,53.3,µg/m³,20.0073285,73.7762427,1040.0,,3.85,,73.0,82.8,1.83,,20.27083333333333,13.3,27.4,0.0,6.7375,68.54166666666667,24,complete_24_hours,Original weather CSV,available
5592,Gangapur Road,2019-12-15,72.9,µg/m³,20.0073285,73.7762427,1050.0,,3.62,,78.6,78.8,2.35,,20.954166666666666,15.5,27.9,0.0,6.3125,71.125,24,complete_24_hours,Original weather CSV,available
5592,Gangapur Road,2019-12-16,60.4,µg/m³,20.0073285,73.7762427,886.0,,3.48,,64.1,83.4,2.81,,20.745833333333334,17.1,25.9,0.3,8.65,77.58333333333333,24,complete_24_hours,Original weather CSV,available
5592,Gangapur Road,2019-12-17,57.2,µg/m³,20.0073285,73.7762427,767.0,,3.71,,53.1,82.4,3.29,,20.39583333333333,16.9,25.8,0.0,11.4625,78.33333333333333,24,complete_24_hours,Original weather CSV,available
5592,Gangapur Road,2019-12-18,73.9,µg/m³,20.0073285,73.7762427,1380.0,,5.47,,60.0,106.0,2.81,,20.925,16.3,27.2,0.0,7.6125,74.58333333333333,24,complete_24_hours,Original weather CSV,available
5592,Gangapur Road,2019-12-19,77.9,µg/m³,20.0073285,73.7762427,1560.0,,5.38,,50.8,110.0,3.68,,20.8875,15.4,27.5,0.0,7.6125,71.58333333333333,24,complete_24_hours,Original weather CSV,available
5592,Gangapur Road,2019-12-20,74.8,µg/m³,20.0073285,73.7762427,1400.0,,4.86,,82.7,121.0,2.9,,21.34583333333333,15.0,28.0,0.0,5.608333333333333,67.91666666666667,24,complete_24_hours,Original weather CSV,available
5592,Gangapur Road,2019-12-21,70.8,µg/m³,20.0073285,73.7762427,1660.0,,9.98,,29.9,113.0,2.74,,21.5625,16.3,28.1,0.0,6.741666666666667,67.875,24,complete_24_hours,Original weather CSV,available
5592,Gangapur Road,2019-12-22,80.2,µg/m³,20.0073285,73.7762427,1320.0,,8.02,,64.5,122.0,2.12,,21.829166666666666,16.6,27.7,0.0,9.141666666666667,69.75,24,complete_24_hours,Original weather CSV,available
5592,Gangapur Road,2019-12-23,77.3,µg/m³,20.0073285,73.7762427,1570.0,,7.93,,62.7,115.0,2.69,,22.558333333333334,18.1,27.8,0.5,6.795833333333333,71.375,24,complete_24_hours,Original weather CSV,available
5592,Gangapur Road,2019-12-24,65.0,µg/m³,20.0073285,73.7762427,1170.0,,5.16,,48.1,114.0,2.85,,22.3375,18.3,28.3,0.5,7.337499999999999,75.91666666666667,24,complete_24_hours,Original weather CSV,available
5592,Gangapur Road,2019-12-25,72.3,µg/m³,20.0073285,73.7762427,901.0,,4.16,,40.8,94.3,2.55,,22.5875,19.2,27.3,0.1,6.304166666666667,77.875,24,complete_24_hours,Original weather CSV,available
5592,Gangapur Road,2019-12-26,66.6,µg/m³,20.0073285,73.7762427,834.0,,4.21,,42.5,90.4,2.33,,22.129166666666663,17.6,28.0,0.1,6.441666666666666,70.375,24,complete_24_hours,Original weather CSV,available
5592,Gangapur Road,2019-12-27,58.8,µg/m³,20.0073285,73.7762427,746.0,,3.53,,50.2,78.6,3.0,,19.183333333333334,14.7,25.4,0.0,10.9,72.54166666666667,24,complete_24_hours,Original weather CSV,available
5592,Gangapur Road,2019-12-28,26.2,µg/m³,20.0073285,73.7762427,645.0,,4.93,,55.5,55.6,7.14,,18.6375,13.0,25.5,0.0,12.158333333333331,65.625,24,complete_24_hours,Original weather CSV,available
5592,Gangapur Road,2019-12-29,24.4,µg/m³,20.0073285,73.7762427,730.0,,6.25,,52.4,58.1,10.1,,19.28333333333333,14.3,24.8,0.0,9.925,67.75,24,complete_24_hours,Original weather CSV,available
5592,Gangapur Road,2019-12-30,41.6,µg/m³,20.0073285,73.7762427,907.0,,5.06,,48.6,35.1,8.51,,20.08333333333333,15.5,25.7,0.0,8.8375,64.16666666666667,24,complete_24_hours,Original weather CSV,available
5592,Gangapur Road,2019-12-31,64.3,µg/m³,20.0073285,73.7762427,940.0,,4.65,,48.3,16.3,3.01,,18.48333333333333,13.2,25.9,0.0,6.6125,66.91666666666667,24,complete_24_hours,Original weather CSV,available
5592,Gangapur Road,2020-01-01,74.1,µg/m³,20.0073285,73.7762427,1020.0,,4.98,,52.2,147.0,3.09,,17.55,10.9,25.7,0.0,7.520833333333333,68.125,24,complete_24_hours,Original weather CSV,available
5592,Gangapur Road,2020-01-02,68.9,µg/m³,20.0073285,73.7762427,944.0,,4.84,,54.5,114.0,3.01,,18.45,11.7,26.7,0.0,7.291666666666667,71.91666666666667,24,complete_24_hours,Original weather CSV,available
5592,Gangapur Road,2020-01-03,50.7,µg/m³,20.0073285,73.7762427,800.0,,4.74,,52.1,72.0,2.49,,18.33333333333333,12.5,24.7,0.0,5.516666666666667,71.45833333333333,24,complete_24_hours,Original weather CSV,available
5592,Gangapur Road,2020-01-04,66.8,µg/m³,20.0073285,73.7762427,1210.0,,7.28,,50.7,91.6,4.07,,17.358333333333334,11.7,23.2,0.0,7.191666666666666,75.16666666666667,24,complete_24_hours,Original weather CSV,available
5592,Gangapur Road,2020-01-05,51.2,µg/m³,20.0073285,73.7762427,912.0,,5.62,,62.4,79.9,8.17,,18.0875,12.3,24.4,0.0,11.7625,68.58333333333333,24,complete_24_hours,Original weather CSV,available
5592,Gangapur Road,2020-01-06,46.0,µg/m³,20.0073285,73.7762427,1230.0,,8.31,,55.0,94.6,6.14,,19.97083333333333,13.7,27.3,0.0,8.670833333333333,67.41666666666667,24,complete_24_hours,Original weather CSV,available
5592,Gangapur Road,2020-01-07,56.7,µg/m³,20.0073285,73.7762427,1220.0,,8.11,,45.9,117.0,3.57,,21.225,15.5,28.4,0.0,9.208333333333334,73.95833333333333,24,complete_24_hours,Original weather CSV,available
5592,Gangapur Road,2020-01-08,55.7,µg/m³,20.0073285,73.7762427,716.0,,4.17,,42.1,74.7,2.67,,20.9375,16.5,26.2,0.0,11.591666666666669,67.41666666666667,24,complete_24_hours,Original weather CSV,available
5592,Gangapur Road,2020-01-09,43.0,µg/m³,20.0073285,73.7762427,777.0,,6.31,,46.6,81.0,6.46,,18.0625,11.8,24.5,0.0,8.404166666666667,63.208333333333336,24,complete_24_hours,Original weather CSV,available
5592,Gangapur Road,2020-01-10,41.6,µg/m³,20.0073285,73.7762427,829.0,,5.83,,60.5,79.5,7.57,,18.091666666666665,11.9,25.3,0.0,11.816666666666668,65.25,24,complete_24_hours,Original weather CSV,available
5592,Gangapur Road,2020-01-11,53.2,µg/m³,20.0073285,73.7762427,1310.0,,8.9,,61.1,93.1,6.11,,19.791666666666668,13.2,27.3,0.0,8.725,70.45833333333333,24,complete_24_hours,Original weather CSV,available
5592,Gangapur Road,2020-01-12,69.2,µg/m³,20.0073285,73.7762427,1340.0,,8.81,,51.8,113.0,4.86,,20.995833333333334,14.8,27.9,0.0,6.745833333333334,72.04166666666667,24,complete_24_hours,Original weather CSV,available
5592,Gangapur Road,2020-01-13,53.5,µg/m³,20.0073285,73.7762427,798.0,,5.07,,45.4,92.5,2.39,,20.566666666666663,14.9,27.6,0.0,8.754166666666666,75.95833333333333,24,complete_24_hours,Original weather CSV,available
5592,Gangapur Road,2020-01-14,30.3,µg/m³,20.0073285,73.7762427,513.0,,4.1,,40.5,64.0,2.48,,20.1,16.4,26.3,0.0,7.433333333333334,74.45833333333333,24,complete_24_hours,Original weather CSV,available
5592,Gangapur Road,2020-01-15,31.7,µg/m³,20.0073285,73.7762427,562.0,,4.1,,54.7,57.5,2.5,,18.758333333333333,13.7,26.0,0.0,8.929166666666667,70.375,24,complete_24_hours,Original weather CSV,available
5592,Gangapur Road,2020-01-16,28.5,µg/m³,20.0073285,73.7762427,447.0,,3.21,,60.2,62.5,2.64,,16.337500000000002,12.0,21.9,0.0,10.158333333333331,57.833333333333336,24,complete_24_hours,Original weather CSV,available
5592,Gangapur Road,2020-01-17,42.2,µg/m³,20.0073285,73.7762427,894.0,,6.42,,54.4,51.4,5.6,,15.279166666666669,7.8,22.7,0.0,6.191666666666666,56.79166666666666,24,complete_24_hours,Original weather CSV,available
5592,Gangapur Road,2020-01-18,73.1,µg/m³,20.0073285,73.7762427,1430.0,,9.23,,48.3,94.1,8.09,,17.037499999999998,8.9,25.2,0.0,7.587499999999999,64.08333333333333,24,complete_24_hours,Original weather CSV,available
5592,Gangapur Road,2020-01-19,77.5,µg/m³,20.0073285,73.7762427,1380.0,,8.35,,51.3,92.8,2.72,,18.85,11.9,26.8,0.0,7.404166666666666,70.375,24,complete_24_hours,Original weather CSV,available
5592,Gangapur Road,2020-01-20,63.5,µg/m³,20.0073285,73.7762427,1270.0,,9.26,,42.6,91.7,4.39,,20.258333333333333,13.2,28.5,0.0,8.25,67.83333333333333,24,complete_24_hours,Original weather CSV,available
5592,Gangapur Road,2020-01-21,58.3,µg/m³,20.0073285,73.7762427,950.0,,6.49,,38.3,88.2,2.91,,21.554166666666664,15.7,28.9,0.0,6.595833333333334,64.91666666666667,24,complete_24_hours,Original weather CSV,available
5592,Gangapur Road,2020-01-22,60.2,µg/m³,20.0073285,73.7762427,822.0,,5.55,,41.0,82.5,4.48,,21.891666666666666,14.8,28.7,0.0,6.295833333333333,63.708333333333336,24,complete_24_hours,Original weather CSV,available
5592,Gangapur Road,2020-01-23,77.2,µg/m³,20.0073285,73.7762427,1270.0,,8.92,,33.2,90.1,4.68,,21.870833333333334,16.0,28.9,0.0,7.570833333333333,68.83333333333333,24,complete_24_hours,Original weather CSV,available
5592,Gangapur Road,2020-01-24,71.5,µg/m³,20.0073285,73.7762427,1280.0,,8.92,,49.8,89.4,4.85,,21.85,15.5,28.7,0.0,6.691666666666666,66.20833333333333,24,complete_24_hours,Original weather CSV,available
5592,Gangapur Road,2020-01-25,69.9,µg/m³,20.0073285,73.7762427,1140.0,,7.05,,36.4,82.7,3.56,,22.120833333333334,16.1,29.1,0.0,5.745833333333334,64.625,24,complete_24_hours,Original weather CSV,available
5592,Gangapur Road,2020-01-26,56.8,µg/m³,20.0073285,73.7762427,1050.0,,6.25,,32.9,96.0,4.85,,22.745833333333334,15.9,30.3,0.0,7.041666666666667,64.58333333333333,24,complete_24_hours,Original weather CSV,available
5592,Gangapur Road,2020-01-27,49.9,µg/m³,20.0073285,73.7762427,830.0,,5.35,,42.6,149.0,4.05,,21.945833333333336,15.4,29.1,0.0,10.65,57.91666666666666,24,complete_24_hours,Original weather CSV,available
5592,Gangapur Road,2020-01-28,22.8,µg/m³,20.0073285,73.7762427,467.0,,3.22,,40.4,105.0,2.64,,18.85833333333333,14.5,24.4,0.2,13.408333333333331,69.91666666666667,24,complete_24_hours,Original weather CSV,available
5592,Gangapur Road,2020-01-29,21.6,µg/m³,20.0073285,73.7762427,531.0,,3.58,,40.9,71.0,3.38,,18.291666666666668,14.0,23.5,0.0,8.5875,61.375,24,complete_24_hours,Original weather CSV,available
5592,Gangapur Road,2020-01-30,40.8,µg/m³,20.0073285,73.7762427,933.0,,6.28,,41.5,80.2,5.08,,17.2375,9.7,25.2,0.0,6.245833333333334,58.375,24,complete_24_hours,Original weather CSV,available
5592,Gangapur Road,2020-01-31,46.4,µg/m³,20.0073285,73.7762427,852.0,,4.81,,48.1,83.7,6.25,,18.775,11.8,27.1,0.0,7.954166666666667,58.5,24,complete_24_hours,Original weather CSV,available
5592,Gangapur Road,2020-02-01,48.2,µg/m³,20.0073285,73.7762427,761.0,,3.9,,52.0,77.9,4.08,,19.70833333333333,12.4,27.1,0.0,8.870833333333334,60.333333333333336,24,complete_24_hours,Original weather CSV,available
5592,Gangapur Road,2020-02-02,42.5,µg/m³,20.0073285,73.7762427,747.0,,4.49,,54.6,78.3,11.0,,20.695833333333333,14.6,28.9,0.0,11.175,56.708333333333336,24,complete_24_hours,Original weather CSV,available
5592,Gangapur Road,2020-02-03,59.1,µg/m³,20.0073285,73.7762427,938.0,,4.5,,44.7,123.0,4.6,,20.604166666666668,12.7,29.2,0.0,7.9125,63.958333333333336,24,complete_24_hours,Original weather CSV,available
5592,Gangapur Road,2020-02-04,55.8,µg/m³,20.0073285,73.7762427,727.0,,3.65,,43.9,98.5,3.49,,20.883333333333333,14.2,28.0,0.0,7.516666666666667,57.04166666666666,24,complete_24_hours,Original weather CSV,available
5592,Gangapur Road,2020-02-05,52.6,µg/m³,20.0073285,73.7762427,828.0,,4.57,,42.3,106.0,11.4,,20.39583333333333,12.6,29.0,0.0,10.441666666666666,48.16666666666666,24,complete_24_hours,Original weather CSV,available
5592,Gangapur Road,2020-02-06,49.9,µg/m³,20.0073285,73.7762427,656.0,,3.63,,39.9,95.7,2.53,,20.6375,14.1,28.6,0.0,9.666666666666666,40.583333333333336,24,complete_24_hours,Original weather CSV,available
5592,Gangapur Road,2020-02-07,47.7,µg/m³,20.0073285,73.7762427,528.0,,3.72,,34.0,52.4,2.14,,19.433333333333334,12.1,26.7,0.0,6.108333333333333,47.79166666666666,24,complete_24_hours,Original weather CSV,available
5592,Gangapur Road,2020-02-08,66.5,µg/m³,20.0073285,73.7762427,734.0,,10.7,,85.8,87.4,3.14,,20.304166666666667,14.7,26.8,0.0,11.870833333333332,55.958333333333336,24,complete_24_hours,Original weather CSV,available
5592,Gangapur Road,2020-02-09,57.9,µg/m³,20.0073285,73.7762427,632.0,,9.8,,88.2,84.0,5.18,,20.491666666666667,14.4,27.1,0.0,14.045833333333334,50.91666666666666,24,complete_24_hours,Original weather CSV,available
5592,Gangapur Road,2020-02-10,51.7,µg/m³,20.0073285,73.7762427,776.0,,12.6,,63.8,80.5,3.24,,21.508333333333336,15.5,28.2,0.0,10.479166666666666,60.75,24,complete_24_hours,Original weather CSV,available
5592,Gangapur Road,2020-02-11,47.8,µg/m³,20.0073285,73.7762427,1040.0,,34.2,,38.7,76.2,4.57,,22.7125,17.4,28.3,0.0,10.3125,68.16666666666667,24,complete_24_hours,Original weather CSV,available
5592,Gangapur Road,2020-02-12,49.2,µg/m³,20.0073285,73.7762427,792.0,,48.0,,57.5,67.7,5.03,,23.67083333333333,19.3,29.1,0.0,8.658333333333333,61.625,24,complete_24_hours,Original weather CSV,available
5592,Gangapur Road,2020-02-13,73.4,µg/m³,20.0073285,73.7762427,743.0,,49.1,,58.6,110.0,16.1,,24.325,18.1,30.5,0.0,7.337499999999999,50.625,24,complete_24_hours,Original weather CSV,available
5592,Gangapur Road,2020-02-14,55.6,µg/m³,20.0073285,73.7762427,536.0,,42.2,,113.0,93.6,2.54,,23.8125,16.3,30.3,0.0,7.004166666666666,45.083333333333336,24,complete_24_hours,Original weather CSV,available
5592,Gangapur Road,2020-02-15,57.0,µg/m³,20.0073285,73.7762427,646.0,,47.2,,99.6,81.7,5.94,,23.429166666666664,15.7,31.0,0.0,7.070833333333333,44.333333333333336,24,complete_24_hours,Original weather CSV,available
5592,Gangapur Road,2020-02-16,69.6,µg/m³,20.0073285,73.7762427,877.0,,51.5,,77.6,97.5,7.29,,24.47083333333333,16.3,31.9,0.0,9.029166666666669,45.25,24,complete_24_hours,Original weather CSV,available
5592,Gangapur Road,2020-02-17,83.8,µg/m³,20.0073285,73.7762427,1160.0,,64.9,,62.3,120.0,6.77,,25.004166666666663,18.4,32.1,0.0,8.741666666666667,46.125,24,complete_24_hours,Original weather CSV,available
5592,Gangapur Road,2020-02-18,70.5,µg/m³,20.0073285,73.7762427,779.0,,50.9,,69.4,90.7,7.64,,25.20833333333333,18.0,32.6,0.0,6.866666666666667,43.333333333333336,24,complete_24_hours,Original weather CSV,available
5592,Gangapur Road,2020-02-19,50.9,µg/m³,20.0073285,73.7762427,626.0,,39.3,,80.1,59.2,3.53,,25.566666666666663,19.7,33.1,0.0,6.070833333333333,39.29166666666666,24,complete_24_hours,Original weather CSV,available
5592,Gangapur Road,2020-02-20,62.5,µg/m³,20.0073285,73.7762427,612.0,,40.1,,82.6,86.9,3.01,,25.09583333333333,17.6,32.7,0.0,8.520833333333334,41.875,24,complete_24_hours,Original weather CSV,available
5592,Gangapur Road,2020-02-21,55.5,µg/m³,20.0073285,73.7762427,694.0,,40.1,,81.8,66.4,2.93,,24.95,17.9,32.4,0.0,8.945833333333333,38.75,24,complete_24_hours,Original weather CSV,available
5592,Gangapur Road,2020-02-22,56.1,µg/m³,20.0073285,73.7762427,685.0,,45.4,,82.5,70.4,7.92,,24.55,16.8,32.4,0.0,6.9375,43.91666666666666,24,complete_24_hours,Original weather CSV,available
5592,Gangapur Road,2020-02-23,61.0,µg/m³,20.0073285,73.7762427,661.0,,40.1,,73.9,71.4,4.1,,25.679166666666664,17.8,34.0,0.0,7.958333333333333,38.75,24,complete_24_hours,Original weather CSV,available
5592,Gangapur Road,2020-02-24,53.1,µg/m³,20.0073285,73.7762427,560.0,,37.1,,76.4,89.3,3.57,,24.28333333333333,16.2,33.1,0.0,9.104166666666666,38.54166666666666,24,complete_24_hours,Original weather CSV,available
5592,Gangapur Road,2020-02-25,36.2,µg/m³,20.0073285,73.7762427,608.0,,43.0,,58.5,69.8,2.34,,22.995833333333334,15.0,30.2,0.0,9.85,33.541666666666664,24,complete_24_hours,Original weather CSV,available
5592,Gangapur Road,2020-02-26,41.0,µg/m³,20.0073285,73.7762427,875.0,,48.1,,49.8,81.3,10.9,,22.65,14.3,30.9,0.0,9.941666666666666,32.208333333333336,24,complete_24_hours,Original weather CSV,available
5592,Gangapur Road,2020-02-27,48.5,µg/m³,20.0073285,73.7762427,1040.0,,54.0,,52.4,85.0,23.6,,23.27916666666667,14.5,31.3,0.0,8.0625,31.125,24,complete_24_hours,Original weather CSV,available
5592,Gangapur Road,2020-02-28,55.1,µg/m³,20.0073285,73.7762427,830.0,,43.0,,76.6,98.4,10.0,,24.09166666666667,16.0,32.8,0.0,8.825000000000001,35.333333333333336,24,complete_24_hours,Original weather CSV,available
5592,Gangapur Road,2020-02-29,56.7,µg/m³,20.0073285,73.7762427,630.0,,43.1,,73.8,106.0,3.65,,24.34583333333333,16.9,32.8,0.0,8.933333333333334,37.16666666666666,24,complete_24_hours,Original weather CSV,available
5592,Gangapur Road,2020-03-01,36.2,µg/m³,20.0073285,73.7762427,485.0,,36.4,,21.1,61.6,4.74,,24.40416666666667,17.3,32.0,0.0,8.3375,35.75,24,complete_24_hours,Original weather CSV,available
5592,Gangapur Road,2020-03-02,50.3,µg/m³,20.0073285,73.7762427,656.0,,42.7,,52.3,125.0,2.52,,23.883333333333336,17.1,32.2,0.0,8.858333333333333,34.458333333333336,24,complete_24_hours,Original weather CSV,available
5592,Gangapur Road,2020-03-03,44.1,µg/m³,20.0073285,73.7762427,464.0,,29.3,,46.5,122.0,6.28,,22.98333333333333,16.3,30.4,0.0,12.0875,46.083333333333336,24,complete_24_hours,Original weather CSV,available
5592,Gangapur Road,2020-03-04,41.3,µg/m³,20.0073285,73.7762427,455.0,,28.8,,47.9,116.0,3.19,,21.7625,16.2,29.0,0.0,10.991666666666667,60.833333333333336,24,complete_24_hours,Original weather CSV,available
5592,Gangapur Road,2020-03-05,40.0,µg/m³,20.0073285,73.7762427,430.0,,28.4,,28.7,119.0,2.4,,21.816666666666663,15.4,30.0,0.0,10.016666666666667,62.54166666666666,24,complete_24_hours,Original weather CSV,available
5592,Gangapur Road,2020-03-06,32.3,µg/m³,20.0073285,73.7762427,431.0,,29.7,,16.6,116.0,2.67,,21.183333333333334,16.7,27.2,0.0,14.5,67.29166666666667,24,complete_24_hours,Original weather CSV,available
5592,Gangapur Road,2020-03-07,21.2,µg/m³,20.0073285,73.7762427,403.0,,26.7,,23.6,64.8,2.44,,21.329166666666666,15.7,28.7,0.0,8.383333333333333,60.66666666666666,24,complete_24_hours,Original weather CSV,available
5592,Gangapur Road,2020-03-08,28.8,µg/m³,20.0073285,73.7762427,435.0,,24.7,,16.8,70.5,1.97,,22.6625,14.4,31.4,0.0,8.291666666666666,44.54166666666666,24,complete_24_hours,Original weather CSV,available
5592,Gangapur Road,2020-03-09,45.3,µg/m³,20.0073285,73.7762427,534.0,,32.9,,1.34,104.0,4.19,,24.15833333333333,17.9,31.8,0.0,8.779166666666667,41.91666666666666,24,complete_24_hours,Original weather CSV,available
5592,Gangapur Road,2020-03-10,32.2,µg/m³,20.0073285,73.7762427,541.0,,27.1,,0.00117,67.1,2.58,,22.375,16.7,28.9,0.0,12.670833333333334,56.833333333333336,24,complete_24_hours,Original weather CSV,available
5592,Gangapur Road,2020-03-11,23.8,µg/m³,20.0073285,73.7762427,363.0,,23.6,,43.6,101.0,2.54,,21.454166666666666,16.8,28.5,0.0,12.104166666666666,61.91666666666666,24,complete_24_hours,Original weather CSV,available
5592,Gangapur Road,2020-03-12,23.4,µg/m³,20.0073285,73.7762427,397.0,,23.0,,72.8,88.0,2.49,,20.70833333333333,15.3,28.1,0.0,12.204166666666666,63.958333333333336,24,complete_24_hours,Original weather CSV,available
5592,Gangapur Road,2020-03-13,22.3,µg/m³,20.0073285,73.7762427,351.0,,19.0,,97.6,51.1,2.36,,21.016666666666666,13.0,29.4,0.0,9.154166666666669,43.0,24,complete_24_hours,Original weather CSV,available
5592,Gangapur Road,2020-03-14,37.1,µg/m³,20.0073285,73.7762427,856.0,,45.0,,85.7,84.0,4.09,,21.925,13.5,30.7,0.0,6.841666666666666,28.5,24,complete_24_hours,Original weather CSV,available
5592,Gangapur Road,2020-03-15,40.5,µg/m³,20.0073285,73.7762427,654.0,,45.5,,84.9,101.0,5.24,,23.566666666666663,15.2,32.1,0.0,9.429166666666667,29.125,24,complete_24_hours,Original weather CSV,available
5592,Gangapur Road,2020-03-16,43.0,µg/m³,20.0073285,73.7762427,728.0,,45.9,,78.8,86.8,8.8,,25.516666666666666,17.5,33.4,0.0,9.5625,32.958333333333336,24,complete_24_hours,Original weather CSV,available
5592,Gangapur Road,2020-03-17,37.4,µg/m³,20.0073285,73.7762427,596.0,,35.8,,98.2,72.1,8.56,,26.804166666666664,19.4,34.7,0.0,9.3,36.0,24,complete_24_hours,Original weather CSV,available
5592,Gangapur Road,2020-03-18,31.9,µg/m³,20.0073285,73.7762427,568.0,,33.9,,59.9,67.3,4.0,,27.379166666666663,19.5,35.8,0.0,9.154166666666669,37.04166666666666,24,complete_24_hours,Original weather CSV,available
5592,Gangapur Road,2020-03-19,24.8,µg/m³,20.0073285,73.7762427,400.0,,25.5,,58.3,44.6,2.6,,26.325,19.2,34.2,0.0,10.795833333333334,27.20833333333333,24,complete_24_hours,Original weather CSV,available
5592,Gangapur Road,2020-03-20,32.3,µg/m³,20.0073285,73.7762427,346.0,,23.9,,44.1,85.3,2.3,,24.441666666666663,17.6,31.5,0.0,13.770833333333334,36.875,24,complete_24_hours,Original weather CSV,available
5592,Gangapur Road,2020-03-21,25.2,µg/m³,20.0073285,73.7762427,379.0,,23.4,,56.7,54.5,2.59,,24.48333333333333,16.8,32.0,0.0,10.320833333333333,42.54166666666666,24,complete_24_hours,Original weather CSV,available
5592,Gangapur Road,2020-03-22,29.4,µg/m³,20.0073285,73.7762427,415.0,,25.2,,43.0,43.2,3.31,,26.016666666666666,17.5,33.5,0.0,7.025,47.04166666666666,24,complete_24_hours,Original weather CSV,available
5592,Gangapur Road,2020-03-23,33.6,µg/m³,20.0073285,73.7762427,454.0,,27.1,,54.6,53.2,3.58,,27.808333333333334,20.1,35.2,0.0,7.604166666666667,40.04166666666666,24,complete_24_hours,Original weather CSV,available
5592,Gangapur Road,2020-03-24,36.2,µg/m³,20.0073285,73.7762427,443.0,,28.2,,69.1,68.2,6.25,,29.025,22.0,34.9,0.0,9.029166666666669,35.666666666666664,24,complete_24_hours,Original weather CSV,available
5592,Gangapur Road,2020-03-25,35.6,µg/m³,20.0073285,73.7762427,412.0,,28.6,,52.5,51.8,4.0,,28.195833333333336,22.8,35.1,0.0,7.962499999999999,42.083333333333336,24,complete_24_hours,Original weather CSV,available
5592,Gangapur Road,2020-03-26,27.4,µg/m³,20.0073285,73.7762427,399.0,,25.0,,60.4,30.8,2.51,,26.40833333333333,21.2,32.6,0.8,9.433333333333334,61.583333333333336,24,complete_24_hours,Original weather CSV,available
5592,Gangapur Road,2020-03-27,43.6,µg/m³,20.0073285,73.7762427,455.0,,26.4,,55.4,49.6,2.95,,26.98333333333333,21.6,32.9,0.1,8.845833333333333,55.875,24,complete_24_hours,Original weather CSV,available
5592,Gangapur Road,2020-03-28,36.0,µg/m³,20.0073285,73.7762427,401.0,,23.8,,62.9,41.2,2.43,,27.02083333333333,20.7,33.2,0.0,8.291666666666666,46.0,24,complete_24_hours,Original weather CSV,available
5592,Gangapur Road,2020-03-29,28.3,µg/m³,20.0073285,73.7762427,401.0,,22.5,,73.8,47.1,2.72,,27.879166666666663,20.6,34.9,0.0,8.491666666666667,34.541666666666664,24,complete_24_hours,Original weather CSV,available
5592,Gangapur Road,2020-03-30,35.1,µg/m³,20.0073285,73.7762427,414.0,,20.5,,75.9,46.7,2.91,,28.266666666666666,20.3,35.5,0.0,9.554166666666667,35.375,24,complete_24_hours,Original weather CSV,available
5592,Gangapur Road,2020-03-31,34.9,µg/m³,20.0073285,73.7762427,412.0,,21.7,,83.0,39.8,2.76,,28.425,20.0,36.5,0.0,9.595833333333331,31.666666666666668,24,complete_24_hours,Original weather CSV,available
5592,Gangapur Road,2020-04-01,25.2,µg/m³,20.0073285,73.7762427,366.0,,19.7,,59.3,32.7,1.93,,28.433333333333334,19.9,36.6,0.0,10.245833333333334,27.916666666666668,24,complete_24_hours,Original weather CSV,available
5592,Gangapur Road,2020-04-02,30.6,µg/m³,20.0073285,73.7762427,392.0,,20.1,,59.6,53.2,1.87,,28.60833333333333,19.8,36.9,0.0,8.1875,34.5,24,complete_24_hours,Original weather CSV,available
5592,Gangapur Road,2020-04-03,44.0,µg/m³,20.0073285,73.7762427,388.0,,20.9,,70.7,70.0,1.73,,29.775,21.5,36.8,0.0,9.341666666666669,31.08333333333333,24,complete_24_hours,Original weather CSV,available
5592,Gangapur Road,2020-04-04,42.3,µg/m³,20.0073285,73.7762427,435.0,,22.3,,75.3,42.4,2.3,,29.6,21.9,37.8,0.0,9.325,27.75,24,complete_24_hours,Original weather CSV,available
5592,Gangapur Road,2020-04-05,47.7,µg/m³,20.0073285,73.7762427,449.0,,22.0,,77.6,49.2,1.83,,29.0125,20.4,37.7,0.0,9.154166666666669,28.541666666666668,24,complete_24_hours,Original weather CSV,available
5592,Gangapur Road,2020-04-06,40.0,µg/m³,20.0073285,73.7762427,443.0,,21.4,,80.5,54.1,2.14,,27.995833333333334,20.1,36.0,0.0,10.7125,36.5,24,complete_24_hours,Original weather CSV,available
5592,Gangapur Road,2020-04-07,26.6,µg/m³,20.0073285,73.7762427,447.0,,25.1,,30.8,50.0,1.53,,27.59166666666667,20.3,35.4,0.0,10.7,40.583333333333336,24,complete_24_hours,Original weather CSV,available
5592,Gangapur Road,2020-04-08,27.7,µg/m³,20.0073285,73.7762427,342.0,,18.8,,54.0,67.1,2.75,,26.491666666666664,19.7,33.9,0.0,11.408333333333331,40.25,24,complete_24_hours,Original weather CSV,available
5592,Gangapur Road,2020-04-09,28.2,µg/m³,20.0073285,73.7762427,362.0,,19.5,,57.3,67.6,1.93,,26.83333333333333,18.1,35.1,0.0,8.625,41.458333333333336,24,complete_24_hours,Original weather CSV,available
5592,Gangapur Road,2020-04-10,27.6,µg/m³,20.0073285,73.7762427,397.0,,21.1,,74.8,64.4,2.01,,28.729166666666668,20.4,37.0,0.0,7.729166666666667,37.16666666666666,24,complete_24_hours,Original weather CSV,available
5592,Gangapur Road,2020-04-11,30.6,µg/m³,20.0073285,73.7762427,394.0,,20.9,,78.3,55.9,3.25,,30.641666666666666,22.6,38.0,0.0,8.270833333333334,28.25,24,complete_24_hours,Original weather CSV,available
5592,Gangapur Road,2020-04-12,28.4,µg/m³,20.0073285,73.7762427,427.0,,21.0,,74.1,57.3,2.64,,31.39583333333333,23.3,39.0,0.0,9.0375,24.20833333333333,24,complete_24_hours,Original weather CSV,available
5592,Gangapur Road,2020-04-13,28.9,µg/m³,20.0073285,73.7762427,434.0,,19.8,,80.9,55.6,2.77,,30.629166666666663,21.8,39.2,0.0,8.75,32.791666666666664,24,complete_24_hours,Original weather CSV,available
5592,Gangapur Road,2020-04-14,30.3,µg/m³,20.0073285,73.7762427,421.0,,20.0,,82.7,53.4,2.59,,31.1875,22.0,39.2,0.0,8.691666666666666,30.95833333333333,24,complete_24_hours,Original weather CSV,available
5592,Gangapur Road,2020-04-15,26.4,µg/m³,20.0073285,73.7762427,455.0,,21.1,,78.4,52.4,2.82,,31.229166666666668,22.7,38.8,0.0,9.841666666666669,30.291666666666668,24,complete_24_hours,Original weather CSV,available
5592,Gangapur Road,2020-04-16,27.4,µg/m³,20.0073285,73.7762427,449.0,,22.6,,77.5,49.9,2.85,,30.45,22.2,38.1,0.0,7.641666666666667,41.79166666666666,24,complete_24_hours,Original weather CSV,available
5592,Gangapur Road,2020-04-17,28.3,µg/m³,20.0073285,73.7762427,457.0,,23.4,,66.1,50.4,2.25,,30.329166666666666,23.2,37.3,0.0,9.545833333333333,43.125,24,complete_24_hours,Original weather CSV,available
5592,Gangapur Road,2020-04-18,24.5,µg/m³,20.0073285,73.7762427,389.0,,20.2,,65.5,51.3,2.88,,31.004166666666663,24.2,37.7,0.0,7.9875,37.54166666666666,24,complete_24_hours,Original weather CSV,available
5592,Gangapur Road,2020-04-19,29.5,µg/m³,20.0073285,73.7762427,406.0,,19.4,,68.5,57.8,3.06,,30.70833333333333,23.5,37.3,0.0,9.583333333333334,35.833333333333336,24,complete_24_hours,Original weather CSV,available
5592,Gangapur Road,2020-04-20,24.6,µg/m³,20.0073285,73.7762427,381.0,,20.1,,60.7,46.2,2.47,,30.17916666666667,22.5,37.7,0.0,9.579166666666667,32.791666666666664,24,complete_24_hours,Original weather CSV,available
5592,Gangapur Road,2020-04-21,22.4,µg/m³,20.0073285,73.7762427,371.0,,19.7,,40.3,43.2,2.2,,30.016666666666666,24.0,37.3,0.0,13.6625,29.20833333333333,24,complete_24_hours,Original weather CSV,available
5592,Gangapur Road,2020-04-22,19.1,µg/m³,20.0073285,73.7762427,356.0,,20.1,,48.8,46.7,2.12,,29.77083333333333,21.7,37.3,0.0,9.375,39.5,24,complete_24_hours,Original weather CSV,available
5592,Gangapur Road,2020-04-23,26.6,µg/m³,20.0073285,73.7762427,374.0,,18.7,,51.8,52.0,2.06,,30.2,23.4,37.2,0.0,12.2375,36.75,24,complete_24_hours,Original weather CSV,available
5592,Gangapur Road,2020-04-24,18.7,µg/m³,20.0073285,73.7762427,331.0,,19.1,,37.1,35.4,2.05,,29.54583333333333,23.3,37.0,0.0,12.854166666666666,43.79166666666666,24,complete_24_hours,Original weather CSV,available
5592,Gangapur Road,2020-04-26,17.9,µg/m³,20.0073285,73.7762427,340.0,,16.5,,50.1,42.5,2.03,,28.2125,20.8,36.4,0.0,9.441666666666666,41.66666666666666,24,complete_24_hours,Original weather CSV,available
5592,Gangapur Road,2020-04-27,20.2,µg/m³,20.0073285,73.7762427,366.0,,20.6,,43.9,43.3,2.04,,28.3,20.9,36.0,0.0,9.783333333333331,51.708333333333336,24,complete_24_hours,Original weather CSV,available
5592,Gangapur Road,2020-04-28,21.3,µg/m³,20.0073285,73.7762427,350.0,,18.7,,57.1,53.6,2.35,,30.03333333333333,22.4,37.2,0.0,8.666666666666666,43.875,24,complete_24_hours,Original weather CSV,available
5592,Gangapur Road,2020-04-29,30.9,µg/m³,20.0073285,73.7762427,467.0,,20.7,,72.8,63.6,3.53,,30.97083333333333,24.0,38.4,0.0,10.529166666666669,36.083333333333336,24,complete_24_hours,Original weather CSV,available
5592,Gangapur Road,2020-04-30,25.7,µg/m³,20.0073285,73.7762427,389.0,,24.3,,50.6,54.5,2.28,,30.066666666666663,23.4,36.5,0.0,11.825,52.333333333333336,24,complete_24_hours,Original weather CSV,available
5592,Gangapur Road,2020-05-01,25.9,µg/m³,20.0073285,73.7762427,411.0,,22.2,,49.2,53.5,1.61,,29.975,24.3,36.5,0.0,11.204166666666666,52.208333333333336,24,complete_24_hours,Original weather CSV,available
5592,Gangapur Road,2020-05-02,22.5,µg/m³,20.0073285,73.7762427,336.0,,19.7,,52.4,44.1,2.34,,30.2125,23.7,37.7,0.0,11.6,46.25,24,complete_24_hours,Original weather CSV,available
5592,Gangapur Road,2020-05-03,18.9,µg/m³,20.0073285,73.7762427,307.0,,19.0,,46.9,37.1,2.22,,30.40833333333333,23.9,38.2,0.0,12.158333333333331,40.5,24,complete_24_hours,Original weather CSV,available
5592,Gangapur Road,2020-05-04,18.0,µg/m³,20.0073285,73.7762427,322.0,,18.4,,37.7,35.6,3.05,,30.245833333333334,23.1,38.1,0.0,12.191666666666668,38.25,24,complete_24_hours,Original weather CSV,available
5592,Gangapur Road,2020-05-05,20.8,µg/m³,20.0073285,73.7762427,328.0,,17.8,,42.6,58.1,2.02,,30.666666666666668,23.2,37.8,0.0,11.229166666666666,42.958333333333336,24,complete_24_hours,Original weather CSV,available
5592,Gangapur Road,2020-05-06,26.5,µg/m³,20.0073285,73.7762427,412.0,,16.8,,47.2,78.1,2.28,,31.08333333333333,23.3,38.4,0.0,10.304166666666667,36.75,24,complete_24_hours,Original weather CSV,available
5592,Gangapur Road,2020-05-07,20.6,µg/m³,20.0073285,73.7762427,366.0,,15.1,,34.0,62.8,1.77,,30.8875,23.9,38.9,0.0,10.304166666666667,32.125,24,complete_24_hours,Original weather CSV,available
5592,Gangapur Road,2020-05-08,18.2,µg/m³,20.0073285,73.7762427,332.0,,15.0,,56.0,49.3,1.89,,30.016666666666666,22.7,38.4,0.0,10.708333333333334,42.375,24,complete_24_hours,Original weather CSV,available
5592,Gangapur Road,2020-05-09,17.7,µg/m³,20.0073285,73.7762427,283.0,,16.3,,42.2,44.9,1.62,,29.98333333333333,22.2,38.3,0.0,10.05,46.625,24,complete_24_hours,Original weather CSV,available
5592,Gangapur Road,2020-05-10,18.7,µg/m³,20.0073285,73.7762427,329.0,,18.6,,44.9,46.4,1.87,,30.679166666666664,23.4,38.3,0.0,8.504166666666666,39.91666666666666,24,complete_24_hours,Original weather CSV,available
5592,Gangapur Road,2020-05-11,19.5,µg/m³,20.0073285,73.7762427,372.0,,20.4,,51.6,41.6,2.09,,30.1875,24.0,37.5,0.0,7.5,44.458333333333336,24,complete_24_hours,Original weather CSV,available
5592,Gangapur Road,2020-05-12,16.8,µg/m³,20.0073285,73.7762427,296.0,,16.3,,37.5,40.2,2.31,,30.133333333333336,22.6,38.6,0.0,8.558333333333334,36.41666666666666,24,complete_24_hours,Original weather CSV,available
5592,Gangapur Road,2020-05-13,21.6,µg/m³,20.0073285,73.7762427,420.0,,26.2,,21.3,54.7,2.95,,30.1125,23.0,38.1,0.0,8.816666666666666,46.333333333333336,24,complete_24_hours,Original weather CSV,available
5592,Gangapur Road,2020-05-14,20.4,µg/m³,20.0073285,73.7762427,438.0,,24.3,,58.6,49.7,2.89,,31.02916666666667,23.3,38.1,0.0,5.9625,52.41666666666666,24,complete_24_hours,Original weather CSV,available
5592,Gangapur Road,2020-05-15,22.2,µg/m³,20.0073285,73.7762427,464.0,,22.2,,74.3,51.2,1.98,,30.916666666666668,25.4,36.3,0.0,8.954166666666667,47.91666666666666,24,complete_24_hours,Original weather CSV,available
5592,Gangapur Road,2020-05-16,27.1,µg/m³,20.0073285,73.7762427,454.0,,20.7,,58.1,68.1,2.07,,30.84166666666667,26.1,37.0,0.0,11.2625,44.16666666666666,24,complete_24_hours,Original weather CSV,available
5592,Gangapur Road,2020-05-17,34.8,µg/m³,20.0073285,73.7762427,428.0,,17.6,,62.9,103.0,1.94,,30.445833333333336,24.8,37.2,0.1,11.445833333333333,47.41666666666666,24,complete_24_hours,Original weather CSV,available
5592,Gangapur Road,2020-05-18,26.4,µg/m³,20.0073285,73.7762427,820.0,,16.1,,70.8,68.2,1.39,,30.445833333333336,25.0,36.6,0.0,14.054166666666667,45.0,24,complete_24_hours,Original weather CSV,available
5592,Gangapur Road,2020-05-19,18.9,µg/m³,20.0073285,73.7762427,279.0,,17.1,,36.0,40.9,1.82,,29.066666666666663,23.6,35.1,0.0,14.308333333333332,54.75,24,complete_24_hours,Original weather CSV,available
5592,Gangapur Road,2020-05-20,14.6,µg/m³,20.0073285,73.7762427,286.0,,16.2,,43.8,35.0,1.63,,29.1,22.8,36.0,0.0,15.054166666666667,55.833333333333336,24,complete_24_hours,Original weather CSV,available
5592,Gangapur Road,2020-05-21,13.5,µg/m³,20.0073285,73.7762427,334.0,,16.6,,43.3,40.4,1.72,,29.59583333333333,22.8,37.5,0.0,14.254166666666668,53.083333333333336,24,complete_24_hours,Original weather CSV,available
5592,Gangapur Road,2020-05-22,14.6,µg/m³,20.0073285,73.7762427,317.0,,14.8,,46.2,38.4,1.55,,29.633333333333336,22.7,37.3,0.0,13.9375,50.833333333333336,24,complete_24_hours,Original weather CSV,available
5592,Gangapur Road,2020-05-23,16.7,µg/m³,20.0073285,73.7762427,350.0,,14.8,,55.3,40.3,2.52,,31.1,23.4,38.8,0.0,13.7125,35.25,24,complete_24_hours,Original weather CSV,available
5592,Gangapur Road,2020-05-24,16.4,µg/m³,20.0073285,73.7762427,349.0,,,,32.9,35.1,1.57,,31.025,24.0,39.3,0.0,12.308333333333332,45.66666666666666,24,complete_24_hours,Original weather CSV,available
5592,Gangapur Road,2020-05-25,18.2,µg/m³,20.0073285,73.7762427,341.0,,13.6,,71.3,53.0,3.35,,31.09583333333333,24.0,38.9,0.0,12.070833333333333,43.0,24,complete_24_hours,Original weather CSV,available
5592,Gangapur Road,2020-05-26,16.5,µg/m³,20.0073285,73.7762427,340.0,,12.2,,45.9,41.3,1.6,,30.754166666666663,24.9,38.0,0.0,14.25,43.833333333333336,24,complete_24_hours,Original weather CSV,available
5592,Gangapur Road,2020-05-27,19.3,µg/m³,20.0073285,73.7762427,297.0,,9.51,,33.8,41.2,1.65,,29.204166666666666,23.6,36.8,0.0,16.904166666666665,55.16666666666666,24,complete_24_hours,Original weather CSV,available
5592,Gangapur Road,2020-05-28,17.8,µg/m³,20.0073285,73.7762427,302.0,,8.82,,26.7,33.6,1.72,,28.9375,23.5,36.5,0.0,18.866666666666667,59.333333333333336,24,complete_24_hours,Original weather CSV,available
5592,Gangapur Road,2020-05-29,10.9,µg/m³,20.0073285,73.7762427,288.0,,8.71,,29.1,26.6,2.0,,29.175,24.2,36.7,0.0,16.849999999999998,60.54166666666666,24,complete_24_hours,Original weather CSV,available
5592,Gangapur Road,2020-05-30,9.39,µg/m³,20.0073285,73.7762427,300.0,,9.77,,20.2,16.4,1.46,,29.20833333333333,23.8,36.0,0.0,14.695833333333333,59.0,24,complete_24_hours,Original weather CSV,available
5592,Gangapur Road,2020-05-31,24.9,µg/m³,20.0073285,73.7762427,286.0,,8.22,,,42.6,2.05,,29.8,23.3,37.6,0.0,10.625,56.0,24,complete_24_hours,Original weather CSV,available
5592,Gangapur Road,2020-06-01,12.3,µg/m³,20.0073285,73.7762427,347.0,,9.86,,75.5,27.8,1.71,,28.625,24.7,33.6,0.0,8.141666666666667,60.875,24,complete_24_hours,Original weather CSV,available
5592,Gangapur Road,2020-06-04,15.8,µg/m³,20.0073285,73.7762427,283.0,,14.8,,33.9,25.8,0.676,,24.354166666666668,21.8,27.8,6.5,18.6375,85.33333333333333,24,complete_24_hours,Original weather CSV,available
5592,Gangapur Road,2020-06-05,21.0,µg/m³,20.0073285,73.7762427,999.0,,21.9,,18.2,27.6,3.99,,24.58333333333333,22.6,29.0,4.5,14.808333333333332,85.875,24,complete_24_hours,Original weather CSV,available
5592,Gangapur Road,2020-06-06,14.8,µg/m³,20.0073285,73.7762427,284.0,,10.8,,23.4,21.5,0.714,,24.633333333333336,22.0,28.6,1.5,16.837500000000002,84.75,24,complete_24_hours,Original weather CSV,available
5592,Gangapur Road,2020-06-07,9.94,µg/m³,20.0073285,73.7762427,398.0,,12.3,,20.8,14.1,0.843,,24.916666666666668,22.5,28.3,0.3,16.3625,83.45833333333333,24,complete_24_hours,Original weather CSV,available
5592,Gangapur Road,2020-06-08,11.1,µg/m³,20.0073285,73.7762427,359.0,,11.3,,37.5,18.4,1.29,,24.4625,22.6,28.0,1.0,14.991666666666667,84.45833333333333,24,complete_24_hours,Original weather CSV,available
5592,Gangapur Road,2020-06-09,16.8,µg/m³,20.0073285,73.7762427,390.0,,15.5,,28.9,22.0,1.41,,25.304166666666664,22.3,28.9,4.8,13.516666666666666,82.375,24,complete_24_hours,Original weather CSV,available
5592,Gangapur Road,2020-06-10,12.0,µg/m³,20.0073285,73.7762427,398.0,,15.3,,31.2,17.0,1.92,,25.59166666666667,23.3,29.8,10.5,12.170833333333334,83.33333333333333,24,complete_24_hours,Original weather CSV,available
5592,Gangapur Road,2020-06-11,11.4,µg/m³,20.0073285,73.7762427,464.0,,14.5,,39.1,14.3,18.0,,25.79583333333333,23.4,29.6,2.3000000000000003,11.575,82.625,24,complete_24_hours,Original weather CSV,available
5592,Gangapur Road,2020-06-12,12.6,µg/m³,20.0073285,73.7762427,391.0,,16.7,,29.9,14.3,1.37,,25.425,22.8,29.7,3.6,8.112499999999999,83.66666666666667,24,complete_24_hours,Original weather CSV,available
5592,Gangapur Road,2020-06-13,16.4,µg/m³,20.0073285,73.7762427,426.0,,16.6,,44.5,18.9,0.838,,25.3375,23.0,30.1,59.8,7.341666666666666,85.875,24,complete_24_hours,Original weather CSV,available
5592,Gangapur Road,2020-06-14,10.9,µg/m³,20.0073285,73.7762427,468.0,,16.3,,36.7,16.0,0.793,,24.75,23.1,28.4,31.1,7.558333333333334,90.25,24,complete_24_hours,Original weather CSV,available
5592,Gangapur Road,2020-06-15,9.47,µg/m³,20.0073285,73.7762427,436.0,,14.0,,20.2,17.5,0.699,,24.96666666666667,23.3,28.9,22.4,10.354166666666666,89.91666666666667,24,complete_24_hours,Original weather CSV,available
5592,Gangapur Road,2020-06-16,14.8,µg/m³,20.0073285,73.7762427,435.0,,12.1,,24.9,26.4,0.795,,25.35833333333333,23.5,28.4,6.3,10.458333333333334,88.04166666666667,24,complete_24_hours,Original weather CSV,available
5592,Gangapur Road,2020-06-17,13.2,µg/m³,20.0073285,73.7762427,388.0,,12.8,,31.3,16.9,0.985,,25.175,22.7,29.9,4.2,12.804166666666667,84.29166666666667,24,complete_24_hours,Original weather CSV,available
5592,Gangapur Road,2020-06-18,9.73,µg/m³,20.0073285,73.7762427,389.0,,13.5,,24.8,21.0,1.28,,24.33333333333333,22.8,26.6,3.3,20.016666666666666,89.08333333333333,24,complete_24_hours,Original weather CSV,available
5592,Gangapur Road,2020-06-19,13.4,µg/m³,20.0073285,73.7762427,364.0,,12.4,,23.1,38.9,1.24,,25.08333333333333,22.8,27.6,0.5,17.4875,86.41666666666667,24,complete_24_hours,Original weather CSV,available
5592,Gangapur Road,2020-06-20,19.0,µg/m³,20.0073285,73.7762427,333.0,,11.5,,19.1,40.0,1.03,,25.45833333333333,23.3,28.4,1.1,16.787499999999998,82.91666666666667,24,complete_24_hours,Original weather CSV,available
5592,Gangapur Road,2020-06-21,18.9,µg/m³,20.0073285,73.7762427,308.0,,10.3,,21.9,31.5,1.06,,25.166666666666668,23.3,28.2,1.4,17.804166666666667,83.83333333333333,24,complete_24_hours,Original weather CSV,available
5592,Gangapur Road,2020-06-22,17.4,µg/m³,20.0073285,73.7762427,310.0,,8.99,,21.6,37.1,1.11,,25.1875,22.9,28.6,0.7,16.129166666666666,81.91666666666667,24,complete_24_hours,Original weather CSV,available
5592,Gangapur Road,2020-06-23,17.1,µg/m³,20.0073285,73.7762427,374.0,,10.4,,24.3,42.8,1.01,,24.941666666666663,22.5,28.5,1.7000000000000002,15.529166666666669,83.5,24,complete_24_hours,Original weather CSV,available
5592,Gangapur Road,2020-06-24,9.94,µg/m³,20.0073285,73.7762427,478.0,,11.5,,29.1,35.9,3.33,,25.491666666666664,22.8,29.4,3.4000000000000004,11.679166666666667,82.875,24,complete_24_hours,Original weather CSV,available
5592,Gangapur Road,2020-06-25,15.3,µg/m³,20.0073285,73.7762427,416.0,,10.3,,25.0,26.1,1.43,,26.225,22.8,31.1,1.5,8.233333333333333,80.75,24,complete_24_hours,Original weather CSV,available
5592,Gangapur Road,2020-06-26,13.2,µg/m³,20.0073285,73.7762427,439.0,,11.4,,25.5,23.8,1.46,,25.67083333333333,23.4,31.5,30.3,6.341666666666666,87.16666666666667,24,complete_24_hours,Original weather CSV,available
5592,Gangapur Road,2020-06-27,14.3,µg/m³,20.0073285,73.7762427,414.0,,11.7,,11.1,26.6,1.42,,25.616666666666664,23.1,30.5,11.7,6.4125000000000005,86.5,24,complete_24_hours,Original weather CSV,available
5592,Gangapur Road,2020-06-28,15.4,µg/m³,20.0073285,73.7762427,369.0,,10.2,,14.2,27.6,1.31,,25.9,23.2,30.3,1.5,9.6,83.25,24,complete_24_hours,Original weather CSV,available
5592,Gangapur Road,2020-06-29,14.1,µg/m³,20.0073285,73.7762427,540.0,,13.4,,14.5,23.2,0.894,,24.575,23.1,27.8,12.1,7.383333333333333,90.70833333333331,24,complete_24_hours,Original weather CSV,available
5592,Gangapur Road,2020-06-30,13.0,µg/m³,20.0073285,73.7762427,509.0,,13.1,,20.8,17.8,1.17,,24.4375,22.4,27.5,8.0,5.333333333333333,90.0,24,complete_24_hours,Original weather CSV,available
5592,Gangapur Road,2020-07-01,14.2,µg/m³,20.0073285,73.7762427,388.0,,9.76,,18.8,15.0,1.27,,25.070833333333336,22.7,28.9,1.5,10.8625,86.58333333333333,24,complete_24_hours,Original weather CSV,available
5592,Gangapur Road,2020-07-02,14.0,µg/m³,20.0073285,73.7762427,387.0,,9.54,,18.7,21.1,1.2,,25.21666666666667,22.7,28.6,1.2000000000000002,14.920833333333334,84.95833333333333,24,complete_24_hours,Original weather CSV,available
5592,Gangapur Road,2020-07-03,14.3,µg/m³,20.0073285,73.7762427,337.0,,9.97,,11.1,19.2,1.05,,25.445833333333336,23.1,29.5,28.9,11.016666666666666,85.83333333333333,24,complete_24_hours,Original weather CSV,available
5592,Gangapur Road,2020-07-04,5.21,µg/m³,20.0073285,73.7762427,440.0,,10.2,,22.2,13.1,1.81,,24.866666666666664,23.1,28.8,36.6,12.320833333333333,88.79166666666667,24,complete_24_hours,Original weather CSV,available
5592,Gangapur Road,2020-07-05,10.2,µg/m³,20.0073285,73.7762427,423.0,,8.73,,20.7,19.0,1.82,,23.39583333333333,22.6,24.7,29.5,19.95,93.875,24,complete_24_hours,Original weather CSV,available
5592,Gangapur Road,2020-07-06,6.36,µg/m³,20.0073285,73.7762427,337.0,,7.25,,16.4,17.7,1.42,,23.8375,22.9,25.5,12.7,23.09166666666667,91.45833333333331,24,complete_24_hours,Original weather CSV,available
5592,Gangapur Road,2020-07-07,12.6,µg/m³,20.0073285,73.7762427,513.0,,10.2,,30.8,19.3,1.05,,24.35,23.0,27.1,11.5,20.45833333333333,91.66666666666669,24,complete_24_hours,Original weather CSV,available
5592,Gangapur Road,2020-07-08,10.7,µg/m³,20.0073285,73.7762427,507.0,,10.2,,19.4,25.2,1.2,,24.5875,23.0,27.7,4.6,16.991666666666667,89.41666666666667,24,complete_24_hours,Original weather CSV,available
5592,Gangapur Road,2020-07-09,13.4,µg/m³,20.0073285,73.7762427,491.0,,9.06,,12.4,29.4,1.51,,24.429166666666664,22.7,27.3,2.2,17.020833333333332,89.04166666666667,24,complete_24_hours,Original weather CSV,available
5592,Gangapur Road,2020-07-10,12.8,µg/m³,20.0073285,73.7762427,480.0,,8.84,,14.3,32.8,1.05,,24.495833333333334,22.7,27.8,1.0,18.016666666666666,87.375,24,complete_24_hours,Original weather CSV,available
5592,Gangapur Road,2020-07-11,12.1,µg/m³,20.0073285,73.7762427,413.0,,8.69,,9.53,29.8,0.997,,24.475,22.9,27.0,2.1,18.89583333333333,86.83333333333333,24,complete_24_hours,Original weather CSV,available
5592,Gangapur Road,2020-07-12,17.4,µg/m³,20.0073285,73.7762427,410.0,,8.47,,13.6,20.9,1.18,,24.308333333333334,22.5,26.9,2.6,17.170833333333334,87.33333333333333,24,complete_24_hours,Original weather CSV,available
5592,Gangapur Road,2020-07-13,16.4,µg/m³,20.0073285,73.7762427,483.0,,8.74,,13.4,20.7,1.09,,24.354166666666668,22.4,27.2,17.7,13.345833333333331,89.33333333333333,24,complete_24_hours,Original weather CSV,available
5592,Gangapur Road,2020-07-14,6.99,µg/m³,20.0073285,73.7762427,448.0,,8.33,,11.1,18.8,1.13,,24.416666666666668,22.7,27.3,10.2,11.65,89.5,24,complete_24_hours,Original weather CSV,available
5592,Gangapur Road,2020-07-15,7.0,µg/m³,20.0073285,73.7762427,533.0,,11.9,,13.8,6.81,0.921,,23.90833333333333,22.6,25.5,15.0,8.533333333333333,93.25,24,complete_24_hours,Original weather CSV,available
5592,Gangapur Road,2020-07-16,9.98,µg/m³,20.0073285,73.7762427,422.0,,9.13,,15.2,12.2,1.28,,23.675,22.2,26.0,2.9,13.541666666666666,89.79166666666667,24,complete_24_hours,Original weather CSV,available
5592,Gangapur Road,2020-07-17,10.9,µg/m³,20.0073285,73.7762427,401.0,,9.42,,20.4,19.3,1.35,,24.2375,21.9,28.0,5.1,13.008333333333333,86.625,24,complete_24_hours,Original weather CSV,available
5592,Gangapur Road,2020-07-18,9.89,µg/m³,20.0073285,73.7762427,428.0,,9.54,,18.7,24.2,1.32,,24.6875,22.5,28.3,1.1,15.995833333333332,85.875,24,complete_24_hours,Original weather CSV,available
5592,Gangapur Road,2020-07-19,12.6,µg/m³,20.0073285,73.7762427,414.0,,7.82,,16.2,26.2,1.29,,24.90833333333333,22.9,28.5,3.1,14.658333333333331,86.16666666666667,24,complete_24_hours,Original weather CSV,available
5592,Gangapur Road,2020-07-20,11.0,µg/m³,20.0073285,73.7762427,376.0,,7.65,,14.1,32.9,1.13,,24.791666666666668,22.6,28.8,1.7,13.0625,86.75,24,complete_24_hours,Original weather CSV,available
5592,Gangapur Road,2020-07-21,11.4,µg/m³,20.0073285,73.7762427,448.0,,8.95,,15.4,35.2,1.37,,24.691666666666663,22.4,28.1,1.6,11.820833333333333,86.125,24,complete_24_hours,Original weather CSV,available
5592,Gangapur Road,2020-07-22,9.51,µg/m³,20.0073285,73.7762427,569.0,,8.73,,33.6,22.9,21.0,,24.84583333333333,22.4,28.8,7.399999999999999,6.7,88.33333333333333,24,complete_24_hours,Original weather CSV,available
5592,Gangapur Road,2020-07-23,7.62,µg/m³,20.0073285,73.7762427,472.0,,8.02,,14.3,33.4,1.44,,24.58333333333333,23.0,27.2,10.3,8.516666666666667,89.41666666666667,24,complete_24_hours,Original weather CSV,available
5592,Gangapur Road,2020-07-24,12.0,µg/m³,20.0073285,73.7762427,536.0,,16.9,,9.28,22.5,1.53,,24.079166666666666,22.6,27.2,14.3,7.933333333333334,91.08333333333331,24,complete_24_hours,Original weather CSV,available
5592,Gangapur Road,2020-07-25,19.8,µg/m³,20.0073285,73.7762427,536.0,,16.9,,16.2,26.0,1.27,,23.791666666666668,21.5,27.6,8.7,6.120833333333334,88.625,24,complete_24_hours,Original weather CSV,available
5592,Gangapur Road,2020-07-26,19.7,µg/m³,20.0073285,73.7762427,364.0,,16.9,,16.0,17.7,1.42,,24.2875,21.3,29.2,6.6,7.420833333333333,88.54166666666667,24,complete_24_hours,Original weather CSV,available
5592,Gangapur Road,2020-07-27,7.95,µg/m³,20.0073285,73.7762427,430.0,,14.8,,18.9,13.2,1.46,,24.3875,22.0,28.0,5.2,14.241666666666667,86.5,24,complete_24_hours,Original weather CSV,available
5592,Gangapur Road,2020-07-28,6.62,µg/m³,20.0073285,73.7762427,412.0,,13.4,,12.1,15.7,1.41,,24.433333333333334,22.5,27.6,5.2,12.241666666666667,87.29166666666667,24,complete_24_hours,Original weather CSV,available
5592,Gangapur Road,2020-07-29,15.9,µg/m³,20.0073285,73.7762427,433.0,,17.0,,7.36,16.1,1.18,,24.45833333333333,22.4,28.1,9.5,8.358333333333333,89.29166666666667,24,complete_24_hours,Original weather CSV,available
5592,Gangapur Road,2020-07-30,14.5,µg/m³,20.0073285,73.7762427,426.0,,15.0,,17.9,18.4,1.62,,24.6625,22.5,28.8,6.2,9.35,88.33333333333333,24,complete_24_hours,Original weather CSV,available
5592,Gangapur Road,2020-07-31,11.7,µg/m³,20.0073285,73.7762427,414.0,,13.7,,10.0,13.3,1.25,,24.8375,22.1,29.1,8.8,7.587499999999999,88.125,24,complete_24_hours,Original weather CSV,available
5592,Gangapur Road,2020-08-04,5.5,µg/m³,20.0073285,73.7762427,401.0,,16.1,,23.2,9.64,1.81,,24.225,22.8,26.0,18.6,18.42083333333333,90.75,24,complete_24_hours,Original weather CSV,available
5592,Gangapur Road,2020-08-05,7.41,µg/m³,20.0073285,73.7762427,373.0,,12.5,,13.0,8.47,1.94,,23.929166666666664,22.9,25.5,111.7,13.229166666666666,92.95833333333331,24,complete_24_hours,Original weather CSV,available
5592,Gangapur Road,2020-08-06,9.77,µg/m³,20.0073285,73.7762427,539.0,,19.5,,39.1,10.6,1.37,,24.34166666666667,22.7,27.3,88.5,23.041666666666668,89.875,24,complete_24_hours,Original weather CSV,available
5592,Gangapur Road,2020-08-07,11.3,µg/m³,20.0073285,73.7762427,400.0,,14.1,,34.3,15.5,1.2,,24.320833333333336,23.0,26.6,10.5,23.479166666666668,90.04166666666667,24,complete_24_hours,Original weather CSV,available
5592,Gangapur Road,2020-08-08,12.2,µg/m³,20.0073285,73.7762427,366.0,,12.6,,17.1,23.0,1.38,,24.1625,22.8,26.8,7.1000000000000005,22.141666666666666,88.33333333333333,24,complete_24_hours,Original weather CSV,available
5592,Gangapur Road,2020-08-09,13.6,µg/m³,20.0073285,73.7762427,385.0,,10.1,,17.8,24.5,1.24,,23.65833333333333,22.7,25.6,3.4000000000000004,18.604166666666668,89.5,24,complete_24_hours,Original weather CSV,available
5592,Gangapur Road,2020-08-10,16.4,µg/m³,20.0073285,73.7762427,557.0,,16.5,,20.9,18.5,1.65,,23.366666666666664,22.8,24.4,4.2,14.991666666666667,92.79166666666669,24,complete_24_hours,Original weather CSV,available
5592,Gangapur Road,2020-08-11,14.5,µg/m³,20.0073285,73.7762427,672.0,,18.5,,13.9,19.7,1.83,,23.370833333333334,22.4,25.3,6.3,18.78333333333333,92.125,24,complete_24_hours,Original weather CSV,available
5592,Gangapur Road,2020-08-12,20.5,µg/m³,20.0073285,73.7762427,396.0,,12.2,,14.9,18.6,0.692,,23.070833333333336,22.6,24.0,25.2,20.508333333333333,93.125,24,complete_24_hours,Original weather CSV,available
5592,Gangapur Road,2020-08-13,10.0,µg/m³,20.0073285,73.7762427,461.0,,20.3,,10.1,19.3,1.65,,23.258333333333336,22.5,24.7,13.6,22.27083333333333,91.375,24,complete_24_hours,Original weather CSV,available
5592,Gangapur Road,2020-08-14,8.74,µg/m³,20.0073285,73.7762427,461.0,,17.8,,18.6,14.2,1.88,,22.8,22.0,24.2,17.3,21.8625,92.20833333333331,24,complete_24_hours,Original weather CSV,available
5592,Gangapur Road,2020-08-16,18.2,µg/m³,20.0073285,73.7762427,392.0,,16.7,,16.3,23.0,1.04,,23.329166666666666,22.5,25.1,17.4,20.916666666666668,91.375,24,complete_24_hours,Original weather CSV,available
5592,Gangapur Road,2020-08-17,18.8,µg/m³,20.0073285,73.7762427,683.0,,24.3,,8.95,18.0,1.16,,23.133333333333336,22.4,24.3,16.4,18.166666666666668,92.75,24,complete_24_hours,Original weather CSV,available
5592,Gangapur Road,2020-08-18,9.13,µg/m³,20.0073285,73.7762427,357.0,,15.4,,6.13,19.3,1.22,,23.204166666666666,22.3,24.8,6.9,17.858333333333334,91.45833333333331,24,complete_24_hours,Original weather CSV,available
5592,Gangapur Road,2020-08-19,10.2,µg/m³,20.0073285,73.7762427,620.0,,18.2,,4.99,11.9,,,23.116666666666664,22.2,25.1,6.9,17.245833333333334,91.83333333333331,24,complete_24_hours,Original weather CSV,available
5592,Gangapur Road,2020-08-22,13.9,µg/m³,20.0073285,73.7762427,785.0,,23.1,,0.185,9.32,1.84,,23.3625,22.6,24.7,5.2,20.59583333333333,91.29166666666669,24,complete_24_hours,Original weather CSV,available
5592,Gangapur Road,2020-08-23,29.1,µg/m³,20.0073285,73.7762427,460.0,,17.0,,10.8,20.9,0.07,,23.375,22.3,24.9,5.6000000000000005,23.933333333333334,89.91666666666667,24,complete_24_hours,Original weather CSV,available
5592,Gangapur Road,2020-08-24,13.2,µg/m³,20.0073285,73.7762427,550.0,,22.1,,5.86,19.1,3.81,,23.7625,22.0,26.9,7.9,22.5875,88.79166666666667,24,complete_24_hours,Original weather CSV,available
5592,Gangapur Road,2020-08-25,19.1,µg/m³,20.0073285,73.7762427,484.0,,19.2,,8.17,30.6,1.37,,23.7,21.8,26.7,3.2,19.3375,87.16666666666667,24,complete_24_hours,Original weather CSV,available
5592,Gangapur Road,2020-08-26,28.9,µg/m³,20.0073285,73.7762427,620.0,,25.7,,5.51,47.1,1.61,,24.179166666666664,21.9,28.0,0.4,15.295833333333334,83.54166666666667,24,complete_24_hours,Original weather CSV,available
5592,Gangapur Road,2020-08-27,26.7,µg/m³,20.0073285,73.7762427,500.0,,19.1,,2.38,25.9,0.923,,23.33333333333333,22.0,25.2,1.4,14.695833333333333,88.375,24,complete_24_hours,Original weather CSV,available
5592,Gangapur Road,2020-08-28,15.1,µg/m³,20.0073285,73.7762427,460.0,,18.1,,7.24,25.3,1.2,,22.79583333333333,22.1,24.0,15.1,15.575,93.5,24,complete_24_hours,Original weather CSV,available
5592,Gangapur Road,2020-08-30,3.97,µg/m³,20.0073285,73.7762427,400.0,,26.1,,9.41,8.83,2.5,,22.54583333333333,21.9,24.0,16.4,19.154166666666665,93.20833333333331,24,complete_24_hours,Original weather CSV,available
5592,Gangapur Road,2020-08-31,15.2,µg/m³,20.0073285,73.7762427,538.0,,24.9,,4.89,21.0,1.59,,23.325,21.7,26.0,4.5,19.0875,89.04166666666667,24,complete_24_hours,Original weather CSV,available
5592,Gangapur Road,2020-09-01,21.5,µg/m³,20.0073285,73.7762427,330.0,,15.2,,4.31,20.5,0.13,,24.066666666666663,21.6,27.6,2.8000000000000003,11.558333333333332,85.45833333333333,24,complete_24_hours,Original weather CSV,available
5592,Gangapur Road,2020-09-03,15.6,µg/m³,20.0073285,73.7762427,461.0,,18.3,,9.08,31.9,1.82,,24.816666666666663,21.9,28.7,2.0,4.329166666666667,87.25,24,complete_24_hours,Original weather CSV,available
5592,Gangapur Road,2020-09-04,13.7,µg/m³,20.0073285,73.7762427,541.0,,21.3,,0.0,28.6,2.27,,25.47083333333333,21.4,30.4,5.6,5.995833333333334,84.54166666666667,24,complete_24_hours,Original weather CSV,available
5592,Gangapur Road,2020-09-06,29.7,µg/m³,20.0073285,73.7762427,550.0,,17.2,,42.5,46.6,0.62,,24.89583333333333,22.1,28.9,21.6,5.041666666666667,89.70833333333333,24,complete_24_hours,Original weather CSV,available
5592,Gangapur Road,2020-09-07,28.4,µg/m³,20.0073285,73.7762427,430.0,,15.7,,30.1,41.4,1.88,,25.175,22.5,29.6,4.8,6.629166666666666,87.45833333333333,24,complete_24_hours,Original weather CSV,available
5592,Gangapur Road,2020-09-09,17.6,µg/m³,20.0073285,73.7762427,1020.0,,40.4,,0.09,34.0,1.78,,25.304166666666664,22.2,29.3,10.2,4.954166666666667,88.04166666666667,24,complete_24_hours,Original weather CSV,available
5592,Gangapur Road,2020-09-10,12.2,µg/m³,20.0073285,73.7762427,530.0,,20.2,,0.0,32.4,2.2,,25.0375,22.6,29.8,13.500000000000002,4.370833333333334,89.16666666666667,24,complete_24_hours,Original weather CSV,available
5592,Gangapur Road,2020-09-11,24.9,µg/m³,20.0073285,73.7762427,560.0,,26.0,,4.5,45.1,0.92,,24.329166666666666,22.4,27.3,26.3,5.233333333333333,91.75,24,complete_24_hours,Original weather CSV,available
5592,Gangapur Road,2020-09-12,10.7,µg/m³,20.0073285,73.7762427,190.0,,12.3,,28.7,27.5,0.12,,24.54583333333333,22.5,28.5,6.1000000000000005,10.041666666666666,87.66666666666667,24,complete_24_hours,Original weather CSV,available
5592,Gangapur Road,2020-09-13,10.1,µg/m³,20.0073285,73.7762427,334.0,,14.2,,25.5,15.7,1.24,,23.641666666666666,21.7,27.1,1.1,17.691666666666666,86.875,24,complete_24_hours,Original weather CSV,available
5592,Gangapur Road,2020-09-14,28.4,µg/m³,20.0073285,73.7762427,412.0,,15.2,,19.8,28.0,1.65,,24.08333333333333,22.1,27.9,9.9,10.341666666666669,86.625,24,complete_24_hours,Original weather CSV,available
5592,Gangapur Road,2020-09-15,10.5,µg/m³,20.0073285,73.7762427,313.0,,17.3,,8.67,16.3,0.577,,24.03333333333333,21.5,27.8,7.6,7.3625,87.79166666666667,24,complete_24_hours,Original weather CSV,available
5592,Gangapur Road,2020-09-16,18.5,µg/m³,20.0073285,73.7762427,320.0,,13.7,,10.8,21.7,1.07,,23.85,22.1,27.3,6.8,7.5125,90.91666666666669,24,complete_24_hours,Original weather CSV,available
5592,Gangapur Road,2020-09-17,17.6,µg/m³,20.0073285,73.7762427,368.0,,11.1,,14.7,19.6,0.74,,23.945833333333336,21.8,27.3,11.6,8.65,89.41666666666667,24,complete_24_hours,Original weather CSV,available
5592,Gangapur Road,2020-09-18,12.1,µg/m³,20.0073285,73.7762427,340.0,,15.2,,8.31,17.4,1.24,,23.9125,22.0,27.4,10.7,8.7625,89.08333333333333,24,complete_24_hours,Original weather CSV,available
5592,Gangapur Road,2020-09-19,17.8,µg/m³,20.0073285,73.7762427,432.0,,12.5,,23.6,26.9,0.216,,24.183333333333334,21.8,28.1,9.0,8.358333333333333,89.45833333333333,24,complete_24_hours,Original weather CSV,available
5592,Gangapur Road,2020-09-20,16.1,µg/m³,20.0073285,73.7762427,451.0,,16.4,,30.3,17.4,1.07,,24.33333333333333,22.5,28.5,10.8,5.908333333333334,91.0,24,complete_24_hours,Original weather CSV,available
5592,Gangapur Road,2020-09-21,35.9,µg/m³,20.0073285,73.7762427,503.0,,17.4,,35.2,37.5,1.43,,24.954166666666666,23.0,28.3,12.4,8.045833333333333,90.75,24,complete_24_hours,Original weather CSV,available
5592,Gangapur Road,2020-09-22,21.2,µg/m³,20.0073285,73.7762427,530.0,,13.0,,20.8,20.0,0.03,,24.495833333333334,22.9,28.8,20.3,8.15,92.45833333333331,24,complete_24_hours,Original weather CSV,available
5592,Gangapur Road,2020-09-23,10.9,µg/m³,20.0073285,73.7762427,390.0,,14.3,,42.7,14.2,0.81,,23.204166666666666,22.3,24.8,126.2,8.362499999999999,95.25,24,complete_24_hours,Original weather CSV,available
5592,Gangapur Road,2020-09-24,8.0,µg/m³,20.0073285,73.7762427,409.0,,13.1,,25.8,19.4,1.03,,24.791666666666668,22.5,29.1,8.7,8.679166666666667,87.875,24,complete_24_hours,Original weather CSV,available
5592,Gangapur Road,2020-09-25,9.91,µg/m³,20.0073285,73.7762427,378.0,,15.4,,19.5,17.9,1.12,,23.825,22.3,26.6,32.9,10.045833333333333,91.54166666666669,24,complete_24_hours,Original weather CSV,available
5592,Gangapur Road,2020-09-26,13.1,µg/m³,20.0073285,73.7762427,338.0,,13.1,,20.9,32.1,1.13,,23.52916666666667,20.6,27.4,0.3,12.025,81.125,24,complete_24_hours,Original weather CSV,available
5592,Gangapur Road,2020-09-27,13.6,µg/m³,20.0073285,73.7762427,349.0,,15.7,,16.6,29.4,1.22,,23.354166666666668,20.1,27.1,1.1,9.075,81.875,24,complete_24_hours,Original weather CSV,available
5592,Gangapur Road,2020-09-28,9.55,µg/m³,20.0073285,73.7762427,392.0,,15.2,,17.9,29.1,2.18,,23.0875,19.2,27.7,0.4,5.679166666666667,84.04166666666667,24,complete_24_hours,Original weather CSV,available
5592,Gangapur Road,2020-09-29,17.5,µg/m³,20.0073285,73.7762427,349.0,,14.5,,31.2,35.6,1.02,,23.70833333333333,20.6,28.2,0.6000000000000001,6.375,81.125,24,complete_24_hours,Original weather CSV,available
5592,Gangapur Road,2020-09-30,22.8,µg/m³,20.0073285,73.7762427,379.0,,14.1,,36.6,41.1,0.636,,23.8,21.2,28.0,1.1,6.408333333333334,84.375,24,complete_24_hours,Original weather CSV,available
5592,Gangapur Road,2020-10-01,27.0,µg/m³,20.0073285,73.7762427,361.0,,11.8,,45.4,43.2,1.13,,23.916666666666668,20.9,28.5,0.4,7.591666666666668,83.5,24,complete_24_hours,Original weather CSV,available
5592,Gangapur Road,2020-10-02,23.7,µg/m³,20.0073285,73.7762427,391.0,,19.9,,43.1,40.0,1.46,,23.90833333333333,20.3,29.1,1.4,6.545833333333333,85.5,24,complete_24_hours,Original weather CSV,available
5592,Gangapur Road,2020-10-03,24.3,µg/m³,20.0073285,73.7762427,476.0,,19.7,,36.1,42.1,0.992,,24.775,21.5,29.8,0.6,5.925,83.54166666666667,24,complete_24_hours,Original weather CSV,available
5592,Gangapur Road,2020-10-04,16.8,µg/m³,20.0073285,73.7762427,318.0,,13.3,,34.6,43.6,2.28,,24.55,22.2,29.5,0.2,8.379166666666666,83.41666666666667,24,complete_24_hours,Original weather CSV,available
5592,Gangapur Road,2020-10-05,22.9,µg/m³,20.0073285,73.7762427,345.0,,12.7,,40.6,41.3,1.85,,24.179166666666664,20.7,29.1,0.0,7.925,78.75,24,complete_24_hours,Original weather CSV,available
5592,Gangapur Road,2020-10-06,29.3,µg/m³,20.0073285,73.7762427,396.0,,17.6,,37.2,44.3,0.673,,24.675,19.9,30.1,0.0,6.425,75.95833333333333,24,complete_24_hours,Original weather CSV,available
5592,Gangapur Road,2020-10-07,31.2,µg/m³,20.0073285,73.7762427,378.0,,15.2,,47.9,50.5,1.11,,25.729166666666668,21.1,30.7,0.0,7.475,72.125,24,complete_24_hours,Original weather CSV,available
5592,Gangapur Road,2020-10-08,34.7,µg/m³,20.0073285,73.7762427,531.0,,22.3,,37.7,59.0,1.32,,25.54583333333333,22.3,30.5,0.0,4.933333333333334,67.04166666666667,24,complete_24_hours,Original weather CSV,available
5592,Gangapur Road,2020-10-09,39.1,µg/m³,20.0073285,73.7762427,694.0,,23.2,,50.3,60.5,2.06,,25.23333333333333,22.1,30.2,2.1,7.479166666666667,75.20833333333333,24,complete_24_hours,Original weather CSV,available
5592,Gangapur Road,2020-10-10,39.1,µg/m³,20.0073285,73.7762427,709.0,,25.0,,39.1,64.1,0.808,,25.52083333333333,21.8,30.5,5.4,4.958333333333333,82.79166666666667,24,complete_24_hours,Original weather CSV,available
5592,Gangapur Road,2020-10-11,39.6,µg/m³,20.0073285,73.7762427,507.0,,15.7,,46.8,63.7,0.905,,25.5375,22.6,30.3,2.8,5.708333333333333,76.41666666666667,24,complete_24_hours,Original weather CSV,available
5592,Gangapur Road,2020-10-12,50.9,µg/m³,20.0073285,73.7762427,835.0,,27.9,,20.7,73.7,1.05,,25.604166666666668,21.4,30.6,0.5,5.875,76.125,24,complete_24_hours,Original weather CSV,available
5592,Gangapur Road,2020-10-13,36.5,µg/m³,20.0073285,73.7762427,671.0,,26.1,,43.7,56.4,1.25,,25.9,21.7,30.8,2.4,6.008333333333333,77.16666666666667,24,complete_24_hours,Original weather CSV,available
5592,Gangapur Road,2020-10-14,32.2,µg/m³,20.0073285,73.7762427,380.0,,19.7,,44.9,51.7,1.01,,25.883333333333336,23.0,30.2,3.6,7.55,79.5,24,complete_24_hours,Original weather CSV,available
5592,Gangapur Road,2020-10-15,19.2,µg/m³,20.0073285,73.7762427,415.0,,19.0,,31.5,23.5,0.594,,24.879166666666663,22.7,28.1,6.1000000000000005,16.570833333333333,84.04166666666667,24,complete_24_hours,Original weather CSV,available
5592,Gangapur Road,2020-10-16,16.2,µg/m³,20.0073285,73.7762427,531.0,,24.7,,39.6,32.7,1.23,,24.854166666666668,22.2,28.6,1.7,15.925,80.875,24,complete_24_hours,Original weather CSV,available
5592,Gangapur Road,2020-10-17,18.9,µg/m³,20.0073285,73.7762427,360.0,,20.3,,39.4,33.8,0.998,,24.954166666666666,21.5,29.5,1.3,5.908333333333334,81.29166666666667,24,complete_24_hours,Original weather CSV,available
5592,Gangapur Road,2020-10-18,18.9,µg/m³,20.0073285,73.7762427,425.0,,19.1,,25.6,37.0,2.26,,24.0375,21.7,28.5,13.2,5.333333333333333,88.54166666666667,24,complete_24_hours,Original weather CSV,available
5592,Gangapur Road,2020-10-19,19.2,µg/m³,20.0073285,73.7762427,450.0,,21.5,,36.1,29.8,1.88,,24.120833333333334,21.3,29.0,4.5,5.208333333333333,90.0,24,complete_24_hours,Original weather CSV,available
5592,Gangapur Road,2020-10-20,32.9,µg/m³,20.0073285,73.7762427,497.0,,16.1,,58.6,47.8,1.37,,25.070833333333336,21.7,29.5,1.5,5.233333333333333,87.04166666666667,24,complete_24_hours,Original weather CSV,available
5592,Gangapur Road,2020-10-21,29.1,µg/m³,20.0073285,73.7762427,470.0,,19.4,,55.7,40.5,0.61,,24.491666666666664,21.9,29.4,7.0,5.308333333333334,88.875,24,complete_24_hours,Original weather CSV,available
5592,Gangapur Road,2020-10-22,40.5,µg/m³,20.0073285,73.7762427,466.0,,22.0,,52.6,51.4,0.922,,24.4,21.8,28.8,4.5,4.633333333333334,88.91666666666667,24,complete_24_hours,Original weather CSV,available
5592,Gangapur Road,2020-10-23,36.4,µg/m³,20.0073285,73.7762427,1090.0,,32.0,,22.9,45.5,2.0,,23.84583333333333,20.4,28.9,1.5,4.775,85.25,24,complete_24_hours,Original weather CSV,available
5592,Gangapur Road,2020-10-24,43.0,µg/m³,20.0073285,73.7762427,827.0,,31.5,,24.7,48.5,1.64,,24.366666666666664,20.4,29.7,0.0,3.866666666666666,70.66666666666667,24,complete_24_hours,Original weather CSV,available
5592,Gangapur Road,2020-10-25,35.3,µg/m³,20.0073285,73.7762427,779.0,,,,30.7,53.8,1.74,,23.245833333333334,18.3,28.3,0.0,6.245833333333334,71.20833333333333,24,complete_24_hours,Original weather CSV,available
5592,Gangapur Road,2020-10-26,33.7,µg/m³,20.0073285,73.7762427,554.0,,35.0,,20.2,51.6,1.15,,23.39583333333333,18.5,29.3,0.0,6.470833333333334,68.54166666666667,24,complete_24_hours,Original weather CSV,available
5592,Gangapur Road,2020-10-27,33.0,µg/m³,20.0073285,73.7762427,658.0,,31.8,,25.9,56.7,1.65,,23.491666666666664,17.8,29.3,0.0,5.170833333333333,59.958333333333336,24,complete_24_hours,Original weather CSV,available
5592,Gangapur Road,2020-10-28,33.5,µg/m³,20.0073285,73.7762427,763.0,,33.3,,37.8,48.1,27.3,,23.8875,19.0,29.2,0.0,4.829166666666667,57.79166666666666,24,complete_24_hours,Original weather CSV,available
5592,Gangapur Road,2020-10-29,33.7,µg/m³,20.0073285,73.7762427,414.0,,23.3,,69.1,53.0,6.7,,23.8875,18.3,29.5,0.0,4.979166666666667,58.79166666666666,24,complete_24_hours,Original weather CSV,available
5592,Gangapur Road,2020-10-30,23.7,µg/m³,20.0073285,73.7762427,627.0,,33.9,,8.63,46.0,1.2,,23.4,16.9,29.3,0.0,5.979166666666667,58.625,24,complete_24_hours,Original weather CSV,available
5592,Gangapur Road,2020-10-31,30.9,µg/m³,20.0073285,73.7762427,586.0,,27.7,,28.7,49.7,1.55,,23.475,17.0,29.1,0.0,5.1000000000000005,56.5,24,complete_24_hours,Original weather CSV,available
5592,Gangapur Road,2020-11-01,46.7,µg/m³,20.0073285,73.7762427,620.0,,24.2,,0.66,44.8,3.25,,23.33333333333333,17.9,29.0,0.4,4.883333333333334,64.04166666666667,24,complete_24_hours,Original weather CSV,available
5592,Gangapur Road,2020-11-02,66.6,µg/m³,20.0073285,73.7762427,1190.0,,43.7,,75.1,114.0,2.82,,24.03333333333333,18.7,29.2,0.3,5.7375,64.0,24,complete_24_hours,Original weather CSV,available
5592,Gangapur Road,2020-11-03,81.9,µg/m³,20.0073285,73.7762427,752.0,,36.4,,1.93,117.0,2.82,,24.0875,18.5,29.9,0.0,7.0875,57.833333333333336,24,complete_24_hours,Original weather CSV,available
5592,Gangapur Road,2020-11-04,46.6,µg/m³,20.0073285,73.7762427,1060.0,,38.8,,53.6,77.8,2.35,,23.525,16.9,30.0,0.0,6.2,54.958333333333336,24,complete_24_hours,Original weather CSV,available
5592,Gangapur Road,2020-11-05,54.7,µg/m³,20.0073285,73.7762427,1130.0,,38.6,,48.4,98.3,1.97,,22.575,15.7,29.4,0.0,6.933333333333334,52.79166666666666,24,complete_24_hours,Original weather CSV,available
5592,Gangapur Road,2020-11-06,50.6,µg/m³,20.0073285,73.7762427,568.0,,25.1,,21.6,71.1,1.24,,22.20833333333333,14.7,29.0,0.0,7.7375,52.708333333333336,24,complete_24_hours,Original weather CSV,available
5592,Gangapur Road,2020-11-07,58.8,µg/m³,20.0073285,73.7762427,860.0,,35.6,,89.8,105.0,5.88,,21.85,14.8,29.3,0.0,8.883333333333333,51.125,24,complete_24_hours,Original weather CSV,available
5592,Gangapur Road,2020-11-08,65.6,µg/m³,20.0073285,73.7762427,1440.0,,54.3,,55.6,111.0,5.25,,21.929166666666664,16.0,29.2,0.0,8.820833333333333,52.79166666666666,24,complete_24_hours,Original weather CSV,available
5592,Gangapur Road,2020-11-09,79.9,µg/m³,20.0073285,73.7762427,1650.0,,52.8,,10.6,114.0,2.76,,21.166666666666668,14.7,28.5,0.0,7.8625,49.75,24,complete_24_hours,Original weather CSV,available
5592,Gangapur Road,2020-11-10,71.6,µg/m³,20.0073285,73.7762427,1120.0,,46.2,,33.2,118.0,4.49,,20.4875,13.9,28.0,0.0,9.558333333333334,49.25,24,complete_24_hours,Original weather CSV,available
5592,Gangapur Road,2020-11-11,68.4,µg/m³,20.0073285,73.7762427,813.0,,40.8,,50.2,104.0,3.35,,19.754166666666663,13.4,27.5,0.0,10.3125,51.583333333333336,24,complete_24_hours,Original weather CSV,available
5592,Gangapur Road,2020-11-12,67.9,µg/m³,20.0073285,73.7762427,757.0,,45.1,,72.3,108.0,10.4,,20.054166666666667,12.5,28.2,0.0,9.091666666666669,51.375,24,complete_24_hours,Original weather CSV,available
5592,Gangapur Road,2020-11-13,58.7,µg/m³,20.0073285,73.7762427,796.0,,37.3,,27.1,84.1,3.43,,21.979166666666668,14.7,30.3,0.0,8.633333333333333,66.875,24,complete_24_hours,Original weather CSV,available
5592,Gangapur Road,2020-11-14,93.3,µg/m³,20.0073285,73.7762427,285.0,,30.0,,27.6,115.0,1.46,,24.34583333333333,18.5,30.7,0.1,8.920833333333333,66.91666666666667,24,complete_24_hours,Original weather CSV,available
5592,Gangapur Road,2020-11-15,40.3,µg/m³,20.0073285,73.7762427,518.0,,35.1,,25.4,58.6,1.61,,24.666666666666668,19.8,30.4,0.0,6.575,64.54166666666667,24,complete_24_hours,Original weather CSV,available
5592,Gangapur Road,2020-11-16,63.5,µg/m³,20.0073285,73.7762427,661.0,,36.3,,25.2,80.9,2.24,,24.433333333333334,18.7,30.9,0.0,7.5375,62.25,24,complete_24_hours,Original weather CSV,available
5592,Gangapur Road,2020-11-17,58.2,µg/m³,20.0073285,73.7762427,475.0,,30.3,,20.3,69.4,1.47,,24.741666666666664,19.6,30.7,0.0,8.170833333333333,63.29166666666666,24,complete_24_hours,Original weather CSV,available
5592,Gangapur Road,2020-11-18,31.0,µg/m³,20.0073285,73.7762427,250.0,,25.7,,41.2,47.5,1.9,,24.791666666666668,19.2,29.8,0.0,7.6125,64.58333333333333,24,complete_24_hours,Original weather CSV,available
5592,Gangapur Road,2020-11-19,60.3,µg/m³,20.0073285,73.7762427,352.0,,21.5,,29.1,67.1,1.8,,23.7125,19.9,29.0,1.9,5.25,72.0,24,complete_24_hours,Original weather CSV,available
5592,Gangapur Road,2020-11-20,33.6,µg/m³,20.0073285,73.7762427,314.0,,27.0,,27.1,43.9,1.59,,23.679166666666664,19.2,29.6,0.9,5.5625,66.5,24,complete_24_hours,Original weather CSV,available
5592,Gangapur Road,2020-11-21,41.1,µg/m³,20.0073285,73.7762427,642.0,,33.1,,30.2,55.0,1.71,,22.941666666666663,17.4,30.0,0.0,6.375,63.458333333333336,24,complete_24_hours,Original weather CSV,available
5592,Gangapur Road,2020-11-22,57.2,µg/m³,20.0073285,73.7762427,149.0,,26.6,,74.6,78.2,1.81,,23.275,17.4,30.3,0.0,7.883333333333333,65.625,24,complete_24_hours,Original weather CSV,available
5592,Gangapur Road,2020-11-23,49.4,µg/m³,20.0073285,73.7762427,378.0,,28.0,,29.7,65.0,1.68,,23.10833333333333,16.3,29.9,0.0,5.704166666666667,59.5,24,complete_24_hours,Original weather CSV,available
5592,Gangapur Road,2020-11-24,47.5,µg/m³,20.0073285,73.7762427,316.0,,28.3,,34.3,57.4,1.63,,23.3375,19.1,28.8,0.0,6.145833333333333,62.0,24,complete_24_hours,Original weather CSV,available
5592,Gangapur Road,2020-11-25,70.8,µg/m³,20.0073285,73.7762427,110.0,,37.4,,4.46,79.1,0.01,,23.04583333333333,18.6,28.3,0.0,7.966666666666666,58.625,24,complete_24_hours,Original weather CSV,available
5592,Gangapur Road,2020-11-26,73.0,µg/m³,20.0073285,73.7762427,215.0,,32.4,,14.6,115.0,0.68,,21.825,16.1,28.4,0.0,7.770833333333333,54.16666666666666,24,complete_24_hours,Original weather CSV,available
5592,Gangapur Road,2020-11-27,61.1,µg/m³,20.0073285,73.7762427,263.0,,33.6,,73.0,77.1,1.43,,21.166666666666668,16.0,27.2,0.0,15.391666666666666,53.75,24,complete_24_hours,Original weather CSV,available
5592,Gangapur Road,2020-11-28,50.2,µg/m³,20.0073285,73.7762427,355.0,,37.0,,55.2,70.5,4.0,,22.391666666666666,17.8,27.9,0.0,18.7625,58.083333333333336,24,complete_24_hours,Original weather CSV,available
5592,Gangapur Road,2020-11-29,32.9,µg/m³,20.0073285,73.7762427,376.0,,33.7,,38.9,48.5,,,23.816666666666663,19.9,29.4,0.0,10.183333333333334,62.91666666666666,24,complete_24_hours,Original weather CSV,available
5592,Gangapur Road,2020-11-30,50.3,µg/m³,20.0073285,73.7762427,559.0,,41.3,,25.4,72.8,3.13,,23.5375,18.1,29.8,0.2,5.708333333333333,69.625,24,complete_24_hours,Original weather CSV,available
5592,Gangapur Road,2020-12-01,70.2,µg/m³,20.0073285,73.7762427,1440.0,,68.0,,0.04,127.0,1.49,,24.0875,18.4,29.8,0.0,6.708333333333333,66.91666666666667,24,complete_24_hours,Original weather CSV,available
5592,Gangapur Road,2020-12-02,56.4,µg/m³,20.0073285,73.7762427,95.8,,40.5,,49.4,85.5,1.79,,23.0125,17.9,29.3,0.0,8.2875,62.25,24,complete_24_hours,Original weather CSV,available
5592,Gangapur Road,2020-12-03,46.9,µg/m³,20.0073285,73.7762427,184.0,,29.7,,0.388,51.7,0.612,,21.8625,16.1,29.3,0.0,8.1,60.125,24,complete_24_hours,Original weather CSV,available
5592,Gangapur Road,2020-12-04,65.3,µg/m³,20.0073285,73.7762427,1100.0,,56.2,,44.6,100.0,5.21,,21.245833333333334,15.0,28.8,0.0,8.716666666666667,56.125,24,complete_24_hours,Original weather CSV,available
5592,Gangapur Road,2020-12-05,65.6,µg/m³,20.0073285,73.7762427,434.0,,41.8,,21.1,79.3,2.97,,20.8,13.8,28.7,0.0,8.508333333333333,50.41666666666666,24,complete_24_hours,Original weather CSV,available
5592,Gangapur Road,2020-12-06,62.4,µg/m³,20.0073285,73.7762427,832.0,,51.2,,66.2,100.0,8.91,,20.0125,13.5,28.2,0.0,10.154166666666669,49.41666666666666,24,complete_24_hours,Original weather CSV,available
5592,Gangapur Road,2020-12-07,69.4,µg/m³,20.0073285,73.7762427,759.0,,53.4,,22.4,89.0,5.34,,19.945833333333333,12.7,28.4,0.0,9.154166666666669,54.91666666666666,24,complete_24_hours,Original weather CSV,available
5592,Gangapur Road,2020-12-08,78.2,µg/m³,20.0073285,73.7762427,666.0,,70.7,,1.23,115.0,2.26,,20.816666666666663,14.2,29.3,0.0,9.1125,57.833333333333336,24,complete_24_hours,Original weather CSV,available
5592,Gangapur Road,2020-12-09,48.4,µg/m³,20.0073285,73.7762427,947.0,,55.2,,35.0,71.0,2.45,,21.941666666666663,15.5,29.1,0.0,7.541666666666667,57.333333333333336,24,complete_24_hours,Original weather CSV,available
5592,Gangapur Road,2020-12-10,58.4,µg/m³,20.0073285,73.7762427,647.0,,45.0,,37.9,85.7,2.8,,23.59583333333333,17.8,29.2,0.0,5.5125,56.0,24,complete_24_hours,Original weather CSV,available
5592,Gangapur Road,2020-12-11,71.0,µg/m³,20.0073285,73.7762427,288.0,,43.7,,14.0,96.7,1.24,,22.183333333333334,18.6,26.9,0.5,5.65,77.45833333333333,24,complete_24_hours,Original weather CSV,available
5592,Gangapur Road,2020-12-14,49.7,µg/m³,20.0073285,73.7762427,532.0,,42.1,,21.9,69.4,1.67,,20.375,18.0,23.6,5.9,4.15,87.79166666666667,24,complete_24_hours,Original weather CSV,available
5592,Gangapur Road,2020-12-15,37.8,µg/m³,20.0073285,73.7762427,305.0,,33.2,,20.0,48.2,0.536,,20.925,16.4,27.0,0.1,7.016666666666667,82.08333333333333,24,complete_24_hours,Original weather CSV,available
5592,Gangapur Road,2020-12-16,49.7,µg/m³,20.0073285,73.7762427,147.0,,29.8,,37.2,67.1,1.34,,21.141666666666666,16.3,27.1,0.0,7.033333333333334,80.83333333333333,24,complete_24_hours,Original weather CSV,available
5592,Gangapur Road,2020-12-17,63.8,µg/m³,20.0073285,73.7762427,957.0,,48.2,,42.1,90.9,3.25,,20.945833333333333,16.8,26.8,0.0,7.15,77.25,24,complete_24_hours,Original weather CSV,available
5592,Gangapur Road,2020-12-18,61.2,µg/m³,20.0073285,73.7762427,303.0,,39.4,,33.7,84.8,1.12,,20.629166666666663,16.6,27.0,0.0,8.041666666666666,75.58333333333333,24,complete_24_hours,Original weather CSV,available
5592,Gangapur Road,2020-12-19,72.0,µg/m³,20.0073285,73.7762427,523.0,,52.4,,17.6,110.0,2.05,,20.079166666666666,15.4,26.7,0.0,8.6875,73.5,24,complete_24_hours,Original weather CSV,available
5592,Gangapur Road,2020-12-20,48.7,µg/m³,20.0073285,73.7762427,178.0,,44.1,,59.7,73.8,5.29,,19.15,13.7,26.4,0.0,9.641666666666667,64.625,24,complete_24_hours,Original weather CSV,available
5592,Gangapur Road,2020-12-21,50.1,µg/m³,20.0073285,73.7762427,342.0,,38.1,,47.8,64.8,2.71,,17.8875,11.7,25.8,0.0,8.904166666666667,55.875,24,complete_24_hours,Original weather CSV,available
5592,Gangapur Road,2020-12-22,37.9,µg/m³,20.0073285,73.7762427,2440.0,,122.0,,0.0,62.6,4.93,,18.058333333333334,11.3,26.3,0.0,8.125,49.29166666666666,24,complete_24_hours,Original weather CSV,available
5592,Gangapur Road,2020-12-23,61.3,µg/m³,20.0073285,73.7762427,0.0,,31.2,,,61.9,0.0,,18.47083333333333,10.7,26.4,0.0,5.254166666666666,51.458333333333336,24,complete_24_hours,Original weather CSV,available
5592,Gangapur Road,2020-12-24,74.1,µg/m³,20.0073285,73.7762427,798.0,,69.1,,4.73,115.0,2.04,,18.77083333333333,11.1,27.1,0.0,8.016666666666667,57.0,24,complete_24_hours,Original weather CSV,available
5592,Gangapur Road,2020-12-25,74.8,µg/m³,20.0073285,73.7762427,831.0,,72.2,,29.1,132.0,2.81,,19.89583333333333,13.7,27.6,0.0,10.395833333333334,58.75,24,complete_24_hours,Original weather CSV,available
5592,Gangapur Road,2020-12-26,65.6,µg/m³,20.0073285,73.7762427,884.0,,72.1,,26.6,112.0,5.72,,21.166666666666668,15.1,28.7,0.0,6.9375,60.29166666666666,24,complete_24_hours,Original weather CSV,available
5592,Gangapur Road,2020-12-27,60.5,µg/m³,20.0073285,73.7762427,115.0,,35.6,,26.7,79.2,1.48,,21.0375,15.3,29.2,0.0,7.095833333333334,67.58333333333333,24,complete_24_hours,Original weather CSV,available
5592,Gangapur Road,2020-12-28,43.3,µg/m³,20.0073285,73.7762427,1290.0,,38.6,,49.2,75.2,4.13,,19.0375,12.2,27.6,0.0,6.991666666666667,63.708333333333336,24,complete_24_hours,Original weather CSV,available
5592,Gangapur Road,2020-12-29,55.3,µg/m³,20.0073285,73.7762427,491.0,,49.9,,59.4,107.0,6.85,,19.154166666666665,12.3,27.3,0.0,6.820833333333333,66.16666666666667,24,complete_24_hours,Original weather CSV,available
5592,Gangapur Road,2020-12-31,75.5,µg/m³,20.0073285,73.7762427,125.0,,26.0,,64.5,104.0,1.17,,20.6375,14.5,28.1,0.0,9.691666666666666,70.58333333333333,24,complete_24_hours,Original weather CSV,available
5592,Gangapur Road,2021-01-01,96.2,µg/m³,20.0073285,73.7762427,129.0,,38.6,,60.8,109.0,0.755,,22.175,16.8,28.4,0.0,8.208333333333334,70.20833333333333,24,complete_24_hours,Original weather CSV,available
5592,Gangapur Road,2021-01-02,85.8,µg/m³,20.0073285,73.7762427,420.0,,38.5,,0.0,109.0,0.67,,22.041666666666668,17.7,28.1,0.6000000000000001,5.9375,77.54166666666667,24,complete_24_hours,Original weather CSV,available
5592,Gangapur Road,2021-01-03,80.3,µg/m³,20.0073285,73.7762427,156.0,,31.5,,85.7,105.0,2.07,,21.633333333333336,17.0,28.3,0.0,6.395833333333333,72.83333333333333,24,complete_24_hours,Original weather CSV,available
5592,Gangapur Road,2021-01-04,102.0,µg/m³,20.0073285,73.7762427,193.0,,29.9,,60.4,109.0,1.24,,21.091666666666665,17.3,26.4,1.4,7.820833333333333,77.54166666666667,24,complete_24_hours,Original weather CSV,available
5592,Gangapur Road,2021-01-05,77.7,µg/m³,20.0073285,73.7762427,268.0,,33.8,,30.0,77.2,1.92,,21.241666666666667,18.0,26.0,1.1,6.741666666666667,81.91666666666667,24,complete_24_hours,Original weather CSV,available
5592,Gangapur Road,2021-01-06,79.9,µg/m³,20.0073285,73.7762427,217.0,,34.6,,50.0,103.0,0.921,,21.5625,17.5,26.9,0.5,6.3375,79.45833333333333,24,complete_24_hours,Original weather CSV,available
5592,Gangapur Road,2021-01-07,54.0,µg/m³,20.0073285,73.7762427,222.0,,42.3,,19.2,66.4,1.25,,21.441666666666663,18.1,26.7,2.1,8.174999999999999,83.25,24,complete_24_hours,Original weather CSV,available
5592,Gangapur Road,2021-01-08,25.3,µg/m³,20.0073285,73.7762427,262.0,,32.2,,8.98,27.9,1.26,,22.05,19.4,26.4,5.3,5.320833333333334,86.5,24,complete_24_hours,Original weather CSV,available
5592,Gangapur Road,2021-01-09,42.5,µg/m³,20.0073285,73.7762427,201.0,,30.6,,27.8,52.8,1.17,,22.425,19.3,27.1,0.9,6.066666666666666,83.5,24,complete_24_hours,Original weather CSV,available
5592,Gangapur Road,2021-01-10,57.1,µg/m³,20.0073285,73.7762427,185.0,,35.6,,4.14,74.8,2.33,,22.6375,19.0,28.7,1.0,6.954166666666667,83.25,24,complete_24_hours,Original weather CSV,available
5592,Gangapur Road,2021-01-11,50.8,µg/m³,20.0073285,73.7762427,691.0,,45.0,,26.8,85.8,2.17,,22.945833333333336,18.4,28.9,0.0,7.125,75.54166666666667,24,complete_24_hours,Original weather CSV,available
5592,Gangapur Road,2021-01-12,55.9,µg/m³,20.0073285,73.7762427,580.0,,51.2,,27.1,91.6,1.87,,22.73333333333333,17.0,29.3,0.0,7.475,70.54166666666667,24,complete_24_hours,Original weather CSV,available
5592,Gangapur Road,2021-01-13,41.7,µg/m³,20.0073285,73.7762427,213.0,,32.1,,17.3,61.9,1.89,,21.79583333333333,16.5,28.7,0.0,7.15,68.29166666666667,24,complete_24_hours,Original weather CSV,available
5592,Gangapur Road,2021-01-14,39.6,µg/m³,20.0073285,73.7762427,34.3,,27.3,,15.3,66.3,1.81,,21.23333333333333,14.3,29.4,0.0,6.5,65.41666666666667,24,complete_24_hours,Original weather CSV,available
5592,Gangapur Road,2021-01-15,52.9,µg/m³,20.0073285,73.7762427,384.0,,40.3,,41.8,83.4,2.85,,21.6125,15.6,29.3,0.0,8.116666666666667,67.91666666666667,24,complete_24_hours,Original weather CSV,available
5592,Gangapur Road,2021-01-16,46.9,µg/m³,20.0073285,73.7762427,236.0,,34.6,,41.9,67.4,1.98,,22.133333333333336,16.1,29.6,0.0,6.9,68.16666666666667,24,complete_24_hours,Original weather CSV,available
5592,Gangapur Road,2021-01-17,69.1,µg/m³,20.0073285,73.7762427,242.0,,36.5,,30.9,81.7,1.77,,22.729166666666668,16.8,30.0,0.0,6.420833333333333,68.75,24,complete_24_hours,Original weather CSV,available
5592,Gangapur Road,2021-01-18,48.5,µg/m³,20.0073285,73.7762427,217.0,,34.7,,18.6,58.3,2.59,,23.454166666666666,18.9,30.1,0.0,6.375,60.41666666666666,24,complete_24_hours,Original weather CSV,available
5592,Gangapur Road,2021-01-19,31.0,µg/m³,20.0073285,73.7762427,241.0,,25.0,,29.4,46.2,2.65,,23.05,17.2,30.3,0.0,6.333333333333333,57.708333333333336,24,complete_24_hours,Original weather CSV,available
5592,Gangapur Road,2021-01-20,31.9,µg/m³,20.0073285,73.7762427,119.0,,22.5,,39.2,46.4,1.57,,21.7875,15.7,29.8,0.0,7.6125,56.16666666666666,24,complete_24_hours,Original weather CSV,available
5592,Gangapur Road,2021-01-21,48.0,µg/m³,20.0073285,73.7762427,167.0,,25.4,,91.0,80.6,48.1,,20.179166666666667,12.2,29.4,0.0,5.770833333333333,61.79166666666666,24,complete_24_hours,Original weather CSV,available
5592,Gangapur Road,2021-01-22,59.5,µg/m³,20.0073285,73.7762427,1550.0,,97.7,,31.4,99.5,5.94,,21.070833333333333,14.2,29.3,0.0,5.754166666666666,65.54166666666667,24,complete_24_hours,Original weather CSV,available
5592,Gangapur Road,2021-01-23,62.5,µg/m³,20.0073285,73.7762427,229.0,,28.9,,92.5,91.6,2.19,,21.883333333333336,15.2,30.6,0.0,6.95,61.625,24,complete_24_hours,Original weather CSV,available
5592,Gangapur Road,2021-01-24,56.1,µg/m³,20.0073285,73.7762427,171.0,,34.4,,70.5,96.1,1.39,,21.05,14.6,29.8,0.0,8.254166666666666,59.875,24,complete_24_hours,Original weather CSV,available
5592,Gangapur Road,2021-01-25,51.6,µg/m³,20.0073285,73.7762427,242.0,,43.2,,51.3,97.3,3.38,,19.995833333333334,11.6,30.0,0.0,7.879166666666666,58.083333333333336,24,complete_24_hours,Original weather CSV,available
5592,Gangapur Road,2021-01-26,60.4,µg/m³,20.0073285,73.7762427,161.0,,37.0,,51.4,101.0,3.29,,20.03333333333333,12.3,29.4,0.0,8.229166666666666,57.75,24,complete_24_hours,Original weather CSV,available
5592,Gangapur Road,2021-01-27,72.2,µg/m³,20.0073285,73.7762427,0.0,,29.3,,0.56,105.0,0.49,,19.904166666666665,13.4,29.0,0.0,8.433333333333334,64.125,24,complete_24_hours,Original weather CSV,available
5592,Gangapur Road,2021-02-05,60.9,µg/m³,20.0073285,73.7762427,203.0,,50.5,,38.7,74.2,1.74,,20.591666666666665,14.7,27.7,0.0,7.958333333333333,52.333333333333336,24,complete_24_hours,Original weather CSV,available
5592,Gangapur Road,2021-02-06,27.1,µg/m³,20.0073285,73.7762427,300.0,,61.8,,36.1,69.6,2.87,,19.308333333333334,13.0,26.8,0.0,10.275,51.708333333333336,24,complete_24_hours,Original weather CSV,available
5592,Gangapur Road,2021-02-07,55.7,µg/m³,20.0073285,73.7762427,501.0,,78.3,,39.9,98.0,4.6,,18.904166666666665,12.8,27.2,0.0,9.170833333333333,47.66666666666666,24,complete_24_hours,Original weather CSV,available
5592,Gangapur Road,2021-02-08,52.0,µg/m³,20.0073285,73.7762427,534.0,,63.8,,34.3,94.8,5.62,,19.120833333333334,11.9,28.2,0.0,9.679166666666667,41.54166666666666,24,complete_24_hours,Original weather CSV,available
5592,Gangapur Road,2021-02-09,64.5,µg/m³,20.0073285,73.7762427,437.0,,70.5,,25.2,117.0,4.13,,19.691666666666663,11.4,29.0,0.0,7.258333333333333,41.583333333333336,24,complete_24_hours,Original weather CSV,available
5592,Gangapur Road,2021-02-10,53.1,µg/m³,20.0073285,73.7762427,5.0,,38.3,,97.1,123.0,27.2,,21.1,13.8,29.8,0.0,6.491666666666667,44.16666666666666,24,complete_24_hours,Original weather CSV,available
5592,Gangapur Road,2021-02-11,59.2,µg/m³,20.0073285,73.7762427,223.0,,54.7,,87.2,113.0,16.0,,21.35,13.5,29.8,0.0,6.004166666666666,46.29166666666666,24,complete_24_hours,Original weather CSV,available
5592,Gangapur Road,2021-02-12,68.9,µg/m³,20.0073285,73.7762427,65.0,,46.2,,44.5,96.4,3.34,,22.1375,14.1,30.5,0.0,7.545833333333333,44.5,24,complete_24_hours,Original weather CSV,available
5592,Gangapur Road,2021-02-13,53.1,µg/m³,20.0073285,73.7762427,5.0,,41.9,,48.7,96.8,3.13,,22.979166666666668,14.8,30.6,0.0,7.829166666666667,46.5,24,complete_24_hours,Original weather CSV,available
5592,Gangapur Road,2021-02-14,56.0,µg/m³,20.0073285,73.7762427,64.3,,34.7,,94.3,94.3,5.85,,23.704166666666666,17.0,30.4,0.0,6.3375,44.083333333333336,24,complete_24_hours,Original weather CSV,available
5592,Gangapur Road,2021-02-15,77.2,µg/m³,20.0073285,73.7762427,60.0,,33.8,,53.6,109.0,3.1,,23.191666666666663,17.0,29.8,0.0,7.6125,49.708333333333336,24,complete_24_hours,Original weather CSV,available
5592,Gangapur Road,2021-02-16,45.7,µg/m³,20.0073285,73.7762427,133.0,,32.8,,76.8,87.2,5.65,,22.566666666666663,16.5,29.5,0.0,7.733333333333333,52.625,24,complete_24_hours,Original weather CSV,available
5592,Gangapur Road,2021-02-17,50.3,µg/m³,20.0073285,73.7762427,10.0,,24.1,,54.6,65.8,2.05,,22.245833333333334,16.3,28.5,0.0,6.183333333333334,54.375,24,complete_24_hours,Original weather CSV,available
5592,Gangapur Road,2021-02-18,56.0,µg/m³,20.0073285,73.7762427,20.0,,44.3,,48.4,83.0,3.33,,22.041666666666668,17.6,29.4,1.5,10.25,57.958333333333336,24,complete_24_hours,Original weather CSV,available
5592,Gangapur Road,2021-02-19,25.7,µg/m³,20.0073285,73.7762427,0.0,,25.1,,26.1,20.8,1.29,,20.991666666666667,16.2,26.4,0.1,11.791666666666666,59.29166666666666,24,complete_24_hours,Original weather CSV,available
5592,Gangapur Road,2021-02-21,56.6,µg/m³,20.0073285,73.7762427,558.0,,57.6,,57.4,90.9,8.71,,21.829166666666666,15.9,28.7,0.0,12.1625,49.833333333333336,24,complete_24_hours,Original weather CSV,available
5592,Gangapur Road,2021-02-22,65.4,µg/m³,20.0073285,73.7762427,0.0,,32.3,,63.4,80.0,4.37,,22.65416666666667,16.2,29.9,0.0,8.5,56.208333333333336,24,complete_24_hours,Original weather CSV,available
5592,Gangapur Road,2021-02-23,43.3,µg/m³,20.0073285,73.7762427,100.0,,14.7,,106.0,68.5,3.99,,23.65,17.2,30.8,0.0,6.425,45.708333333333336,24,complete_24_hours,Original weather CSV,available
5592,Gangapur Road,2021-02-24,49.9,µg/m³,20.0073285,73.7762427,240.0,,29.9,,114.0,65.2,6.02,,24.10833333333333,17.1,31.4,0.0,6.241666666666667,45.79166666666666,24,complete_24_hours,Original weather CSV,available
5592,Gangapur Road,2021-02-25,80.7,µg/m³,20.0073285,73.7762427,0.0,,36.1,,116.0,139.0,5.86,,24.6875,16.9,32.1,0.0,7.825,46.833333333333336,24,complete_24_hours,Original weather CSV,available
5592,Gangapur Road,2021-02-26,43.9,µg/m³,20.0073285,73.7762427,73.6,,28.7,,15.4,45.5,1.3,,24.179166666666664,17.3,31.7,0.0,9.508333333333333,44.04166666666666,24,complete_24_hours,Original weather CSV,available
5592,Gangapur Road,2021-03-01,44.5,µg/m³,20.0073285,73.7762427,404.0,,37.0,,75.7,69.8,6.05,,26.016666666666666,19.7,33.1,0.0,7.308333333333334,43.375,24,complete_24_hours,Original weather CSV,available
5592,Gangapur Road,2021-03-02,42.6,µg/m³,20.0073285,73.7762427,247.0,,38.4,,59.7,72.1,5.25,,25.02083333333333,17.4,33.1,0.0,6.529166666666666,42.66666666666666,24,complete_24_hours,Original weather CSV,available
5592,Gangapur Road,2021-03-03,50.0,µg/m³,20.0073285,73.7762427,33.0,,24.6,,48.2,78.1,2.01,,24.9125,16.5,33.1,0.0,6.641666666666667,35.791666666666664,24,complete_24_hours,Original weather CSV,available
5592,Gangapur Road,2021-03-04,48.8,µg/m³,20.0073285,73.7762427,211.0,,49.8,,39.8,81.0,8.52,,24.725,16.2,33.0,0.0,7.216666666666666,33.625,24,complete_24_hours,Original weather CSV,available
5592,Gangapur Road,2021-03-05,52.1,µg/m³,20.0073285,73.7762427,314.0,,58.8,,38.9,73.1,6.78,,25.64583333333333,17.4,33.4,0.0,5.7,33.083333333333336,24,complete_24_hours,Original weather CSV,available
5592,Gangapur Road,2021-03-06,60.4,µg/m³,20.0073285,73.7762427,0.0,,57.1,,37.5,101.0,13.5,,26.1125,17.7,33.6,0.0,4.9,35.333333333333336,24,complete_24_hours,Original weather CSV,available
5592,Gangapur Road,2021-03-07,41.1,µg/m³,20.0073285,73.7762427,120.0,,27.3,,34.9,54.3,2.63,,25.425,18.5,33.1,0.0,9.320833333333336,33.0,24,complete_24_hours,Original weather CSV,available
5592,Gangapur Road,2021-03-08,40.8,µg/m³,20.0073285,73.7762427,327.0,,32.2,,23.4,49.4,3.98,,25.120833333333334,16.4,33.4,0.0,6.391666666666667,33.041666666666664,24,complete_24_hours,Original weather CSV,available
5592,Gangapur Road,2021-03-13,69.4,µg/m³,20.0073285,73.7762427,510.0,,64.8,,27.3,98.6,5.98,,25.691666666666663,18.5,33.3,0.0,9.008333333333333,36.66666666666666,24,complete_24_hours,Original weather CSV,available
5592,Gangapur Road,2021-03-14,42.3,µg/m³,20.0073285,73.7762427,80.0,,25.5,,23.2,47.4,2.81,,26.820833333333336,18.5,33.8,0.0,8.279166666666667,33.416666666666664,24,complete_24_hours,Original weather CSV,available
5592,Gangapur Road,2021-03-17,77.6,µg/m³,20.0073285,73.7762427,70.0,,25.6,,115.0,102.0,7.94,,27.5875,20.7,34.4,0.0,8.170833333333333,29.875,24,complete_24_hours,Original weather CSV,available
5592,Gangapur Road,2021-03-18,66.0,µg/m³,20.0073285,73.7762427,213.0,,36.0,,59.7,115.0,4.07,,27.89583333333333,20.6,34.6,0.0,9.4125,29.916666666666668,24,complete_24_hours,Original weather CSV,available
5592,Gangapur Road,2021-03-19,49.1,µg/m³,20.0073285,73.7762427,69.0,,27.2,,89.6,98.6,9.99,,26.67083333333333,20.3,33.3,0.0,8.458333333333334,33.458333333333336,24,complete_24_hours,Original weather CSV,available
5592,Gangapur Road,2021-03-20,58.6,µg/m³,20.0073285,73.7762427,368.0,,53.4,,53.9,115.0,19.6,,26.10833333333333,18.4,33.8,0.0,8.2875,36.91666666666666,24,complete_24_hours,Original weather CSV,available
5592,Gangapur Road,2021-03-21,51.8,µg/m³,20.0073285,73.7762427,138.0,,45.7,,35.6,76.3,5.55,,26.15833333333333,19.0,34.0,0.0,7.75,44.54166666666666,24,complete_24_hours,Original weather CSV,available
5592,Gangapur Road,2021-03-22,61.9,µg/m³,20.0073285,73.7762427,339.0,,70.6,,34.4,106.0,5.37,,26.004166666666663,18.1,33.6,0.0,5.525,39.875,24,complete_24_hours,Original weather CSV,available
5592,Gangapur Road,2021-03-23,60.2,µg/m³,20.0073285,73.7762427,162.0,,51.3,,48.5,83.8,8.44,,26.39583333333333,20.1,33.6,0.0,8.633333333333333,44.91666666666666,24,complete_24_hours,Original weather CSV,available
5592,Gangapur Road,2021-03-24,49.3,µg/m³,20.0073285,73.7762427,432.0,,60.8,,38.4,80.4,2.79,,27.1875,19.7,34.0,0.0,5.9875,40.66666666666666,24,complete_24_hours,Original weather CSV,available
5592,Gangapur Road,2021-03-25,47.1,µg/m³,20.0073285,73.7762427,31.1,,32.9,,51.1,85.5,3.96,,27.2,18.9,34.9,0.0,8.329166666666667,27.666666666666668,24,complete_24_hours,Original weather CSV,available
5592,Gangapur Road,2021-03-26,55.6,µg/m³,20.0073285,73.7762427,127.0,,39.7,,63.1,112.0,6.6,,27.275,17.8,35.6,0.0,7.620833333333334,22.33333333333333,24,complete_24_hours,Original weather CSV,available
5592,Gangapur Road,2021-03-28,132.0,µg/m³,20.0073285,73.7762427,2530.0,,67.8,,17.5,192.0,7.62,,29.008333333333336,21.1,37.0,0.0,6.141666666666667,22.666666666666668,24,complete_24_hours,Original weather CSV,available
5592,Gangapur Road,2021-03-29,58.7,µg/m³,20.0073285,73.7762427,0.0,,19.3,,82.7,97.7,4.01,,28.67083333333333,19.3,37.7,0.0,8.308333333333334,28.291666666666668,24,complete_24_hours,Original weather CSV,available
5592,Gangapur Road,2021-04-07,43.1,µg/m³,20.0073285,73.7762427,595.0,,19.1,,87.1,71.7,7.16,,29.579166666666666,20.9,37.7,0.0,9.9125,28.0,24,complete_24_hours,Original weather CSV,available
5592,Gangapur Road,2021-04-08,45.2,µg/m³,20.0073285,73.7762427,153.0,,20.6,,77.4,71.4,2.67,,28.929166666666664,21.0,36.7,0.0,8.766666666666667,31.875,24,complete_24_hours,Original weather CSV,available
5592,Gangapur Road,2021-04-09,70.8,µg/m³,20.0073285,73.7762427,0.0,,12.2,,63.6,91.4,4.69,,28.816666666666663,20.6,36.7,0.0,9.241666666666667,40.91666666666666,24,complete_24_hours,Original weather CSV,available
5592,Gangapur Road,2021-04-13,50.2,µg/m³,20.0073285,73.7762427,177.0,,23.4,,57.3,74.4,3.34,,29.46666666666667,23.4,35.6,0.0,7.1625000000000005,30.041666666666668,24,complete_24_hours,Original weather CSV,available
5592,Gangapur Road,2021-04-15,42.3,µg/m³,20.0073285,73.7762427,0.0,,17.2,,60.7,44.4,4.14,,27.73333333333333,21.2,35.5,0.0,8.829166666666667,32.625,24,complete_24_hours,Original weather CSV,available
5592,Gangapur Road,2021-04-20,44.3,µg/m³,20.0073285,73.7762427,20.0,,21.9,,27.3,58.6,3.15,,28.25,21.8,35.0,0.0,13.279166666666669,40.75,24,complete_24_hours,Original weather CSV,available
5592,Gangapur Road,2021-04-22,41.0,µg/m³,20.0073285,73.7762427,26.7,,20.6,,47.2,69.1,2.64,,28.23333333333333,20.9,36.3,0.0,6.570833333333333,40.0,24,complete_24_hours,Original weather CSV,available
5592,Gangapur Road,2021-04-23,29.7,µg/m³,20.0073285,73.7762427,90.0,,12.5,,89.2,48.2,3.25,,28.516666666666666,22.6,36.0,0.0,9.779166666666669,30.541666666666668,24,complete_24_hours,Original weather CSV,available
5592,Gangapur Road,2021-05-05,35.9,µg/m³,20.0073285,73.7762427,130.0,,23.0,,67.7,45.2,3.04,,29.85,23.0,35.8,0.0,9.929166666666667,36.5,24,complete_24_hours,Original weather CSV,available
5592,Gangapur Road,2021-05-10,30.1,µg/m³,20.0073285,73.7762427,0.0,,,,17.6,,1.68,,29.508333333333336,23.0,37.4,0.0,12.1125,48.083333333333336,24,complete_24_hours,Original weather CSV,available
5592,Gangapur Road,2021-05-12,30.8,µg/m³,20.0073285,73.7762427,6.67,,11.2,,25.0,42.2,2.56,,28.008333333333336,22.0,36.3,0.0,13.291666666666666,57.16666666666666,24,complete_24_hours,Original weather CSV,available
5592,Gangapur Road,2021-05-13,24.7,µg/m³,20.0073285,73.7762427,0.0,,10.6,,28.3,33.0,1.61,,27.675,21.6,35.1,0.0,12.0625,57.91666666666666,24,complete_24_hours,Original weather CSV,available
5592,Gangapur Road,2021-05-15,35.8,µg/m³,20.0073285,73.7762427,290.0,,13.9,,89.5,90.8,16.2,,31.725,26.8,37.7,0.1,11.004166666666668,42.16666666666666,24,complete_24_hours,Original weather CSV,available
5592,Gangapur Road,2021-05-17,16.4,µg/m³,20.0073285,73.7762427,85.0,,223.0,,32.8,17.4,1.39,,24.98333333333333,23.1,28.8,17.6,27.566666666666663,76.29166666666667,24,complete_24_hours,Original weather CSV,available
5592,Gangapur Road,2021-05-19,49.1,µg/m³,20.0073285,73.7762427,20.0,,18.0,,50.9,98.7,0.85,,24.741666666666664,22.3,28.4,14.5,18.925,82.29166666666667,24,complete_24_hours,Original weather CSV,available
5592,Gangapur Road,2021-05-20,58.5,µg/m³,20.0073285,73.7762427,300.0,,6.93,,71.6,140.0,1.82,,26.0125,22.3,30.9,0.2,14.2125,73.29166666666667,24,complete_24_hours,Original weather CSV,available
5592,Gangapur Road,2021-05-25,34.1,µg/m³,20.0073285,73.7762427,0.0,,9.95,,21.3,50.1,1.31,,27.15416666666667,22.2,33.3,0.0,14.041666666666666,68.25,24,complete_24_hours,Original weather CSV,available
5592,Gangapur Road,2021-06-01,27.7,µg/m³,20.0073285,73.7762427,0.0,,12.1,,7.5,33.4,1.91,,27.141666666666666,23.6,34.0,2.6,10.95,76.45833333333333,24,complete_24_hours,Original weather CSV,available
5592,Gangapur Road,2021-06-02,19.1,µg/m³,20.0073285,73.7762427,40.0,,16.6,,51.2,24.8,0.63,,27.175,22.9,33.0,7.300000000000001,8.420833333333333,75.58333333333333,24,complete_24_hours,Original weather CSV,available
5592,Gangapur Road,2021-06-03,20.0,µg/m³,20.0073285,73.7762427,60.0,,0.17,,89.6,14.2,0.48,,27.59583333333333,23.0,35.2,1.1,7.720833333333334,72.70833333333333,24,complete_24_hours,Original weather CSV,available
5592,Gangapur Road,2021-06-04,20.6,µg/m³,20.0073285,73.7762427,20.0,,7.98,,21.4,25.8,1.35,,26.829166666666666,22.7,32.2,1.1,7.3875,75.0,24,complete_24_hours,Original weather CSV,available
5592,Gangapur Road,2021-06-06,16.4,µg/m³,20.0073285,73.7762427,70.0,,7.91,,33.6,6.12,1.17,,25.7625,23.0,30.9,2.3000000000000003,8.8625,77.125,24,complete_24_hours,Original weather CSV,available
5592,Gangapur Road,2021-06-07,21.7,µg/m³,20.0073285,73.7762427,89.1,,8.01,,15.6,33.9,1.07,,25.183333333333334,22.3,29.9,3.0,14.191666666666668,80.375,24,complete_24_hours,Original weather CSV,available
5592,Gangapur Road,2021-06-08,12.8,µg/m³,20.0073285,73.7762427,42.5,,7.88,,21.1,29.1,0.58,,25.45,22.5,29.0,3.5,14.625,80.875,24,complete_24_hours,Original weather CSV,available
5592,Gangapur Road,2021-06-20,47.2,µg/m³,20.0073285,73.7762427,270.0,,48.8,,17.3,15.2,0.33,,23.7375,21.8,27.7,5.2,20.48333333333333,85.79166666666667,24,complete_24_hours,Original weather CSV,available
5592,Gangapur Road,2021-06-24,32.7,µg/m³,20.0073285,73.7762427,400.0,,39.6,,25.7,52.8,0.29,,23.2625,22.4,25.0,9.8,16.004166666666666,91.0,24,complete_24_hours,Original weather CSV,available
5592,Gangapur Road,2021-06-26,17.8,µg/m³,20.0073285,73.7762427,160.0,,33.3,,18.6,40.6,1.54,,24.1875,22.2,27.3,0.7000000000000001,14.708333333333334,83.45833333333333,24,complete_24_hours,Original weather CSV,available
5592,Gangapur Road,2021-06-27,17.3,µg/m³,20.0073285,73.7762427,40.0,,28.4,,17.1,37.2,1.84,,23.84583333333333,22.3,26.5,3.5,12.6,86.41666666666667,24,complete_24_hours,Original weather CSV,available
5592,Gangapur Road,2021-06-28,8.61,µg/m³,20.0073285,73.7762427,230.0,,28.1,,171.0,17.1,327.0,,23.604166666666668,22.3,26.5,7.5,8.958333333333334,91.625,24,complete_24_hours,Original weather CSV,available
5592,Gangapur Road,2021-06-29,15.7,µg/m³,20.0073285,73.7762427,350.0,,25.9,,31.4,14.5,1.28,,25.041666666666668,21.9,29.4,6.7,9.866666666666667,85.20833333333333,24,complete_24_hours,Original weather CSV,available
5592,Gangapur Road,2021-07-01,15.9,µg/m³,20.0073285,73.7762427,180.0,,24.6,,13.1,19.7,0.72,,25.275,23.0,29.0,0.1,17.820833333333333,79.33333333333333,24,complete_24_hours,Original weather CSV,available
5592,Gangapur Road,2021-07-04,24.8,µg/m³,20.0073285,73.7762427,400.0,,21.7,,14.9,18.1,1.88,,25.666666666666668,22.4,30.2,1.8,12.870833333333332,77.5,24,complete_24_hours,Original weather CSV,available
5592,Gangapur Road,2021-07-06,29.5,µg/m³,20.0073285,73.7762427,110.0,,19.3,,20.6,42.9,0.98,,26.40416666666667,21.9,31.0,0.7,9.445833333333333,73.45833333333333,24,complete_24_hours,Original weather CSV,available
5592,Gangapur Road,2021-07-08,19.9,µg/m³,20.0073285,73.7762427,268.0,,23.9,,16.7,32.4,0.537,,25.53333333333333,23.0,30.2,1.1,14.175,79.45833333333333,24,complete_24_hours,Original weather CSV,available
5592,Gangapur Road,2021-07-09,16.3,µg/m³,20.0073285,73.7762427,361.0,,23.5,,13.9,32.4,0.947,,25.28333333333333,22.9,28.5,2.6,12.320833333333333,81.29166666666667,24,complete_24_hours,Original weather CSV,available
5592,Gangapur Road,2021-07-15,25.9,µg/m³,20.0073285,73.7762427,350.0,,29.9,,16.9,31.9,0.6,,24.14583333333333,22.3,27.3,18.6,12.029166666666669,90.25,24,complete_24_hours,Original weather CSV,available
5592,Gangapur Road,2021-07-18,7.25,µg/m³,20.0073285,73.7762427,228.0,,18.7,,16.8,17.2,0.899,,23.870833333333334,23.0,26.0,50.9,15.6,92.08333333333331,24,complete_24_hours,Original weather CSV,available
5592,Gangapur Road,2021-07-19,12.5,µg/m³,20.0073285,73.7762427,220.0,,17.1,,13.3,26.3,0.503,,24.0125,22.6,26.3,21.2,16.5625,89.41666666666667,24,complete_24_hours,Original weather CSV,available
5592,Gangapur Road,2021-07-20,38.9,µg/m³,20.0073285,73.7762427,332.0,,21.1,,10.3,37.0,1.05,,23.979166666666668,22.6,26.6,8.5,22.120833333333334,88.5,24,complete_24_hours,Original weather CSV,available
5592,Gangapur Road,2021-07-21,26.3,µg/m³,20.0073285,73.7762427,175.0,,14.6,,16.2,24.9,0.57,,23.89583333333333,22.5,26.4,12.5,24.066666666666663,90.08333333333331,24,complete_24_hours,Original weather CSV,available
5592,Gangapur Road,2021-07-22,22.6,µg/m³,20.0073285,73.7762427,273.0,,16.0,,7.94,29.8,0.985,,23.77916666666667,23.2,24.9,5.4,21.079166666666666,90.95833333333331,24,complete_24_hours,Original weather CSV,available
5592,Gangapur Road,2021-07-23,18.6,µg/m³,20.0073285,73.7762427,423.0,,21.6,,14.0,40.8,0.699,,23.008333333333336,22.1,23.6,12.0,19.758333333333333,93.375,24,complete_24_hours,Original weather CSV,available
5592,Gangapur Road,2021-07-24,20.4,µg/m³,20.0073285,73.7762427,400.0,,21.0,,8.0,26.9,0.01,,23.54583333333333,21.8,26.0,3.0,19.941666666666663,89.79166666666667,24,complete_24_hours,Original weather CSV,available
5592,Gangapur Road,2021-07-25,21.1,µg/m³,20.0073285,73.7762427,330.0,,16.7,,13.9,31.4,0.809,,23.65,22.6,25.1,4.4,21.98333333333333,89.83333333333333,24,complete_24_hours,Original weather CSV,available
5592,Gangapur Road,2021-08-25,20.8,µg/m³,20.0073285,73.7762427,310.0,,22.3,,3.38,34.0,0.09,,23.8,21.1,27.5,1.9,12.829166666666666,84.33333333333333,24,complete_24_hours,Original weather CSV,available
5592,Gangapur Road,2021-09-01,24.5,µg/m³,20.0073285,73.7762427,359.0,,24.3,,10.9,35.4,1.5,,23.475,21.8,26.4,1.4,19.08333333333333,88.70833333333333,24,complete_24_hours,Original weather CSV,available
5592,Gangapur Road,2021-09-02,13.8,µg/m³,20.0073285,73.7762427,322.0,,15.9,,14.6,21.0,1.08,,23.641666666666666,22.0,26.8,1.1,17.916666666666668,87.04166666666667,24,complete_24_hours,Original weather CSV,available
5592,Gangapur Road,2021-09-03,7.28,µg/m³,20.0073285,73.7762427,180.0,,13.2,,11.5,13.4,0.13,,23.875,21.8,27.4,1.5,14.891666666666666,86.54166666666667,24,complete_24_hours,Original weather CSV,available
5592,Gangapur Road,2021-09-08,14.1,µg/m³,20.0073285,73.7762427,430.0,,21.5,,13.0,24.1,0.2,,23.225,21.9,25.4,25.8,18.525,92.75,24,complete_24_hours,Original weather CSV,available
5592,Gangapur Road,2021-09-09,11.9,µg/m³,20.0073285,73.7762427,290.0,,16.9,,7.49,20.2,1.36,,23.725,22.2,26.3,6.5,22.558333333333334,87.5,24,complete_24_hours,Original weather CSV,available
5592,Gangapur Road,2021-09-11,6.57,µg/m³,20.0073285,73.7762427,323.0,,13.3,,4.01,15.3,0.778,,23.78333333333333,22.3,26.8,6.1,19.079166666666666,90.08333333333331,24,complete_24_hours,Original weather CSV,available
5592,Gangapur Road,2021-09-12,18.4,µg/m³,20.0073285,73.7762427,356.0,,15.9,,14.2,19.6,1.14,,23.46666666666667,22.0,26.8,7.5,16.604166666666668,91.58333333333331,24,complete_24_hours,Original weather CSV,available
5592,Gangapur Road,2021-09-13,14.9,µg/m³,20.0073285,73.7762427,495.0,,19.2,,14.4,21.0,0.72,,22.90416666666667,22.2,23.8,79.9,20.433333333333334,94.54166666666669,24,complete_24_hours,Original weather CSV,available
5592,Gangapur Road,2021-09-14,12.0,µg/m³,20.0073285,73.7762427,560.0,,14.7,,18.8,21.6,1.62,,23.766666666666666,22.6,26.3,9.4,20.558333333333334,86.625,24,complete_24_hours,Original weather CSV,available
5592,Gangapur Road,2021-09-15,32.8,µg/m³,20.0073285,73.7762427,512.0,,23.0,,11.9,71.0,1.07,,23.5,21.9,25.9,1.6,19.1625,86.625,24,complete_24_hours,Original weather CSV,available
5592,Gangapur Road,2021-09-16,26.8,µg/m³,20.0073285,73.7762427,362.0,,16.7,,15.4,56.9,0.85,,23.195833333333336,21.7,25.6,0.1,18.383333333333333,86.0,24,complete_24_hours,Original weather CSV,available
5592,Gangapur Road,2021-09-17,24.9,µg/m³,20.0073285,73.7762427,436.0,,18.5,,8.98,46.5,1.28,,23.116666666666664,21.6,25.7,1.6,15.308333333333332,86.20833333333333,24,complete_24_hours,Original weather CSV,available
5592,Gangapur Road,2021-09-18,21.8,µg/m³,20.0073285,73.7762427,395.0,,19.6,,10.6,39.5,0.867,,23.35,21.3,26.9,0.7,14.866666666666667,85.45833333333333,24,complete_24_hours,Original weather CSV,available
5592,Gangapur Road,2021-09-19,13.3,µg/m³,20.0073285,73.7762427,318.0,,14.5,,4.71,24.8,0.851,,23.65416666666667,21.4,26.9,2.5,14.045833333333334,87.83333333333333,24,complete_24_hours,Original weather CSV,available
5592,Gangapur Road,2021-09-20,16.2,µg/m³,20.0073285,73.7762427,328.0,,14.9,,7.25,21.2,1.23,,23.754166666666663,22.0,28.1,3.9,12.629166666666668,89.04166666666667,24,complete_24_hours,Original weather CSV,available
5592,Gangapur Road,2021-09-21,12.8,µg/m³,20.0073285,73.7762427,385.0,,16.3,,6.24,19.4,0.824,,23.4,22.2,26.6,7.6,13.595833333333331,90.91666666666669,24,complete_24_hours,Original weather CSV,available
5592,Gangapur Road,2021-09-22,12.3,µg/m³,20.0073285,73.7762427,388.0,,17.7,,4.31,177.0,0.918,,22.725,21.8,24.0,10.5,11.591666666666669,93.45833333333331,24,complete_24_hours,Original weather CSV,available
5592,Gangapur Road,2021-09-23,14.6,µg/m³,20.0073285,73.7762427,370.0,,11.7,,18.9,28.6,0.57,,23.39583333333333,21.6,26.9,10.5,9.829166666666667,90.875,24,complete_24_hours,Original weather CSV,available
5592,Gangapur Road,2021-09-24,20.1,µg/m³,20.0073285,73.7762427,298.0,,14.8,,14.2,43.5,1.28,,23.891666666666666,21.5,27.4,1.3,9.875,85.29166666666667,24,complete_24_hours,Original weather CSV,available
5592,Gangapur Road,2021-09-25,16.2,µg/m³,20.0073285,73.7762427,294.0,,12.5,,15.4,35.3,1.09,,23.745833333333334,21.1,27.8,0.1,9.695833333333333,83.04166666666667,24,complete_24_hours,Original weather CSV,available
5592,Gangapur Road,2021-09-26,14.8,µg/m³,20.0073285,73.7762427,241.0,,12.9,,12.2,28.3,1.17,,23.34583333333333,20.9,26.4,3.9,8.708333333333334,86.91666666666667,24,complete_24_hours,Original weather CSV,available
5592,Gangapur Road,2021-09-27,13.2,µg/m³,20.0073285,73.7762427,306.0,,13.6,,16.5,25.1,0.991,,23.17083333333333,21.3,26.9,17.4,8.058333333333334,89.79166666666667,24,complete_24_hours,Original weather CSV,available
5592,Gangapur Road,2021-09-28,13.6,µg/m³,20.0073285,73.7762427,358.0,,18.4,,11.9,18.6,1.05,,22.575,21.0,24.7,75.1,10.3625,93.66666666666669,24,complete_24_hours,Original weather CSV,available
5592,Gangapur Road,2021-09-29,8.97,µg/m³,20.0073285,73.7762427,185.0,,10.9,,7.73,11.9,0.936,,23.004166666666663,21.5,25.1,20.0,21.129166666666663,91.29166666666669,24,complete_24_hours,Original weather CSV,available
5592,Gangapur Road,2021-09-30,17.6,µg/m³,20.0073285,73.7762427,590.0,,21.2,,6.65,35.9,1.06,,23.4875,20.3,27.6,4.0,8.95,88.83333333333333,24,complete_24_hours,Original weather CSV,available
5592,Gangapur Road,2021-10-13,66.1,µg/m³,20.0073285,73.7762427,2750.0,,66.7,,2.3,134.0,0.906,,24.325,20.5,29.1,0.2,6.304166666666667,79.29166666666667,24,complete_24_hours,Original weather CSV,available
5592,Gangapur Road,2021-10-14,50.4,µg/m³,20.0073285,73.7762427,920.0,,28.7,,46.5,82.1,0.991,,24.5875,19.9,30.2,0.0,6.858333333333333,69.83333333333333,24,complete_24_hours,Original weather CSV,available
5592,Gangapur Road,2021-10-15,48.6,µg/m³,20.0073285,73.7762427,776.0,,24.8,,43.4,89.3,1.15,,23.73333333333333,18.6,29.9,0.0,6.966666666666666,69.625,24,complete_24_hours,Original weather CSV,available
5592,Gangapur Road,2021-10-16,35.7,µg/m³,20.0073285,73.7762427,449.0,,18.6,,54.2,69.8,0.804,,23.7875,17.2,29.5,0.0,5.529166666666666,66.08333333333333,24,complete_24_hours,Original weather CSV,available
5592,Gangapur Road,2021-10-17,43.5,µg/m³,20.0073285,73.7762427,630.0,,23.5,,48.1,69.0,0.837,,24.570833333333336,20.3,30.3,0.0,7.558333333333334,69.83333333333333,24,complete_24_hours,Original weather CSV,available
5592,Gangapur Road,2021-10-18,35.6,µg/m³,20.0073285,73.7762427,465.0,,17.6,,71.5,72.3,1.25,,24.05,20.0,29.2,0.0,12.679166666666667,71.875,24,complete_24_hours,Original weather CSV,available
5592,Gangapur Road,2021-10-19,29.9,µg/m³,20.0073285,73.7762427,526.0,,21.1,,52.3,60.7,1.27,,23.304166666666664,18.2,28.7,0.0,9.745833333333334,72.91666666666667,24,complete_24_hours,Original weather CSV,available
5592,Gangapur Road,2021-10-20,30.9,µg/m³,20.0073285,73.7762427,621.0,,23.4,,66.7,59.4,1.17,,22.391666666666666,15.9,29.0,0.0,4.479166666666667,65.75,24,complete_24_hours,Original weather CSV,available
5592,Gangapur Road,2021-10-21,37.8,µg/m³,20.0073285,73.7762427,625.0,,26.2,,72.6,67.3,1.2,,23.1375,16.9,28.9,0.0,5.045833333333333,55.79166666666666,24,complete_24_hours,Original weather CSV,available
5592,Gangapur Road,2021-10-22,32.5,µg/m³,20.0073285,73.7762427,653.0,,21.3,,37.2,59.3,1.0,,22.370833333333334,16.5,29.1,0.0,4.866666666666666,58.458333333333336,24,complete_24_hours,Original weather CSV,available
5592,Gangapur Road,2021-10-23,30.9,µg/m³,20.0073285,73.7762427,606.0,,23.8,,24.6,58.7,1.45,,22.33333333333333,15.3,29.7,0.0,5.625,65.54166666666667,24,complete_24_hours,Original weather CSV,available
5592,Gangapur Road,2021-10-24,29.2,µg/m³,20.0073285,73.7762427,482.0,,19.3,,22.1,49.7,1.01,,22.0875,16.2,28.8,0.0,6.016666666666667,74.125,24,complete_24_hours,Original weather CSV,available
5592,Gangapur Road,2021-10-25,29.7,µg/m³,20.0073285,73.7762427,561.0,,21.2,,29.6,47.5,0.899,,22.34166666666667,17.0,28.4,0.0,4.575,73.70833333333333,24,complete_24_hours,Original weather CSV,available
5592,Gangapur Road,2021-10-26,35.8,µg/m³,20.0073285,73.7762427,685.0,,25.4,,33.8,63.9,1.24,,22.4375,16.7,28.7,0.0,6.016666666666667,65.70833333333333,24,complete_24_hours,Original weather CSV,available
5592,Gangapur Road,2021-10-27,45.9,µg/m³,20.0073285,73.7762427,953.0,,34.0,,44.7,79.1,6.6,,22.554166666666664,16.6,28.8,0.0,8.137500000000001,59.91666666666666,24,complete_24_hours,Original weather CSV,available
5592,Gangapur Road,2021-10-28,47.4,µg/m³,20.0073285,73.7762427,613.0,,27.9,,47.6,76.4,0.938,,22.67083333333333,16.6,28.5,0.0,9.970833333333331,62.5,24,complete_24_hours,Original weather CSV,available
5592,Gangapur Road,2021-10-29,44.8,µg/m³,20.0073285,73.7762427,500.0,,35.7,,21.1,89.1,0.731,,21.52916666666667,14.9,27.8,0.0,11.2125,47.29166666666666,24,complete_24_hours,Original weather CSV,available
5592,Gangapur Road,2021-10-30,54.6,µg/m³,20.0073285,73.7762427,861.0,,38.9,,53.7,92.2,1.99,,20.916666666666668,14.2,27.7,0.0,9.733333333333333,52.5,24,complete_24_hours,Original weather CSV,available
5592,Gangapur Road,2021-10-31,64.0,µg/m³,20.0073285,73.7762427,1110.0,,42.0,,54.3,112.0,1.55,,21.8125,15.3,29.1,0.0,8.004166666666666,59.66666666666666,24,complete_24_hours,Original weather CSV,available
5592,Gangapur Road,2021-11-01,69.1,µg/m³,20.0073285,73.7762427,1280.0,,46.5,,37.4,113.0,2.09,,22.475,16.6,29.3,0.0,7.274999999999999,62.29166666666666,24,complete_24_hours,Original weather CSV,available
5592,Gangapur Road,2021-11-02,56.1,µg/m³,20.0073285,73.7762427,857.0,,40.4,,32.9,98.8,1.03,,23.0375,17.8,29.5,0.0,9.133333333333333,62.41666666666666,24,complete_24_hours,Original weather CSV,available
5592,Gangapur Road,2021-11-03,59.9,µg/m³,20.0073285,73.7762427,1050.0,,46.2,,40.5,98.6,1.75,,22.4875,16.8,29.0,0.0,7.870833333333334,62.875,24,complete_24_hours,Original weather CSV,available
5592,Gangapur Road,2021-11-04,79.2,µg/m³,20.0073285,73.7762427,839.0,,40.4,,44.8,122.0,1.02,,22.866666666666664,17.2,29.0,0.0,7.875,61.5,24,complete_24_hours,Original weather CSV,available
5592,Gangapur Road,2021-11-05,82.6,µg/m³,20.0073285,73.7762427,684.0,,30.3,,39.0,119.0,1.11,,23.804166666666664,19.0,29.2,0.3,8.5625,68.83333333333333,24,complete_24_hours,Original weather CSV,available
5592,Gangapur Road,2021-11-06,50.8,µg/m³,20.0073285,73.7762427,634.0,,28.0,,37.1,68.3,0.947,,23.9375,20.4,29.4,0.2,8.416666666666666,73.20833333333333,24,complete_24_hours,Original weather CSV,available
5592,Gangapur Road,2021-11-07,72.6,µg/m³,20.0073285,73.7762427,658.0,,33.4,,54.4,90.5,1.05,,23.59166666666667,19.6,28.7,0.0,9.245833333333334,62.0,24,complete_24_hours,Original weather CSV,available
5592,Gangapur Road,2021-11-08,70.1,µg/m³,20.0073285,73.7762427,864.0,,41.0,,63.8,89.7,2.03,,22.479166666666668,17.8,28.5,0.0,9.775,58.125,24,complete_24_hours,Original weather CSV,available
5592,Gangapur Road,2021-11-09,64.7,µg/m³,20.0073285,73.7762427,960.0,,39.3,,47.8,93.6,2.94,,21.3625,14.6,28.0,0.0,9.166666666666666,55.04166666666666,24,complete_24_hours,Original weather CSV,available
5592,Gangapur Road,2021-11-10,65.9,µg/m³,20.0073285,73.7762427,926.0,,35.8,,13.6,91.3,2.23,,20.929166666666667,14.3,27.9,0.0,9.233333333333333,51.958333333333336,24,complete_24_hours,Original weather CSV,available
5592,Gangapur Road,2021-11-11,69.4,µg/m³,20.0073285,73.7762427,895.0,,44.1,,14.0,103.0,1.85,,20.604166666666668,14.6,27.6,0.0,11.758333333333333,48.458333333333336,24,complete_24_hours,Original weather CSV,available
5592,Gangapur Road,2021-11-12,63.8,µg/m³,20.0073285,73.7762427,964.0,,41.4,,58.9,98.0,2.32,,21.120833333333334,14.9,27.7,0.0,11.079166666666666,52.583333333333336,24,complete_24_hours,Original weather CSV,available
5592,Gangapur Road,2021-11-13,80.2,µg/m³,20.0073285,73.7762427,1250.0,,43.3,,37.4,111.0,0.83,,22.7,16.0,29.8,0.0,9.391666666666667,64.16666666666667,24,complete_24_hours,Original weather CSV,available
5592,Gangapur Road,2021-11-14,74.2,µg/m³,20.0073285,73.7762427,1050.0,,35.5,,35.2,101.0,0.999,,23.6125,18.5,30.0,0.0,6.9875,71.45833333333333,24,complete_24_hours,Original weather CSV,available
5592,Gangapur Road,2021-11-15,67.5,µg/m³,20.0073285,73.7762427,1080.0,,42.8,,,97.4,0.887,,24.416666666666668,20.1,30.1,0.0,8.216666666666667,71.25,24,complete_24_hours,Original weather CSV,available
5592,Gangapur Road,2021-11-16,66.3,µg/m³,20.0073285,73.7762427,788.0,,35.5,,64.1,93.5,0.563,,24.679166666666664,19.8,30.7,0.0,12.458333333333334,66.5,24,complete_24_hours,Original weather CSV,available
5592,Gangapur Road,2021-11-17,56.0,µg/m³,20.0073285,73.7762427,870.0,,31.1,,50.3,72.8,1.07,,24.308333333333334,21.4,29.8,12.5,15.204166666666667,74.70833333333333,24,complete_24_hours,Original weather CSV,available
5592,Gangapur Road,2021-11-18,25.7,µg/m³,20.0073285,73.7762427,585.0,,24.7,,15.3,36.4,0.997,,23.191666666666663,20.1,29.2,2.0,9.758333333333333,85.83333333333333,24,complete_24_hours,Original weather CSV,available
5592,Gangapur Road,2021-11-19,36.7,µg/m³,20.0073285,73.7762427,921.0,,35.7,,14.2,54.3,0.835,,23.475,19.9,28.4,0.3999999999999999,9.679166666666667,82.20833333333333,24,complete_24_hours,Original weather CSV,available
5592,Gangapur Road,2021-11-20,48.3,µg/m³,20.0073285,73.7762427,705.0,,29.1,,31.1,66.2,0.827,,23.97083333333333,20.4,29.1,0.7000000000000001,11.9125,80.29166666666667,24,complete_24_hours,Original weather CSV,available
5592,Gangapur Road,2021-11-21,31.4,µg/m³,20.0073285,73.7762427,577.0,,25.5,,21.2,46.3,0.87,,24.066666666666663,21.2,28.4,1.1,13.0125,82.58333333333333,24,complete_24_hours,Original weather CSV,available
5592,Gangapur Road,2021-11-22,19.1,µg/m³,20.0073285,73.7762427,493.0,,21.9,,24.8,28.7,0.723,,23.433333333333334,20.7,28.5,2.4,5.470833333333334,88.16666666666667,24,complete_24_hours,Original weather CSV,available
5592,Gangapur Road,2021-11-23,25.1,µg/m³,20.0073285,73.7762427,537.0,,18.6,,33.2,30.9,0.851,,24.304166666666664,19.7,29.2,0.6000000000000001,4.541666666666667,80.66666666666667,24,complete_24_hours,Original weather CSV,available
5592,Gangapur Road,2021-11-24,44.4,µg/m³,20.0073285,73.7762427,669.0,,23.8,,31.9,63.3,0.819,,24.629166666666663,20.2,29.6,0.0,6.6625000000000005,76.58333333333333,24,complete_24_hours,Original weather CSV,available
5592,Gangapur Road,2021-11-25,39.1,µg/m³,20.0073285,73.7762427,696.0,,24.1,,6.86,65.7,0.762,,24.070833333333336,18.9,29.6,0.0,5.75,72.20833333333333,24,complete_24_hours,Original weather CSV,available
5592,Gangapur Road,2021-11-26,58.1,µg/m³,20.0073285,73.7762427,899.0,,24.1,,,79.9,1.25,,23.008333333333336,17.5,29.0,0.0,5.604166666666667,69.45833333333333,24,complete_24_hours,Original weather CSV,available
5592,Gangapur Road,2021-11-27,57.8,µg/m³,20.0073285,73.7762427,592.0,,18.9,,,73.3,3.42,,21.508333333333336,15.8,28.4,0.0,8.416666666666666,65.58333333333333,24,complete_24_hours,Original weather CSV,available
5592,Gangapur Road,2021-11-28,62.5,µg/m³,20.0073285,73.7762427,807.0,,25.9,,,101.0,1.44,,20.804166666666667,16.1,27.2,0.0,9.7375,56.79166666666666,24,complete_24_hours,Original weather CSV,available
5592,Gangapur Road,2021-11-29,65.9,µg/m³,20.0073285,73.7762427,954.0,,44.4,,120.0,110.0,12.5,,20.354166666666668,14.9,26.9,0.0,10.816666666666668,59.083333333333336,24,complete_24_hours,Original weather CSV,available
5592,Gangapur Road,2021-11-30,69.7,µg/m³,20.0073285,73.7762427,788.0,,32.5,,44.8,106.0,6.13,,21.629166666666663,17.2,27.2,0.3,11.541666666666666,62.5,24,complete_24_hours,Original weather CSV,available
5592,Gangapur Road,2021-12-01,63.1,µg/m³,20.0073285,73.7762427,661.0,,25.0,,45.1,78.2,2.41,,18.2875,16.1,20.5,41.0,12.191666666666668,83.79166666666667,24,complete_24_hours,Original weather CSV,available
5592,Gangapur Road,2021-12-02,45.2,µg/m³,20.0073285,73.7762427,584.0,,25.4,,44.9,72.8,1.33,,17.791666666666668,15.5,20.9,38.4,14.808333333333332,88.79166666666667,24,complete_24_hours,Original weather CSV,available
5592,Gangapur Road,2021-12-03,61.8,µg/m³,20.0073285,73.7762427,845.0,,26.9,,45.2,80.2,1.1,,19.654166666666665,16.8,23.3,0.3,9.579166666666667,88.20833333333333,24,complete_24_hours,Original weather CSV,available
5592,Gangapur Road,2021-12-04,60.4,µg/m³,20.0073285,73.7762427,1300.0,,33.9,,44.9,83.3,1.4,,20.95,18.2,25.7,0.7000000000000001,8.379166666666666,87.45833333333333,24,complete_24_hours,Original weather CSV,available
5592,Gangapur Road,2021-12-05,35.7,µg/m³,20.0073285,73.7762427,726.0,,20.5,,45.0,52.4,1.48,,20.5625,17.4,26.0,0.0,4.754166666666666,82.58333333333333,24,complete_24_hours,Original weather CSV,available
5592,Gangapur Road,2021-12-06,62.2,µg/m³,20.0073285,73.7762427,977.0,,29.9,,44.9,89.4,2.0,,20.354166666666668,16.1,25.5,0.4,5.179166666666666,81.25,24,complete_24_hours,Original weather CSV,available
5592,Gangapur Road,2021-12-07,111.0,µg/m³,20.0073285,73.7762427,1320.0,,36.6,,45.1,138.0,1.55,,20.1125,15.6,25.9,0.0,8.612499999999999,81.08333333333333,24,complete_24_hours,Original weather CSV,available
5592,Gangapur Road,2021-12-08,113.0,µg/m³,20.0073285,73.7762427,2030.0,,47.9,,44.8,182.0,1.09,,20.4125,15.3,25.8,0.0,7.0625,78.29166666666667,24,complete_24_hours,Original weather CSV,available
5592,Gangapur Road,2021-12-09,84.0,µg/m³,20.0073285,73.7762427,1580.0,,37.3,,45.0,137.0,1.54,,20.59583333333333,16.8,25.5,0.0,5.9625,76.79166666666667,24,complete_24_hours,Original weather CSV,available
5592,Gangapur Road,2021-12-10,75.2,µg/m³,20.0073285,73.7762427,1450.0,,39.9,,45.2,100.0,2.05,,20.4375,16.2,26.1,0.0,8.741666666666667,77.83333333333333,24,complete_24_hours,Original weather CSV,available
5592,Gangapur Road,2021-12-11,75.3,µg/m³,20.0073285,73.7762427,1390.0,,41.7,,45.1,106.0,1.82,,20.091666666666665,15.0,26.2,0.0,8.570833333333333,77.58333333333333,24,complete_24_hours,Original weather CSV,available
5592,Gangapur Road,2021-12-12,78.5,µg/m³,20.0073285,73.7762427,1560.0,,40.5,,45.0,105.0,3.48,,20.275,15.5,26.6,0.0,7.908333333333334,73.875,24,complete_24_hours,Original weather CSV,available
5592,Gangapur Road,2021-12-13,71.7,µg/m³,20.0073285,73.7762427,847.0,,30.8,,44.9,90.8,4.32,,20.22083333333333,15.3,26.2,0.0,7.425,69.25,24,complete_24_hours,Original weather CSV,available
5592,Gangapur Road,2021-12-14,55.0,µg/m³,20.0073285,73.7762427,609.0,,20.3,,45.1,66.4,2.12,,20.17083333333333,15.3,25.8,0.0,4.570833333333334,72.45833333333333,24,complete_24_hours,Original weather CSV,available
5592,Gangapur Road,2021-12-15,64.4,µg/m³,20.0073285,73.7762427,1000.0,,29.5,,44.9,83.4,1.74,,19.7375,14.6,26.2,0.0,6.2250000000000005,77.45833333333333,24,complete_24_hours,Original weather CSV,available
5592,Gangapur Road,2021-12-16,57.4,µg/m³,20.0073285,73.7762427,818.0,,25.4,,45.0,73.3,2.1,,20.329166666666666,15.5,25.9,0.0,5.9125000000000005,77.0,24,complete_24_hours,Original weather CSV,available
5592,Gangapur Road,2021-12-17,72.7,µg/m³,20.0073285,73.7762427,1060.0,,31.6,,45.1,92.7,2.17,,19.654166666666665,14.2,25.6,0.0,5.895833333333333,75.79166666666667,24,complete_24_hours,Original weather CSV,available
5592,Gangapur Road,2021-12-18,70.8,µg/m³,20.0073285,73.7762427,1000.0,,29.9,,45.2,91.0,3.87,,18.633333333333333,13.8,25.1,0.0,7.708333333333333,73.16666666666667,24,complete_24_hours,Original weather CSV,available
5592,Gangapur Road,2021-12-19,74.3,µg/m³,20.0073285,73.7762427,802.0,,33.1,,45.2,92.6,6.35,,18.041666666666668,13.4,24.6,0.0,9.008333333333333,77.66666666666667,24,complete_24_hours,Original weather CSV,available
5592,Gangapur Road,2021-12-20,79.2,µg/m³,20.0073285,73.7762427,806.0,,31.8,,45.1,98.7,6.34,,17.945833333333333,12.3,25.1,0.0,6.9875,73.70833333333333,24,complete_24_hours,Original weather CSV,available
5592,Gangapur Road,2021-12-22,68.2,µg/m³,20.0073285,73.7762427,900.0,,26.7,,45.0,94.2,4.2,,18.6625,11.4,27.0,0.0,4.0375000000000005,69.625,24,complete_24_hours,Original weather CSV,available
5592,Gangapur Road,2021-12-23,66.3,µg/m³,20.0073285,73.7762427,903.0,,25.8,,45.0,79.5,2.83,,19.47083333333333,13.7,27.9,0.0,4.879166666666667,63.25,24,complete_24_hours,Original weather CSV,available
5592,Gangapur Road,2021-12-24,55.9,µg/m³,20.0073285,73.7762427,894.0,,20.8,,45.2,95.5,3.63,,18.89583333333333,12.7,27.8,0.0,7.058333333333334,64.33333333333333,24,complete_24_hours,Original weather CSV,available
5592,Gangapur Road,2021-12-25,51.2,µg/m³,20.0073285,73.7762427,726.0,,19.3,,45.0,56.1,1.82,,18.745833333333334,12.5,26.3,0.0,5.504166666666666,71.375,24,complete_24_hours,Original weather CSV,available
5592,Gangapur Road,2021-12-26,48.1,µg/m³,20.0073285,73.7762427,598.0,,18.4,,44.9,55.4,2.91,,19.40833333333333,13.5,27.1,0.0,5.1875,71.95833333333333,24,complete_24_hours,Original weather CSV,available
5592,Gangapur Road,2021-12-27,62.2,µg/m³,20.0073285,73.7762427,740.0,,26.3,,44.8,66.2,3.18,,19.404166666666665,13.0,26.7,0.0,6.008333333333333,71.875,24,complete_24_hours,Original weather CSV,available
5592,Gangapur Road,2021-12-28,61.8,µg/m³,20.0073285,73.7762427,820.0,,15.3,,45.1,61.7,0.473,,19.6375,13.1,27.6,0.0,7.291666666666667,66.70833333333333,24,complete_24_hours,Original weather CSV,available
5592,Gangapur Road,2021-12-29,51.2,µg/m³,20.0073285,73.7762427,704.0,,23.9,,45.6,60.3,5.62,,17.620833333333334,12.3,23.5,0.0,7.533333333333332,73.83333333333333,24,complete_24_hours,Original weather CSV,available
5592,Gangapur Road,2021-12-30,73.3,µg/m³,20.0073285,73.7762427,678.0,,26.9,,45.2,85.2,5.91,,17.925,12.8,23.6,0.0,13.433333333333332,74.29166666666667,24,complete_24_hours,Original weather CSV,available
5592,Gangapur Road,2021-12-31,77.5,µg/m³,20.0073285,73.7762427,853.0,,20.9,,44.7,81.3,3.1,,19.225,14.6,26.0,0.0,10.0625,76.95833333333333,24,complete_24_hours,Original weather CSV,available
5592,Gangapur Road,2022-01-01,66.6,µg/m³,20.0073285,73.7762427,1240.0,,29.7,,45.1,74.7,5.53,,19.34583333333333,14.1,26.4,0.0,7.379166666666666,75.29166666666667,24,complete_24_hours,Original weather CSV,available
5592,Gangapur Road,2022-01-02,73.4,µg/m³,20.0073285,73.7762427,1110.0,,28.7,,45.3,77.0,3.92,,19.6375,15.0,25.9,0.2,6.925,78.0,24,complete_24_hours,Original weather CSV,available
5592,Gangapur Road,2022-01-03,71.2,µg/m³,20.0073285,73.7762427,1540.0,,37.2,,44.9,106.0,2.7,,20.525,15.5,26.5,0.0,6.825,72.29166666666667,24,complete_24_hours,Original weather CSV,available
5592,Gangapur Road,2022-01-04,62.0,µg/m³,20.0073285,73.7762427,1940.0,,36.5,,44.9,90.6,24.6,,20.6375,15.2,27.0,0.0,6.654166666666666,68.70833333333333,24,complete_24_hours,Original weather CSV,available
5592,Gangapur Road,2022-01-05,50.5,µg/m³,20.0073285,73.7762427,1320.0,,39.3,,45.1,106.0,4.38,,20.429166666666667,14.5,27.2,0.0,7.445833333333333,69.95833333333333,24,complete_24_hours,Original weather CSV,available
5592,Gangapur Road,2022-01-06,66.1,µg/m³,20.0073285,73.7762427,757.0,,27.1,,45.1,87.6,2.6,,20.02083333333333,15.3,26.6,0.0,6.545833333333333,75.79166666666667,24,complete_24_hours,Original weather CSV,available
5592,Gangapur Road,2022-01-07,52.7,µg/m³,20.0073285,73.7762427,788.0,,32.8,,45.1,91.0,2.17,,19.70833333333333,14.4,27.0,0.0,8.770833333333334,76.625,24,complete_24_hours,Original weather CSV,available
5592,Gangapur Road,2022-01-08,47.3,µg/m³,20.0073285,73.7762427,589.0,,20.4,,44.9,74.5,1.25,,18.604166666666668,14.0,23.6,1.8,6.158333333333334,81.29166666666667,24,complete_24_hours,Original weather CSV,available
5592,Gangapur Road,2022-01-09,14.1,µg/m³,20.0073285,73.7762427,338.0,,15.1,,44.9,23.0,2.45,,17.787499999999998,12.6,23.1,1.0,7.4125,66.95833333333333,24,complete_24_hours,Original weather CSV,available
5592,Gangapur Road,2022-01-10,29.0,µg/m³,20.0073285,73.7762427,627.0,,26.8,,45.0,53.2,5.63,,15.504166666666668,8.8,22.7,0.0,6.0625,65.5,24,complete_24_hours,Original weather CSV,available
5592,Gangapur Road,2022-01-11,47.6,µg/m³,20.0073285,73.7762427,656.0,,29.2,,45.1,65.0,4.18,,17.179166666666667,12.5,23.6,0.0,7.6375,71.83333333333333,24,complete_24_hours,Original weather CSV,available
5592,Gangapur Road,2022-01-12,40.0,µg/m³,20.0073285,73.7762427,858.0,,31.6,,45.1,75.1,6.73,,16.587500000000002,11.4,23.0,0.0,7.274999999999999,73.08333333333333,24,complete_24_hours,Original weather CSV,available
5592,Gangapur Road,2022-01-13,56.5,µg/m³,20.0073285,73.7762427,1030.0,,34.1,,45.0,91.2,4.39,,16.349999999999998,11.4,22.9,0.1,7.625,73.95833333333333,24,complete_24_hours,Original weather CSV,available
5592,Gangapur Road,2022-01-14,54.8,µg/m³,20.0073285,73.7762427,920.0,,34.3,,45.0,85.5,4.69,,17.3125,12.3,23.7,0.2,6.804166666666667,74.45833333333333,24,complete_24_hours,Original weather CSV,available
5592,Gangapur Road,2022-01-15,56.4,µg/m³,20.0073285,73.7762427,1100.0,,38.4,,45.1,96.2,7.93,,17.75,12.9,24.1,0.0,8.879166666666666,73.83333333333333,24,complete_24_hours,Original weather CSV,available
5592,Gangapur Road,2022-01-16,113.0,µg/m³,20.0073285,73.7762427,674.0,,38.5,,45.0,108.0,8.64,,18.341666666666665,12.5,25.7,0.0,9.191666666666666,71.70833333333333,24,complete_24_hours,Original weather CSV,available
5592,Gangapur Road,2022-01-17,56.6,µg/m³,20.0073285,73.7762427,1120.0,,35.2,,45.1,97.9,3.92,,19.15833333333333,13.6,26.3,0.0,7.645833333333333,73.83333333333333,24,complete_24_hours,Original weather CSV,available
5592,Gangapur Road,2022-01-18,33.3,µg/m³,20.0073285,73.7762427,772.0,,37.6,,45.0,79.2,7.83,,19.78333333333333,13.8,26.6,0.0,6.591666666666666,72.41666666666667,24,complete_24_hours,Original weather CSV,available
5592,Gangapur Road,2022-01-19,27.4,µg/m³,20.0073285,73.7762427,604.0,,21.1,,45.3,57.1,2.02,,19.745833333333334,13.1,26.8,0.0,6.633333333333333,64.5,24,complete_24_hours,Original weather CSV,available
5592,Gangapur Road,2022-01-20,16.6,µg/m³,20.0073285,73.7762427,470.0,,22.1,,45.1,57.0,4.26,,20.0125,14.0,27.6,0.0,8.970833333333333,53.04166666666666,24,complete_24_hours,Original weather CSV,available
5592,Gangapur Road,2022-01-21,26.9,µg/m³,20.0073285,73.7762427,550.0,,33.9,,45.2,58.5,0.935,,20.316666666666663,14.8,27.5,0.0,8.65,66.70833333333333,24,complete_24_hours,Original weather CSV,available
5592,Gangapur Road,2022-01-22,18.7,µg/m³,20.0073285,73.7762427,383.0,,13.7,,45.7,35.7,1.51,,19.1125,15.4,24.2,0.7000000000000001,16.745833333333334,79.5,24,complete_24_hours,Original weather CSV,available
5592,Gangapur Road,2022-01-23,55.2,µg/m³,20.0073285,73.7762427,340.0,,11.3,,45.1,366.0,1.65,,16.383333333333333,11.4,20.6,0.1,13.066666666666668,68.41666666666667,24,complete_24_hours,Original weather CSV,available
5592,Gangapur Road,2022-01-24,42.5,µg/m³,20.0073285,73.7762427,353.0,,13.2,,45.1,257.0,2.43,,14.020833333333334,8.0,21.0,0.0,6.4375,56.958333333333336,24,complete_24_hours,Original weather CSV,available
5592,Gangapur Road,2022-01-25,37.2,µg/m³,20.0073285,73.7762427,626.0,,22.1,,44.2,135.0,3.05,,14.545833333333334,7.1,22.3,0.0,7.3125,55.04166666666666,24,complete_24_hours,Original weather CSV,available
5592,Gangapur Road,2022-01-26,39.4,µg/m³,20.0073285,73.7762427,672.0,,29.0,,44.7,130.0,17.2,,15.441666666666668,8.4,23.6,0.0,7.899999999999999,58.54166666666666,24,complete_24_hours,Original weather CSV,available
5592,Gangapur Road,2022-01-28,60.4,µg/m³,20.0073285,73.7762427,2540.0,,58.6,,45.8,116.0,9.67,,16.804166666666667,10.3,25.1,0.0,8.454166666666667,55.083333333333336,24,complete_24_hours,Original weather CSV,available
5592,Gangapur Road,2022-01-29,74.7,µg/m³,20.0073285,73.7762427,886.0,,35.8,,44.7,77.3,13.7,,17.179166666666667,9.7,26.2,0.0,7.379166666666666,54.375,24,complete_24_hours,Original weather CSV,available
5592,Gangapur Road,2022-02-02,49.3,µg/m³,20.0073285,73.7762427,703.0,,39.0,,45.0,83.5,4.2,,20.641666666666666,13.4,30.1,0.0,6.125,51.16666666666666,24,complete_24_hours,Original weather CSV,available
5592,Gangapur Road,2022-02-03,35.8,µg/m³,20.0073285,73.7762427,472.0,,22.2,,45.2,82.9,2.39,,19.5625,13.1,27.1,0.0,12.620833333333332,55.66666666666666,24,complete_24_hours,Original weather CSV,available
5592,Gangapur Road,2022-02-04,24.3,µg/m³,20.0073285,73.7762427,445.0,,19.6,,45.0,94.0,2.38,,18.375,13.8,25.6,0.0,6.3125,67.91666666666667,24,complete_24_hours,Original weather CSV,available
5592,Gangapur Road,2022-02-05,30.1,µg/m³,20.0073285,73.7762427,474.0,,17.5,,45.2,115.0,1.54,,18.39583333333333,10.3,27.1,0.0,7.083333333333333,55.833333333333336,24,complete_24_hours,Original weather CSV,available
5592,Gangapur Road,2022-03-25,51.3,µg/m³,20.0073285,73.7762427,14300.0,,33.6,,45.1,78.7,11.9,,28.933333333333334,20.2,38.1,0.0,8.091666666666667,34.75,24,complete_24_hours,Original weather CSV,available
5592,Gangapur Road,2022-03-26,35.0,µg/m³,20.0073285,73.7762427,433.0,,32.1,,44.6,71.1,12.8,,30.016666666666666,22.4,38.7,0.0,7.020833333333333,35.5,24,complete_24_hours,Original weather CSV,available
5592,Gangapur Road,2022-03-27,37.3,µg/m³,20.0073285,73.7762427,495.0,,22.6,,45.4,78.0,5.94,,29.65416666666667,20.9,38.9,0.0,8.629166666666666,40.29166666666666,24,complete_24_hours,Original weather CSV,available
5592,Gangapur Road,2022-03-28,28.4,µg/m³,20.0073285,73.7762427,520.0,,29.1,,44.4,83.2,0.61,,30.92083333333333,23.7,38.8,0.0,9.708333333333334,32.583333333333336,24,complete_24_hours,Original weather CSV,available
5592,Gangapur Road,2022-03-29,31.8,µg/m³,20.0073285,73.7762427,150.0,,10.9,,44.9,70.4,3.89,,29.866666666666664,20.7,37.6,0.0,9.9375,29.041666666666668,24,complete_24_hours,Original weather CSV,available
5592,Gangapur Road,2022-04-01,46.2,µg/m³,20.0073285,73.7762427,255.0,,12.3,,45.1,134.0,3.56,,28.23333333333333,18.6,38.0,0.0,8.941666666666666,26.5,24,complete_24_hours,Original weather CSV,available
5592,Gangapur Road,2022-04-02,28.6,µg/m³,20.0073285,73.7762427,550.0,,20.9,,16.4,78.2,1.73,,28.704166666666666,19.0,38.3,0.0,9.529166666666669,31.416666666666668,24,complete_24_hours,Original weather CSV,available
5592,Gangapur Road,2022-04-04,39.8,µg/m³,20.0073285,73.7762427,490.0,,17.5,,37.1,59.0,2.05,,30.71666666666667,21.0,39.7,0.0,8.266666666666667,35.416666666666664,24,complete_24_hours,Original weather CSV,available
5592,Gangapur Road,2022-04-05,50.5,µg/m³,20.0073285,73.7762427,9870.0,,60.8,,168.0,118.0,33.6,,30.504166666666663,22.3,39.8,0.0,9.2625,42.04166666666666,24,complete_24_hours,Original weather CSV,available
5592,Gangapur Road,2022-04-06,40.8,µg/m³,20.0073285,73.7762427,620.0,,22.3,,12.7,74.5,3.04,,30.2,21.4,38.9,0.0,11.454166666666666,42.29166666666666,24,complete_24_hours,Original weather CSV,available
5592,Gangapur Road,2022-04-07,26.7,µg/m³,20.0073285,73.7762427,355.0,,7.99,,59.2,49.3,5.72,,30.2125,21.5,38.8,0.0,10.379166666666666,39.04166666666666,24,complete_24_hours,Original weather CSV,available
5592,Gangapur Road,2022-04-08,41.5,µg/m³,20.0073285,73.7762427,558.0,,21.5,,52.4,59.8,3.61,,30.95,21.6,39.7,0.0,7.4375,32.25,24,complete_24_hours,Original weather CSV,available
5592,Gangapur Road,2022-04-09,35.7,µg/m³,20.0073285,73.7762427,559.0,,29.7,,43.0,66.9,1.99,,30.066666666666663,22.0,39.1,0.0,11.279166666666669,42.583333333333336,24,complete_24_hours,Original weather CSV,available
5592,Gangapur Road,2022-04-10,30.1,µg/m³,20.0073285,73.7762427,390.0,,16.0,,41.1,50.4,2.77,,29.504166666666663,22.6,37.4,0.0,10.475,39.79166666666666,24,complete_24_hours,Original weather CSV,available
5592,Gangapur Road,2022-04-11,34.5,µg/m³,20.0073285,73.7762427,364.0,,16.8,,58.1,71.4,5.37,,30.15,22.0,38.8,0.0,9.766666666666667,32.333333333333336,24,complete_24_hours,Original weather CSV,available
5592,Gangapur Road,2022-04-12,38.3,µg/m³,20.0073285,73.7762427,485.0,,20.4,,41.1,80.7,4.18,,30.65833333333333,22.0,39.3,0.0,9.329166666666667,26.20833333333333,24,complete_24_hours,Original weather CSV,available
5592,Gangapur Road,2022-04-13,44.0,µg/m³,20.0073285,73.7762427,475.0,,21.0,,43.5,94.5,5.14,,31.266666666666666,22.6,39.5,0.0,9.65,24.166666666666668,24,complete_24_hours,Original weather CSV,available
5592,Gangapur Road,2022-04-14,41.3,µg/m³,20.0073285,73.7762427,465.0,,14.5,,53.7,74.2,4.53,,30.98333333333333,22.2,38.5,0.0,10.25,23.33333333333333,24,complete_24_hours,Original weather CSV,available
5592,Gangapur Road,2022-04-15,28.5,µg/m³,20.0073285,73.7762427,370.0,,14.8,,50.8,65.7,3.54,,28.71666666666667,21.1,37.1,0.0,12.1,44.875,24,complete_24_hours,Original weather CSV,available
5592,Gangapur Road,2022-04-18,28.3,µg/m³,20.0073285,73.7762427,323.0,,16.3,,53.3,64.3,2.2,,29.254166666666663,21.0,37.7,0.0,11.7125,33.5,24,complete_24_hours,Original weather CSV,available
5592,Gangapur Road,2022-04-19,33.7,µg/m³,20.0073285,73.7762427,475.0,,17.8,,41.4,58.9,0.525,,30.041666666666668,22.6,38.1,0.0,12.6,39.375,24,complete_24_hours,Original weather CSV,available
5592,Gangapur Road,2022-04-20,35.7,µg/m³,20.0073285,73.7762427,270.0,,12.6,,47.4,67.3,6.54,,29.54583333333333,22.0,36.4,0.5,12.641666666666666,37.083333333333336,24,complete_24_hours,Original weather CSV,available
5592,Gangapur Road,2022-04-21,20.9,µg/m³,20.0073285,73.7762427,445.0,,15.4,,57.1,38.9,2.94,,31.316666666666663,26.1,37.5,0.0,11.833333333333334,25.58333333333333,24,complete_24_hours,Original weather CSV,available
5592,Gangapur Road,2022-04-22,45.0,µg/m³,20.0073285,73.7762427,4260.0,,49.3,,72.6,70.4,13.5,,30.854166666666668,24.3,38.7,0.0,7.079166666666667,27.58333333333333,24,complete_24_hours,Original weather CSV,available
5592,Gangapur Road,2022-04-23,35.7,µg/m³,20.0073285,73.7762427,493.0,,18.2,,67.0,79.9,10.3,,32.016666666666666,24.1,39.0,0.0,8.1625,23.5,24,complete_24_hours,Original weather CSV,available
5592,Gangapur Road,2022-04-25,59.8,µg/m³,20.0073285,73.7762427,230.0,,11.1,,66.5,71.5,6.81,,31.55,22.2,39.7,0.0,8.333333333333334,27.791666666666668,24,complete_24_hours,Original weather CSV,available
5592,Gangapur Road,2022-04-26,46.4,µg/m³,20.0073285,73.7762427,565.0,,26.1,,55.9,70.2,4.36,,31.42083333333333,23.4,38.8,0.0,11.116666666666667,23.75,24,complete_24_hours,Original weather CSV,available
5592,Gangapur Road,2022-04-28,62.6,µg/m³,20.0073285,73.7762427,740.0,,38.1,,119.0,113.0,7.57,,33.050000000000004,24.3,41.1,0.0,9.595833333333331,20.791666666666668,24,complete_24_hours,Original weather CSV,available
5592,Gangapur Road,2022-04-29,41.3,µg/m³,20.0073285,73.7762427,330.0,,19.8,,91.8,57.3,5.0,,31.09166666666667,23.6,38.3,0.0,12.183333333333332,38.125,24,complete_24_hours,Original weather CSV,available
5592,Gangapur Road,2022-04-30,28.7,µg/m³,20.0073285,73.7762427,610.0,,36.9,,26.4,59.3,2.36,,30.704166666666666,24.0,38.7,0.0,14.970833333333331,36.708333333333336,24,complete_24_hours,Original weather CSV,available
5592,Gangapur Road,2022-05-01,27.7,µg/m³,20.0073285,73.7762427,290.0,,12.1,,62.8,66.2,1.94,,29.65416666666667,22.3,37.7,0.0,14.354166666666666,47.75,24,complete_24_hours,Original weather CSV,available
5592,Gangapur Road,2022-05-05,30.9,µg/m³,20.0073285,73.7762427,200.0,,15.6,,67.2,79.7,0.395,,29.54583333333333,21.1,37.7,0.0,11.945833333333333,37.083333333333336,24,complete_24_hours,Original weather CSV,available
5592,Gangapur Road,2022-05-06,38.9,µg/m³,20.0073285,73.7762427,615.0,,36.3,,42.7,132.0,4.17,,29.433333333333334,20.8,37.8,0.0,10.575,41.708333333333336,24,complete_24_hours,Original weather CSV,available
5592,Gangapur Road,2022-05-07,40.3,µg/m³,20.0073285,73.7762427,470.0,,20.4,,58.0,111.0,2.57,,30.575,22.3,38.9,0.0,11.275,36.66666666666666,24,complete_24_hours,Original weather CSV,available
5592,Gangapur Road,2022-05-08,45.0,µg/m³,20.0073285,73.7762427,430.0,,20.6,,76.2,97.7,2.52,,31.35,22.5,40.0,0.0,11.075,34.125,24,complete_24_hours,Original weather CSV,available
5592,Gangapur Road,2022-05-09,58.7,µg/m³,20.0073285,73.7762427,668.0,,19.9,,86.4,114.0,4.11,,31.254166666666663,23.8,39.2,0.0,14.35,39.208333333333336,24,complete_24_hours,Original weather CSV,available
5592,Gangapur Road,2022-05-10,48.9,µg/m³,20.0073285,73.7762427,250.0,,16.8,,82.0,91.6,4.31,,30.6,23.8,39.1,0.3,15.0,49.625,24,complete_24_hours,Original weather CSV,available
5592,Gangapur Road,2022-05-11,37.2,µg/m³,20.0073285,73.7762427,446.0,,19.5,,48.0,72.6,0.99,,30.4375,24.3,40.0,0.0,14.341666666666669,52.583333333333336,24,complete_24_hours,Original weather CSV,available
5592,Gangapur Road,2022-05-12,29.9,µg/m³,20.0073285,73.7762427,450.0,,18.1,,32.9,67.0,1.81,,29.02083333333333,23.4,36.4,0.0,16.295833333333334,63.5,24,complete_24_hours,Original weather CSV,available
5592,Gangapur Road,2022-05-15,27.9,µg/m³,20.0073285,73.7762427,314.0,,16.8,,38.7,74.9,1.45,,29.454166666666666,22.7,37.6,0.0,14.316666666666668,58.29166666666666,24,complete_24_hours,Original weather CSV,available
5592,Gangapur Road,2022-05-16,24.3,µg/m³,20.0073285,73.7762427,228.0,,9.29,,34.4,67.8,2.19,,29.85833333333333,22.5,37.9,0.0,12.004166666666668,54.16666666666666,24,complete_24_hours,Original weather CSV,available
5592,Gangapur Road,2022-05-17,42.2,µg/m³,20.0073285,73.7762427,150.0,,14.7,,62.8,129.0,0.96,,29.354166666666668,23.1,37.1,0.0,12.404166666666669,50.29166666666666,24,complete_24_hours,Original weather CSV,available
5592,Gangapur Road,2022-05-18,34.5,µg/m³,20.0073285,73.7762427,1610.0,,10.2,,55.1,104.0,6.4,,29.35,21.8,37.6,0.0,11.570833333333333,52.583333333333336,24,complete_24_hours,Original weather CSV,available
5592,Gangapur Road,2022-05-20,39.2,µg/m³,20.0073285,73.7762427,475.0,,17.9,,42.1,118.0,2.19,,28.45833333333333,23.5,36.0,0.0,16.70416666666667,60.91666666666666,24,complete_24_hours,Original weather CSV,available
5592,Gangapur Road,2022-05-21,27.9,µg/m³,20.0073285,73.7762427,350.0,,12.4,,32.2,88.7,0.95,,27.35833333333333,23.0,34.4,0.0,21.354166666666668,62.583333333333336,24,complete_24_hours,Original weather CSV,available
5592,Gangapur Road,2022-05-23,17.9,µg/m³,20.0073285,73.7762427,345.0,,14.2,,31.3,66.4,1.84,,27.666666666666668,23.4,34.2,0.0,22.79583333333333,65.91666666666667,24,complete_24_hours,Original weather CSV,available
5592,Gangapur Road,2022-05-24,26.0,µg/m³,20.0073285,73.7762427,400.0,,13.1,,39.0,56.9,3.11,,27.758333333333336,23.4,34.0,0.7,17.983333333333334,66.25,24,complete_24_hours,Original weather CSV,available
5592,Gangapur Road,2022-05-25,23.6,µg/m³,20.0073285,73.7762427,250.0,,11.9,,37.7,73.6,1.2,,28.125,22.6,34.9,0.0,13.279166666666669,62.54166666666666,24,complete_24_hours,Original weather CSV,available
5592,Gangapur Road,2022-05-26,19.3,µg/m³,20.0073285,73.7762427,300.0,,12.5,,40.6,72.4,0.06,,27.9125,23.1,34.5,0.0,15.1375,63.708333333333336,24,complete_24_hours,Original weather CSV,available
5592,Gangapur Road,2022-05-28,15.4,µg/m³,20.0073285,73.7762427,250.0,,12.6,,28.1,33.1,0.89,,27.22083333333333,22.4,33.8,0.0,19.35833333333333,63.5,24,complete_24_hours,Original weather CSV,available
5592,Gangapur Road,2022-05-29,14.0,µg/m³,20.0073285,73.7762427,180.0,,14.4,,35.1,68.1,1.91,,27.14583333333333,22.8,32.9,0.0,19.379166666666663,65.41666666666667,24,complete_24_hours,Original weather CSV,available
5592,Gangapur Road,2022-06-03,38.9,µg/m³,20.0073285,73.7762427,320.0,,21.5,,49.8,80.2,2.32,,28.025,22.1,35.5,0.0,15.691666666666668,57.66666666666666,24,complete_24_hours,Original weather CSV,available
5592,Gangapur Road,2022-06-04,18.9,µg/m³,20.0073285,73.7762427,240.0,,8.17,,34.5,55.3,2.3,,28.78333333333333,22.4,35.9,0.0,14.333333333333334,56.208333333333336,24,complete_24_hours,Original weather CSV,available
5592,Gangapur Road,2022-06-09,26.9,µg/m³,20.0073285,73.7762427,2460.0,,49.7,,17.3,56.0,5.51,,28.5,24.4,36.2,6.1,11.291666666666666,68.20833333333333,24,complete_24_hours,Original weather CSV,available
5592,Gangapur Road,2022-06-10,24.5,µg/m³,20.0073285,73.7762427,385.0,,23.6,,55.6,25.4,1.66,,27.2625,23.8,32.8,4.3,10.008333333333333,74.66666666666667,24,complete_24_hours,Original weather CSV,available
5592,Gangapur Road,2022-06-13,14.0,µg/m³,20.0073285,73.7762427,180.0,,13.2,,27.8,13.8,1.15,,26.14583333333333,22.4,31.6,2.5,13.275,75.25,24,complete_24_hours,Original weather CSV,available
5592,Gangapur Road,2022-06-14,20.2,µg/m³,20.0073285,73.7762427,293.0,,21.8,,30.3,54.4,0.757,,26.704166666666666,22.5,32.1,2.0,16.241666666666667,71.95833333333333,24,complete_24_hours,Original weather CSV,available
5592,Gangapur Road,2022-06-15,19.1,µg/m³,20.0073285,73.7762427,410.0,,7.48,,35.8,53.5,3.89,,26.175,22.8,31.5,1.2,17.804166666666667,75.70833333333333,24,complete_24_hours,Original weather CSV,available
5592,Gangapur Road,2022-06-18,43.5,µg/m³,20.0073285,73.7762427,320.0,,37.5,,35.4,145.0,2.41,,26.70833333333333,23.0,31.4,1.1,15.854166666666666,73.25,24,complete_24_hours,Original weather CSV,available
5592,Gangapur Road,2022-06-19,13.3,µg/m³,20.0073285,73.7762427,280.0,,10.6,,15.1,19.1,2.13,,25.516666666666666,23.1,29.4,2.6,17.895833333333332,80.58333333333333,24,complete_24_hours,Original weather CSV,available
5592,Gangapur Road,2022-06-20,13.4,µg/m³,20.0073285,73.7762427,457.0,,0.0,,16.2,127.0,1.91,,24.566666666666663,22.6,28.5,3.4,19.2,84.08333333333333,24,complete_24_hours,Original weather CSV,available
5592,Gangapur Road,2022-06-21,13.7,µg/m³,20.0073285,73.7762427,523.0,,0.0,,17.8,60.7,1.24,,24.25,21.9,29.2,3.9,16.82916666666667,84.41666666666667,24,complete_24_hours,Original weather CSV,available
5592,Gangapur Road,2022-06-22,11.1,µg/m³,20.0073285,73.7762427,263.0,,0.0,,19.6,25.5,1.45,,25.004166666666663,22.0,31.7,19.7,7.7375,83.45833333333333,24,complete_24_hours,Original weather CSV,available
5592,Gangapur Road,2022-07-05,13.7,µg/m³,20.0073285,73.7762427,360.0,,9.27,,16.2,5.54,1.41,,23.2,22.2,24.8,6.2,18.154166666666665,91.66666666666669,24,complete_24_hours,Original weather CSV,available
5592,Gangapur Road,2022-07-08,5.33,µg/m³,20.0073285,73.7762427,450.0,,20.2,,14.7,11.8,2.33,,22.791666666666668,21.7,24.5,11.3,18.47083333333333,92.45833333333331,24,complete_24_hours,Original weather CSV,available
5592,Gangapur Road,2022-07-09,11.1,µg/m³,20.0073285,73.7762427,340.0,,14.9,,8.98,16.0,0.52,,22.58333333333333,21.0,25.2,16.3,17.895833333333332,91.20833333333331,24,complete_24_hours,Original weather CSV,available
5592,Gangapur Road,2022-07-10,17.2,µg/m³,20.0073285,73.7762427,370.0,,9.54,,,14.0,0.11,,22.554166666666664,21.2,24.6,23.1,19.616666666666667,90.70833333333331,24,complete_24_hours,Original weather CSV,available
5592,Gangapur Road,2022-07-11,7.36,µg/m³,20.0073285,73.7762427,640.0,,22.0,,12.0,17.5,0.09,,22.20833333333333,21.2,23.1,38.9,20.120833333333334,93.58333333333331,24,complete_24_hours,Original weather CSV,available
5592,Gangapur Road,2022-07-13,11.5,µg/m³,20.0073285,73.7762427,990.0,,30.8,,7.32,5.28,0.57,,22.416666666666668,21.4,23.6,58.3,21.45833333333333,93.41666666666669,24,complete_24_hours,Original weather CSV,available
5592,Gangapur Road,2022-07-14,14.5,µg/m³,20.0073285,73.7762427,500.0,,14.7,,14.6,8.9,0.39,,22.7125,21.9,24.0,46.4,23.17083333333333,93.41666666666669,24,complete_24_hours,Original weather CSV,available
5592,Gangapur Road,2022-07-15,15.4,µg/m³,20.0073285,73.7762427,1070.0,,29.1,,8.0,11.2,2.03,,23.141666666666666,22.2,24.9,9.7,24.379166666666663,91.79166666666669,24,complete_24_hours,Original weather CSV,available
5592,Gangapur Road,2022-07-18,10.1,µg/m³,20.0073285,73.7762427,580.0,,18.9,,8.71,20.1,3.08,,22.683333333333334,21.5,23.6,15.5,17.575,93.0,24,complete_24_hours,Original weather CSV,available
5592,Gangapur Road,2022-07-19,12.7,µg/m³,20.0073285,73.7762427,264.0,,12.7,,12.2,21.4,0.75,,22.8625,21.8,25.1,7.1,18.85,91.33333333333331,24,complete_24_hours,Original weather CSV,available
5592,Gangapur Road,2022-07-20,34.6,µg/m³,20.0073285,73.7762427,340.0,,5.6,,14.9,21.2,1.87,,23.59583333333333,21.7,26.9,3.0,16.275000000000002,88.375,24,complete_24_hours,Original weather CSV,available
5592,Gangapur Road,2022-07-21,28.2,µg/m³,20.0073285,73.7762427,473.0,,10.2,,13.2,17.6,3.86,,23.791666666666668,21.8,27.1,2.3000000000000003,16.316666666666666,85.54166666666667,24,complete_24_hours,Original weather CSV,available
5592,Gangapur Road,2022-07-22,19.0,µg/m³,20.0073285,73.7762427,664.0,,7.32,,14.3,23.8,1.21,,24.025,21.8,27.6,1.3,16.233333333333334,84.04166666666667,24,complete_24_hours,Original weather CSV,available
5592,Gangapur Road,2022-07-23,13.6,µg/m³,20.0073285,73.7762427,449.0,,8.35,,12.7,19.2,0.849,,23.3375,22.0,25.6,6.5,18.725,87.625,24,complete_24_hours,Original weather CSV,available
5592,Gangapur Road,2022-07-24,18.5,µg/m³,20.0073285,73.7762427,363.0,,4.59,,12.1,13.2,0.978,,22.620833333333334,21.9,23.8,19.2,17.158333333333335,92.16666666666669,24,complete_24_hours,Original weather CSV,available
5592,Gangapur Road,2022-07-25,16.1,µg/m³,20.0073285,73.7762427,683.0,,14.0,,5.47,36.4,1.07,,22.854166666666668,21.5,25.5,2.8000000000000003,15.245833333333332,90.66666666666669,24,complete_24_hours,Original weather CSV,available
5592,Gangapur Road,2022-07-26,50.1,µg/m³,20.0073285,73.7762427,250.0,,4.26,,7.23,16.5,1.98,,23.9125,21.7,27.2,4.1,13.429166666666667,86.125,24,complete_24_hours,Original weather CSV,available
5592,Gangapur Road,2022-07-27,0.94,µg/m³,20.0073285,73.7762427,398.0,,6.65,,11.4,21.6,3.48,,23.6125,21.1,27.7,7.7,7.8,88.625,24,complete_24_hours,Original weather CSV,available
5592,Gangapur Road,2022-07-28,0.94,µg/m³,20.0073285,73.7762427,263.0,,7.56,,16.2,41.5,0.885,,24.516666666666666,21.2,29.3,2.9000000000000004,6.241666666666667,84.125,24,complete_24_hours,Original weather CSV,available
5592,Gangapur Road,2022-07-29,10.3,µg/m³,20.0073285,73.7762427,340.0,,8.69,,18.5,46.8,1.85,,24.8375,21.8,29.4,2.6,5.275,84.83333333333333,24,complete_24_hours,Original weather CSV,available
5592,Gangapur Road,2022-07-30,17.8,µg/m³,20.0073285,73.7762427,370.0,,5.93,,16.3,42.1,0.755,,24.616666666666664,21.4,28.9,1.4,8.862499999999999,84.04166666666667,24,complete_24_hours,Original weather CSV,available
5592,Gangapur Road,2022-07-31,18.2,µg/m³,20.0073285,73.7762427,464.0,,2.97,,13.4,23.2,0.331,,24.441666666666663,21.2,28.4,1.4,11.045833333333334,81.625,24,complete_24_hours,Original weather CSV,available
5592,Gangapur Road,2022-08-02,35.8,µg/m³,20.0073285,73.7762427,407.0,,8.86,,12.6,33.2,0.06,,24.4375,21.9,27.6,1.5,11.029166666666669,83.08333333333333,24,complete_24_hours,Original weather CSV,available
5592,Gangapur Road,2022-08-03,30.3,µg/m³,20.0073285,73.7762427,444.0,,,,13.5,28.9,3.52,,24.758333333333336,22.1,29.7,6.4,7.8625,84.66666666666667,24,complete_24_hours,Original weather CSV,available
5592,Gangapur Road,2022-09-13,15.0,µg/m³,20.0073285,73.7762427,0.0,,8.15,,44.4,38.6,4.94,,23.21666666666667,21.9,26.2,10.9,13.191666666666668,93.45833333333331,24,complete_24_hours,Original weather CSV,available
5592,Gangapur Road,2022-09-14,9.71,µg/m³,20.0073285,73.7762427,550.0,,8.0,,44.8,,4.16,,23.17083333333333,22.1,25.1,3.1,20.83333333333333,91.29166666666669,24,complete_24_hours,Original weather CSV,available
5592,Gangapur Road,2022-09-15,3.34,µg/m³,20.0073285,73.7762427,365.0,,8.01,,44.7,9.22,4.65,,22.9875,21.9,25.4,8.299999999999999,22.508333333333336,92.54166666666669,24,complete_24_hours,Original weather CSV,available
5592,Gangapur Road,2022-09-16,11.4,µg/m³,20.0073285,73.7762427,758.0,,7.9,,45.3,12.9,13.4,,22.4125,21.6,23.4,56.6,15.266666666666667,94.25,24,complete_24_hours,Original weather CSV,available
5592,Gangapur Road,2022-09-17,13.7,µg/m³,20.0073285,73.7762427,1030.0,,7.96,,45.0,14.7,7.73,,22.679166666666664,21.0,25.3,8.0,13.108333333333334,90.70833333333331,24,complete_24_hours,Original weather CSV,available
5592,Gangapur Road,2022-09-18,19.2,µg/m³,20.0073285,73.7762427,120.0,,8.05,,44.0,15.3,4.86,,22.316666666666663,20.7,24.9,29.1,10.545833333333333,91.70833333333331,24,complete_24_hours,Original weather CSV,available
5592,Gangapur Road,2022-09-20,17.4,µg/m³,20.0073285,73.7762427,524.0,,8.05,,45.0,42.0,3.15,,22.54583333333333,20.8,25.7,0.9,11.433333333333332,88.54166666666667,24,complete_24_hours,Original weather CSV,available
5592,Gangapur Road,2022-09-21,18.9,µg/m³,20.0073285,73.7762427,648.0,,8.06,,45.8,40.9,10.3,,23.041666666666668,20.5,27.3,0.8,11.495833333333332,85.16666666666667,24,complete_24_hours,Original weather CSV,available
5592,Gangapur Road,2022-09-22,269.0,µg/m³,20.0073285,73.7762427,643.0,,8.05,,44.6,29.2,6.78,,22.5375,20.4,26.2,1.9,13.629166666666668,86.0,24,complete_24_hours,Original weather CSV,available
5592,Gangapur Road,2022-09-23,40.7,µg/m³,20.0073285,73.7762427,466.0,,8.05,,44.9,43.6,6.67,,22.59166666666667,20.3,26.5,0.9,15.995833333333332,83.75,24,complete_24_hours,Original weather CSV,available
5592,Gangapur Road,2022-09-24,25.3,µg/m³,20.0073285,73.7762427,320.0,,8.02,,45.5,39.3,20.7,,22.9875,20.5,27.8,2.0,11.816666666666668,86.29166666666667,24,complete_24_hours,Original weather CSV,available
5592,Gangapur Road,2022-09-25,19.5,µg/m³,20.0073285,73.7762427,70.0,,8.02,,44.2,17.7,4.02,,23.104166666666668,20.3,27.9,0.8,8.058333333333334,84.29166666666667,24,complete_24_hours,Original weather CSV,available
5592,Gangapur Road,2022-09-26,11.4,µg/m³,20.0073285,73.7762427,568.0,,8.0,,44.9,48.6,7.18,,22.60833333333333,20.0,26.0,1.5,5.666666666666667,89.375,24,complete_24_hours,Original weather CSV,available
5592,Gangapur Road,2022-09-27,22.9,µg/m³,20.0073285,73.7762427,334.0,,7.95,,45.2,36.3,6.59,,23.21666666666667,20.2,27.9,3.7,4.954166666666667,86.83333333333333,24,complete_24_hours,Original weather CSV,available
5592,Gangapur Road,2022-09-28,22.4,µg/m³,20.0073285,73.7762427,491.0,,7.86,,45.3,40.7,6.86,,22.64583333333333,19.7,27.9,11.4,6.2625,89.70833333333333,24,complete_24_hours,Original weather CSV,available
5592,Gangapur Road,2022-09-29,212.0,µg/m³,20.0073285,73.7762427,592.0,,8.0,,44.6,106.0,10.0,,23.46666666666667,20.1,28.4,2.3000000000000003,6.15,88.08333333333333,24,complete_24_hours,Original weather CSV,available
5592,Gangapur Road,2022-09-30,30.9,µg/m³,20.0073285,73.7762427,720.0,,7.96,,44.9,43.4,8.35,,23.7375,19.9,29.1,1.4,6.454166666666667,85.70833333333333,24,complete_24_hours,Original weather CSV,available
5592,Gangapur Road,2022-10-01,29.8,µg/m³,20.0073285,73.7762427,742.0,,8.03,,44.8,29.5,11.0,,23.73333333333333,20.5,28.7,1.7,7.966666666666666,86.83333333333333,24,complete_24_hours,Original weather CSV,available
5592,Gangapur Road,2022-10-02,27.1,µg/m³,20.0073285,73.7762427,120.0,,8.03,,45.0,38.9,5.79,,23.320833333333336,20.1,27.6,2.3000000000000003,7.458333333333333,85.25,24,complete_24_hours,Original weather CSV,available
5592,Gangapur Road,2022-10-03,20.8,µg/m³,20.0073285,73.7762427,448.0,,7.92,,45.0,28.7,10.6,,23.35,20.1,28.1,0.1,7.920833333333333,82.5,24,complete_24_hours,Original weather CSV,available
5592,Gangapur Road,2022-10-04,41.1,µg/m³,20.0073285,73.7762427,868.0,,8.01,,44.9,54.4,16.3,,23.95833333333333,20.7,28.4,0.3,8.420833333333333,83.29166666666667,24,complete_24_hours,Original weather CSV,available
5592,Gangapur Road,2022-10-05,32.8,µg/m³,20.0073285,73.7762427,279.0,,8.11,,45.2,42.3,7.03,,24.23333333333333,21.0,28.3,0.4,10.375,80.08333333333333,24,complete_24_hours,Original weather CSV,available
5592,Gangapur Road,2022-10-06,31.3,µg/m³,20.0073285,73.7762427,437.0,,7.96,,44.8,59.1,10.5,,24.366666666666664,21.5,28.6,8.9,10.945833333333333,80.125,24,complete_24_hours,Original weather CSV,available
5592,Gangapur Road,2022-10-07,30.3,µg/m³,20.0073285,73.7762427,368.0,,7.95,,45.0,32.5,11.7,,22.35833333333333,21.1,24.0,14.0,7.366666666666666,94.375,24,complete_24_hours,Original weather CSV,available
5592,Gangapur Road,2022-10-08,18.2,µg/m³,20.0073285,73.7762427,140.0,,7.8,,44.8,15.6,5.97,,22.33333333333333,21.0,25.1,5.1,14.033333333333331,91.0,24,complete_24_hours,Original weather CSV,available
5592,Gangapur Road,2022-10-09,16.5,µg/m³,20.0073285,73.7762427,249.0,,7.89,,44.9,25.0,5.61,,23.5875,21.3,27.6,1.0,10.529166666666669,87.20833333333333,24,complete_24_hours,Original weather CSV,available
5592,Gangapur Road,2022-10-10,32.9,µg/m³,20.0073285,73.7762427,380.0,,8.03,,45.0,39.6,6.26,,23.53333333333333,20.2,28.9,9.6,3.466666666666667,87.79166666666667,24,complete_24_hours,Original weather CSV,available
5592,Gangapur Road,2022-10-11,23.6,µg/m³,20.0073285,73.7762427,465.0,,23.0,,29.4,35.6,8.26,,23.6875,20.9,28.5,5.6000000000000005,4.375,88.83333333333333,24,complete_24_hours,Original weather CSV,available
5592,Gangapur Road,2022-10-12,26.5,µg/m³,20.0073285,73.7762427,593.0,,20.5,,12.3,30.6,5.88,,23.25,20.3,27.7,2.6,5.808333333333334,88.125,24,complete_24_hours,Original weather CSV,available
5592,Gangapur Road,2022-10-13,36.6,µg/m³,20.0073285,73.7762427,1110.0,,23.8,,23.1,41.3,7.11,,23.97083333333333,20.4,28.9,1.2,8.883333333333333,82.75,24,complete_24_hours,Original weather CSV,available
5592,Gangapur Road,2022-10-14,34.6,µg/m³,20.0073285,73.7762427,518.0,,29.1,,23.0,135.0,1.16,,23.141666666666666,20.2,28.6,8.0,10.2875,82.91666666666667,24,complete_24_hours,Original weather CSV,available
5592,Gangapur Road,2022-10-15,26.9,µg/m³,20.0073285,73.7762427,718.0,,22.6,,53.5,27.5,14.0,,22.73333333333333,19.0,27.7,0.0,11.75,67.70833333333333,24,complete_24_hours,Original weather CSV,available
5592,Gangapur Road,2022-10-16,37.2,µg/m³,20.0073285,73.7762427,711.0,,24.7,,0.01,25.8,0.966,,23.0125,17.2,29.0,0.0,11.095833333333331,67.45833333333333,24,complete_24_hours,Original weather CSV,available
5592,Gangapur Road,2022-10-31,42.1,µg/m³,20.0073285,73.7762427,780.0,,7.33,,0.145,63.1,3.17,,21.625,16.5,27.5,0.0,6.675,54.04166666666666,24,complete_24_hours,Original weather CSV,available
5592,Gangapur Road,2025-02-19,33.5,µg/m³,20.0073285,73.7762427,,0.667,,13.0,44.9,70.1,,6.04,25.525,18.4,32.6,0.0,7.712499999999999,33.333333333333336,24,complete_24_hours,Original weather CSV,available
5592,Gangapur Road,2025-02-20,35.3,µg/m³,20.0073285,73.7762427,,1.15,,15.1,44.6,89.2,,8.02,25.875,18.4,32.9,0.0,6.7125,31.625,24,complete_24_hours,Original weather CSV,available
5592,Gangapur Road,2025-02-21,51.6,µg/m³,20.0073285,73.7762427,,1.02,,18.0,40.4,100.0,,16.6,26.316666666666663,19.3,33.3,0.0,7.558333333333334,27.45833333333333,24,complete_24_hours,Original weather CSV,available
5592,Gangapur Road,2025-02-22,50.8,µg/m³,20.0073285,73.7762427,,1.39,,17.8,51.3,130.0,,32.1,26.475,18.6,34.3,0.0,7.695833333333333,28.541666666666668,24,complete_24_hours,Original weather CSV,available
5592,Gangapur Road,2025-02-23,48.7,µg/m³,20.0073285,73.7762427,,1.39,,17.4,49.9,116.0,,20.6,26.3875,19.5,34.1,0.0,6.625,27.541666666666668,24,complete_24_hours,Original weather CSV,available
5592,Gangapur Road,2025-02-24,50.5,µg/m³,20.0073285,73.7762427,,1.49,,19.5,50.5,117.0,,15.1,26.204166666666666,19.1,33.2,0.0,7.541666666666667,26.416666666666668,24,complete_24_hours,Original weather CSV,available
5592,Gangapur Road,2025-02-25,65.9,µg/m³,20.0073285,73.7762427,,1.18,,15.3,47.4,126.0,,19.5,26.15,18.9,33.4,0.0,7.345833333333334,29.875,24,complete_24_hours,Original weather CSV,available
5592,Gangapur Road,2025-02-26,73.3,µg/m³,20.0073285,73.7762427,,0.753,,20.4,42.4,148.0,,9.3,26.5,19.7,33.8,0.0,10.283333333333331,32.166666666666664,24,complete_24_hours,Original weather CSV,available
5592,Gangapur Road,2025-02-27,63.5,µg/m³,20.0073285,73.7762427,,0.497,,18.6,47.7,128.0,,7.3,27.379166666666663,20.4,34.9,0.0,7.783333333333334,33.041666666666664,24,complete_24_hours,Original weather CSV,available
5592,Gangapur Road,2025-02-28,55.6,µg/m³,20.0073285,73.7762427,,0.66,,17.5,48.7,116.0,,5.23,27.85,20.8,36.0,0.0,6.608333333333333,33.708333333333336,24,complete_24_hours,Original weather CSV,available
5592,Gangapur Road,2025-03-01,67.6,µg/m³,20.0073285,73.7762427,,0.638,,16.6,47.0,156.0,,4.43,27.966666666666665,21.9,35.8,0.0,8.320833333333333,34.25,24,complete_24_hours,Original weather CSV,available
5592,Gangapur Road,2025-03-02,42.1,µg/m³,20.0073285,73.7762427,,0.617,,15.8,52.9,85.8,,6.5,27.17083333333333,20.9,34.3,0.0,9.825,30.95833333333333,24,complete_24_hours,Original weather CSV,available
5592,Gangapur Road,2025-03-03,60.6,µg/m³,20.0073285,73.7762427,,0.59,,30.3,51.0,146.0,,11.7,27.879166666666663,20.3,35.3,0.0,10.895833333333334,27.875,24,complete_24_hours,Original weather CSV,available
5592,Gangapur Road,2025-03-04,45.0,µg/m³,20.0073285,73.7762427,,0.548,,23.7,49.7,110.0,,3.1,27.366666666666664,20.3,35.0,0.0,8.716666666666667,31.166666666666668,24,complete_24_hours,Original weather CSV,available
5592,Gangapur Road,2025-03-05,52.4,µg/m³,20.0073285,73.7762427,,0.609,,36.7,45.4,104.0,,4.07,25.525,19.4,33.0,0.0,11.25,25.33333333333333,24,complete_24_hours,Original weather CSV,available
5592,Gangapur Road,2025-03-06,53.2,µg/m³,20.0073285,73.7762427,,0.588,,25.1,45.9,137.0,,16.5,25.308333333333334,16.6,34.2,0.0,7.320833333333333,18.125,24,complete_24_hours,Original weather CSV,available
5592,Gangapur Road,2025-03-07,48.5,µg/m³,20.0073285,73.7762427,,0.614,,17.5,49.9,113.0,,5.4,26.854166666666668,18.6,35.1,0.0,6.791666666666667,19.041666666666668,24,complete_24_hours,Original weather CSV,available
5592,Gangapur Road,2025-03-08,50.5,µg/m³,20.0073285,73.7762427,,0.527,,20.0,51.0,116.0,,4.87,27.96666666666667,19.2,36.1,0.0,7.85,19.625,24,complete_24_hours,Original weather CSV,available
5592,Gangapur Road,2025-03-09,54.3,µg/m³,20.0073285,73.7762427,,0.512,,17.6,43.2,107.0,,5.12,28.4625,20.9,36.1,0.0,5.25,23.75,24,complete_24_hours,Original weather CSV,available
5592,Gangapur Road,2025-03-10,44.6,µg/m³,20.0073285,73.7762427,,0.729,,14.9,32.6,95.8,,2.55,28.88333333333333,21.7,36.4,0.0,10.6625,26.95833333333333,24,complete_24_hours,Original weather CSV,available
5592,Gangapur Road,2025-03-12,63.3,µg/m³,20.0073285,73.7762427,,0.594,,7.21,56.7,109.0,,4.02,30.1125,22.7,37.8,0.0,4.55,27.58333333333333,24,complete_24_hours,Original weather CSV,available
5592,Gangapur Road,2025-03-13,73.9,µg/m³,20.0073285,73.7762427,,0.639,,22.6,52.3,167.0,,4.06,30.02916666666667,22.7,37.4,0.0,9.666666666666666,27.58333333333333,24,complete_24_hours,Original weather CSV,available
5592,Gangapur Road,2025-03-14,53.6,µg/m³,20.0073285,73.7762427,,0.862,,24.6,53.8,102.0,,5.89,29.5375,22.1,36.4,0.0,9.0375,20.75,24,complete_24_hours,Original weather CSV,available
5592,Gangapur Road,2025-03-15,48.0,µg/m³,20.0073285,73.7762427,,2.05,,24.1,42.3,67.2,,3.99,29.541666666666668,22.0,37.5,0.0,8.775,22.666666666666668,24,complete_24_hours,Original weather CSV,available
5592,Gangapur Road,2025-03-17,41.2,µg/m³,20.0073285,73.7762427,,0.833,,23.6,51.6,137.0,,4.56,28.541666666666668,23.2,34.7,0.0,10.5375,25.83333333333333,24,complete_24_hours,Original weather CSV,available
5592,Gangapur Road,2025-03-18,45.0,µg/m³,20.0073285,73.7762427,,0.818,,24.1,50.9,149.0,,4.66,28.29583333333333,20.6,36.7,0.0,8.820833333333333,27.916666666666668,24,complete_24_hours,Original weather CSV,available
5592,Gangapur Road,2025-03-19,46.7,µg/m³,20.0073285,73.7762427,,0.766,,20.5,54.5,103.0,,4.48,28.225,20.8,36.5,0.0,8.220833333333333,23.95833333333333,24,complete_24_hours,Original weather CSV,available
5592,Gangapur Road,2025-03-20,38.6,µg/m³,20.0073285,73.7762427,,0.767,,17.4,45.9,153.0,,5.03,27.4875,21.0,34.4,0.0,8.887500000000001,22.75,24,complete_24_hours,Original weather CSV,available
5592,Gangapur Road,2025-03-21,35.9,µg/m³,20.0073285,73.7762427,,0.785,,18.6,49.1,94.7,,4.42,26.95833333333333,20.6,33.9,0.0,9.983333333333333,27.666666666666668,24,complete_24_hours,Original weather CSV,available
5592,Gangapur Road,2025-03-22,42.1,µg/m³,20.0073285,73.7762427,,0.756,,19.1,54.8,85.2,,5.22,27.28333333333333,18.8,34.9,0.0,6.075,24.291666666666668,24,complete_24_hours,Original weather CSV,available
5592,Gangapur Road,2025-03-23,46.2,µg/m³,20.0073285,73.7762427,,0.754,,19.3,52.5,78.6,,5.26,28.804166666666664,20.0,36.0,0.0,6.670833333333333,21.291666666666668,24,complete_24_hours,Original weather CSV,available
5592,Gangapur Road,2025-03-24,51.5,µg/m³,20.0073285,73.7762427,,0.754,,20.6,58.7,98.3,,5.55,29.58333333333333,22.3,36.5,0.0,7.679166666666667,22.875,24,complete_24_hours,Original weather CSV,available
5592,Gangapur Road,2025-03-25,53.9,µg/m³,20.0073285,73.7762427,,0.723,,15.3,56.4,96.3,,10.3,29.495833333333334,21.9,37.1,0.0,7.333333333333333,25.58333333333333,24,complete_24_hours,Original weather CSV,available
5592,Gangapur Road,2025-03-26,55.2,µg/m³,20.0073285,73.7762427,,0.724,,17.9,56.3,104.0,,5.96,28.9625,22.1,37.2,0.0,8.733333333333333,30.75,24,complete_24_hours,Original weather CSV,available
5592,Gangapur Road,2025-03-27,30.5,µg/m³,20.0073285,73.7762427,,0.709,,16.5,52.1,85.2,,4.25,27.55,21.3,34.9,0.0,10.75,36.91666666666666,24,complete_24_hours,Original weather CSV,available
5592,Gangapur Road,2025-03-28,46.4,µg/m³,20.0073285,73.7762427,,0.669,,10.6,64.0,95.4,,6.47,28.79583333333333,20.9,37.4,0.0,8.770833333333334,35.708333333333336,24,complete_24_hours,Original weather CSV,available
5592,Gangapur Road,2025-03-29,58.7,µg/m³,20.0073285,73.7762427,,0.687,,11.2,50.4,113.0,,15.2,30.67083333333333,23.4,37.9,0.0,9.904166666666669,18.416666666666668,24,complete_24_hours,Original weather CSV,available
5592,Gangapur Road,2025-03-30,57.1,µg/m³,20.0073285,73.7762427,,0.673,,10.3,47.5,95.2,,12.0,31.4125,24.1,39.0,0.0,9.133333333333333,18.33333333333333,24,complete_24_hours,Original weather CSV,available
5592,Gangapur Road,2025-03-31,75.1,µg/m³,20.0073285,73.7762427,,0.684,,10.4,50.8,115.0,,7.69,31.979166666666668,26.8,38.8,0.0,7.504166666666666,18.875,24,complete_24_hours,Original weather CSV,available
5592,Gangapur Road,2025-04-01,80.0,µg/m³,20.0073285,73.7762427,,0.681,,13.1,41.1,160.0,,7.17,30.570833333333336,25.4,38.3,0.1,6.741666666666667,25.45833333333333,24,complete_24_hours,Original weather CSV,available
5592,Gangapur Road,2025-04-02,69.4,µg/m³,20.0073285,73.7762427,,0.672,,10.9,44.1,103.0,,6.7,28.8625,24.4,37.1,1.2,7.358333333333333,40.375,24,complete_24_hours,Original weather CSV,available
5592,Gangapur Road,2025-04-03,56.2,µg/m³,20.0073285,73.7762427,,0.66,,10.9,48.8,104.0,,4.44,27.991666666666664,22.1,35.9,5.9,6.104166666666667,47.958333333333336,24,complete_24_hours,Original weather CSV,available
5592,Gangapur Road,2025-04-04,63.8,µg/m³,20.0073285,73.7762427,,0.669,,5.52,50.0,92.2,,7.21,27.96666666666667,21.6,35.3,0.0,8.5375,53.79166666666666,24,complete_24_hours,Original weather CSV,available
5592,Gangapur Road,2025-04-05,57.2,µg/m³,20.0073285,73.7762427,,0.637,,4.88,58.3,110.0,,7.71,30.2625,21.9,38.2,0.0,9.345833333333331,26.33333333333333,24,complete_24_hours,Original weather CSV,available
5592,Gangapur Road,2025-04-06,79.0,µg/m³,20.0073285,73.7762427,,0.629,,6.25,56.2,156.0,,5.93,31.77083333333333,24.3,38.9,0.0,10.145833333333334,18.45833333333333,24,complete_24_hours,Original weather CSV,available
5592,Gangapur Road,2025-04-07,61.8,µg/m³,20.0073285,73.7762427,,0.641,,9.4,50.1,125.0,,5.79,31.683333333333334,23.0,40.2,0.0,9.733333333333333,20.041666666666668,24,complete_24_hours,Original weather CSV,available
5592,Gangapur Road,2025-04-08,45.7,µg/m³,20.0073285,73.7762427,,0.631,,13.6,51.3,75.5,,7.74,33.05833333333333,24.7,40.3,0.0,10.041666666666666,16.0,24,complete_24_hours,Original weather CSV,available
5592,Gangapur Road,2025-04-09,51.4,µg/m³,20.0073285,73.7762427,,0.661,,12.5,38.7,85.6,,6.95,32.8375,26.5,40.1,0.0,13.329166666666666,17.833333333333332,24,complete_24_hours,Original weather CSV,available
5592,Gangapur Road,2025-04-11,36.1,µg/m³,20.0073285,73.7762427,,0.65,,18.3,39.5,504.0,,5.4,28.945833333333336,22.9,36.2,0.0,13.879166666666668,33.833333333333336,24,complete_24_hours,Original weather CSV,available
5592,Gangapur Road,2025-04-12,30.2,µg/m³,20.0073285,73.7762427,,0.62,,16.0,49.6,75.5,,4.01,27.75,20.9,35.5,0.0,13.525,52.708333333333336,24,complete_24_hours,Original weather CSV,available
5592,Gangapur Road,2025-04-13,26.6,µg/m³,20.0073285,73.7762427,,0.622,,15.2,46.0,70.8,,4.5,28.741666666666664,21.0,36.5,0.0,11.4,47.958333333333336,24,complete_24_hours,Original weather CSV,available
5592,Gangapur Road,2025-04-14,51.4,µg/m³,20.0073285,73.7762427,,0.612,,14.5,38.4,70.6,,3.86,30.27083333333333,23.1,37.4,0.0,12.158333333333331,29.041666666666668,24,complete_24_hours,Original weather CSV,available
5592,Gangapur Road,2025-04-15,56.7,µg/m³,20.0073285,73.7762427,,0.622,,17.3,52.9,142.0,,6.32,31.075,24.7,38.5,0.0,12.05,24.625,24,complete_24_hours,Original weather CSV,available
5592,Gangapur Road,2025-04-16,65.6,µg/m³,20.0073285,73.7762427,,0.633,,19.7,58.4,124.0,,5.23,30.7875,23.8,38.3,0.0,11.720833333333331,29.541666666666668,24,complete_24_hours,Original weather CSV,available
5592,Gangapur Road,2025-04-17,42.1,µg/m³,20.0073285,73.7762427,,0.606,,15.7,48.8,93.0,,3.97,30.34166666666667,23.5,38.7,0.0,12.441666666666668,34.666666666666664,24,complete_24_hours,Original weather CSV,available
5592,Gangapur Road,2025-04-18,31.5,µg/m³,20.0073285,73.7762427,,0.615,,9.39,52.2,62.3,,4.75,30.329166666666666,23.0,38.6,0.0,12.229166666666666,37.208333333333336,24,complete_24_hours,Original weather CSV,available
5592,Gangapur Road,2025-04-19,36.3,µg/m³,20.0073285,73.7762427,,0.623,,7.13,51.4,90.6,,5.34,30.475,24.6,37.7,0.0,13.345833333333331,33.166666666666664,24,complete_24_hours,Original weather CSV,available
5592,Gangapur Road,2025-04-20,48.9,µg/m³,20.0073285,73.7762427,,0.606,,7.04,47.9,111.0,,5.15,29.495833333333334,22.6,36.9,0.0,11.9875,37.41666666666666,24,complete_24_hours,Original weather CSV,available
5592,Gangapur Road,2025-04-21,45.4,µg/m³,20.0073285,73.7762427,,0.572,,7.44,46.2,99.9,,5.05,30.55,22.5,38.5,0.0,10.1,36.25,24,complete_24_hours,Original weather CSV,available
5592,Gangapur Road,2025-04-22,56.0,µg/m³,20.0073285,73.7762427,,0.387,,4.64,47.1,109.0,,6.13,32.204166666666666,24.2,41.2,0.0,9.470833333333331,27.125,24,complete_24_hours,Original weather CSV,available
5592,Gangapur Road,2025-04-23,65.9,µg/m³,20.0073285,73.7762427,,0.292,,8.98,47.0,114.0,,5.54,32.3375,24.5,39.9,0.0,9.841666666666669,22.70833333333333,24,complete_24_hours,Original weather CSV,available
5592,Gangapur Road,2025-04-24,62.0,µg/m³,20.0073285,73.7762427,,0.336,,18.4,54.0,105.0,,9.06,31.72083333333333,25.5,39.3,0.0,11.266666666666666,26.33333333333333,24,complete_24_hours,Original weather CSV,available
5592,Gangapur Road,2025-04-25,51.9,µg/m³,20.0073285,73.7762427,,0.377,,14.8,44.3,82.7,,6.27,30.77916666666667,24.0,38.4,0.0,10.591666666666669,28.625,24,complete_24_hours,Original weather CSV,available
5592,Gangapur Road,2025-04-26,36.5,µg/m³,20.0073285,73.7762427,,0.395,,8.57,47.5,74.3,,8.09,30.85833333333333,24.3,37.6,0.0,11.125,28.666666666666668,24,complete_24_hours,Original weather CSV,available
5592,Gangapur Road,2025-04-27,40.4,µg/m³,20.0073285,73.7762427,,0.364,,8.01,43.3,70.8,,4.86,30.854166666666668,21.8,39.0,0.0,10.270833333333334,35.5,24,complete_24_hours,Original weather CSV,available
5592,Gangapur Road,2025-04-28,64.8,µg/m³,20.0073285,73.7762427,,0.348,,8.08,48.9,95.6,,5.86,30.78333333333333,22.9,38.6,0.0,11.175,36.458333333333336,24,complete_24_hours,Original weather CSV,available
5592,Gangapur Road,2025-04-29,50.3,µg/m³,20.0073285,73.7762427,,0.297,,12.6,44.7,93.0,,5.83,31.05,23.2,38.6,0.0,11.629166666666668,40.875,24,complete_24_hours,Original weather CSV,available
5592,Gangapur Road,2025-04-30,41.2,µg/m³,20.0073285,73.7762427,,0.284,,13.6,48.3,74.5,,4.61,30.65,23.6,38.4,0.0,13.2125,37.29166666666666,24,complete_24_hours,Original weather CSV,available
5592,Gangapur Road,2025-05-01,37.6,µg/m³,20.0073285,73.7762427,,0.338,,4.43,27.7,61.2,,4.15,31.8375,25.6,39.8,0.0,13.558333333333332,28.08333333333333,24,complete_24_hours,Original weather CSV,available
5592,Gangapur Road,2025-05-06,115.0,µg/m³,20.0073285,73.7762427,,0.323,,6.83,51.4,203.0,,5.18,26.241666666666664,21.7,33.7,0.5,14.541666666666666,65.33333333333333,24,complete_24_hours,Original weather CSV,available
5592,Gangapur Road,2025-05-07,32.0,µg/m³,20.0073285,73.7762427,,0.329,,8.62,33.1,77.2,,4.97,25.495833333333334,21.4,32.6,0.8,15.25,67.45833333333333,24,complete_24_hours,Original weather CSV,available
5592,Gangapur Road,2025-05-08,27.7,µg/m³,20.0073285,73.7762427,,0.33,,13.6,35.8,49.5,,4.29,24.675,21.4,30.8,3.8,13.841666666666669,73.91666666666667,24,complete_24_hours,Original weather CSV,available
5592,Gangapur Road,2025-05-09,17.6,µg/m³,20.0073285,73.7762427,,0.33,,12.2,35.6,30.7,,4.41,25.454166666666666,20.7,31.6,2.2,10.2625,70.29166666666667,24,complete_24_hours,Original weather CSV,available
5592,Gangapur Road,2025-05-10,13.4,µg/m³,20.0073285,73.7762427,,0.328,,20.3,38.3,22.8,,3.92,27.02916666666667,21.7,34.4,0.0,8.125,68.0,24,complete_24_hours,Original weather CSV,available
5592,Gangapur Road,2025-05-11,63.9,µg/m³,20.0073285,73.7762427,,0.331,,16.6,52.6,117.0,,5.06,27.6625,22.3,35.3,1.4,6.575,67.29166666666667,24,complete_24_hours,Original weather CSV,available
5592,Gangapur Road,2025-05-12,41.3,µg/m³,20.0073285,73.7762427,,0.324,,13.4,43.1,74.9,,3.59,27.3,23.2,36.1,5.6,6.2,70.41666666666667,24,complete_24_hours,Original weather CSV,available
5592,Gangapur Road,2025-05-13,8.9,µg/m³,20.0073285,73.7762427,,0.308,,8.78,28.0,12.1,,1.29,26.20833333333333,23.0,33.7,12.7,5.245833333333334,77.125,24,complete_24_hours,Original weather CSV,available
5592,Gangapur Road,2025-05-14,55.4,µg/m³,20.0073285,73.7762427,,0.285,,21.4,38.3,31.6,,2.55,26.1875,22.4,32.6,1.9,4.9750000000000005,79.70833333333333,24,complete_24_hours,Original weather CSV,available
5592,Gangapur Road,2025-05-15,40.7,µg/m³,20.0073285,73.7762427,,0.28,,28.5,34.9,53.0,,4.57,26.4125,23.3,32.2,3.7,5.5375000000000005,80.29166666666667,24,complete_24_hours,Original weather CSV,available
5592,Gangapur Road,2025-05-16,40.4,µg/m³,20.0073285,73.7762427,,0.281,,32.4,37.6,10.8,,9.84,25.67083333333333,23.0,31.9,19.6,7.508333333333333,84.125,24,complete_24_hours,Original weather CSV,available
5592,Gangapur Road,2025-05-17,25.9,µg/m³,20.0073285,73.7762427,,0.279,,28.0,32.1,30.3,,6.17,26.504166666666663,23.1,31.6,4.3,7.866666666666667,79.66666666666667,24,complete_24_hours,Original weather CSV,available
5592,Gangapur Road,2025-05-18,29.1,µg/m³,20.0073285,73.7762427,,0.283,,15.3,39.3,35.0,,4.02,26.820833333333336,22.9,32.6,4.1000000000000005,6.516666666666667,77.625,24,complete_24_hours,Original weather CSV,available
5592,Gangapur Road,2025-05-19,29.1,µg/m³,20.0073285,73.7762427,,0.282,,23.3,80.8,46.3,,4.16,26.604166666666668,23.3,32.6,7.399999999999999,5.116666666666666,81.08333333333333,24,complete_24_hours,Original weather CSV,available
5592,Gangapur Road,2025-05-20,29.1,µg/m³,20.0073285,73.7762427,,0.283,,25.1,98.6,46.1,,4.34,26.879166666666663,24.1,31.9,15.000000000000002,6.645833333333333,82.5,24,complete_24_hours,Original weather CSV,available
5592,Gangapur Road,2025-05-21,27.0,µg/m³,20.0073285,73.7762427,,0.283,,23.5,37.1,49.1,,4.12,26.22083333333333,22.8,30.1,7.3,4.570833333333334,78.375,24,complete_24_hours,Original weather CSV,available
5592,Gangapur Road,2025-05-22,22.5,µg/m³,20.0073285,73.7762427,,0.25,,12.1,32.6,34.2,,4.82,25.4125,22.5,28.1,2.4,8.383333333333333,81.75,24,complete_24_hours,Original weather CSV,available
5592,Gangapur Road,2025-05-23,27.5,µg/m³,20.0073285,73.7762427,,0.217,,20.4,34.7,49.9,,4.68,25.64583333333333,23.1,28.2,0.0,7.899999999999999,80.5,24,complete_24_hours,Original weather CSV,available
5592,Gangapur Road,2025-05-24,21.7,µg/m³,20.0073285,73.7762427,,0.214,,22.4,35.5,36.4,,4.06,25.125,23.5,27.2,1.7,7.658333333333334,80.79166666666667,24,complete_24_hours,Original weather CSV,available
5592,Gangapur Road,2025-05-25,28.8,µg/m³,20.0073285,73.7762427,,0.212,,19.7,34.1,44.1,,3.74,25.75,23.4,30.7,16.900000000000002,10.375,82.54166666666667,24,complete_24_hours,Original weather CSV,available
5592,Gangapur Road,2025-05-26,40.6,µg/m³,20.0073285,73.7762427,,0.219,,20.5,32.4,51.3,,4.33,27.137500000000003,23.8,33.1,3.3,9.916666666666666,79.83333333333333,24,complete_24_hours,Original weather CSV,available
5592,Gangapur Road,2025-05-27,25.3,µg/m³,20.0073285,73.7762427,,0.229,,24.0,30.6,40.1,,4.03,25.8,23.4,30.3,2.8,13.766666666666666,83.79166666666667,24,complete_24_hours,Original weather CSV,available
5592,Gangapur Road,2025-05-28,14.3,µg/m³,20.0073285,73.7762427,,0.251,,17.2,25.9,41.5,,4.4,25.266666666666666,22.6,29.0,2.6,14.675,87.0,24,complete_24_hours,Original weather CSV,available
5592,Gangapur Road,2025-05-29,20.5,µg/m³,20.0073285,73.7762427,,0.252,,19.5,30.9,67.2,,4.18,26.6875,23.4,31.9,2.3,14.745833333333332,80.54166666666667,24,complete_24_hours,Original weather CSV,available
5592,Gangapur Road,2025-05-30,24.2,µg/m³,20.0073285,73.7762427,,0.253,,16.5,36.4,76.7,,3.89,26.77083333333333,23.7,31.1,0.0,19.379166666666663,77.375,24,complete_24_hours,Original weather CSV,available
5592,Gangapur Road,2025-05-31,17.5,µg/m³,20.0073285,73.7762427,,0.254,,16.5,36.8,62.5,,6.27,26.1125,23.7,30.7,0.8,20.20833333333333,79.25,24,complete_24_hours,Original weather CSV,available
5592,Gangapur Road,2025-06-01,17.0,µg/m³,20.0073285,73.7762427,,0.251,,12.4,33.2,47.8,,3.75,25.508333333333336,22.4,30.0,0.9,16.916666666666668,80.20833333333333,24,complete_24_hours,Original weather CSV,available
5592,Gangapur Road,2025-06-02,19.6,µg/m³,20.0073285,73.7762427,,0.255,,19.6,26.9,64.2,,4.16,25.3625,22.2,30.0,0.3,17.483333333333334,79.04166666666667,24,complete_24_hours,Original weather CSV,available
5592,Gangapur Road,2025-06-03,19.4,µg/m³,20.0073285,73.7762427,,0.248,,15.1,39.0,59.4,,4.32,24.96666666666667,21.7,29.3,0.7000000000000001,17.633333333333333,80.20833333333333,24,complete_24_hours,Original weather CSV,available
5592,Gangapur Road,2025-06-04,19.8,µg/m³,20.0073285,73.7762427,,0.252,,20.1,35.1,56.6,,3.67,23.916666666666668,21.3,28.6,5.1,10.5375,84.54166666666667,24,complete_24_hours,Original weather CSV,available
5592,Gangapur Road,2025-06-05,28.0,µg/m³,20.0073285,73.7762427,,0.249,,22.2,31.4,65.9,,4.68,25.116666666666664,21.3,30.8,1.0,7.6,77.66666666666667,24,complete_24_hours,Original weather CSV,available
5592,Gangapur Road,2025-06-06,19.2,µg/m³,20.0073285,73.7762427,,0.256,,18.1,29.5,42.0,,4.42,25.73333333333333,21.5,32.0,6.7,8.033333333333333,78.70833333333333,24,complete_24_hours,Original weather CSV,available
5592,Gangapur Road,2025-06-07,43.1,µg/m³,20.0073285,73.7762427,,0.253,,14.5,31.5,49.8,,4.7,25.9625,22.5,30.8,1.7,11.004166666666668,81.04166666666667,24,complete_24_hours,Original weather CSV,available
5592,Gangapur Road,2025-06-08,33.4,µg/m³,20.0073285,73.7762427,,0.252,,19.7,35.0,53.1,,4.2,26.45833333333333,23.1,31.3,1.0,11.9,78.0,24,complete_24_hours,Original weather CSV,available
5592,Gangapur Road,2025-06-09,36.8,µg/m³,20.0073285,73.7762427,,0.258,,20.0,39.0,59.0,,4.27,26.59166666666667,23.4,31.7,0.0,14.954166666666666,75.58333333333333,24,complete_24_hours,Original weather CSV,available
5592,Gangapur Road,2025-06-10,23.6,µg/m³,20.0073285,73.7762427,,0.255,,14.3,41.0,35.6,,4.89,26.566666666666663,22.8,31.6,0.0,14.7375,74.16666666666667,24,complete_24_hours,Original weather CSV,available
5592,Gangapur Road,2025-06-11,26.8,µg/m³,20.0073285,73.7762427,,0.252,,14.3,38.1,46.0,,7.12,27.075,23.2,32.1,0.0,15.345833333333331,74.95833333333333,24,complete_24_hours,Original weather CSV,available
5592,Gangapur Road,2025-06-12,49.7,µg/m³,20.0073285,73.7762427,,0.252,,14.3,43.4,88.0,,4.55,27.166666666666668,24.5,33.2,8.100000000000001,13.291666666666666,79.25,24,complete_24_hours,Original weather CSV,available
5592,Gangapur Road,2025-06-13,41.7,µg/m³,20.0073285,73.7762427,,0.258,,13.3,33.2,75.6,,7.17,25.7375,23.3,30.1,44.4,8.779166666666667,86.54166666666667,24,complete_24_hours,Original weather CSV,available
5592,Gangapur Road,2025-06-14,41.8,µg/m³,20.0073285,73.7762427,,0.252,,18.6,37.4,75.8,,4.12,26.23333333333333,23.0,32.3,36.9,5.416666666666667,85.875,24,complete_24_hours,Original weather CSV,available
5592,Gangapur Road,2025-06-15,37.4,µg/m³,20.0073285,73.7762427,,0.249,,18.0,40.9,67.3,,4.3,25.98333333333333,23.2,29.7,2.8000000000000003,5.4875,84.08333333333333,24,complete_24_hours,Original weather CSV,available
5592,Gangapur Road,2025-06-16,36.0,µg/m³,20.0073285,73.7762427,,0.255,,18.5,33.3,64.7,,4.7,23.85,22.8,26.3,9.4,15.470833333333331,92.66666666666669,24,complete_24_hours,Original weather CSV,available
5592,Gangapur Road,2025-06-17,42.5,µg/m³,20.0073285,73.7762427,,0.268,,13.0,34.2,89.7,,4.1,24.025,22.0,27.5,5.6,22.65416666666667,88.125,24,complete_24_hours,Original weather CSV,available
5592,Gangapur Road,2025-06-18,29.6,µg/m³,20.0073285,73.7762427,,0.273,,15.8,29.9,59.6,,4.08,24.316666666666663,22.2,27.6,20.9,20.59583333333333,90.83333333333331,24,complete_24_hours,Original weather CSV,available
5592,Gangapur Road,2025-06-19,27.8,µg/m³,20.0073285,73.7762427,,0.271,,13.4,32.6,67.0,,4.07,23.23333333333333,21.9,24.9,17.6,19.1875,92.91666666666669,24,complete_24_hours,Original weather CSV,available
5592,Gangapur Road,2025-06-20,21.6,µg/m³,20.0073285,73.7762427,,0.265,,17.9,32.6,78.3,,4.79,24.275,22.2,28.2,2.5,21.120833333333334,86.79166666666667,24,complete_24_hours,Original weather CSV,available
5592,Gangapur Road,2025-06-21,19.3,µg/m³,20.0073285,73.7762427,,0.26,,19.9,26.0,67.7,,4.91,23.75,21.8,26.2,6.8,18.516666666666666,89.41666666666667,24,complete_24_hours,Original weather CSV,available
5592,Gangapur Road,2025-06-22,22.0,µg/m³,20.0073285,73.7762427,,0.257,,16.7,31.1,72.4,,4.79,23.566666666666663,21.9,26.9,5.3,18.808333333333334,90.375,24,complete_24_hours,Original weather CSV,available
5592,Gangapur Road,2025-06-23,19.4,µg/m³,20.0073285,73.7762427,,0.258,,18.9,28.6,62.8,,4.99,23.33333333333333,22.0,25.8,8.6,19.9,91.83333333333331,24,complete_24_hours,Original weather CSV,available
5592,Gangapur Road,2025-06-24,26.8,µg/m³,20.0073285,73.7762427,,0.257,,12.6,32.9,80.2,,4.3,23.275,22.2,25.2,14.9,20.291666666666668,91.95833333333331,24,complete_24_hours,Original weather CSV,available
5592,Gangapur Road,2025-06-25,43.9,µg/m³,20.0073285,73.7762427,,0.258,,17.8,35.8,80.0,,3.47,24.10833333333333,22.1,27.2,6.3,18.825,89.29166666666667,24,complete_24_hours,Original weather CSV,available
5592,Gangapur Road,2025-06-26,23.1,µg/m³,20.0073285,73.7762427,,0.257,,17.4,30.7,78.4,,4.17,23.17083333333333,21.9,25.2,14.1,16.291666666666668,93.58333333333331,24,complete_24_hours,Original weather CSV,available
5592,Gangapur Road,2025-06-27,24.5,µg/m³,20.0073285,73.7762427,,0.258,,18.4,29.3,77.4,,4.4,23.245833333333334,22.0,25.3,7.5,19.620833333333334,92.66666666666669,24,complete_24_hours,Original weather CSV,available
5592,Gangapur Road,2025-06-28,29.8,µg/m³,20.0073285,73.7762427,,0.26,,11.1,31.8,102.0,,4.22,23.041666666666668,21.3,26.0,10.6,22.504166666666663,91.29166666666669,24,complete_24_hours,Original weather CSV,available
5592,Gangapur Road,2025-06-29,44.4,µg/m³,20.0073285,73.7762427,,0.276,,11.9,31.6,69.2,,7.16,22.9375,22.0,24.9,9.4,21.3375,92.08333333333331,24,complete_24_hours,Original weather CSV,available
5592,Gangapur Road,2025-06-30,21.2,µg/m³,20.0073285,73.7762427,,0.261,,19.3,30.6,41.8,,3.49,23.29583333333333,21.6,26.6,5.1,20.666666666666668,90.375,24,complete_24_hours,Original weather CSV,available
5592,Gangapur Road,2025-07-01,11.9,µg/m³,20.0073285,73.7762427,,0.266,,17.9,28.4,21.1,,2.27,23.40416666666667,22.1,26.0,7.2,19.279166666666665,90.875,24,complete_24_hours,Original weather CSV,available
5592,Gangapur Road,2025-07-02,29.0,µg/m³,20.0073285,73.7762427,,0.264,,15.9,26.1,20.3,,3.06,23.554166666666664,22.2,26.1,9.6,19.2375,90.45833333333331,24,complete_24_hours,Original weather CSV,available
5592,Gangapur Road,2025-07-03,16.2,µg/m³,20.0073285,73.7762427,,0.258,,17.8,26.4,21.0,,4.96,23.508333333333336,21.5,26.7,7.7,19.995833333333334,89.20833333333333,24,complete_24_hours,Original weather CSV,available
5592,Gangapur Road,2025-07-04,13.2,µg/m³,20.0073285,73.7762427,,0.263,,19.7,24.8,23.3,,4.29,23.204166666666666,21.7,25.5,5.8,20.616666666666667,91.79166666666669,24,complete_24_hours,Original weather CSV,available
5592,Gangapur Road,2025-07-05,6.47,µg/m³,20.0073285,73.7762427,,0.236,,18.1,19.9,13.5,,4.24,23.508333333333336,22.3,26.6,11.4,21.96666666666667,90.625,24,complete_24_hours,Original weather CSV,available
5592,Gangapur Road,2025-07-06,9.17,µg/m³,20.0073285,73.7762427,,0.228,,16.9,16.6,10.3,,4.25,22.78333333333333,22.1,24.0,22.2,21.570833333333336,93.95833333333331,24,complete_24_hours,Original weather CSV,available
5592,Gangapur Road,2025-07-07,30.7,µg/m³,20.0073285,73.7762427,,0.238,,19.1,16.7,24.3,,4.3,22.5625,21.8,23.4,7.9,18.225,93.66666666666669,24,complete_24_hours,Original weather CSV,available
5592,Gangapur Road,2025-07-08,14.7,µg/m³,20.0073285,73.7762427,,0.234,,18.4,16.2,35.8,,4.04,23.0375,21.7,25.6,5.9,17.979166666666668,92.08333333333331,24,complete_24_hours,Original weather CSV,available
5592,Gangapur Road,2025-07-09,26.4,µg/m³,20.0073285,73.7762427,,0.231,,19.1,16.5,37.0,,4.22,23.09166666666667,22.1,25.5,5.9,14.320833333333333,93.58333333333331,24,complete_24_hours,Original weather CSV,available
5592,Gangapur Road,2025-07-10,16.3,µg/m³,20.0073285,73.7762427,,0.233,,15.7,15.4,50.7,,6.93,24.354166666666668,22.0,28.4,1.2,14.0125,85.5,24,complete_24_hours,Original weather CSV,available
5592,Gangapur Road,2025-07-11,15.1,µg/m³,20.0073285,73.7762427,,0.229,,17.0,15.6,41.8,,4.28,24.304166666666664,22.2,27.9,1.9,13.75,86.375,24,complete_24_hours,Original weather CSV,available
5592,Gangapur Road,2025-07-12,51.9,µg/m³,20.0073285,73.7762427,,0.229,,13.3,17.1,80.8,,4.13,24.25,22.3,27.7,2.8000000000000003,15.675,85.41666666666667,24,complete_24_hours,Original weather CSV,available
5592,Gangapur Road,2025-07-13,9.82,µg/m³,20.0073285,73.7762427,,0.228,,10.7,17.4,24.0,,3.93,24.1,22.4,27.3,4.7,17.045833333333334,87.04166666666667,24,complete_24_hours,Original weather CSV,available
5592,Gangapur Road,2025-07-14,8.86,µg/m³,20.0073285,73.7762427,,0.237,,14.4,16.1,15.4,,4.31,23.875,22.2,26.5,12.3,16.1125,89.91666666666667,24,complete_24_hours,Original weather CSV,available
5592,Gangapur Road,2025-07-15,16.3,µg/m³,20.0073285,73.7762427,,0.23,,16.1,15.6,26.9,,4.25,24.34166666666667,22.3,27.8,4.8,14.1125,87.29166666666667,24,complete_24_hours,Original weather CSV,available
5592,Gangapur Road,2025-07-16,29.5,µg/m³,20.0073285,73.7762427,,0.231,,15.9,16.3,51.1,,3.88,25.0,22.5,28.5,2.6,13.558333333333332,84.5,24,complete_24_hours,Original weather CSV,available
5592,Gangapur Road,2025-07-17,25.6,µg/m³,20.0073285,73.7762427,,0.237,,16.9,16.0,74.3,,4.34,25.116666666666664,22.3,28.9,0.6000000000000001,10.491666666666667,82.5,24,complete_24_hours,Original weather CSV,available
5592,Gangapur Road,2025-07-18,25.9,µg/m³,20.0073285,73.7762427,,0.228,,21.7,20.3,61.9,,4.59,24.666666666666668,22.0,27.8,0.2,11.816666666666668,83.33333333333333,24,complete_24_hours,Original weather CSV,available
5592,Gangapur Road,2025-07-19,22.1,µg/m³,20.0073285,73.7762427,,0.233,,21.4,17.7,52.2,,4.28,24.445833333333336,22.2,28.5,1.7000000000000002,13.895833333333334,84.04166666666667,24,complete_24_hours,Original weather CSV,available
5592,Gangapur Road,2025-07-20,30.9,µg/m³,20.0073285,73.7762427,,0.236,,14.7,17.9,54.8,,4.36,24.48333333333333,21.9,27.7,3.4000000000000004,14.445833333333333,86.0,24,complete_24_hours,Original weather CSV,available
5592,Gangapur Road,2025-07-21,16.4,µg/m³,20.0073285,73.7762427,,0.23,,15.2,20.3,40.2,,6.16,24.066666666666663,22.3,27.1,19.4,10.745833333333332,90.75,24,complete_24_hours,Original weather CSV,available
5592,Gangapur Road,2025-07-22,17.2,µg/m³,20.0073285,73.7762427,,0.229,,44.9,18.5,32.1,,3.88,24.254166666666663,22.3,26.8,2.0,13.091666666666669,87.54166666666667,24,complete_24_hours,Original weather CSV,available
5592,Gangapur Road,2025-07-23,17.2,µg/m³,20.0073285,73.7762427,,0.227,,22.9,17.2,29.8,,4.01,23.666666666666668,22.2,26.3,6.7,15.979166666666666,89.0,24,complete_24_hours,Original weather CSV,available
5592,Gangapur Road,2025-07-24,11.2,µg/m³,20.0073285,73.7762427,,0.227,,6.9,18.7,24.0,,4.33,23.704166666666666,21.5,26.5,4.0,17.470833333333335,88.875,24,complete_24_hours,Original weather CSV,available
5592,Gangapur Road,2025-07-25,7.75,µg/m³,20.0073285,73.7762427,,0.225,,12.0,14.7,17.5,,4.5,23.5,22.4,25.6,13.2,16.98333333333333,92.20833333333331,24,complete_24_hours,Original weather CSV,available
5592,Gangapur Road,2025-07-26,8.79,µg/m³,20.0073285,73.7762427,,0.228,,14.2,14.5,15.6,,4.09,23.320833333333336,22.4,25.0,9.3,19.90833333333333,92.83333333333331,24,complete_24_hours,Original weather CSV,available
5592,Gangapur Road,2025-07-27,13.3,µg/m³,20.0073285,73.7762427,,0.23,,14.8,14.8,25.5,,3.93,23.004166666666663,22.0,24.5,13.9,24.0625,92.20833333333331,24,complete_24_hours,Original weather CSV,available
5592,Gangapur Road,2025-07-28,10.7,µg/m³,20.0073285,73.7762427,,0.228,,15.4,17.0,19.3,,4.25,23.016666666666666,21.8,25.3,8.5,24.42083333333333,91.08333333333331,24,complete_24_hours,Original weather CSV,available
5592,Gangapur Road,2025-07-29,12.5,µg/m³,20.0073285,73.7762427,,0.229,,12.4,17.5,23.8,,4.5,22.754166666666663,21.8,24.4,8.4,23.125,93.0,24,complete_24_hours,Original weather CSV,available
5592,Gangapur Road,2025-07-30,14.7,µg/m³,20.0073285,73.7762427,,0.225,,16.2,17.4,28.0,,3.98,23.52916666666667,22.2,25.7,2.2,22.95833333333333,91.0,24,complete_24_hours,Original weather CSV,available
5592,Gangapur Road,2025-07-31,20.3,µg/m³,20.0073285,73.7762427,,0.227,,23.2,17.9,45.6,,4.16,23.729166666666668,22.0,27.0,2.5,21.0125,88.75,24,complete_24_hours,Original weather CSV,available
5592,Gangapur Road,2025-08-01,17.5,µg/m³,20.0073285,73.7762427,,0.22,,18.3,15.4,37.3,,4.09,23.9375,21.8,27.3,2.3000000000000003,17.704166666666666,86.375,24,complete_24_hours,Original weather CSV,available
5592,Gangapur Road,2025-08-02,13.0,µg/m³,20.0073285,73.7762427,,0.233,,15.6,14.0,35.0,,4.5,24.0125,22.0,27.3,2.2,14.895833333333334,86.625,24,complete_24_hours,Original weather CSV,available
5592,Gangapur Road,2025-08-03,8.9,µg/m³,20.0073285,73.7762427,,0.232,,95.3,15.1,17.1,,4.41,24.21666666666667,21.7,27.8,1.8,12.875,85.125,24,complete_24_hours,Original weather CSV,available
5592,Gangapur Road,2025-08-04,17.6,µg/m³,20.0073285,73.7762427,,0.223,,10.7,20.2,44.6,,8.35,24.291666666666668,21.9,28.1,0.9,12.25,84.54166666666667,24,complete_24_hours,Original weather CSV,available
5592,Gangapur Road,2025-08-05,10.7,µg/m³,20.0073285,73.7762427,,0.228,,9.27,16.6,49.8,,4.21,24.52083333333333,21.5,28.5,1.7,10.570833333333333,83.29166666666667,24,complete_24_hours,Original weather CSV,available
5592,Gangapur Road,2025-08-06,12.4,µg/m³,20.0073285,73.7762427,,0.228,,9.68,16.8,50.6,,4.24,24.875,21.5,29.3,1.4,7.929166666666667,81.95833333333333,24,complete_24_hours,Original weather CSV,available
5592,Gangapur Road,2025-08-07,12.3,µg/m³,20.0073285,73.7762427,,0.229,,10.8,19.1,49.4,,4.2,24.641666666666666,21.9,28.9,7.2,7.462499999999999,84.16666666666667,24,complete_24_hours,Original weather CSV,available
5592,Gangapur Road,2025-08-08,12.5,µg/m³,20.0073285,73.7762427,,0.23,,15.3,15.6,45.9,,3.51,23.90833333333333,21.9,27.2,5.300000000000001,7.866666666666667,87.375,24,complete_24_hours,Original weather CSV,available
5592,Gangapur Road,2025-08-09,11.7,µg/m³,20.0073285,73.7762427,,0.228,,17.5,14.6,35.7,,4.03,23.96666666666667,21.9,27.5,1.2,8.4125,86.41666666666667,24,complete_24_hours,Original weather CSV,available
5592,Gangapur Road,2025-08-10,12.1,µg/m³,20.0073285,73.7762427,,0.224,,9.13,14.6,36.1,,4.86,23.90833333333333,21.7,27.8,1.7,10.8625,86.16666666666667,24,complete_24_hours,Original weather CSV,available
5592,Gangapur Road,2025-08-11,9.77,µg/m³,20.0073285,73.7762427,,0.224,,10.7,14.5,44.0,,4.06,23.691666666666663,21.7,27.5,1.9,12.920833333333334,87.16666666666667,24,complete_24_hours,Original weather CSV,available
5592,Gangapur Road,2025-08-12,14.1,µg/m³,20.0073285,73.7762427,,0.224,,12.1,14.6,47.8,,4.31,23.925,21.7,27.2,1.9,13.6125,85.08333333333333,24,complete_24_hours,Original weather CSV,available
5592,Gangapur Road,2025-08-13,8.62,µg/m³,20.0073285,73.7762427,,0.223,,13.1,14.5,28.4,,4.42,23.679166666666664,21.8,27.8,5.7,11.370833333333332,89.33333333333333,24,complete_24_hours,Original weather CSV,available
5592,Gangapur Road,2025-08-14,7.56,µg/m³,20.0073285,73.7762427,,0.226,,12.0,17.4,29.4,,4.05,23.929166666666664,22.0,27.3,10.9,9.145833333333334,88.58333333333333,24,complete_24_hours,Original weather CSV,available
5592,Gangapur Road,2025-08-15,6.9,µg/m³,20.0073285,73.7762427,,0.227,,12.3,18.8,22.8,,4.59,23.679166666666664,21.9,27.1,8.8,10.8625,89.79166666666667,24,complete_24_hours,Original weather CSV,available
5592,Gangapur Road,2025-08-16,7.51,µg/m³,20.0073285,73.7762427,,0.226,,15.0,18.8,14.8,,3.83,23.33333333333333,21.8,26.4,11.5,11.970833333333331,90.58333333333331,24,complete_24_hours,Original weather CSV,available
5592,Gangapur Road,2025-08-17,5.21,µg/m³,20.0073285,73.7762427,,0.227,,14.2,18.8,17.4,,4.23,23.75,21.5,27.8,4.6,11.579166666666666,88.41666666666667,24,complete_24_hours,Original weather CSV,available
5592,Gangapur Road,2025-08-18,3.44,µg/m³,20.0073285,73.7762427,,0.228,,20.7,18.4,15.1,,4.52,23.166666666666668,22.0,26.8,20.7,15.795833333333334,93.25,24,complete_24_hours,Original weather CSV,available
5592,Gangapur Road,2025-08-19,5.54,µg/m³,20.0073285,73.7762427,,0.226,,12.3,17.7,9.83,,3.84,23.275,22.1,26.7,22.7,19.079166666666666,93.41666666666669,24,complete_24_hours,Original weather CSV,available
5592,Gangapur Road,2025-08-20,7.9,µg/m³,20.0073285,73.7762427,,0.229,,4.28,14.9,18.3,,6.78,22.725,22.3,23.8,10.0,24.729166666666668,93.29166666666669,24,complete_24_hours,Original weather CSV,available
5592,Gangapur Road,2025-08-21,7.97,µg/m³,20.0073285,73.7762427,,0.23,,4.27,17.3,16.3,,6.5,23.241666666666664,22.0,26.3,9.8,22.925,90.83333333333331,24,complete_24_hours,Original weather CSV,available
5592,Gangapur Road,2025-08-22,14.0,µg/m³,20.0073285,73.7762427,,0.232,,4.28,19.5,26.3,,6.36,23.125,21.8,25.8,5.7,23.245833333333334,89.125,24,complete_24_hours,Original weather CSV,available
5592,Gangapur Road,2025-08-23,15.2,µg/m³,20.0073285,73.7762427,,0.229,,4.27,19.4,23.4,,6.85,22.65833333333333,21.3,25.0,7.2,24.429166666666664,89.875,24,complete_24_hours,Original weather CSV,available
5592,Gangapur Road,2025-08-24,16.9,µg/m³,20.0073285,73.7762427,,0.226,,4.28,18.8,26.6,,6.49,22.7375,21.4,25.7,6.9,24.575,89.66666666666667,24,complete_24_hours,Original weather CSV,available
5592,Gangapur Road,2025-08-25,13.2,µg/m³,20.0073285,73.7762427,,0.231,,4.27,16.9,19.5,,7.15,22.379166666666663,21.4,23.7,13.8,18.891666666666666,93.58333333333331,24,complete_24_hours,Original weather CSV,available
5592,Gangapur Road,2025-08-26,12.3,µg/m³,20.0073285,73.7762427,,0.226,,4.28,16.8,18.9,,6.97,23.554166666666664,21.8,27.0,7.0,15.55,89.66666666666667,24,complete_24_hours,Original weather CSV,available
5592,Gangapur Road,2025-08-27,11.2,µg/m³,20.0073285,73.7762427,,0.226,,4.27,19.7,19.4,,6.69,23.575,22.0,26.1,6.4,11.3625,89.375,24,complete_24_hours,Original weather CSV,available
5592,Gangapur Road,2025-08-28,18.7,µg/m³,20.0073285,73.7762427,,0.229,,4.27,20.6,34.0,,6.39,23.366666666666664,21.8,26.4,11.7,11.3875,90.625,24,complete_24_hours,Original weather CSV,available
5592,Gangapur Road,2025-08-29,17.5,µg/m³,20.0073285,73.7762427,,0.225,,4.28,16.9,31.7,,6.45,23.379166666666663,21.5,26.8,14.3,11.0625,91.08333333333331,24,complete_24_hours,Original weather CSV,available
5592,Gangapur Road,2025-08-30,19.8,µg/m³,20.0073285,73.7762427,,0.229,,4.28,16.9,34.1,,6.84,23.7875,21.7,27.3,4.800000000000001,13.1,89.125,24,complete_24_hours,Original weather CSV,available
5592,Gangapur Road,2025-08-31,19.8,µg/m³,20.0073285,73.7762427,,0.226,,4.28,16.3,34.1,,6.83,23.84166666666667,21.7,27.2,1.9,15.445833333333333,87.625,24,complete_24_hours,Original weather CSV,available
5592,Gangapur Road,2025-09-01,16.0,µg/m³,20.0073285,73.7762427,,0.235,,4.27,16.1,27.1,,7.53,23.2625,22.0,25.2,6.4,18.683333333333334,90.66666666666669,24,complete_24_hours,Original weather CSV,available
5592,Gangapur Road,2025-09-02,20.3,µg/m³,20.0073285,73.7762427,,0.229,,4.28,18.5,36.3,,6.53,23.70833333333333,21.8,26.6,1.6,16.958333333333332,87.20833333333333,24,complete_24_hours,Original weather CSV,available
5592,Gangapur Road,2025-09-03,24.0,µg/m³,20.0073285,73.7762427,,0.228,,4.27,18.8,48.1,,7.62,23.445833333333336,21.9,26.4,3.2,14.120833333333332,86.79166666666667,24,complete_24_hours,Original weather CSV,available
5592,Gangapur Road,2025-09-04,16.2,µg/m³,20.0073285,73.7762427,,0.232,,4.27,14.4,31.6,,6.75,22.53333333333333,21.2,24.6,10.2,14.85,92.0,24,complete_24_hours,Original weather CSV,available
5592,Gangapur Road,2025-09-05,14.9,µg/m³,20.0073285,73.7762427,,0.23,,4.27,17.7,29.0,,5.29,23.225,22.0,26.2,10.1,17.2625,91.16666666666669,24,complete_24_hours,Original weather CSV,available
5592,Gangapur Road,2025-09-06,12.6,µg/m³,20.0073285,73.7762427,,0.23,,4.28,16.5,23.9,,4.3,21.97083333333333,20.9,24.0,43.4,18.475,94.29166666666669,24,complete_24_hours,Original weather CSV,available
5592,Gangapur Road,2025-09-07,10.6,µg/m³,20.0073285,73.7762427,,0.232,,4.28,16.8,19.8,,4.06,22.758333333333336,20.9,25.7,6.5,18.691666666666663,89.91666666666667,24,complete_24_hours,Original weather CSV,available
5592,Gangapur Road,2025-09-08,24.9,µg/m³,20.0073285,73.7762427,,0.225,,4.27,18.7,50.1,,4.16,23.09583333333333,20.8,26.6,2.1,13.8,87.75,24,complete_24_hours,Original weather CSV,available
5592,Gangapur Road,2025-09-09,31.0,µg/m³,20.0073285,73.7762427,,0.229,,4.28,21.3,62.8,,3.92,23.52916666666667,20.3,28.1,0.1,7.825,82.875,24,complete_24_hours,Original weather CSV,available
5592,Gangapur Road,2025-09-10,26.8,µg/m³,20.0073285,73.7762427,,0.198,,4.27,20.8,54.1,,3.84,23.566666666666663,19.4,28.7,1.4,6.675,81.20833333333333,24,complete_24_hours,Original weather CSV,available
5592,Gangapur Road,2025-09-11,30.4,µg/m³,20.0073285,73.7762427,,0.179,,4.27,20.8,55.6,,4.89,23.27083333333333,19.5,28.0,0.7000000000000001,8.191666666666666,84.375,24,complete_24_hours,Original weather CSV,available
5592,Gangapur Road,2025-09-12,24.7,µg/m³,20.0073285,73.7762427,,0.181,,4.27,22.3,43.9,,3.66,23.225,20.2,26.2,0.9,7.383333333333333,85.25,24,complete_24_hours,Original weather CSV,available
5592,Gangapur Road,2025-09-13,25.5,µg/m³,20.0073285,73.7762427,,0.179,,4.26,22.4,45.3,,4.25,23.5,21.1,28.2,17.599999999999998,5.783333333333334,88.83333333333333,24,complete_24_hours,Original weather CSV,available
5592,Gangapur Road,2025-09-14,24.3,µg/m³,20.0073285,73.7762427,,0.178,,4.27,22.5,43.1,,3.82,23.620833333333334,21.8,28.3,31.3,8.4125,90.25,24,complete_24_hours,Original weather CSV,available
5592,Gangapur Road,2025-09-15,25.5,µg/m³,20.0073285,73.7762427,,0.176,,4.26,16.8,45.4,,3.69,23.7875,21.7,28.7,11.1,7.854166666666667,89.25,24,complete_24_hours,Original weather CSV,available
5592,Gangapur Road,2025-09-16,17.8,µg/m³,20.0073285,73.7762427,,0.174,,4.27,15.8,31.0,,3.58,23.52083333333333,21.5,26.5,4.1000000000000005,8.620833333333334,89.08333333333333,24,complete_24_hours,Original weather CSV,available
5592,Gangapur Road,2025-09-17,12.9,µg/m³,20.0073285,73.7762427,,0.173,,4.27,17.7,21.9,,16.3,23.85,21.3,28.4,5.7,6.020833333333333,89.04166666666667,24,complete_24_hours,Original weather CSV,available
5592,Gangapur Road,2025-09-18,12.6,µg/m³,20.0073285,73.7762427,,0.177,,4.28,17.7,21.3,,1.82,24.041666666666668,21.7,27.8,10.7,5.25,89.16666666666667,24,complete_24_hours,Original weather CSV,available
5592,Gangapur Road,2025-09-19,12.3,µg/m³,20.0073285,73.7762427,,0.174,,4.27,12.4,20.7,,2.48,23.83333333333333,21.7,27.3,8.0,6.358333333333333,90.29166666666669,24,complete_24_hours,Original weather CSV,available
5592,Gangapur Road,2025-09-20,11.3,µg/m³,20.0073285,73.7762427,,0.175,,4.21,10.4,18.8,,1.98,23.77916666666667,21.7,27.1,5.300000000000001,9.166666666666666,89.70833333333333,24,complete_24_hours,Original weather CSV,available
5592,Gangapur Road,2025-09-21,15.8,µg/m³,20.0073285,73.7762427,,0.187,,4.27,12.4,27.3,,1.93,24.15833333333333,22.1,28.1,2.0,8.7125,87.66666666666667,24,complete_24_hours,Original weather CSV,available
5592,Gangapur Road,2025-09-22,16.4,µg/m³,20.0073285,73.7762427,,0.228,,4.27,17.0,28.4,,2.24,23.67083333333333,22.0,26.6,4.0,8.333333333333334,89.54166666666667,24,complete_24_hours,Original weather CSV,available
5592,Gangapur Road,2025-09-23,9.96,µg/m³,20.0073285,73.7762427,,0.185,,4.28,15.3,18.1,,2.31,23.40416666666667,21.5,27.1,1.8,12.629166666666668,86.875,24,complete_24_hours,Original weather CSV,available
5592,Gangapur Road,2025-09-24,13.2,µg/m³,20.0073285,73.7762427,,0.17,,4.26,20.7,27.6,,2.04,23.27083333333333,21.1,27.2,1.5,11.070833333333333,85.08333333333333,24,complete_24_hours,Original weather CSV,available
5592,Gangapur Road,2025-09-25,12.6,µg/m³,20.0073285,73.7762427,,0.205,,4.28,19.9,26.2,,1.65,23.59583333333333,20.7,28.2,1.3,8.674999999999999,83.45833333333333,24,complete_24_hours,Original weather CSV,available
5592,Gangapur Road,2025-09-26,14.9,µg/m³,20.0073285,73.7762427,,0.208,,4.27,14.0,31.6,,2.41,23.254166666666663,21.0,26.7,18.6,9.1375,88.95833333333333,24,complete_24_hours,Original weather CSV,available
5592,Gangapur Road,2025-09-27,18.6,µg/m³,20.0073285,73.7762427,,0.219,,4.27,13.9,40.0,,1.81,24.17083333333333,22.2,28.0,12.6,15.141666666666666,88.25,24,complete_24_hours,Original weather CSV,available
5592,Gangapur Road,2025-09-28,8.16,µg/m³,20.0073285,73.7762427,,0.197,,4.26,13.7,15.9,,2.06,22.4125,21.6,23.6,82.9,13.9125,95.41666666666669,24,complete_24_hours,Original weather CSV,available
5592,Gangapur Road,2025-09-29,10.9,µg/m³,20.0073285,73.7762427,,0.187,,4.27,12.8,22.3,,1.83,21.975,20.6,24.3,3.4000000000000004,19.541666666666668,90.625,24,complete_24_hours,Original weather CSV,available
5592,Gangapur Road,2025-09-30,15.3,µg/m³,20.0073285,73.7762427,,0.186,,4.27,12.4,32.3,,2.08,22.7125,20.5,26.9,1.0,15.1375,87.125,24,complete_24_hours,Original weather CSV,available
5592,Gangapur Road,2025-10-01,20.5,µg/m³,20.0073285,73.7762427,,0.187,,4.28,12.4,44.4,,1.99,23.433333333333334,20.8,27.3,0.4,13.904166666666669,85.125,24,complete_24_hours,Original weather CSV,available
5592,Gangapur Road,2025-10-02,17.6,µg/m³,20.0073285,73.7762427,,0.185,,4.27,12.4,37.7,,2.04,23.416666666666668,20.5,27.7,2.3,9.9,85.125,24,complete_24_hours,Original weather CSV,available
5592,Gangapur Road,2025-10-03,20.5,µg/m³,20.0073285,73.7762427,,0.185,,4.26,12.4,44.4,,2.66,23.89583333333333,21.1,28.7,1.4,8.191666666666666,85.5,24,complete_24_hours,Original weather CSV,available
5592,Gangapur Road,2025-10-04,19.4,µg/m³,20.0073285,73.7762427,,0.184,,4.27,12.3,41.8,,2.36,23.825,21.3,28.6,2.7,8.841666666666667,86.58333333333333,24,complete_24_hours,Original weather CSV,available
5592,Gangapur Road,2025-10-05,17.7,µg/m³,20.0073285,73.7762427,,0.185,,4.28,12.2,37.9,,2.17,23.09583333333333,20.7,26.8,1.9,9.279166666666669,86.70833333333333,24,complete_24_hours,Original weather CSV,available
5592,Gangapur Road,2025-10-06,25.8,µg/m³,20.0073285,73.7762427,,0.182,,4.28,12.3,56.6,,2.39,23.1125,20.2,27.8,0.3,9.583333333333334,83.375,24,complete_24_hours,Original weather CSV,available
5592,Gangapur Road,2025-10-07,17.4,µg/m³,20.0073285,73.7762427,,0.185,,4.27,12.3,37.3,,2.14,22.829166666666666,19.9,27.1,2.2,8.629166666666666,87.29166666666667,24,complete_24_hours,Original weather CSV,available
5592,Gangapur Road,2025-10-08,30.8,µg/m³,20.0073285,73.7762427,,0.185,,4.27,12.4,68.2,,2.49,23.59166666666667,19.7,28.2,0.1,6.120833333333334,78.83333333333333,24,complete_24_hours,Original weather CSV,available
5592,Gangapur Road,2025-10-09,48.1,µg/m³,20.0073285,73.7762427,,0.193,,4.28,13.3,108.0,,2.49,23.8,19.7,28.6,0.0,5.483333333333333,69.5,24,complete_24_hours,Original weather CSV,available
5592,Gangapur Road,2025-10-10,56.6,µg/m³,20.0073285,73.7762427,,0.225,,4.27,13.3,128.0,,2.42,23.65416666666667,19.0,29.0,0.0,6.383333333333333,67.0,24,complete_24_hours,Original weather CSV,available
5592,Gangapur Road,2025-10-11,58.9,µg/m³,20.0073285,73.7762427,,0.224,,4.28,14.4,133.0,,2.53,23.625,19.0,28.8,0.0,5.55,66.66666666666667,24,complete_24_hours,Original weather CSV,available
5592,Gangapur Road,2025-10-12,54.2,µg/m³,20.0073285,73.7762427,,0.223,,4.27,14.3,122.0,,2.58,23.629166666666663,18.8,29.0,0.0,6.466666666666666,62.833333333333336,24,complete_24_hours,Original weather CSV,available
5592,Gangapur Road,2025-10-13,46.8,µg/m³,20.0073285,73.7762427,,0.27,,4.27,19.1,105.0,,2.46,24.1,18.9,30.2,0.0,4.595833333333333,56.625,24,complete_24_hours,Original weather CSV,available
5592,Gangapur Road,2025-10-14,57.2,µg/m³,20.0073285,73.7762427,,0.362,,4.28,17.2,129.0,,2.93,24.179166666666664,18.5,30.2,0.0,6.833333333333333,53.54166666666666,24,complete_24_hours,Original weather CSV,available
5592,Gangapur Road,2025-10-15,47.2,µg/m³,20.0073285,73.7762427,,0.319,,4.28,8.57,106.0,,3.31,24.616666666666664,19.4,30.4,0.2,9.7625,60.66666666666666,24,complete_24_hours,Original weather CSV,available
5592,Gangapur Road,2025-10-16,29.2,µg/m³,20.0073285,73.7762427,,0.309,,4.32,7.8,64.4,,4.67,25.79583333333333,20.9,31.1,1.3,10.5375,70.08333333333333,24,complete_24_hours,Original weather CSV,available
5592,Gangapur Road,2025-10-17,37.7,µg/m³,20.0073285,73.7762427,,0.241,,5.85,11.8,84.1,,4.49,26.041666666666668,21.8,31.1,0.1,10.154166666666669,67.20833333333333,24,complete_24_hours,Original weather CSV,available
5592,Gangapur Road,2025-10-18,39.4,µg/m³,20.0073285,73.7762427,,0.335,,5.86,11.4,87.9,,4.17,25.7625,21.8,30.9,0.3,7.85,68.54166666666667,24,complete_24_hours,Original weather CSV,available
5592,Gangapur Road,2025-10-19,47.4,µg/m³,20.0073285,73.7762427,,0.604,,5.84,22.8,106.0,,4.4,25.4125,21.9,29.8,0.5,9.929166666666667,68.29166666666667,24,complete_24_hours,Original weather CSV,available
5592,Gangapur Road,2025-10-20,56.5,µg/m³,20.0073285,73.7762427,,0.428,,5.85,35.2,124.0,,4.09,25.504166666666663,21.1,30.2,0.0,11.783333333333331,63.25,24,complete_24_hours,Original weather CSV,available
5592,Gangapur Road,2025-10-21,95.2,µg/m³,20.0073285,73.7762427,,0.486,,5.84,34.8,138.0,,4.07,24.8,21.0,30.0,2.6,10.9375,71.875,24,complete_24_hours,Original weather CSV,available
5592,Gangapur Road,2025-10-22,29.4,µg/m³,20.0073285,73.7762427,,0.523,,5.83,41.8,69.1,,4.32,25.4,21.9,30.5,0.7,11.033333333333331,77.41666666666667,24,complete_24_hours,Original weather CSV,available
5592,Gangapur Road,2025-10-23,29.5,µg/m³,20.0073285,73.7762427,,0.518,,5.84,33.7,57.0,,4.23,26.5625,22.7,31.2,0.0,13.9375,71.20833333333333,24,complete_24_hours,Original weather CSV,available
5592,Gangapur Road,2025-10-24,21.0,µg/m³,20.0073285,73.7762427,,0.38,,5.87,31.4,45.9,,4.48,25.391666666666666,22.1,30.1,3.6,15.079166666666666,76.0,24,complete_24_hours,Original weather CSV,available
5592,Gangapur Road,2025-10-25,10.4,µg/m³,20.0073285,73.7762427,,0.251,,5.88,23.3,25.2,,4.35,23.516666666666666,21.3,29.4,11.8,13.045833333333334,88.20833333333333,24,complete_24_hours,Original weather CSV,available
5592,Gangapur Road,2025-10-26,5.28,µg/m³,20.0073285,73.7762427,,0.288,,5.83,30.7,13.9,,4.04,22.9,21.2,27.9,29.6,12.491666666666667,90.70833333333331,24,complete_24_hours,Original weather CSV,available
5592,Gangapur Road,2025-10-27,7.68,µg/m³,20.0073285,73.7762427,,0.288,,5.84,21.5,20.7,,4.15,23.53333333333333,21.2,28.6,19.8,10.441666666666666,88.375,24,complete_24_hours,Original weather CSV,available
5592,Gangapur Road,2025-10-28,9.1,µg/m³,20.0073285,73.7762427,,0.289,,5.85,22.4,41.5,,5.99,23.96666666666667,21.5,28.4,3.6,9.695833333333333,85.45833333333333,24,complete_24_hours,Original weather CSV,available
5592,Gangapur Road,2025-10-29,15.5,µg/m³,20.0073285,73.7762427,,0.355,,5.83,17.5,33.2,,4.42,23.425,21.4,26.4,6.9,9.766666666666667,89.375,24,complete_24_hours,Original weather CSV,available
5592,Gangapur Road,2025-10-30,26.2,µg/m³,20.0073285,73.7762427,,0.336,,5.85,17.2,47.0,,4.39,22.85,21.1,25.2,4.0,8.325000000000001,88.04166666666667,24,complete_24_hours,Original weather CSV,available
5592,Gangapur Road,2025-10-31,16.6,µg/m³,20.0073285,73.7762427,,0.266,,5.82,19.6,48.9,,4.27,23.04583333333333,19.7,27.9,1.3,4.666666666666667,87.83333333333333,24,complete_24_hours,Original weather CSV,available
5592,Gangapur Road,2025-11-01,11.5,µg/m³,20.0073285,73.7762427,,0.247,,5.87,20.8,22.2,,4.5,23.75,21.6,27.5,0.9,8.429166666666667,90.16666666666669,24,complete_24_hours,Original weather CSV,available
5592,Gangapur Road,2025-11-02,11.4,µg/m³,20.0073285,73.7762427,,0.248,,5.82,26.1,21.3,,4.0,23.445833333333336,21.2,27.5,1.6,10.3875,89.375,24,complete_24_hours,Original weather CSV,available
5592,Gangapur Road,2025-11-03,8.84,µg/m³,20.0073285,73.7762427,,0.326,,5.84,17.9,22.7,,3.82,23.64583333333333,21.2,27.7,0.5,9.95,86.33333333333333,24,complete_24_hours,Original weather CSV,available
5592,Gangapur Road,2025-11-04,12.1,µg/m³,20.0073285,73.7762427,,0.349,,5.83,14.0,29.2,,4.75,22.879166666666663,20.4,26.6,0.6000000000000001,9.795833333333333,84.125,24,complete_24_hours,Original weather CSV,available
5592,Gangapur Road,2025-11-05,16.5,µg/m³,20.0073285,73.7762427,,0.265,,5.84,21.8,40.1,,4.13,22.804166666666664,19.7,28.0,0.0,5.016666666666667,77.16666666666667,24,complete_24_hours,Original weather CSV,available
5592,Gangapur Road,2025-11-06,29.1,µg/m³,20.0073285,73.7762427,,0.294,,5.83,21.2,95.9,,5.1,22.2875,17.7,27.8,0.0,5.0125,73.08333333333333,24,complete_24_hours,Original weather CSV,available
5592,Gangapur Road,2025-11-07,39.0,µg/m³,20.0073285,73.7762427,,0.305,,5.86,26.4,103.0,,5.58,21.9875,16.7,27.8,0.0,6.258333333333333,61.29166666666666,24,complete_24_hours,Original weather CSV,available
5592,Gangapur Road,2025-11-08,44.1,µg/m³,20.0073285,73.7762427,,0.307,,5.83,31.9,94.4,,6.52,21.695833333333336,16.5,28.4,0.0,6.579166666666667,59.375,24,complete_24_hours,Original weather CSV,available
5592,Gangapur Road,2025-11-11,43.6,µg/m³,20.0073285,73.7762427,,0.485,,5.9,28.6,80.5,,4.52,20.966666666666665,14.8,27.6,0.0,7.408333333333334,48.5,24,complete_24_hours,Original weather CSV,available
5592,Gangapur Road,2025-11-12,108.0,µg/m³,20.0073285,73.7762427,,0.548,,5.84,10.8,228.0,,1.77,20.78333333333333,14.8,27.6,0.0,7.566666666666666,50.41666666666666,24,complete_24_hours,Original weather CSV,available
5592,Gangapur Road,2025-11-13,73.6,µg/m³,20.0073285,73.7762427,,0.621,,5.84,16.3,125.0,,19.8,20.65,15.0,27.4,0.0,9.029166666666669,50.625,24,complete_24_hours,Original weather CSV,available
5592,Gangapur Road,2025-11-14,82.3,µg/m³,20.0073285,73.7762427,,0.643,,5.84,11.7,151.0,,7.46,20.695833333333333,14.7,27.6,0.0,9.575,53.79166666666666,24,complete_24_hours,Original weather CSV,available
5592,Gangapur Road,2025-11-15,66.5,µg/m³,20.0073285,73.7762427,,0.642,,5.84,11.9,115.0,,9.13,20.375,14.4,27.2,0.0,11.258333333333333,52.833333333333336,24,complete_24_hours,Original weather CSV,available
5592,Gangapur Road,2025-11-16,65.4,µg/m³,20.0073285,73.7762427,,0.648,,5.85,11.8,111.0,,8.19,19.954166666666666,14.2,26.8,0.0,11.116666666666667,53.458333333333336,24,complete_24_hours,Original weather CSV,available
5592,Gangapur Road,2025-11-17,75.5,µg/m³,20.0073285,73.7762427,,0.645,,5.37,12.0,126.0,,7.66,19.6375,14.1,26.5,0.0,12.445833333333333,52.79166666666666,24,complete_24_hours,Original weather CSV,available
5592,Gangapur Road,2025-11-18,79.3,µg/m³,20.0073285,73.7762427,,0.652,,3.85,12.0,132.0,,9.12,19.070833333333333,12.5,26.3,0.0,12.533333333333331,52.875,24,complete_24_hours,Original weather CSV,available
5592,Gangapur Road,2025-11-19,89.0,µg/m³,20.0073285,73.7762427,,0.652,,3.86,12.1,150.0,,9.66,20.0375,13.4,27.8,0.0,9.5375,54.54166666666666,24,complete_24_hours,Original weather CSV,available
5592,Gangapur Road,2025-11-20,109.0,µg/m³,20.0073285,73.7762427,,0.651,,3.86,12.4,172.0,,12.5,20.254166666666663,14.0,27.6,0.0,10.3625,56.208333333333336,24,complete_24_hours,Original weather CSV,available
5592,Gangapur Road,2025-11-21,94.6,µg/m³,20.0073285,73.7762427,,0.636,,3.85,11.7,160.0,,3.04,21.008333333333333,14.7,28.5,0.0,10.391666666666667,61.25,24,complete_24_hours,Original weather CSV,available
5592,Gangapur Road,2025-11-22,68.0,µg/m³,20.0073285,73.7762427,,0.65,,3.85,11.8,119.0,,-0.785,23.08333333333333,17.1,30.6,0.0,8.695833333333333,61.79166666666666,24,complete_24_hours,Original weather CSV,available
5592,Gangapur Road,2025-11-23,39.1,µg/m³,20.0073285,73.7762427,,0.652,,3.84,11.7,65.8,,0.723,23.79583333333333,18.3,30.5,0.0,5.641666666666667,66.75,24,complete_24_hours,Original weather CSV,available
5592,Gangapur Road,2025-11-24,43.4,µg/m³,20.0073285,73.7762427,,0.646,,3.85,11.9,104.0,,9.31,23.98333333333333,19.5,29.8,0.0,4.633333333333334,67.16666666666667,24,complete_24_hours,Original weather CSV,available
5592,Gangapur Road,2025-11-25,53.3,µg/m³,20.0073285,73.7762427,,0.585,,3.85,18.3,104.0,,21.7,24.22083333333333,19.3,29.7,0.0,8.195833333333333,61.54166666666666,24,complete_24_hours,Original weather CSV,available
5592,Gangapur Road,2025-11-26,42.6,µg/m³,20.0073285,73.7762427,,0.549,,3.86,22.3,94.4,,22.7,24.02916666666667,18.5,29.8,0.0,8.720833333333333,57.79166666666666,24,complete_24_hours,Original weather CSV,available
5592,Gangapur Road,2025-11-27,55.0,µg/m³,20.0073285,73.7762427,,0.478,,3.85,30.7,118.0,,24.3,22.683333333333334,17.8,28.4,0.0,10.041666666666666,58.0,24,complete_24_hours,Original weather CSV,available
5592,Gangapur Road,2025-11-28,67.3,µg/m³,20.0073285,73.7762427,,0.48,,3.84,30.8,138.0,,25.7,22.1625,17.5,27.8,0.0,9.983333333333333,64.33333333333333,24,complete_24_hours,Original weather CSV,available
5592,Gangapur Road,2025-11-29,51.5,µg/m³,20.0073285,73.7762427,,0.483,,3.86,30.6,105.0,,21.6,20.5,15.8,26.7,0.0,11.929166666666667,53.083333333333336,24,complete_24_hours,Original weather CSV,available
5592,Gangapur Road,2025-11-30,51.1,µg/m³,20.0073285,73.7762427,,0.484,,3.84,29.7,100.0,,21.8,19.883333333333333,14.6,26.5,0.0,10.7875,49.125,24,complete_24_hours,Original weather CSV,available
5592,Gangapur Road,2025-12-01,67.9,µg/m³,20.0073285,73.7762427,,0.481,,3.85,24.7,173.0,,28.5,19.995833333333334,14.2,27.0,0.0,10.404166666666669,50.583333333333336,24,complete_24_hours,Original weather CSV,available
5592,Gangapur Road,2025-12-02,75.4,µg/m³,20.0073285,73.7762427,,0.488,,3.86,38.5,155.0,,30.7,20.016666666666666,14.0,27.0,0.0,8.65,55.875,24,complete_24_hours,Original weather CSV,available
5592,Gangapur Road,2025-12-03,73.3,µg/m³,20.0073285,73.7762427,,0.624,,3.83,16.5,145.0,,30.1,19.97083333333333,13.8,27.0,0.0,11.208333333333334,59.54166666666666,24,complete_24_hours,Original weather CSV,available
5592,Gangapur Road,2025-12-04,70.0,µg/m³,20.0073285,73.7762427,,0.59,,3.87,19.3,140.0,,11.7,20.4875,15.3,27.2,0.0,11.083333333333334,61.375,24,complete_24_hours,Original weather CSV,available
5592,Gangapur Road,2025-12-05,63.0,µg/m³,20.0073285,73.7762427,,0.657,,3.85,22.8,116.0,,5.99,20.758333333333333,15.1,27.4,0.0,10.975,62.25,24,complete_24_hours,Original weather CSV,available
5592,Gangapur Road,2025-12-06,78.5,µg/m³,20.0073285,73.7762427,,0.431,,3.85,50.7,136.0,,7.77,16.4,15.2,17.6,0.0,10.78,76.8,5,incomplete_day,Original weather CSV,available
5592,Gangapur Road,2025-12-07,44.1,µg/m³,20.0073285,73.7762427,,0.493,,3.84,38.5,104.0,,10.0,18.98333333333333,13.4,26.1,0.0,12.316666666666668,55.333333333333336,24,complete_24_hours,Open-Meteo Historical Weather API,available
5592,Gangapur Road,2025-12-08,46.5,µg/m³,20.0073285,73.7762427,,0.602,,3.86,31.5,110.0,,9.98,18.5875,12.6,26.3,0.0,10.658333333333331,48.375,24,complete_24_hours,Open-Meteo Historical Weather API,available
5592,Gangapur Road,2025-12-09,43.5,µg/m³,20.0073285,73.7762427,,0.512,,3.85,27.5,126.0,,8.47,18.475,11.8,26.4,0.0,12.695833333333333,41.875,24,complete_24_hours,Open-Meteo Historical Weather API,available
5592,Gangapur Road,2025-12-10,48.1,µg/m³,20.0073285,73.7762427,,0.564,,3.86,38.4,129.0,,8.14,18.48333333333333,12.1,26.2,0.0,10.279166666666669,40.875,24,complete_24_hours,Open-Meteo Historical Weather API,available
5592,Gangapur Road,2025-12-11,54.4,µg/m³,20.0073285,73.7762427,,0.54,,3.84,34.5,149.0,,5.2,18.02083333333333,11.3,25.5,0.0,8.762500000000001,43.16666666666666,24,complete_24_hours,Open-Meteo Historical Weather API,available
5592,Gangapur Road,2025-12-12,58.7,µg/m³,20.0073285,73.7762427,,0.524,,3.85,39.0,157.0,,7.73,18.204166666666666,12.0,25.9,0.0,9.129166666666666,43.625,24,complete_24_hours,Open-Meteo Historical Weather API,available
5592,Gangapur Road,2025-12-13,65.8,µg/m³,20.0073285,73.7762427,,0.616,,3.85,26.3,153.0,,10.7,18.9875,12.1,27.0,0.0,9.925,45.125,24,complete_24_hours,Open-Meteo Historical Weather API,available
5592,Gangapur Road,2025-12-14,44.1,µg/m³,20.0073285,73.7762427,,0.799,,3.84,21.3,100.0,,9.93,19.0875,13.0,26.7,0.0,10.554166666666667,48.708333333333336,24,complete_24_hours,Open-Meteo Historical Weather API,available
5592,Gangapur Road,2025-12-15,42.2,µg/m³,20.0073285,73.7762427,,0.648,,3.85,26.0,94.1,,7.28,18.379166666666663,12.4,25.9,0.0,11.408333333333331,48.083333333333336,24,complete_24_hours,Open-Meteo Historical Weather API,available
5592,Gangapur Road,2025-12-16,39.9,µg/m³,20.0073285,73.7762427,,0.57,,3.84,28.4,113.0,,3.89,18.225,11.8,25.9,0.0,12.9625,51.16666666666666,24,complete_24_hours,Open-Meteo Historical Weather API,available
5592,Gangapur Road,2025-12-17,61.8,µg/m³,20.0073285,73.7762427,,0.506,,3.85,35.0,147.0,,8.18,18.954166666666666,12.2,27.2,0.0,11.008333333333333,56.5,24,complete_24_hours,Open-Meteo Historical Weather API,available
5592,Gangapur Road,2025-12-18,58.1,µg/m³,20.0073285,73.7762427,,0.563,,3.85,26.7,137.0,,17.5,19.2,12.6,27.4,0.0,10.716666666666669,50.833333333333336,24,complete_24_hours,Open-Meteo Historical Weather API,available
5592,Gangapur Road,2025-12-19,49.2,µg/m³,20.0073285,73.7762427,,0.759,,3.85,31.8,87.2,,19.6,18.870833333333334,12.3,27.5,0.0,10.216666666666669,43.125,24,complete_24_hours,Open-Meteo Historical Weather API,available
5592,Gangapur Road,2025-12-20,33.8,µg/m³,20.0073285,73.7762427,,0.623,,3.86,22.0,83.3,,5.71,18.55,12.3,26.9,0.0,10.5,39.125,24,complete_24_hours,Open-Meteo Historical Weather API,available
5592,Gangapur Road,2025-12-21,50.1,µg/m³,20.0073285,73.7762427,,0.691,,3.84,25.0,106.0,,8.92,18.03333333333333,12.1,25.0,0.0,11.108333333333334,40.375,24,complete_24_hours,Open-Meteo Historical Weather API,available
5592,Gangapur Road,2025-12-22,50.3,µg/m³,20.0073285,73.7762427,,0.674,,3.84,24.0,105.0,,15.4,18.20833333333333,11.6,25.9,0.0,11.304166666666667,45.375,24,complete_24_hours,Open-Meteo Historical Weather API,available
5592,Gangapur Road,2025-12-23,38.2,µg/m³,20.0073285,73.7762427,,0.644,,3.86,26.4,70.9,,7.2,18.6875,12.2,26.3,0.0,10.6875,47.083333333333336,24,complete_24_hours,Open-Meteo Historical Weather API,available
5592,Gangapur Road,2025-12-24,38.6,µg/m³,20.0073285,73.7762427,,0.561,,3.84,34.0,103.0,,12.3,18.391666666666666,12.3,25.3,0.0,10.779166666666669,45.958333333333336,24,complete_24_hours,Open-Meteo Historical Weather API,available
5592,Gangapur Road,2025-12-25,52.6,µg/m³,20.0073285,73.7762427,,0.614,,3.84,30.0,114.0,,9.45,18.379166666666663,12.3,25.4,0.0,9.745833333333334,44.29166666666666,24,complete_24_hours,Open-Meteo Historical Weather API,available
5592,Gangapur Road,2025-12-26,56.8,µg/m³,20.0073285,73.7762427,,0.579,,3.85,29.9,129.0,,7.35,18.2,11.6,25.4,0.0,9.595833333333331,49.54166666666666,24,complete_24_hours,Open-Meteo Historical Weather API,available
5592,Gangapur Road,2025-12-27,63.5,µg/m³,20.0073285,73.7762427,,0.473,,3.85,32.6,144.0,,7.84,18.72083333333333,12.4,25.9,0.0,8.366666666666667,48.04166666666666,24,complete_24_hours,Open-Meteo Historical Weather API,available
5592,Gangapur Road,2025-12-28,66.3,µg/m³,20.0073285,73.7762427,,0.572,,3.86,28.0,119.0,,,18.5875,12.0,25.8,0.0,9.258333333333333,50.458333333333336,24,complete_24_hours,Open-Meteo Historical Weather API,available
5592,Gangapur Road,2025-12-29,42.6,µg/m³,20.0073285,73.7762427,,0.52,,3.84,23.8,102.0,,2.96,18.379166666666663,11.8,25.6,0.0,8.366666666666667,48.958333333333336,24,complete_24_hours,Open-Meteo Historical Weather API,available
5592,Gangapur Road,2025-12-30,42.6,µg/m³,20.0073285,73.7762427,,0.567,,3.86,24.8,67.3,,1.92,18.42083333333333,11.4,26.8,0.0,8.1875,49.333333333333336,24,complete_24_hours,Open-Meteo Historical Weather API,available
5592,Gangapur Road,2025-12-31,35.2,µg/m³,20.0073285,73.7762427,,0.497,,3.86,17.7,74.3,,1.9,18.179166666666667,12.0,25.6,0.0,6.570833333333334,58.16666666666666,24,complete_24_hours,Open-Meteo Historical Weather API,available
3409454,Hirawadi,2025-02-19,44.0,µg/m³,20.021503,73.813844,,0.428,,11.0,40.7,103.0,,13.0,25.525,18.4,32.6,0.0,7.712499999999999,33.333333333333336,24,complete_24_hours,Original weather CSV,available
3409454,Hirawadi,2025-02-20,48.3,µg/m³,20.021503,73.813844,,0.504,,13.5,37.4,114.0,,13.0,25.875,18.4,32.9,0.0,6.7125,31.625,24,complete_24_hours,Original weather CSV,available
3409454,Hirawadi,2025-02-21,56.5,µg/m³,20.021503,73.813844,,0.464,,11.9,34.9,129.0,,19.5,26.316666666666663,19.3,33.3,0.0,7.558333333333334,27.45833333333333,24,complete_24_hours,Original weather CSV,available
3409454,Hirawadi,2025-02-22,60.1,µg/m³,20.021503,73.813844,,0.47,,11.5,30.9,131.0,,3.55,26.475,18.6,34.3,0.0,7.695833333333333,28.541666666666668,24,complete_24_hours,Original weather CSV,available
3409454,Hirawadi,2025-02-23,61.5,µg/m³,20.021503,73.813844,,0.399,,11.9,44.0,138.0,,12.4,26.3875,19.5,34.1,0.0,6.625,27.541666666666668,24,complete_24_hours,Original weather CSV,available
3409454,Hirawadi,2025-02-24,64.8,µg/m³,20.021503,73.813844,,0.552,,13.1,36.4,135.0,,11.2,26.204166666666666,19.1,33.2,0.0,7.541666666666667,26.416666666666668,24,complete_24_hours,Original weather CSV,available
3409454,Hirawadi,2025-02-25,59.6,µg/m³,20.021503,73.813844,,0.576,,13.0,40.7,144.0,,19.1,26.15,18.9,33.4,0.0,7.345833333333334,29.875,24,complete_24_hours,Original weather CSV,available
3409454,Hirawadi,2025-02-26,73.5,µg/m³,20.021503,73.813844,,0.498,,14.1,49.3,155.0,,17.0,26.5,19.7,33.8,0.0,10.283333333333331,32.166666666666664,24,complete_24_hours,Original weather CSV,available
3409454,Hirawadi,2025-02-27,69.4,µg/m³,20.021503,73.813844,,0.474,,10.6,53.9,134.0,,22.0,27.379166666666663,20.4,34.9,0.0,7.783333333333334,33.041666666666664,24,complete_24_hours,Original weather CSV,available
3409454,Hirawadi,2025-02-28,66.6,µg/m³,20.021503,73.813844,,0.631,,14.2,50.2,148.0,,17.2,27.85,20.8,36.0,0.0,6.608333333333333,33.708333333333336,24,complete_24_hours,Original weather CSV,available
3409454,Hirawadi,2025-03-01,78.5,µg/m³,20.021503,73.813844,,0.894,,12.5,57.3,169.0,,12.7,27.966666666666665,21.9,35.8,0.0,8.320833333333333,34.25,24,complete_24_hours,Original weather CSV,available
3409454,Hirawadi,2025-03-02,55.8,µg/m³,20.021503,73.813844,,0.361,,11.4,45.4,129.0,,15.2,27.17083333333333,20.9,34.3,0.0,9.825,30.95833333333333,24,complete_24_hours,Original weather CSV,available
3409454,Hirawadi,2025-03-03,59.4,µg/m³,20.021503,73.813844,,0.35,,10.3,44.0,144.0,,10.8,27.879166666666663,20.3,35.3,0.0,10.895833333333334,27.875,24,complete_24_hours,Original weather CSV,available
3409454,Hirawadi,2025-03-04,42.4,µg/m³,20.021503,73.813844,,0.366,,7.7,50.0,118.0,,8.16,27.366666666666664,20.3,35.0,0.0,8.716666666666667,31.166666666666668,24,complete_24_hours,Original weather CSV,available
3409454,Hirawadi,2025-03-05,51.0,µg/m³,20.021503,73.813844,,0.508,,10.4,43.3,143.0,,11.1,25.525,19.4,33.0,0.0,11.25,25.33333333333333,24,complete_24_hours,Original weather CSV,available
3409454,Hirawadi,2025-03-06,44.6,µg/m³,20.021503,73.813844,,0.488,,12.3,33.0,124.0,,11.7,25.308333333333334,16.6,34.2,0.0,7.320833333333333,18.125,24,complete_24_hours,Original weather CSV,available
3409454,Hirawadi,2025-03-07,40.5,µg/m³,20.021503,73.813844,,0.612,,13.7,38.1,124.0,,9.28,26.854166666666668,18.6,35.1,0.0,6.791666666666667,19.041666666666668,24,complete_24_hours,Original weather CSV,available
3409454,Hirawadi,2025-03-08,49.6,µg/m³,20.021503,73.813844,,0.618,,14.0,41.6,115.0,,16.2,27.96666666666667,19.2,36.1,0.0,7.85,19.625,24,complete_24_hours,Original weather CSV,available
3409454,Hirawadi,2025-03-09,60.0,µg/m³,20.021503,73.813844,,0.725,,14.5,33.7,135.0,,21.8,28.4625,20.9,36.1,0.0,5.25,23.75,24,complete_24_hours,Original weather CSV,available
3409454,Hirawadi,2025-03-10,67.4,µg/m³,20.021503,73.813844,,0.72,,10.5,48.5,138.0,,22.3,28.88333333333333,21.7,36.4,0.0,10.6625,26.95833333333333,24,complete_24_hours,Original weather CSV,available
3409454,Hirawadi,2025-03-11,83.3,µg/m³,20.021503,73.813844,,0.7,,12.0,47.5,163.0,,26.1,29.84166666666667,22.6,37.0,0.0,8.891666666666667,28.666666666666668,24,complete_24_hours,Original weather CSV,available
3409454,Hirawadi,2025-03-12,71.8,µg/m³,20.021503,73.813844,,0.699,,8.24,65.2,132.0,,7.77,30.1125,22.7,37.8,0.0,4.55,27.58333333333333,24,complete_24_hours,Original weather CSV,available
3409454,Hirawadi,2025-03-13,83.7,µg/m³,20.021503,73.813844,,0.972,,14.2,47.1,158.0,,10.0,30.02916666666667,22.7,37.4,0.0,9.666666666666666,27.58333333333333,24,complete_24_hours,Original weather CSV,available
3409454,Hirawadi,2025-03-14,50.8,µg/m³,20.021503,73.813844,,0.514,,6.97,48.4,90.4,,6.44,29.5375,22.1,36.4,0.0,9.0375,20.75,24,complete_24_hours,Original weather CSV,available
3409454,Hirawadi,2025-03-15,34.8,µg/m³,20.021503,73.813844,,0.37,,5.58,47.0,72.4,,9.4,29.541666666666668,22.0,37.5,0.0,8.775,22.666666666666668,24,complete_24_hours,Original weather CSV,available
3409454,Hirawadi,2025-03-16,35.3,µg/m³,20.021503,73.813844,,0.343,,5.08,47.0,73.8,,14.9,28.808333333333334,22.7,36.0,0.0,8.620833333333334,25.291666666666668,24,complete_24_hours,Original weather CSV,available
3409454,Hirawadi,2025-03-17,41.8,µg/m³,20.021503,73.813844,,0.437,,7.16,38.7,94.5,,10.5,28.541666666666668,23.2,34.7,0.0,10.5375,25.83333333333333,24,complete_24_hours,Original weather CSV,available
3409454,Hirawadi,2025-03-18,52.5,µg/m³,20.021503,73.813844,,0.574,,7.97,47.4,121.0,,20.9,28.29583333333333,20.6,36.7,0.0,8.820833333333333,27.916666666666668,24,complete_24_hours,Original weather CSV,available
3409454,Hirawadi,2025-03-19,53.8,µg/m³,20.021503,73.813844,,0.447,,5.5,56.5,101.0,,21.7,28.225,20.8,36.5,0.0,8.220833333333333,23.95833333333333,24,complete_24_hours,Original weather CSV,available
3409454,Hirawadi,2025-03-20,38.7,µg/m³,20.021503,73.813844,,0.402,,5.85,47.7,87.4,,16.6,27.4875,21.0,34.4,0.0,8.887500000000001,22.75,24,complete_24_hours,Original weather CSV,available
3409454,Hirawadi,2025-03-21,34.8,µg/m³,20.021503,73.813844,,0.304,,4.34,49.4,88.1,,16.0,26.95833333333333,20.6,33.9,0.0,9.983333333333333,27.666666666666668,24,complete_24_hours,Original weather CSV,available
3409454,Hirawadi,2025-03-22,39.9,µg/m³,20.021503,73.813844,,0.409,,6.77,50.8,98.7,,18.0,27.28333333333333,18.8,34.9,0.0,6.075,24.291666666666668,24,complete_24_hours,Original weather CSV,available
3409454,Hirawadi,2025-03-23,52.7,µg/m³,20.021503,73.813844,,0.517,,11.3,50.9,134.0,,17.2,28.804166666666664,20.0,36.0,0.0,6.670833333333333,21.291666666666668,24,complete_24_hours,Original weather CSV,available
3409454,Hirawadi,2025-03-24,55.6,µg/m³,20.021503,73.813844,,0.494,,11.9,51.9,144.0,,10.3,29.58333333333333,22.3,36.5,0.0,7.679166666666667,22.875,24,complete_24_hours,Original weather CSV,available
3409454,Hirawadi,2025-03-25,64.4,µg/m³,20.021503,73.813844,,0.497,,9.19,68.1,140.0,,11.1,29.495833333333334,21.9,37.1,0.0,7.333333333333333,25.58333333333333,24,complete_24_hours,Original weather CSV,available
3409454,Hirawadi,2025-03-26,57.4,µg/m³,20.021503,73.813844,,0.452,,4.34,60.4,113.0,,13.3,28.9625,22.1,37.2,0.0,8.733333333333333,30.75,24,complete_24_hours,Original weather CSV,available
3409454,Hirawadi,2025-03-27,31.0,µg/m³,20.021503,73.813844,,0.234,,3.52,45.9,73.1,,8.85,27.55,21.3,34.9,0.0,10.75,36.91666666666666,24,complete_24_hours,Original weather CSV,available
3409454,Hirawadi,2025-03-28,40.4,µg/m³,20.021503,73.813844,,0.585,,6.99,40.2,96.4,,11.6,28.79583333333333,20.9,37.4,0.0,8.770833333333334,35.708333333333336,24,complete_24_hours,Original weather CSV,available
3409454,Hirawadi,2025-03-29,53.7,µg/m³,20.021503,73.813844,,0.479,,11.4,47.1,133.0,,8.64,30.67083333333333,23.4,37.9,0.0,9.904166666666669,18.416666666666668,24,complete_24_hours,Original weather CSV,available
3409454,Hirawadi,2025-03-30,62.7,µg/m³,20.021503,73.813844,,0.536,,10.6,49.8,134.0,,15.5,31.4125,24.1,39.0,0.0,9.133333333333333,18.33333333333333,24,complete_24_hours,Original weather CSV,available
3409454,Hirawadi,2025-03-31,61.0,µg/m³,20.021503,73.813844,,0.598,,8.63,59.3,126.0,,11.9,31.979166666666668,26.8,38.8,0.0,7.504166666666666,18.875,24,complete_24_hours,Original weather CSV,available
3409454,Hirawadi,2025-04-01,71.4,µg/m³,20.021503,73.813844,,0.838,,14.6,38.2,150.0,,15.5,30.570833333333336,25.4,38.3,0.1,6.741666666666667,25.45833333333333,24,complete_24_hours,Original weather CSV,available
3409454,Hirawadi,2025-04-02,62.9,µg/m³,20.021503,73.813844,,0.698,,12.4,41.3,118.0,,19.4,28.8625,24.4,37.1,1.2,7.358333333333333,40.375,24,complete_24_hours,Original weather CSV,available
3409454,Hirawadi,2025-04-03,66.5,µg/m³,20.021503,73.813844,,0.654,,11.9,47.1,117.0,,6.92,27.991666666666664,22.1,35.9,5.9,6.104166666666667,47.958333333333336,24,complete_24_hours,Original weather CSV,available
3409454,Hirawadi,2025-04-04,53.1,µg/m³,20.021503,73.813844,,0.537,,9.37,40.2,114.0,,7.77,27.96666666666667,21.6,35.3,0.0,8.5375,53.79166666666666,24,complete_24_hours,Original weather CSV,available
3409454,Hirawadi,2025-04-05,44.5,µg/m³,20.021503,73.813844,,0.582,,11.1,40.5,121.0,,11.6,30.2625,21.9,38.2,0.0,9.345833333333331,26.33333333333333,24,complete_24_hours,Original weather CSV,available
3409454,Hirawadi,2025-04-06,44.9,µg/m³,20.021503,73.813844,,0.462,,10.8,35.0,130.0,,7.91,31.77083333333333,24.3,38.9,0.0,10.145833333333334,18.45833333333333,24,complete_24_hours,Original weather CSV,available
3409454,Hirawadi,2025-04-07,44.1,µg/m³,20.021503,73.813844,,0.489,,9.44,45.7,124.0,,14.4,31.683333333333334,23.0,40.2,0.0,9.733333333333333,20.041666666666668,24,complete_24_hours,Original weather CSV,available
3409454,Hirawadi,2025-04-08,44.2,µg/m³,20.021503,73.813844,,0.462,,8.39,44.1,120.0,,10.9,33.05833333333333,24.7,40.3,0.0,10.041666666666666,16.0,24,complete_24_hours,Original weather CSV,available
3409454,Hirawadi,2025-04-09,46.0,µg/m³,20.021503,73.813844,,0.467,,9.99,27.6,126.0,,10.4,32.8375,26.5,40.1,0.0,13.329166666666666,17.833333333333332,24,complete_24_hours,Original weather CSV,available
3409454,Hirawadi,2025-04-11,34.5,µg/m³,20.021503,73.813844,,0.438,,6.46,25.9,98.6,,6.1,28.945833333333336,22.9,36.2,0.0,13.879166666666668,33.833333333333336,24,complete_24_hours,Original weather CSV,available
3409454,Hirawadi,2025-04-12,30.7,µg/m³,20.021503,73.813844,,0.381,,4.28,21.5,68.1,,10.8,27.75,20.9,35.5,0.0,13.525,52.708333333333336,24,complete_24_hours,Original weather CSV,available
3409454,Hirawadi,2025-04-18,34.7,µg/m³,20.021503,73.813844,,0.452,,6.76,30.0,104.0,,9.35,30.329166666666666,23.0,38.6,0.0,12.229166666666666,37.208333333333336,24,complete_24_hours,Original weather CSV,available
3409454,Hirawadi,2025-04-19,30.8,µg/m³,20.021503,73.813844,,0.279,,4.43,43.9,79.8,,10.2,30.475,24.6,37.7,0.0,13.345833333333331,33.166666666666664,24,complete_24_hours,Original weather CSV,available
3409454,Hirawadi,2025-04-20,38.6,µg/m³,20.021503,73.813844,,0.239,,4.58,39.2,132.0,,7.62,29.495833333333334,22.6,36.9,0.0,11.9875,37.41666666666666,24,complete_24_hours,Original weather CSV,available
3409454,Hirawadi,2025-04-21,36.9,µg/m³,20.021503,73.813844,,0.282,,4.29,42.8,115.0,,8.82,30.55,22.5,38.5,0.0,10.1,36.25,24,complete_24_hours,Original weather CSV,available
3409454,Hirawadi,2025-04-22,48.7,µg/m³,20.021503,73.813844,,0.345,,5.08,47.2,140.0,,10.7,32.204166666666666,24.2,41.2,0.0,9.470833333333331,27.125,24,complete_24_hours,Original weather CSV,available
3409454,Hirawadi,2025-04-23,48.8,µg/m³,20.021503,73.813844,,0.333,,6.63,47.5,121.0,,11.6,32.3375,24.5,39.9,0.0,9.841666666666669,22.70833333333333,24,complete_24_hours,Original weather CSV,available
3409454,Hirawadi,2025-04-24,54.1,µg/m³,20.021503,73.813844,,0.367,,4.97,50.2,118.0,,15.5,31.72083333333333,25.5,39.3,0.0,11.266666666666666,26.33333333333333,24,complete_24_hours,Original weather CSV,available
3409454,Hirawadi,2025-04-25,51.6,µg/m³,20.021503,73.813844,,0.467,,6.3,41.9,116.0,,9.87,30.77916666666667,24.0,38.4,0.0,10.591666666666669,28.625,24,complete_24_hours,Original weather CSV,available
3409454,Hirawadi,2025-04-26,41.3,µg/m³,20.021503,73.813844,,0.321,,4.7,46.3,104.0,,5.0,30.85833333333333,24.3,37.6,0.0,11.125,28.666666666666668,24,complete_24_hours,Original weather CSV,available
3409454,Hirawadi,2025-04-27,37.0,µg/m³,20.021503,73.813844,,0.277,,5.36,40.4,113.0,,6.94,30.854166666666668,21.8,39.0,0.0,10.270833333333334,35.5,24,complete_24_hours,Original weather CSV,available
3409454,Hirawadi,2025-04-28,49.6,µg/m³,20.021503,73.813844,,0.489,,5.98,49.0,139.0,,9.2,30.78333333333333,22.9,38.6,0.0,11.175,36.458333333333336,24,complete_24_hours,Original weather CSV,available
3409454,Hirawadi,2025-04-29,47.2,µg/m³,20.021503,73.813844,,0.373,,5.43,41.7,128.0,,6.91,31.05,23.2,38.6,0.0,11.629166666666668,40.875,24,complete_24_hours,Original weather CSV,available
3409454,Hirawadi,2025-04-30,34.7,µg/m³,20.021503,73.813844,,0.328,,4.75,37.0,100.0,,5.81,30.65,23.6,38.4,0.0,13.2125,37.29166666666666,24,complete_24_hours,Original weather CSV,available
3409454,Hirawadi,2025-05-01,33.3,µg/m³,20.021503,73.813844,,0.332,,4.84,39.1,90.6,,5.06,31.8375,25.6,39.8,0.0,13.558333333333332,28.08333333333333,24,complete_24_hours,Original weather CSV,available
3409454,Hirawadi,2025-05-02,28.4,µg/m³,20.021503,73.813844,,0.333,,5.08,43.3,84.1,,6.52,31.65833333333333,24.7,39.4,0.0,12.8875,24.75,24,complete_24_hours,Original weather CSV,available
3409454,Hirawadi,2025-05-03,23.4,µg/m³,20.021503,73.813844,,0.253,,3.34,43.1,72.2,,7.85,29.641666666666666,23.7,37.1,0.0,13.658333333333331,36.04166666666666,24,complete_24_hours,Original weather CSV,available
3409454,Hirawadi,2025-05-04,26.3,µg/m³,20.021503,73.813844,,0.324,,3.33,34.7,73.2,,6.59,27.566666666666663,21.9,34.0,0.0,14.475,57.625,24,complete_24_hours,Original weather CSV,available
3409454,Hirawadi,2025-05-05,29.5,µg/m³,20.021503,73.813844,,0.313,,2.88,36.8,80.5,,4.7,28.254166666666663,22.4,35.5,0.1,11.7375,59.125,24,complete_24_hours,Original weather CSV,available
3409454,Hirawadi,2025-05-06,28.0,µg/m³,20.021503,73.813844,,0.317,,2.92,30.8,82.6,,5.19,26.241666666666664,21.7,33.7,0.5,14.541666666666666,65.33333333333333,24,complete_24_hours,Original weather CSV,available
3409454,Hirawadi,2025-05-07,16.4,µg/m³,20.021503,73.813844,,0.403,,6.36,34.0,46.8,,20.7,25.495833333333334,21.4,32.6,0.8,15.25,67.45833333333333,24,complete_24_hours,Original weather CSV,available
3409454,Hirawadi,2025-05-08,17.5,µg/m³,20.021503,73.813844,,0.31,,4.94,35.7,39.7,,6.69,24.675,21.4,30.8,3.8,13.841666666666669,73.91666666666667,24,complete_24_hours,Original weather CSV,available
3409454,Hirawadi,2025-05-09,17.8,µg/m³,20.021503,73.813844,,0.28,,6.25,36.1,74.2,,5.56,25.454166666666666,20.7,31.6,2.2,10.2625,70.29166666666667,24,complete_24_hours,Original weather CSV,available
3409454,Hirawadi,2025-05-10,17.8,µg/m³,20.021503,73.813844,,0.267,,5.88,38.9,51.0,,6.04,27.02916666666667,21.7,34.4,0.0,8.125,68.0,24,complete_24_hours,Original weather CSV,available
3409454,Hirawadi,2025-05-11,15.0,µg/m³,20.021503,73.813844,,0.313,,6.61,32.4,42.6,,4.77,27.6625,22.3,35.3,1.4,6.575,67.29166666666667,24,complete_24_hours,Original weather CSV,available
3409454,Hirawadi,2025-05-12,24.4,µg/m³,20.021503,73.813844,,0.411,,7.31,31.4,54.0,,3.35,27.3,23.2,36.1,5.6,6.2,70.41666666666667,24,complete_24_hours,Original weather CSV,available
3409454,Hirawadi,2025-05-13,29.3,µg/m³,20.021503,73.813844,,0.485,,9.23,33.6,59.0,,4.24,26.20833333333333,23.0,33.7,12.7,5.245833333333334,77.125,24,complete_24_hours,Original weather CSV,available
3409454,Hirawadi,2025-05-14,26.3,µg/m³,20.021503,73.813844,,0.405,,7.61,30.4,65.4,,1.58,26.1875,22.4,32.6,1.9,4.9750000000000005,79.70833333333333,24,complete_24_hours,Original weather CSV,available
3409454,Hirawadi,2025-05-15,25.9,µg/m³,20.021503,73.813844,,0.445,,8.31,30.0,70.0,,1.96,26.4125,23.3,32.2,3.7,5.5375000000000005,80.29166666666667,24,complete_24_hours,Original weather CSV,available
3409454,Hirawadi,2025-05-16,24.4,µg/m³,20.021503,73.813844,,0.453,,7.36,29.9,68.5,,1.24,25.67083333333333,23.0,31.9,19.6,7.508333333333333,84.125,24,complete_24_hours,Original weather CSV,available
3409454,Hirawadi,2025-05-17,21.6,µg/m³,20.021503,73.813844,,0.375,,4.73,22.0,54.4,,2.04,26.504166666666663,23.1,31.6,4.3,7.866666666666667,79.66666666666667,24,complete_24_hours,Original weather CSV,available
3409454,Hirawadi,2025-05-18,22.2,µg/m³,20.021503,73.813844,,0.358,,3.57,32.3,63.8,,1.94,26.820833333333336,22.9,32.6,4.1000000000000005,6.516666666666667,77.625,24,complete_24_hours,Original weather CSV,available
3409454,Hirawadi,2025-05-19,27.3,µg/m³,20.021503,73.813844,,0.491,,6.16,31.0,79.6,,2.06,26.604166666666668,23.3,32.6,7.399999999999999,5.116666666666666,81.08333333333333,24,complete_24_hours,Original weather CSV,available
3409454,Hirawadi,2025-05-20,32.5,µg/m³,20.021503,73.813844,,0.473,,3.42,41.8,73.5,,1.22,26.879166666666663,24.1,31.9,15.000000000000002,6.645833333333333,82.5,24,complete_24_hours,Original weather CSV,available
3409454,Hirawadi,2025-05-21,29.9,µg/m³,20.021503,73.813844,,0.566,,7.45,45.5,78.2,,3.0,26.22083333333333,22.8,30.1,7.3,4.570833333333334,78.375,24,complete_24_hours,Original weather CSV,available
3409454,Hirawadi,2025-05-22,18.0,µg/m³,20.021503,73.813844,,0.548,,6.93,35.7,46.4,,1.16,25.4125,22.5,28.1,2.4,8.383333333333333,81.75,24,complete_24_hours,Original weather CSV,available
3409454,Hirawadi,2025-05-23,25.4,µg/m³,20.021503,73.813844,,0.593,,7.86,26.7,66.4,,1.82,25.64583333333333,23.1,28.2,0.0,7.899999999999999,80.5,24,complete_24_hours,Original weather CSV,available
3409454,Hirawadi,2025-05-24,26.6,µg/m³,20.021503,73.813844,,0.542,,6.66,35.0,63.6,,2.69,25.125,23.5,27.2,1.7,7.658333333333334,80.79166666666667,24,complete_24_hours,Original weather CSV,available
3409454,Hirawadi,2025-05-25,37.6,µg/m³,20.021503,73.813844,,0.516,,2.79,26.7,85.7,,4.23,25.75,23.4,30.7,16.900000000000002,10.375,82.54166666666667,24,complete_24_hours,Original weather CSV,available
3409454,Hirawadi,2025-05-26,35.1,µg/m³,20.021503,73.813844,,0.566,,2.64,40.1,86.4,,3.04,27.137500000000003,23.8,33.1,3.3,9.916666666666666,79.83333333333333,24,complete_24_hours,Original weather CSV,available
3409454,Hirawadi,2025-05-27,32.4,µg/m³,20.021503,73.813844,,0.555,,3.71,36.4,62.0,,3.02,25.8,23.4,30.3,2.8,13.766666666666666,83.79166666666667,24,complete_24_hours,Original weather CSV,available
3409454,Hirawadi,2025-05-28,19.3,µg/m³,20.021503,73.813844,,0.542,,4.19,23.0,50.5,,4.32,25.266666666666666,22.6,29.0,2.6,14.675,87.0,24,complete_24_hours,Original weather CSV,available
3409454,Hirawadi,2025-05-29,32.4,µg/m³,20.021503,73.813844,,0.516,,2.19,23.2,99.3,,3.24,26.6875,23.4,31.9,2.3,14.745833333333332,80.54166666666667,24,complete_24_hours,Original weather CSV,available
3409454,Hirawadi,2025-05-30,37.8,µg/m³,20.021503,73.813844,,0.51,,2.31,26.1,119.0,,4.94,26.77083333333333,23.7,31.1,0.0,19.379166666666663,77.375,24,complete_24_hours,Original weather CSV,available
3409454,Hirawadi,2025-05-31,33.6,µg/m³,20.021503,73.813844,,0.521,,2.26,26.8,97.6,,4.59,26.1125,23.7,30.7,0.8,20.20833333333333,79.25,24,complete_24_hours,Original weather CSV,available
3409454,Hirawadi,2025-06-01,33.0,µg/m³,20.021503,73.813844,,0.554,,3.06,25.6,77.5,,4.28,25.508333333333336,22.4,30.0,0.9,16.916666666666668,80.20833333333333,24,complete_24_hours,Original weather CSV,available
3409454,Hirawadi,2025-06-02,32.5,µg/m³,20.021503,73.813844,,0.554,,2.64,25.8,92.4,,5.78,25.3625,22.2,30.0,0.3,17.483333333333334,79.04166666666667,24,complete_24_hours,Original weather CSV,available
3409454,Hirawadi,2025-06-03,38.6,µg/m³,20.021503,73.813844,,0.533,,2.29,26.4,90.9,,3.47,24.96666666666667,21.7,29.3,0.7000000000000001,17.633333333333333,80.20833333333333,24,complete_24_hours,Original weather CSV,available
3409454,Hirawadi,2025-06-04,30.5,µg/m³,20.021503,73.813844,,0.587,,3.73,28.2,78.2,,7.1,23.916666666666668,21.3,28.6,5.1,10.5375,84.54166666666667,24,complete_24_hours,Original weather CSV,available
3409454,Hirawadi,2025-06-05,39.0,µg/m³,20.021503,73.813844,,0.664,,5.73,25.7,104.0,,6.05,25.116666666666664,21.3,30.8,1.0,7.6,77.66666666666667,24,complete_24_hours,Original weather CSV,available
3409454,Hirawadi,2025-06-06,28.1,µg/m³,20.021503,73.813844,,0.885,,3.66,37.8,63.6,,12.9,25.73333333333333,21.5,32.0,6.7,8.033333333333333,78.70833333333333,24,complete_24_hours,Original weather CSV,available
3409454,Hirawadi,2025-06-07,23.8,µg/m³,20.021503,73.813844,,0.216,,1.8,24.6,73.1,,4.36,25.9625,22.5,30.8,1.7,11.004166666666668,81.04166666666667,24,complete_24_hours,Original weather CSV,available
3409454,Hirawadi,2025-06-08,25.2,µg/m³,20.021503,73.813844,,0.207,,1.44,36.7,77.5,,4.69,26.45833333333333,23.1,31.3,1.0,11.9,78.0,24,complete_24_hours,Original weather CSV,available
3409454,Hirawadi,2025-06-09,27.6,µg/m³,20.021503,73.813844,,0.197,,1.69,25.0,79.4,,3.7,26.59166666666667,23.4,31.7,0.0,14.954166666666666,75.58333333333333,24,complete_24_hours,Original weather CSV,available
3409454,Hirawadi,2025-06-10,20.2,µg/m³,20.021503,73.813844,,0.191,,1.6,25.9,65.1,,3.01,26.566666666666663,22.8,31.6,0.0,14.7375,74.16666666666667,24,complete_24_hours,Original weather CSV,available
3409454,Hirawadi,2025-06-11,20.9,µg/m³,20.021503,73.813844,,0.266,,2.41,34.9,54.5,,2.87,27.075,23.2,32.1,0.0,15.345833333333331,74.95833333333333,24,complete_24_hours,Original weather CSV,available
3409454,Hirawadi,2025-06-12,22.8,µg/m³,20.021503,73.813844,,0.299,,2.92,36.7,58.5,,2.92,27.166666666666668,24.5,33.2,8.100000000000001,13.291666666666666,79.25,24,complete_24_hours,Original weather CSV,available
3409454,Hirawadi,2025-06-13,23.9,µg/m³,20.021503,73.813844,,0.344,,4.36,28.2,49.9,,3.05,25.7375,23.3,30.1,44.4,8.779166666666667,86.54166666666667,24,complete_24_hours,Original weather CSV,available
3409454,Hirawadi,2025-06-14,19.9,µg/m³,20.021503,73.813844,,0.404,,5.21,29.8,51.9,,2.05,26.23333333333333,23.0,32.3,36.9,5.416666666666667,85.875,24,complete_24_hours,Original weather CSV,available
3409454,Hirawadi,2025-06-15,19.8,µg/m³,20.021503,73.813844,,0.437,,5.37,35.3,42.4,,4.31,25.98333333333333,23.2,29.7,2.8000000000000003,5.4875,84.08333333333333,24,complete_24_hours,Original weather CSV,available
3409454,Hirawadi,2025-06-16,12.3,µg/m³,20.021503,73.813844,,0.489,,6.59,26.6,26.0,,2.57,23.85,22.8,26.3,9.4,15.470833333333331,92.66666666666669,24,complete_24_hours,Original weather CSV,available
3409454,Hirawadi,2025-06-17,36.9,µg/m³,20.021503,73.813844,,0.353,,3.17,26.6,75.2,,1.09,24.025,22.0,27.5,5.6,22.65416666666667,88.125,24,complete_24_hours,Original weather CSV,available
3409454,Hirawadi,2025-06-18,14.4,µg/m³,20.021503,73.813844,,0.443,,3.55,31.3,32.1,,1.62,24.316666666666663,22.2,27.6,20.9,20.59583333333333,90.83333333333331,24,complete_24_hours,Original weather CSV,available
3409454,Hirawadi,2025-06-19,12.8,µg/m³,20.021503,73.813844,,0.305,,1.45,24.4,30.9,,2.13,23.23333333333333,21.9,24.9,17.6,19.1875,92.91666666666669,24,complete_24_hours,Original weather CSV,available
3409454,Hirawadi,2025-06-20,15.7,µg/m³,20.021503,73.813844,,0.367,,2.42,20.2,49.9,,2.09,24.275,22.2,28.2,2.5,21.120833333333334,86.79166666666667,24,complete_24_hours,Original weather CSV,available
3409454,Hirawadi,2025-06-21,11.5,µg/m³,20.021503,73.813844,,0.387,,2.31,17.2,35.5,,1.66,23.75,21.8,26.2,6.8,18.516666666666666,89.41666666666667,24,complete_24_hours,Original weather CSV,available
3409454,Hirawadi,2025-06-22,15.4,µg/m³,20.021503,73.813844,,0.399,,2.54,19.7,43.9,,1.71,23.566666666666663,21.9,26.9,5.3,18.808333333333334,90.375,24,complete_24_hours,Original weather CSV,available
3409454,Hirawadi,2025-06-23,16.6,µg/m³,20.021503,73.813844,,0.447,,2.72,21.4,34.9,,1.65,23.33333333333333,22.0,25.8,8.6,19.9,91.83333333333331,24,complete_24_hours,Original weather CSV,available
3409454,Hirawadi,2025-06-24,17.4,µg/m³,20.021503,73.813844,,0.434,,2.2,26.8,46.7,,2.58,23.275,22.2,25.2,14.9,20.291666666666668,91.95833333333331,24,complete_24_hours,Original weather CSV,available
3409454,Hirawadi,2025-06-25,19.2,µg/m³,20.021503,73.813844,,0.488,,3.32,23.3,69.4,,2.17,24.10833333333333,22.1,27.2,6.3,18.825,89.29166666666667,24,complete_24_hours,Original weather CSV,available
3409454,Hirawadi,2025-06-26,22.1,µg/m³,20.021503,73.813844,,0.583,,5.7,16.6,55.2,,2.51,23.17083333333333,21.9,25.2,14.1,16.291666666666668,93.58333333333331,24,complete_24_hours,Original weather CSV,available
3409454,Hirawadi,2025-06-27,18.9,µg/m³,20.021503,73.813844,,0.582,,5.01,18.1,59.3,,2.18,23.245833333333334,22.0,25.3,7.5,19.620833333333334,92.66666666666669,24,complete_24_hours,Original weather CSV,available
3409454,Hirawadi,2025-06-28,22.5,µg/m³,20.021503,73.813844,,0.533,,3.34,26.7,77.7,,2.22,23.041666666666668,21.3,26.0,10.6,22.504166666666663,91.29166666666669,24,complete_24_hours,Original weather CSV,available
3409454,Hirawadi,2025-06-29,16.5,µg/m³,20.021503,73.813844,,0.496,,2.34,20.9,44.5,,2.48,22.9375,22.0,24.9,9.4,21.3375,92.08333333333331,24,complete_24_hours,Original weather CSV,available
3409454,Hirawadi,2025-06-30,17.6,µg/m³,20.021503,73.813844,,0.508,,2.23,21.0,53.4,,2.89,23.29583333333333,21.6,26.6,5.1,20.666666666666668,90.375,24,complete_24_hours,Original weather CSV,available
3409454,Hirawadi,2025-07-01,13.6,µg/m³,20.021503,73.813844,,0.542,,2.74,16.9,35.3,,2.48,23.40416666666667,22.1,26.0,7.2,19.279166666666665,90.875,24,complete_24_hours,Original weather CSV,available
3409454,Hirawadi,2025-07-02,11.7,µg/m³,20.021503,73.813844,,0.557,,2.31,17.0,37.4,,4.08,23.554166666666664,22.2,26.1,9.6,19.2375,90.45833333333331,24,complete_24_hours,Original weather CSV,available
3409454,Hirawadi,2025-07-03,12.8,µg/m³,20.021503,73.813844,,0.592,,2.79,17.9,33.5,,3.7,23.508333333333336,21.5,26.7,7.7,19.995833333333334,89.20833333333333,24,complete_24_hours,Original weather CSV,available
3409454,Hirawadi,2025-07-04,11.1,µg/m³,20.021503,73.813844,,0.576,,2.21,20.3,36.5,,4.37,23.204166666666666,21.7,25.5,5.8,20.616666666666667,91.79166666666669,24,complete_24_hours,Original weather CSV,available
3409454,Hirawadi,2025-07-05,10.7,µg/m³,20.021503,73.813844,,0.63,,3.15,16.7,28.3,,4.82,23.508333333333336,22.3,26.6,11.4,21.96666666666667,90.625,24,complete_24_hours,Original weather CSV,available
3409454,Hirawadi,2025-07-06,11.7,µg/m³,20.021503,73.813844,,0.634,,2.51,20.1,27.7,,4.15,22.78333333333333,22.1,24.0,22.2,21.570833333333336,93.95833333333331,24,complete_24_hours,Original weather CSV,available
3409454,Hirawadi,2025-07-07,17.7,µg/m³,20.021503,73.813844,,0.554,,7.82,25.4,40.2,,12.7,22.5625,21.8,23.4,7.9,18.225,93.66666666666669,24,complete_24_hours,Original weather CSV,available
3409454,Hirawadi,2025-07-08,24.0,µg/m³,20.021503,73.813844,,0.386,,6.31,12.5,64.9,,1.17,23.0375,21.7,25.6,5.9,17.979166666666668,92.08333333333331,24,complete_24_hours,Original weather CSV,available
3409454,Hirawadi,2025-07-09,35.7,µg/m³,20.021503,73.813844,,0.309,,3.77,16.8,72.8,,1.52,23.09166666666667,22.1,25.5,5.9,14.320833333333333,93.58333333333331,24,complete_24_hours,Original weather CSV,available
3409454,Hirawadi,2025-07-10,29.4,µg/m³,20.021503,73.813844,,0.298,,3.79,16.7,77.6,,1.69,24.354166666666668,22.0,28.4,1.2,14.0125,85.5,24,complete_24_hours,Original weather CSV,available
3409454,Hirawadi,2025-07-11,24.5,µg/m³,20.021503,73.813844,,0.268,,2.18,18.9,68.2,,1.87,24.304166666666664,22.2,27.9,1.9,13.75,86.375,24,complete_24_hours,Original weather CSV,available
3409454,Hirawadi,2025-07-12,22.2,µg/m³,20.021503,73.813844,,0.264,,2.14,20.2,55.6,,1.78,24.25,22.3,27.7,2.8000000000000003,15.675,85.41666666666667,24,complete_24_hours,Original weather CSV,available
3409454,Hirawadi,2025-07-13,15.6,µg/m³,20.021503,73.813844,,0.285,,1.92,20.4,46.6,,2.01,24.1,22.4,27.3,4.7,17.045833333333334,87.04166666666667,24,complete_24_hours,Original weather CSV,available
3409454,Hirawadi,2025-07-14,12.0,µg/m³,20.021503,73.813844,,0.372,,3.91,17.1,29.9,,1.75,23.875,22.2,26.5,12.3,16.1125,89.91666666666667,24,complete_24_hours,Original weather CSV,available
3409454,Hirawadi,2025-07-15,20.2,µg/m³,20.021503,73.813844,,0.31,,1.7,18.1,47.7,,1.79,24.34166666666667,22.3,27.8,4.8,14.1125,87.29166666666667,24,complete_24_hours,Original weather CSV,available
3409454,Hirawadi,2025-07-16,24.8,µg/m³,20.021503,73.813844,,0.294,,0.912,19.7,80.4,,1.78,25.0,22.5,28.5,2.6,13.558333333333332,84.5,24,complete_24_hours,Original weather CSV,available
3409454,Hirawadi,2025-07-17,31.5,µg/m³,20.021503,73.813844,,0.322,,1.7,19.0,103.0,,1.86,25.116666666666664,22.3,28.9,0.6000000000000001,10.491666666666667,82.5,24,complete_24_hours,Original weather CSV,available
3409454,Hirawadi,2025-07-18,26.5,µg/m³,20.021503,73.813844,,0.334,,1.9,18.5,90.1,,2.58,24.666666666666668,22.0,27.8,0.2,11.816666666666668,83.33333333333333,24,complete_24_hours,Original weather CSV,available
3409454,Hirawadi,2025-07-19,24.2,µg/m³,20.021503,73.813844,,0.371,,2.4,18.4,81.2,,2.33,24.445833333333336,22.2,28.5,1.7000000000000002,13.895833333333334,84.04166666666667,24,complete_24_hours,Original weather CSV,available
3409454,Hirawadi,2025-07-20,19.7,µg/m³,20.021503,73.813844,,0.395,,3.12,17.7,65.8,,2.62,24.48333333333333,21.9,27.7,3.4000000000000004,14.445833333333333,86.0,24,complete_24_hours,Original weather CSV,available
3409454,Hirawadi,2025-07-21,13.6,µg/m³,20.021503,73.813844,,0.411,,2.8,18.1,38.6,,2.82,24.066666666666663,22.3,27.1,19.4,10.745833333333332,90.75,24,complete_24_hours,Original weather CSV,available
3409454,Hirawadi,2025-07-22,11.3,µg/m³,20.021503,73.813844,,0.382,,1.85,19.8,33.2,,2.92,24.254166666666663,22.3,26.8,2.0,13.091666666666669,87.54166666666667,24,complete_24_hours,Original weather CSV,available
3409454,Hirawadi,2025-07-23,13.1,µg/m³,20.021503,73.813844,,0.415,,1.66,20.8,35.8,,2.45,23.666666666666668,22.2,26.3,6.7,15.979166666666666,89.0,24,complete_24_hours,Original weather CSV,available
3409454,Hirawadi,2025-07-24,19.2,µg/m³,20.021503,73.813844,,0.465,,2.29,18.5,43.3,,2.7,23.704166666666666,21.5,26.5,4.0,17.470833333333335,88.875,24,complete_24_hours,Original weather CSV,available
3409454,Hirawadi,2025-07-25,10.8,µg/m³,20.021503,73.813844,,0.499,,2.85,14.9,23.9,,2.6,23.5,22.4,25.6,13.2,16.98333333333333,92.20833333333331,24,complete_24_hours,Original weather CSV,available
3409454,Hirawadi,2025-07-26,10.1,µg/m³,20.021503,73.813844,,0.453,,1.43,19.6,25.9,,2.59,23.320833333333336,22.4,25.0,9.3,19.90833333333333,92.83333333333331,24,complete_24_hours,Original weather CSV,available
3409454,Hirawadi,2025-07-27,17.7,µg/m³,20.021503,73.813844,,0.451,,1.5,21.9,45.6,,2.87,23.004166666666663,22.0,24.5,13.9,24.0625,92.20833333333331,24,complete_24_hours,Original weather CSV,available
3409454,Hirawadi,2025-07-28,16.8,µg/m³,20.021503,73.813844,,0.481,,1.69,21.3,31.5,,2.55,23.016666666666666,21.8,25.3,8.5,24.42083333333333,91.08333333333331,24,complete_24_hours,Original weather CSV,available
3409454,Hirawadi,2025-07-29,14.6,µg/m³,20.021503,73.813844,,0.484,,1.25,22.8,39.5,,2.36,22.754166666666663,21.8,24.4,8.4,23.125,93.0,24,complete_24_hours,Original weather CSV,available
3409454,Hirawadi,2025-07-30,20.5,µg/m³,20.021503,73.813844,,0.542,,2.27,19.2,46.6,,2.67,23.52916666666667,22.2,25.7,2.2,22.95833333333333,91.0,24,complete_24_hours,Original weather CSV,available
3409454,Hirawadi,2025-07-31,23.7,µg/m³,20.021503,73.813844,,0.564,,2.19,19.0,65.9,,2.73,23.729166666666668,22.0,27.0,2.5,21.0125,88.75,24,complete_24_hours,Original weather CSV,available
3409454,Hirawadi,2025-08-01,23.9,µg/m³,20.021503,73.813844,,0.568,,2.13,15.8,62.4,,2.48,23.9375,21.8,27.3,2.3000000000000003,17.704166666666666,86.375,24,complete_24_hours,Original weather CSV,available
3409454,Hirawadi,2025-08-02,20.5,µg/m³,20.021503,73.813844,,0.571,,1.69,16.5,56.8,,2.67,24.0125,22.0,27.3,2.2,14.895833333333334,86.625,24,complete_24_hours,Original weather CSV,available
3409454,Hirawadi,2025-08-03,17.7,µg/m³,20.021503,73.813844,,0.581,,2.27,17.6,62.5,,2.31,24.21666666666667,21.7,27.8,1.8,12.875,85.125,24,complete_24_hours,Original weather CSV,available
3409454,Hirawadi,2025-08-04,19.5,µg/m³,20.021503,73.813844,,0.591,,2.09,16.7,71.8,,2.43,24.291666666666668,21.9,28.1,0.9,12.25,84.54166666666667,24,complete_24_hours,Original weather CSV,available
3409454,Hirawadi,2025-08-05,20.6,µg/m³,20.021503,73.813844,,0.622,,1.99,17.1,66.8,,2.95,24.52083333333333,21.5,28.5,1.7,10.570833333333333,83.29166666666667,24,complete_24_hours,Original weather CSV,available
3409454,Hirawadi,2025-08-06,21.0,µg/m³,20.021503,73.813844,,0.645,,1.97,16.6,66.5,,2.79,24.875,21.5,29.3,1.4,7.929166666666667,81.95833333333333,24,complete_24_hours,Original weather CSV,available
3409454,Hirawadi,2025-08-07,15.8,µg/m³,20.021503,73.813844,,0.563,,1.43,24.3,64.3,,21.1,24.641666666666666,21.9,28.9,7.2,7.462499999999999,84.16666666666667,24,complete_24_hours,Original weather CSV,available
3409454,Hirawadi,2025-08-08,19.5,µg/m³,20.021503,73.813844,,0.25,,2.29,12.9,63.6,,2.72,23.90833333333333,21.9,27.2,5.300000000000001,7.866666666666667,87.375,24,complete_24_hours,Original weather CSV,available
3409454,Hirawadi,2025-08-09,23.1,µg/m³,20.021503,73.813844,,0.248,,1.72,14.8,65.8,,1.94,23.96666666666667,21.9,27.5,1.2,8.4125,86.41666666666667,24,complete_24_hours,Original weather CSV,available
3409454,Hirawadi,2025-08-10,21.7,µg/m³,20.021503,73.813844,,0.175,,1.9,14.0,63.2,,1.6,23.90833333333333,21.7,27.8,1.7,10.8625,86.16666666666667,24,complete_24_hours,Original weather CSV,available
3409454,Hirawadi,2025-08-11,17.9,µg/m³,20.021503,73.813844,,0.186,,2.09,13.4,49.0,,1.98,23.691666666666663,21.7,27.5,1.9,12.920833333333334,87.16666666666667,24,complete_24_hours,Original weather CSV,available
3409454,Hirawadi,2025-08-12,15.7,µg/m³,20.021503,73.813844,,0.196,,2.24,14.5,53.4,,1.17,23.925,21.7,27.2,1.9,13.6125,85.08333333333333,24,complete_24_hours,Original weather CSV,available
3409454,Hirawadi,2025-08-13,11.0,µg/m³,20.021503,73.813844,,0.216,,3.12,12.6,29.7,,2.34,23.679166666666664,21.8,27.8,5.7,11.370833333333332,89.33333333333333,24,complete_24_hours,Original weather CSV,available
3409454,Hirawadi,2025-08-14,13.7,µg/m³,20.021503,73.813844,,0.265,,4.3,18.6,38.7,,1.9,23.929166666666664,22.0,27.3,10.9,9.145833333333334,88.58333333333333,24,complete_24_hours,Original weather CSV,available
3409454,Hirawadi,2025-08-15,9.27,µg/m³,20.021503,73.813844,,0.274,,3.38,18.6,27.2,,1.69,23.679166666666664,21.9,27.1,8.8,10.8625,89.79166666666667,24,complete_24_hours,Original weather CSV,available
3409454,Hirawadi,2025-08-16,11.6,µg/m³,20.021503,73.813844,,0.161,,3.33,17.3,26.3,,2.53,23.33333333333333,21.8,26.4,11.5,11.970833333333331,90.58333333333331,24,complete_24_hours,Original weather CSV,available
3409454,Hirawadi,2025-08-17,12.1,µg/m³,20.021503,73.813844,,0.176,,3.3,18.0,26.8,,1.97,23.75,21.5,27.8,4.6,11.579166666666666,88.41666666666667,24,complete_24_hours,Original weather CSV,available
3409454,Hirawadi,2025-08-18,13.3,µg/m³,20.021503,73.813844,,0.323,,6.18,15.6,24.7,,1.62,23.166666666666668,22.0,26.8,20.7,15.795833333333334,93.25,24,complete_24_hours,Original weather CSV,available
3409454,Hirawadi,2025-08-19,7.81,µg/m³,20.021503,73.813844,,0.236,,3.38,17.8,17.2,,1.97,23.275,22.1,26.7,22.7,19.079166666666666,93.41666666666669,24,complete_24_hours,Original weather CSV,available
3409454,Hirawadi,2025-08-20,10.1,µg/m³,20.021503,73.813844,,0.305,,4.89,16.2,16.9,,1.71,22.725,22.3,23.8,10.0,24.729166666666668,93.29166666666669,24,complete_24_hours,Original weather CSV,available
3409454,Hirawadi,2025-08-21,10.5,µg/m³,20.021503,73.813844,,0.288,,4.33,14.8,19.5,,1.26,23.241666666666664,22.0,26.3,9.8,22.925,90.83333333333331,24,complete_24_hours,Original weather CSV,available
3409454,Hirawadi,2025-08-22,13.8,µg/m³,20.021503,73.813844,,0.2,,2.34,17.8,30.3,,2.74,23.125,21.8,25.8,5.7,23.245833333333334,89.125,24,complete_24_hours,Original weather CSV,available
3409454,Hirawadi,2025-08-23,11.5,µg/m³,20.021503,73.813844,,0.177,,2.75,15.9,28.5,,2.66,22.65833333333333,21.3,25.0,7.2,24.429166666666664,89.875,24,complete_24_hours,Original weather CSV,available
3409454,Hirawadi,2025-08-24,14.2,µg/m³,20.021503,73.813844,,0.192,,2.38,18.2,33.1,,1.49,22.7375,21.4,25.7,6.9,24.575,89.66666666666667,24,complete_24_hours,Original weather CSV,available
3409454,Hirawadi,2025-08-25,11.7,µg/m³,20.021503,73.813844,,0.205,,3.11,18.2,21.2,,2.88,22.379166666666663,21.4,23.7,13.8,18.891666666666666,93.58333333333331,24,complete_24_hours,Original weather CSV,available
3409454,Hirawadi,2025-08-26,2.2,µg/m³,20.021503,73.813844,,0.159,,1.99,14.8,19.5,,1.66,23.554166666666664,21.8,27.0,7.0,15.55,89.66666666666667,24,complete_24_hours,Original weather CSV,available
3409454,Hirawadi,2025-08-27,5.71,µg/m³,20.021503,73.813844,,0.101,,2.14,14.8,19.2,,2.82,23.575,22.0,26.1,6.4,11.3625,89.375,24,complete_24_hours,Original weather CSV,available
3409454,Hirawadi,2025-08-28,17.6,µg/m³,20.021503,73.813844,,0.184,,2.44,15.0,43.2,,2.17,23.366666666666664,21.8,26.4,11.7,11.3875,90.625,24,complete_24_hours,Original weather CSV,available
3409454,Hirawadi,2025-08-29,16.7,µg/m³,20.021503,73.813844,,0.215,,2.68,16.1,35.7,,1.78,23.379166666666663,21.5,26.8,14.3,11.0625,91.08333333333331,24,complete_24_hours,Original weather CSV,available
3409454,Hirawadi,2025-08-30,17.8,µg/m³,20.021503,73.813844,,0.265,,3.2,16.2,40.8,,2.56,23.7875,21.7,27.3,4.800000000000001,13.1,89.125,24,complete_24_hours,Original weather CSV,available
3409454,Hirawadi,2025-08-31,14.7,µg/m³,20.021503,73.813844,,0.216,,2.59,15.1,42.9,,1.52,23.84166666666667,21.7,27.2,1.9,15.445833333333333,87.625,24,complete_24_hours,Original weather CSV,available
3409454,Hirawadi,2025-09-02,20.8,µg/m³,20.021503,73.813844,,0.148,,2.41,17.7,39.1,,1.09,23.70833333333333,21.8,26.6,1.6,16.958333333333332,87.20833333333333,24,complete_24_hours,Original weather CSV,available
3409454,Hirawadi,2025-09-04,11.8,µg/m³,20.021503,73.813844,,0.183,,2.56,21.9,32.0,,0.995,22.53333333333333,21.2,24.6,10.2,14.85,92.0,24,complete_24_hours,Original weather CSV,available
3409454,Hirawadi,2025-09-05,12.5,µg/m³,20.021503,73.813844,,,,,,22.9,,,23.225,22.0,26.2,10.1,17.2625,91.16666666666669,24,complete_24_hours,Original weather CSV,available
3409454,Hirawadi,2025-09-11,22.5,µg/m³,20.021503,73.813844,,0.19,,2.1,12.8,92.6,,2.63,23.27083333333333,19.5,28.0,0.7000000000000001,8.191666666666666,84.375,24,complete_24_hours,Original weather CSV,available
3409454,Hirawadi,2025-09-15,31.9,µg/m³,20.021503,73.813844,,0.34,,3.45,29.2,67.3,,3.5,23.7875,21.7,28.7,11.1,7.854166666666667,89.25,24,complete_24_hours,Original weather CSV,available
3409454,Hirawadi,2025-09-17,9.25,µg/m³,20.021503,73.813844,,0.27,,0.05,17.1,35.3,,0.0,23.85,21.3,28.4,5.7,6.020833333333333,89.04166666666667,24,complete_24_hours,Original weather CSV,available
3409454,Hirawadi,2025-09-18,15.9,µg/m³,20.021503,73.813844,,0.365,,2.3,30.4,41.8,,2.81,24.041666666666668,21.7,27.8,10.7,5.25,89.16666666666667,24,complete_24_hours,Original weather CSV,available
3409454,Hirawadi,2025-09-19,9.49,µg/m³,20.021503,73.813844,,0.35,,2.02,24.1,32.6,,1.39,23.83333333333333,21.7,27.3,8.0,6.358333333333333,90.29166666666669,24,complete_24_hours,Original weather CSV,available
3409454,Hirawadi,2025-09-21,20.8,µg/m³,20.021503,73.813844,,0.39,,1.6,29.1,53.7,,2.44,24.15833333333333,22.1,28.1,2.0,8.7125,87.66666666666667,24,complete_24_hours,Original weather CSV,available
3409454,Hirawadi,2025-09-22,20.0,µg/m³,20.021503,73.813844,,0.42,,1.52,24.9,54.8,,0.0,23.67083333333333,22.0,26.6,4.0,8.333333333333334,89.54166666666667,24,complete_24_hours,Original weather CSV,available
3409454,Hirawadi,2025-09-23,12.5,µg/m³,20.021503,73.813844,,0.39,,1.13,19.1,26.6,,0.13,23.40416666666667,21.5,27.1,1.8,12.629166666666668,86.875,24,complete_24_hours,Original weather CSV,available
3409454,Hirawadi,2025-09-24,15.1,µg/m³,20.021503,73.813844,,0.455,,0.93,19.3,38.4,,3.41,23.27083333333333,21.1,27.2,1.5,11.070833333333333,85.08333333333333,24,complete_24_hours,Original weather CSV,available
3409454,Hirawadi,2025-09-25,9.43,µg/m³,20.021503,73.813844,,0.61,,8.63,12.1,40.8,,2.43,23.59583333333333,20.7,28.2,1.3,8.674999999999999,83.45833333333333,24,complete_24_hours,Original weather CSV,available
3409454,Hirawadi,2025-09-26,14.4,µg/m³,20.021503,73.813844,,0.522,,2.39,18.9,47.1,,2.04,23.254166666666663,21.0,26.7,18.6,9.1375,88.95833333333333,24,complete_24_hours,Original weather CSV,available
3409454,Hirawadi,2025-09-27,22.4,µg/m³,20.021503,73.813844,,0.543,,2.52,36.6,57.6,,2.25,24.17083333333333,22.2,28.0,12.6,15.141666666666666,88.25,24,complete_24_hours,Original weather CSV,available
3409454,Hirawadi,2025-09-28,10.8,µg/m³,20.021503,73.813844,,0.683,,5.17,28.7,17.6,,0.793,22.4125,21.6,23.6,82.9,13.9125,95.41666666666669,24,complete_24_hours,Original weather CSV,available
3409454,Hirawadi,2025-09-29,8.1,µg/m³,20.021503,73.813844,,0.731,,6.49,28.9,20.3,,0.797,21.975,20.6,24.3,3.4000000000000004,19.541666666666668,90.625,24,complete_24_hours,Original weather CSV,available
3409454,Hirawadi,2025-09-30,19.6,µg/m³,20.021503,73.813844,,0.56,,2.73,26.9,37.7,,2.54,22.7125,20.5,26.9,1.0,15.1375,87.125,24,complete_24_hours,Original weather CSV,available
3409454,Hirawadi,2025-10-01,16.9,µg/m³,20.021503,73.813844,,0.753,,5.15,18.6,48.5,,1.36,23.433333333333334,20.8,27.3,0.4,13.904166666666669,85.125,24,complete_24_hours,Original weather CSV,available
3409454,Hirawadi,2025-10-02,11.6,µg/m³,20.021503,73.813844,,0.614,,2.76,21.5,39.2,,1.78,23.416666666666668,20.5,27.7,2.3,9.9,85.125,24,complete_24_hours,Original weather CSV,available
3409454,Hirawadi,2025-10-03,6.73,µg/m³,20.021503,73.813844,,0.785,,5.39,29.7,43.6,,0.015,23.89583333333333,21.1,28.7,1.4,8.191666666666666,85.5,24,complete_24_hours,Original weather CSV,available
3409454,Hirawadi,2025-10-04,9.94,µg/m³,20.021503,73.813844,,0.61,,1.11,26.2,47.0,,1.18,23.825,21.3,28.6,2.7,8.841666666666667,86.58333333333333,24,complete_24_hours,Original weather CSV,available
3409454,Hirawadi,2025-10-05,12.2,µg/m³,20.021503,73.813844,,0.59,,3.6,6.92,48.7,,0.225,23.09583333333333,20.7,26.8,1.9,9.279166666666669,86.70833333333333,24,complete_24_hours,Original weather CSV,available
3409454,Hirawadi,2025-10-06,18.3,µg/m³,20.021503,73.813844,,0.72,,1.98,20.2,48.9,,1.78,23.1125,20.2,27.8,0.3,9.583333333333334,83.375,24,complete_24_hours,Original weather CSV,available
3409454,Hirawadi,2025-10-08,29.8,µg/m³,20.021503,73.813844,,0.76,,4.49,26.4,84.9,,6.58,23.59166666666667,19.7,28.2,0.1,6.120833333333334,78.83333333333333,24,complete_24_hours,Original weather CSV,available
3409454,Hirawadi,2025-10-09,53.0,µg/m³,20.021503,73.813844,,0.845,,7.0,31.0,169.0,,7.15,23.8,19.7,28.6,0.0,5.483333333333333,69.5,24,complete_24_hours,Original weather CSV,available
3409454,Hirawadi,2025-10-10,57.0,µg/m³,20.021503,73.813844,,0.827,,4.83,44.6,209.0,,8.52,23.65416666666667,19.0,29.0,0.0,6.383333333333333,67.0,24,complete_24_hours,Original weather CSV,available
3409454,Hirawadi,2025-10-11,56.0,µg/m³,20.021503,73.813844,,0.84,,5.44,10.4,230.0,,7.12,23.625,19.0,28.8,0.0,5.55,66.66666666666667,24,complete_24_hours,Original weather CSV,available
3409454,Hirawadi,2025-10-12,54.2,µg/m³,20.021503,73.813844,,0.89,,1.94,30.0,193.0,,8.8,23.629166666666663,18.8,29.0,0.0,6.466666666666666,62.833333333333336,24,complete_24_hours,Original weather CSV,available
3409454,Hirawadi,2025-10-13,46.9,µg/m³,20.021503,73.813844,,1.65,,21.2,0.7,186.0,,17.0,24.1,18.9,30.2,0.0,4.595833333333333,56.625,24,complete_24_hours,Original weather CSV,available
3409454,Hirawadi,2025-10-14,44.4,µg/m³,20.021503,73.813844,,1.01,,7.48,42.3,104.0,,15.7,24.179166666666664,18.5,30.2,0.0,6.833333333333333,53.54166666666666,24,complete_24_hours,Original weather CSV,available
3409454,Hirawadi,2025-10-15,50.9,µg/m³,20.021503,73.813844,,1.03,,7.42,34.0,116.0,,15.0,24.616666666666664,19.4,30.4,0.2,9.7625,60.66666666666666,24,complete_24_hours,Original weather CSV,available
3409454,Hirawadi,2025-10-16,31.3,µg/m³,20.021503,73.813844,,0.983,,6.43,30.8,68.2,,23.5,25.79583333333333,20.9,31.1,1.3,10.5375,70.08333333333333,24,complete_24_hours,Original weather CSV,available
3409454,Hirawadi,2025-10-17,41.5,µg/m³,20.021503,73.813844,,1.12,,7.99,24.7,81.8,,21.7,26.041666666666668,21.8,31.1,0.1,10.154166666666669,67.20833333333333,24,complete_24_hours,Original weather CSV,available
3409454,Hirawadi,2025-10-18,54.2,µg/m³,20.021503,73.813844,,0.993,,7.26,26.1,97.2,,25.0,25.7625,21.8,30.9,0.3,7.85,68.54166666666667,24,complete_24_hours,Original weather CSV,available
3409454,Hirawadi,2025-10-19,67.3,µg/m³,20.021503,73.813844,,1.16,,8.73,47.7,138.0,,26.0,25.4125,21.9,29.8,0.5,9.929166666666667,68.29166666666667,24,complete_24_hours,Original weather CSV,available
3409454,Hirawadi,2025-10-20,82.4,µg/m³,20.021503,73.813844,,1.28,,14.2,50.9,173.0,,28.2,25.504166666666663,21.1,30.2,0.0,11.783333333333331,63.25,24,complete_24_hours,Original weather CSV,available
3409454,Hirawadi,2025-10-21,79.4,µg/m³,20.021503,73.813844,,1.17,,5.16,58.4,153.0,,27.8,24.8,21.0,30.0,2.6,10.9375,71.875,24,complete_24_hours,Original weather CSV,available
3409454,Hirawadi,2025-10-22,39.0,µg/m³,20.021503,73.813844,,0.988,,3.78,23.9,56.1,,31.3,25.4,21.9,30.5,0.7,11.033333333333331,77.41666666666667,24,complete_24_hours,Original weather CSV,available
3409454,Hirawadi,2025-10-23,25.0,µg/m³,20.021503,73.813844,,1.0,,4.53,29.5,55.4,,26.5,26.5625,22.7,31.2,0.0,13.9375,71.20833333333333,24,complete_24_hours,Original weather CSV,available
3409454,Hirawadi,2025-10-24,26.7,µg/m³,20.021503,73.813844,,1.03,,2.47,30.9,51.4,,27.5,25.391666666666666,22.1,30.1,3.6,15.079166666666666,76.0,24,complete_24_hours,Original weather CSV,available
3409454,Hirawadi,2025-10-25,16.3,µg/m³,20.021503,73.813844,,0.98,,2.59,15.3,38.2,,25.5,23.516666666666666,21.3,29.4,11.8,13.045833333333334,88.20833333333333,24,complete_24_hours,Original weather CSV,available
3409454,Hirawadi,2025-10-26,8.46,µg/m³,20.021503,73.813844,,,,,,21.9,,,22.9,21.2,27.9,29.6,12.491666666666667,90.70833333333331,24,complete_24_hours,Original weather CSV,available
3409454,Hirawadi,2025-10-27,17.7,µg/m³,20.021503,73.813844,,1.09,,4.21,15.9,61.7,,8.93,23.53333333333333,21.2,28.6,19.8,10.441666666666666,88.375,24,complete_24_hours,Original weather CSV,available
3409454,Hirawadi,2025-10-28,12.6,µg/m³,20.021503,73.813844,,0.638,,3.04,25.3,32.4,,3.45,23.96666666666667,21.5,28.4,3.6,9.695833333333333,85.45833333333333,24,complete_24_hours,Original weather CSV,available
3409454,Hirawadi,2025-10-29,17.1,µg/m³,20.021503,73.813844,,0.33,,6.88,20.7,63.3,,15.0,23.425,21.4,26.4,6.9,9.766666666666667,89.375,24,complete_24_hours,Original weather CSV,available
3409454,Hirawadi,2025-10-30,35.6,µg/m³,20.021503,73.813844,,0.351,,4.86,28.7,67.2,,5.52,22.85,21.1,25.2,4.0,8.325000000000001,88.04166666666667,24,complete_24_hours,Original weather CSV,available
3409454,Hirawadi,2025-10-31,29.1,µg/m³,20.021503,73.813844,,0.405,,7.98,18.2,78.0,,0.675,23.04583333333333,19.7,27.9,1.3,4.666666666666667,87.83333333333333,24,complete_24_hours,Original weather CSV,available
3409454,Hirawadi,2025-11-01,9.81,µg/m³,20.021503,73.813844,,0.35,,4.92,29.1,22.0,,4.99,23.75,21.6,27.5,0.9,8.429166666666667,90.16666666666669,24,complete_24_hours,Original weather CSV,available
3409454,Hirawadi,2025-11-02,16.4,µg/m³,20.021503,73.813844,,0.313,,3.52,27.9,27.0,,4.7,23.445833333333336,21.2,27.5,1.6,10.3875,89.375,24,complete_24_hours,Original weather CSV,available
3409454,Hirawadi,2025-11-03,13.3,µg/m³,20.021503,73.813844,,0.3,,2.15,32.3,20.7,,6.1,23.64583333333333,21.2,27.7,0.5,9.95,86.33333333333333,24,complete_24_hours,Original weather CSV,available
3409454,Hirawadi,2025-11-04,17.4,µg/m³,20.021503,73.813844,,0.248,,2.8,36.7,48.6,,8.44,22.879166666666663,20.4,26.6,0.6000000000000001,9.795833333333333,84.125,24,complete_24_hours,Original weather CSV,available
3409454,Hirawadi,2025-11-05,22.4,µg/m³,20.021503,73.813844,,0.363,,5.15,25.8,53.1,,8.93,22.804166666666664,19.7,28.0,0.0,5.016666666666667,77.16666666666667,24,complete_24_hours,Original weather CSV,available
3409454,Hirawadi,2025-11-06,28.0,µg/m³,20.021503,73.813844,,0.485,,9.4,25.4,79.9,,10.9,22.2875,17.7,27.8,0.0,5.0125,73.08333333333333,24,complete_24_hours,Original weather CSV,available
3409454,Hirawadi,2025-11-07,25.2,µg/m³,20.021503,73.813844,,0.443,,9.83,30.2,79.0,,2.76,21.9875,16.7,27.8,0.0,6.258333333333333,61.29166666666666,24,complete_24_hours,Original weather CSV,available
3409454,Hirawadi,2025-11-08,49.7,µg/m³,20.021503,73.813844,,0.486,,8.39,45.1,130.0,,10.7,21.695833333333336,16.5,28.4,0.0,6.579166666666667,59.375,24,complete_24_hours,Original weather CSV,available
3409454,Hirawadi,2025-11-09,40.9,µg/m³,20.021503,73.813844,,0.465,,8.28,32.3,112.0,,0.225,21.39583333333333,15.5,27.8,0.0,5.416666666666667,53.333333333333336,24,complete_24_hours,Original weather CSV,available
3409454,Hirawadi,2025-11-10,56.2,µg/m³,20.021503,73.813844,,0.88,,24.0,34.1,138.0,,0.19,21.125,14.9,27.6,0.0,5.970833333333334,49.583333333333336,24,complete_24_hours,Original weather CSV,available
3409454,Hirawadi,2025-11-11,62.2,µg/m³,20.021503,73.813844,,1.02,,21.5,43.0,140.0,,3.4,20.966666666666665,14.8,27.6,0.0,7.408333333333334,48.5,24,complete_24_hours,Original weather CSV,available
3409454,Hirawadi,2025-11-12,69.7,µg/m³,20.021503,73.813844,,0.935,,20.0,46.5,152.0,,6.99,20.78333333333333,14.8,27.6,0.0,7.566666666666666,50.41666666666666,24,complete_24_hours,Original weather CSV,available
3409454,Hirawadi,2025-11-13,66.1,µg/m³,20.021503,73.813844,,0.677,,11.6,49.2,122.0,,4.72,20.65,15.0,27.4,0.0,9.029166666666669,50.625,24,complete_24_hours,Original weather CSV,available
3409454,Hirawadi,2025-11-14,73.6,µg/m³,20.021503,73.813844,,0.76,,15.3,65.8,146.0,,20.4,20.695833333333333,14.7,27.6,0.0,9.575,53.79166666666666,24,complete_24_hours,Original weather CSV,available
3409454,Hirawadi,2025-11-15,84.9,µg/m³,20.021503,73.813844,,0.818,,16.3,59.7,152.0,,6.78,20.375,14.4,27.2,0.0,11.258333333333333,52.833333333333336,24,complete_24_hours,Original weather CSV,available
3409454,Hirawadi,2025-11-16,64.1,µg/m³,20.021503,73.813844,,0.99,,18.4,50.4,137.0,,0.32,19.954166666666666,14.2,26.8,0.0,11.116666666666667,53.458333333333336,24,complete_24_hours,Original weather CSV,available
3409454,Hirawadi,2025-11-17,68.9,µg/m³,20.021503,73.813844,,0.873,,12.6,63.6,131.0,,9.23,19.6375,14.1,26.5,0.0,12.445833333333333,52.79166666666666,24,complete_24_hours,Original weather CSV,available
3409454,Hirawadi,2025-11-18,79.7,µg/m³,20.021503,73.813844,,,,,,141.0,,,19.070833333333333,12.5,26.3,0.0,12.533333333333331,52.875,24,complete_24_hours,Original weather CSV,available
3409454,Hirawadi,2025-11-19,91.4,µg/m³,20.021503,73.813844,,1.25,,22.9,54.1,159.0,,2.06,20.0375,13.4,27.8,0.0,9.5375,54.54166666666666,24,complete_24_hours,Original weather CSV,available
3409454,Hirawadi,2025-11-20,93.3,µg/m³,20.021503,73.813844,,0.974,,13.7,74.6,168.0,,14.1,20.254166666666663,14.0,27.6,0.0,10.3625,56.208333333333336,24,complete_24_hours,Original weather CSV,available
3409454,Hirawadi,2025-11-21,93.5,µg/m³,20.021503,73.813844,,1.28,,21.0,41.0,163.0,,-2.94,21.008333333333333,14.7,28.5,0.0,10.391666666666667,61.25,24,complete_24_hours,Original weather CSV,available
3409454,Hirawadi,2025-11-22,85.1,µg/m³,20.021503,73.813844,,1.53,,27.0,6.79,132.0,,0.76,23.08333333333333,17.1,30.6,0.0,8.695833333333333,61.79166666666666,24,complete_24_hours,Original weather CSV,available
3409454,Hirawadi,2025-11-23,57.8,µg/m³,20.021503,73.813844,,0.947,,14.6,51.5,116.0,,2.97,23.79583333333333,18.3,30.5,0.0,5.641666666666667,66.75,24,complete_24_hours,Original weather CSV,available
3409454,Hirawadi,2025-11-24,62.2,µg/m³,20.021503,73.813844,,1.24,,18.7,33.2,129.0,,36.8,23.98333333333333,19.5,29.8,0.0,4.633333333333334,67.16666666666667,24,complete_24_hours,Original weather CSV,available
3409454,Hirawadi,2025-11-25,49.3,µg/m³,20.021503,73.813844,,0.763,,7.06,46.0,104.0,,9.32,24.22083333333333,19.3,29.7,0.0,8.195833333333333,61.54166666666666,24,complete_24_hours,Original weather CSV,available
3409454,Hirawadi,2025-11-26,50.2,µg/m³,20.021503,73.813844,,0.908,,10.1,37.1,105.0,,4.7,24.02916666666667,18.5,29.8,0.0,8.720833333333333,57.79166666666666,24,complete_24_hours,Original weather CSV,available
3409454,Hirawadi,2025-11-27,53.0,µg/m³,20.021503,73.813844,,,,,,118.0,,,22.683333333333334,17.8,28.4,0.0,10.041666666666666,58.0,24,complete_24_hours,Original weather CSV,available
3409454,Hirawadi,2025-11-28,87.9,µg/m³,20.021503,73.813844,,1.13,,13.6,46.0,150.0,,2.44,22.1625,17.5,27.8,0.0,9.983333333333333,64.33333333333333,24,complete_24_hours,Original weather CSV,available
3409454,Hirawadi,2025-11-29,51.2,µg/m³,20.021503,73.813844,,0.893,,10.1,54.6,102.0,,5.57,20.5,15.8,26.7,0.0,11.929166666666667,53.083333333333336,24,complete_24_hours,Original weather CSV,available
3409454,Hirawadi,2025-11-30,47.7,µg/m³,20.021503,73.813844,,1.02,,16.5,40.6,96.1,,-0.95,19.883333333333333,14.6,26.5,0.0,10.7875,49.125,24,complete_24_hours,Original weather CSV,available
3409454,Hirawadi,2025-12-01,60.9,µg/m³,20.021503,73.813844,,0.875,,10.6,45.7,130.0,,-6.37,19.995833333333334,14.2,27.0,0.0,10.404166666666669,50.583333333333336,24,complete_24_hours,Original weather CSV,available
3409454,Hirawadi,2025-12-02,61.7,µg/m³,20.021503,73.813844,,0.915,,13.9,41.3,132.0,,7.15,20.016666666666666,14.0,27.0,0.0,8.65,55.875,24,complete_24_hours,Original weather CSV,available
3409454,Hirawadi,2025-12-03,71.6,µg/m³,20.021503,73.813844,,1.01,,11.8,69.0,141.0,,,19.97083333333333,13.8,27.0,0.0,11.208333333333334,59.54166666666666,24,complete_24_hours,Original weather CSV,available
3409454,Hirawadi,2025-12-04,73.2,µg/m³,20.021503,73.813844,,1.22,,22.2,41.7,140.0,,2.83,20.4875,15.3,27.2,0.0,11.083333333333334,61.375,24,complete_24_hours,Original weather CSV,available
3409454,Hirawadi,2025-12-05,64.5,µg/m³,20.021503,73.813844,,1.19,,23.7,49.6,125.0,,22.4,20.758333333333333,15.1,27.4,0.0,10.975,62.25,24,complete_24_hours,Original weather CSV,available
3409454,Hirawadi,2025-12-06,60.7,µg/m³,20.021503,73.813844,,1.21,,21.8,31.8,128.0,,11.8,16.4,15.2,17.6,0.0,10.78,76.8,5,incomplete_day,Original weather CSV,available
3409454,Hirawadi,2025-12-07,54.0,µg/m³,20.021503,73.813844,,1.04,,11.2,63.1,109.0,,0.963,18.98333333333333,13.4,26.1,0.0,12.316666666666668,55.333333333333336,24,complete_24_hours,Open-Meteo Historical Weather API,available
3409454,Hirawadi,2025-12-08,47.2,µg/m³,20.021503,73.813844,,1.19,,21.5,43.2,101.0,,4.2,18.5875,12.6,26.3,0.0,10.658333333333331,48.375,24,complete_24_hours,Open-Meteo Historical Weather API,available
3409454,Hirawadi,2025-12-09,42.9,µg/m³,20.021503,73.813844,,0.678,,11.9,78.1,104.0,,16.9,18.475,11.8,26.4,0.0,12.695833333333333,41.875,24,complete_24_hours,Open-Meteo Historical Weather API,available
3409454,Hirawadi,2025-12-10,42.0,µg/m³,20.021503,73.813844,,0.393,,4.12,61.5,109.0,,7.17,18.48333333333333,12.1,26.2,0.0,10.279166666666669,40.875,24,complete_24_hours,Open-Meteo Historical Weather API,available
3409454,Hirawadi,2025-12-11,47.7,µg/m³,20.021503,73.813844,,0.612,,13.7,40.7,95.6,,5.37,18.02083333333333,11.3,25.5,0.0,8.762500000000001,43.16666666666666,24,complete_24_hours,Open-Meteo Historical Weather API,available
3409454,Hirawadi,2025-12-12,56.1,µg/m³,20.021503,73.813844,,0.6,,12.5,28.8,114.0,,1.13,18.204166666666666,12.0,25.9,0.0,9.129166666666666,43.625,24,complete_24_hours,Open-Meteo Historical Weather API,available
3409454,Hirawadi,2025-12-13,58.3,µg/m³,20.021503,73.813844,,0.903,,12.7,42.0,106.0,,9.12,18.9875,12.1,27.0,0.0,9.925,45.125,24,complete_24_hours,Open-Meteo Historical Weather API,available
3409454,Hirawadi,2025-12-14,55.5,µg/m³,20.021503,73.813844,,0.98,,20.2,18.6,111.0,,6.18,19.0875,13.0,26.7,0.0,10.554166666666667,48.708333333333336,24,complete_24_hours,Open-Meteo Historical Weather API,available
3409454,Hirawadi,2025-12-15,59.2,µg/m³,20.021503,73.813844,,,,,,108.0,,,18.379166666666663,12.4,25.9,0.0,11.408333333333331,48.083333333333336,24,complete_24_hours,Open-Meteo Historical Weather API,available
3409454,Hirawadi,2025-12-16,62.0,µg/m³,20.021503,73.813844,,,,,,147.0,,,18.225,11.8,25.9,0.0,12.9625,51.16666666666666,24,complete_24_hours,Open-Meteo Historical Weather API,available
3409454,Hirawadi,2025-12-17,74.3,µg/m³,20.021503,73.813844,,1.08,,10.1,68.1,135.0,,29.2,18.954166666666666,12.2,27.2,0.0,11.008333333333333,56.5,24,complete_24_hours,Open-Meteo Historical Weather API,available
3409454,Hirawadi,2025-12-18,64.3,µg/m³,20.021503,73.813844,,0.787,,6.4,58.8,116.0,,17.6,19.2,12.6,27.4,0.0,10.716666666666669,50.833333333333336,24,complete_24_hours,Open-Meteo Historical Weather API,available
3409454,Hirawadi,2025-12-19,44.5,µg/m³,20.021503,73.813844,,,,,,82.0,,,18.870833333333334,12.3,27.5,0.0,10.216666666666669,43.125,24,complete_24_hours,Open-Meteo Historical Weather API,available
3409454,Hirawadi,2025-12-20,34.1,µg/m³,20.021503,73.813844,,0.827,,10.2,36.7,65.8,,4.59,18.55,12.3,26.9,0.0,10.5,39.125,24,complete_24_hours,Open-Meteo Historical Weather API,available
3409454,Hirawadi,2025-12-21,41.2,µg/m³,20.021503,73.813844,,0.86,,7.98,40.1,93.8,,9.82,18.03333333333333,12.1,25.0,0.0,11.108333333333334,40.375,24,complete_24_hours,Open-Meteo Historical Weather API,available
3409454,Hirawadi,2025-12-22,47.5,µg/m³,20.021503,73.813844,,0.79,,4.46,71.1,108.0,,18.8,18.20833333333333,11.6,25.9,0.0,11.304166666666667,45.375,24,complete_24_hours,Open-Meteo Historical Weather API,available
3409454,Hirawadi,2025-12-23,35.4,µg/m³,20.021503,73.813844,,0.975,,8.09,48.7,79.1,,11.9,18.6875,12.2,26.3,0.0,10.6875,47.083333333333336,24,complete_24_hours,Open-Meteo Historical Weather API,available
3409454,Hirawadi,2025-12-24,36.9,µg/m³,20.021503,73.813844,,0.935,,10.9,34.5,116.0,,14.3,18.391666666666666,12.3,25.3,0.0,10.779166666666669,45.958333333333336,24,complete_24_hours,Open-Meteo Historical Weather API,available
3409454,Hirawadi,2025-12-25,49.7,µg/m³,20.021503,73.813844,,1.02,,11.5,28.4,121.0,,17.3,18.379166666666663,12.3,25.4,0.0,9.745833333333334,44.29166666666666,24,complete_24_hours,Open-Meteo Historical Weather API,available
3409454,Hirawadi,2025-12-26,56.7,µg/m³,20.021503,73.813844,,1.14,,14.3,42.0,112.0,,16.1,18.2,11.6,25.4,0.0,9.595833333333331,49.54166666666666,24,complete_24_hours,Open-Meteo Historical Weather API,available
3409454,Hirawadi,2025-12-27,50.3,µg/m³,20.021503,73.813844,,1.18,,10.2,49.9,118.0,,31.1,18.72083333333333,12.4,25.9,0.0,8.366666666666667,48.04166666666666,24,complete_24_hours,Open-Meteo Historical Weather API,available
3409454,Hirawadi,2025-12-28,55.7,µg/m³,20.021503,73.813844,,1.39,,18.3,36.3,132.0,,17.7,18.5875,12.0,25.8,0.0,9.258333333333333,50.458333333333336,24,complete_24_hours,Open-Meteo Historical Weather API,available
3409454,Hirawadi,2025-12-29,57.6,µg/m³,20.021503,73.813844,,1.38,,16.5,21.1,111.0,,12.9,18.379166666666663,11.8,25.6,0.0,8.366666666666667,48.958333333333336,24,complete_24_hours,Open-Meteo Historical Weather API,available
3409454,Hirawadi,2025-12-30,64.1,µg/m³,20.021503,73.813844,,1.26,,8.85,71.3,102.0,,39.8,18.42083333333333,11.4,26.8,0.0,8.1875,49.333333333333336,24,complete_24_hours,Open-Meteo Historical Weather API,available
3409454,Hirawadi,2025-12-31,63.4,µg/m³,20.021503,73.813844,,1.34,,14.9,17.6,88.4,,14.2,18.179166666666667,12.0,25.6,0.0,6.570833333333334,58.16666666666666,24,complete_24_hours,Open-Meteo Historical Weather API,available
3409453,MIDC Ambad,2025-02-19,33.9,µg/m³,19.95022,73.73148,,0.594,,6.59,46.1,102.0,,13.6,25.525,18.4,32.6,0.0,7.712499999999999,33.333333333333336,24,complete_24_hours,Original weather CSV,available
3409453,MIDC Ambad,2025-02-20,42.1,µg/m³,19.95022,73.73148,,0.655,,13.7,36.2,117.0,,19.0,25.875,18.4,32.9,0.0,6.7125,31.625,24,complete_24_hours,Original weather CSV,available
3409453,MIDC Ambad,2025-02-21,46.9,µg/m³,19.95022,73.73148,,0.601,,10.8,40.6,117.0,,17.6,26.316666666666663,19.3,33.3,0.0,7.558333333333334,27.45833333333333,24,complete_24_hours,Original weather CSV,available
3409453,MIDC Ambad,2025-02-22,45.6,µg/m³,19.95022,73.73148,,0.653,,13.9,21.4,125.0,,16.4,26.475,18.6,34.3,0.0,7.695833333333333,28.541666666666668,24,complete_24_hours,Original weather CSV,available
3409453,MIDC Ambad,2025-02-23,51.2,µg/m³,19.95022,73.73148,,0.888,,14.8,37.5,151.0,,21.1,26.3875,19.5,34.1,0.0,6.625,27.541666666666668,24,complete_24_hours,Original weather CSV,available
3409453,MIDC Ambad,2025-02-24,53.0,µg/m³,19.95022,73.73148,,0.64,,13.8,37.4,135.0,,33.7,26.204166666666666,19.1,33.2,0.0,7.541666666666667,26.416666666666668,24,complete_24_hours,Original weather CSV,available
3409453,MIDC Ambad,2025-02-25,38.8,µg/m³,19.95022,73.73148,,0.689,,12.5,51.0,115.0,,24.2,26.15,18.9,33.4,0.0,7.345833333333334,29.875,24,complete_24_hours,Original weather CSV,available
3409453,MIDC Ambad,2025-02-26,69.4,µg/m³,19.95022,73.73148,,0.872,,18.0,42.7,173.0,,24.3,26.5,19.7,33.8,0.0,10.283333333333331,32.166666666666664,24,complete_24_hours,Original weather CSV,available
3409453,MIDC Ambad,2025-02-27,57.3,µg/m³,19.95022,73.73148,,0.353,,10.8,60.4,136.0,,18.3,27.379166666666663,20.4,34.9,0.0,7.783333333333334,33.041666666666664,24,complete_24_hours,Original weather CSV,available
3409453,MIDC Ambad,2025-02-28,63.7,µg/m³,19.95022,73.73148,,0.48,,10.7,66.3,158.0,,17.0,27.85,20.8,36.0,0.0,6.608333333333333,33.708333333333336,24,complete_24_hours,Original weather CSV,available
3409453,MIDC Ambad,2025-03-01,74.4,µg/m³,19.95022,73.73148,,0.481,,8.89,72.4,185.0,,19.3,27.966666666666665,21.9,35.8,0.0,8.320833333333333,34.25,24,complete_24_hours,Original weather CSV,available
3409453,MIDC Ambad,2025-03-02,41.3,µg/m³,19.95022,73.73148,,0.272,,6.64,66.7,113.0,,14.5,27.17083333333333,20.9,34.3,0.0,9.825,30.95833333333333,24,complete_24_hours,Original weather CSV,available
3409453,MIDC Ambad,2025-03-03,50.0,µg/m³,19.95022,73.73148,,0.247,,10.1,50.2,149.0,,18.9,27.879166666666663,20.3,35.3,0.0,10.895833333333334,27.875,24,complete_24_hours,Original weather CSV,available
3409453,MIDC Ambad,2025-03-04,41.6,µg/m³,19.95022,73.73148,,0.245,,5.86,59.2,118.0,,14.3,27.366666666666664,20.3,35.0,0.0,8.716666666666667,31.166666666666668,24,complete_24_hours,Original weather CSV,available
3409453,MIDC Ambad,2025-03-05,46.5,µg/m³,19.95022,73.73148,,0.41,,10.9,43.4,147.0,,32.4,25.525,19.4,33.0,0.0,11.25,25.33333333333333,24,complete_24_hours,Original weather CSV,available
3409453,MIDC Ambad,2025-03-06,35.6,µg/m³,19.95022,73.73148,,0.39,,15.1,59.5,129.0,,17.9,25.308333333333334,16.6,34.2,0.0,7.320833333333333,18.125,24,complete_24_hours,Original weather CSV,available
3409453,MIDC Ambad,2025-03-07,105.0,µg/m³,19.95022,73.73148,,0.684,,26.2,44.0,254.0,,32.0,26.854166666666668,18.6,35.1,0.0,6.791666666666667,19.041666666666668,24,complete_24_hours,Original weather CSV,available
3409453,MIDC Ambad,2025-03-08,54.0,µg/m³,19.95022,73.73148,,0.3,,6.98,64.1,114.0,,19.6,27.96666666666667,19.2,36.1,0.0,7.85,19.625,24,complete_24_hours,Original weather CSV,available
3409453,MIDC Ambad,2025-03-09,53.8,µg/m³,19.95022,73.73148,,0.798,,12.3,52.6,138.0,,27.6,28.4625,20.9,36.1,0.0,5.25,23.75,24,complete_24_hours,Original weather CSV,available
3409453,MIDC Ambad,2025-03-10,59.5,µg/m³,19.95022,73.73148,,0.595,,14.0,51.5,144.0,,11.9,28.88333333333333,21.7,36.4,0.0,10.6625,26.95833333333333,24,complete_24_hours,Original weather CSV,available
3409453,MIDC Ambad,2025-03-11,78.7,µg/m³,19.95022,73.73148,,0.836,,15.7,56.8,187.0,,9.33,29.84166666666667,22.6,37.0,0.0,8.891666666666667,28.666666666666668,24,complete_24_hours,Original weather CSV,available
3409453,MIDC Ambad,2025-03-12,74.1,µg/m³,19.95022,73.73148,,0.913,,15.9,55.2,175.0,,9.2,30.1125,22.7,37.8,0.0,4.55,27.58333333333333,24,complete_24_hours,Original weather CSV,available
3409453,MIDC Ambad,2025-03-13,69.2,µg/m³,19.95022,73.73148,,0.578,,11.5,56.7,170.0,,9.89,30.02916666666667,22.7,37.4,0.0,9.666666666666666,27.58333333333333,24,complete_24_hours,Original weather CSV,available
3409453,MIDC Ambad,2025-03-14,36.7,µg/m³,19.95022,73.73148,,0.237,,6.83,50.4,97.7,,9.49,29.5375,22.1,36.4,0.0,9.0375,20.75,24,complete_24_hours,Original weather CSV,available
3409453,MIDC Ambad,2025-03-15,29.0,µg/m³,19.95022,73.73148,,0.148,,4.83,54.7,72.1,,5.75,29.541666666666668,22.0,37.5,0.0,8.775,22.666666666666668,24,complete_24_hours,Original weather CSV,available
3409453,MIDC Ambad,2025-03-16,29.5,µg/m³,19.95022,73.73148,,0.254,,5.39,48.7,82.9,,6.0,28.808333333333334,22.7,36.0,0.0,8.620833333333334,25.291666666666668,24,complete_24_hours,Original weather CSV,available
3409453,MIDC Ambad,2025-03-17,38.4,µg/m³,19.95022,73.73148,,0.585,,9.23,42.1,113.0,,8.9,28.541666666666668,23.2,34.7,0.0,10.5375,25.83333333333333,24,complete_24_hours,Original weather CSV,available
3409453,MIDC Ambad,2025-03-18,57.7,µg/m³,19.95022,73.73148,,0.788,,9.51,55.3,146.0,,9.47,28.29583333333333,20.6,36.7,0.0,8.820833333333333,27.916666666666668,24,complete_24_hours,Original weather CSV,available
3409453,MIDC Ambad,2025-03-19,55.4,µg/m³,19.95022,73.73148,,0.64,,4.6,47.1,137.0,,11.4,28.225,20.8,36.5,0.0,8.220833333333333,23.95833333333333,24,complete_24_hours,Original weather CSV,available
3409453,MIDC Ambad,2025-03-20,39.3,µg/m³,19.95022,73.73148,,0.537,,8.35,47.4,113.0,,10.1,27.4875,21.0,34.4,0.0,8.887500000000001,22.75,24,complete_24_hours,Original weather CSV,available
3409453,MIDC Ambad,2025-03-21,31.0,µg/m³,19.95022,73.73148,,0.498,,7.26,54.9,99.2,,7.71,26.95833333333333,20.6,33.9,0.0,9.983333333333333,27.666666666666668,24,complete_24_hours,Original weather CSV,available
3409453,MIDC Ambad,2025-03-22,37.4,µg/m³,19.95022,73.73148,,0.762,,22.2,58.5,108.0,,7.14,27.28333333333333,18.8,34.9,0.0,6.075,24.291666666666668,24,complete_24_hours,Original weather CSV,available
3409453,MIDC Ambad,2025-03-23,47.2,µg/m³,19.95022,73.73148,,0.547,,8.51,63.1,136.0,,10.5,28.804166666666664,20.0,36.0,0.0,6.670833333333333,21.291666666666668,24,complete_24_hours,Original weather CSV,available
3409453,MIDC Ambad,2025-03-24,47.9,µg/m³,19.95022,73.73148,,0.589,,10.1,57.1,152.0,,11.6,29.58333333333333,22.3,36.5,0.0,7.679166666666667,22.875,24,complete_24_hours,Original weather CSV,available
3409453,MIDC Ambad,2025-03-25,67.4,µg/m³,19.95022,73.73148,,0.726,,10.8,62.6,165.0,,12.3,29.495833333333334,21.9,37.1,0.0,7.333333333333333,25.58333333333333,24,complete_24_hours,Original weather CSV,available
3409453,MIDC Ambad,2025-03-26,48.7,µg/m³,19.95022,73.73148,,0.593,,7.92,63.8,121.0,,10.0,28.9625,22.1,37.2,0.0,8.733333333333333,30.75,24,complete_24_hours,Original weather CSV,available
3409453,MIDC Ambad,2025-03-27,29.7,µg/m³,19.95022,73.73148,,0.277,,5.11,45.9,74.2,,5.76,27.55,21.3,34.9,0.0,10.75,36.91666666666666,24,complete_24_hours,Original weather CSV,available
3409453,MIDC Ambad,2025-03-28,36.4,µg/m³,19.95022,73.73148,,0.502,,7.05,56.2,95.0,,7.82,28.79583333333333,20.9,37.4,0.0,8.770833333333334,35.708333333333336,24,complete_24_hours,Original weather CSV,available
3409453,MIDC Ambad,2025-03-29,59.2,µg/m³,19.95022,73.73148,,0.658,,9.98,68.7,171.0,,14.6,30.67083333333333,23.4,37.9,0.0,9.904166666666669,18.416666666666668,24,complete_24_hours,Original weather CSV,available
3409453,MIDC Ambad,2025-03-30,58.7,µg/m³,19.95022,73.73148,,0.454,,9.33,47.9,151.0,,12.0,31.4125,24.1,39.0,0.0,9.133333333333333,18.33333333333333,24,complete_24_hours,Original weather CSV,available
3409453,MIDC Ambad,2025-03-31,66.0,µg/m³,19.95022,73.73148,,0.629,,10.1,60.0,163.0,,18.4,31.979166666666668,26.8,38.8,0.0,7.504166666666666,18.875,24,complete_24_hours,Original weather CSV,available
3409453,MIDC Ambad,2025-04-01,55.9,µg/m³,19.95022,73.73148,,0.742,,13.0,43.2,162.0,,18.1,30.570833333333336,25.4,38.3,0.1,6.741666666666667,25.45833333333333,24,complete_24_hours,Original weather CSV,available
3409453,MIDC Ambad,2025-04-02,42.2,µg/m³,19.95022,73.73148,,0.459,,10.9,44.1,131.0,,7.7,28.8625,24.4,37.1,1.2,7.358333333333333,40.375,24,complete_24_hours,Original weather CSV,available
3409453,MIDC Ambad,2025-04-03,57.8,µg/m³,19.95022,73.73148,,0.585,,11.3,48.6,117.0,,2.84,27.991666666666664,22.1,35.9,5.9,6.104166666666667,47.958333333333336,24,complete_24_hours,Original weather CSV,available
3409453,MIDC Ambad,2025-04-04,63.6,µg/m³,19.95022,73.73148,,0.412,,7.64,41.4,128.0,,4.9,27.96666666666667,21.6,35.3,0.0,8.5375,53.79166666666666,24,complete_24_hours,Original weather CSV,available
3409453,MIDC Ambad,2025-04-05,41.0,µg/m³,19.95022,73.73148,,0.425,,7.7,51.8,94.0,,7.56,30.2625,21.9,38.2,0.0,9.345833333333331,26.33333333333333,24,complete_24_hours,Original weather CSV,available
3409453,MIDC Ambad,2025-04-06,42.7,µg/m³,19.95022,73.73148,,0.354,,7.92,51.7,110.0,,10.5,31.77083333333333,24.3,38.9,0.0,10.145833333333334,18.45833333333333,24,complete_24_hours,Original weather CSV,available
3409453,MIDC Ambad,2025-04-07,25.8,µg/m³,19.95022,73.73148,,0.652,,7.61,67.3,89.0,,11.1,31.683333333333334,23.0,40.2,0.0,9.733333333333333,20.041666666666668,24,complete_24_hours,Original weather CSV,available
3409453,MIDC Ambad,2025-04-08,33.7,µg/m³,19.95022,73.73148,,0.338,,7.55,49.6,111.0,,17.5,33.05833333333333,24.7,40.3,0.0,10.041666666666666,16.0,24,complete_24_hours,Original weather CSV,available
3409453,MIDC Ambad,2025-04-09,44.4,µg/m³,19.95022,73.73148,,0.273,,7.04,41.6,109.0,,18.7,32.8375,26.5,40.1,0.0,13.329166666666666,17.833333333333332,24,complete_24_hours,Original weather CSV,available
3409453,MIDC Ambad,2025-04-11,38.7,µg/m³,19.95022,73.73148,,0.197,,5.14,36.2,103.0,,5.96,28.945833333333336,22.9,36.2,0.0,13.879166666666668,33.833333333333336,24,complete_24_hours,Original weather CSV,available
3409453,MIDC Ambad,2025-04-12,39.5,µg/m³,19.95022,73.73148,,0.317,,6.33,29.8,92.0,,3.2,27.75,20.9,35.5,0.0,13.525,52.708333333333336,24,complete_24_hours,Original weather CSV,available
3409453,MIDC Ambad,2025-04-13,36.7,µg/m³,19.95022,73.73148,,0.276,,6.41,35.4,88.9,,2.17,28.741666666666664,21.0,36.5,0.0,11.4,47.958333333333336,24,complete_24_hours,Original weather CSV,available
3409453,MIDC Ambad,2025-04-14,31.7,µg/m³,19.95022,73.73148,,0.296,,4.17,36.5,85.3,,4.94,30.27083333333333,23.1,37.4,0.0,12.158333333333331,29.041666666666668,24,complete_24_hours,Original weather CSV,available
3409453,MIDC Ambad,2025-04-15,22.5,µg/m³,19.95022,73.73148,,0.205,,5.47,49.9,78.5,,9.19,31.075,24.7,38.5,0.0,12.05,24.625,24,complete_24_hours,Original weather CSV,available
3409453,MIDC Ambad,2025-04-16,28.5,µg/m³,19.95022,73.73148,,0.118,,7.09,54.1,101.0,,7.97,30.7875,23.8,38.3,0.0,11.720833333333331,29.541666666666668,24,complete_24_hours,Original weather CSV,available
3409453,MIDC Ambad,2025-04-17,38.2,µg/m³,19.95022,73.73148,,0.242,,7.7,40.9,104.0,,5.48,30.34166666666667,23.5,38.7,0.0,12.441666666666668,34.666666666666664,24,complete_24_hours,Original weather CSV,available
3409453,MIDC Ambad,2025-04-18,40.9,µg/m³,19.95022,73.73148,,0.225,,6.23,38.2,95.4,,5.11,30.329166666666666,23.0,38.6,0.0,12.229166666666666,37.208333333333336,24,complete_24_hours,Original weather CSV,available
3409453,MIDC Ambad,2025-04-19,36.6,µg/m³,19.95022,73.73148,,0.227,,6.24,43.9,80.1,,5.09,30.475,24.6,37.7,0.0,13.345833333333331,33.166666666666664,24,complete_24_hours,Original weather CSV,available
3409453,MIDC Ambad,2025-04-20,44.5,µg/m³,19.95022,73.73148,,0.24,,7.49,38.2,148.0,,5.18,29.495833333333334,22.6,36.9,0.0,11.9875,37.41666666666666,24,complete_24_hours,Original weather CSV,available
3409453,MIDC Ambad,2025-04-21,42.8,µg/m³,19.95022,73.73148,,0.458,,7.5,43.3,128.0,,6.64,30.55,22.5,38.5,0.0,10.1,36.25,24,complete_24_hours,Original weather CSV,available
3409453,MIDC Ambad,2025-04-22,40.6,µg/m³,19.95022,73.73148,,0.413,,7.23,52.9,132.0,,8.21,32.204166666666666,24.2,41.2,0.0,9.470833333333331,27.125,24,complete_24_hours,Original weather CSV,available
3409453,MIDC Ambad,2025-04-23,41.9,µg/m³,19.95022,73.73148,,0.416,,9.05,52.6,118.0,,14.6,32.3375,24.5,39.9,0.0,9.841666666666669,22.70833333333333,24,complete_24_hours,Original weather CSV,available
3409453,MIDC Ambad,2025-04-24,45.5,µg/m³,19.95022,73.73148,,0.391,,7.81,49.5,113.0,,11.7,31.72083333333333,25.5,39.3,0.0,11.266666666666666,26.33333333333333,24,complete_24_hours,Original weather CSV,available
3409453,MIDC Ambad,2025-04-25,37.9,µg/m³,19.95022,73.73148,,0.356,,6.72,42.2,95.5,,5.67,30.77916666666667,24.0,38.4,0.0,10.591666666666669,28.625,24,complete_24_hours,Original weather CSV,available
3409453,MIDC Ambad,2025-04-26,39.6,µg/m³,19.95022,73.73148,,0.406,,7.88,31.0,92.7,,8.17,30.85833333333333,24.3,37.6,0.0,11.125,28.666666666666668,24,complete_24_hours,Original weather CSV,available
3409453,MIDC Ambad,2025-04-27,33.5,µg/m³,19.95022,73.73148,,0.35,,8.06,40.2,91.5,,7.91,30.854166666666668,21.8,39.0,0.0,10.270833333333334,35.5,24,complete_24_hours,Original weather CSV,available
3409453,MIDC Ambad,2025-04-28,45.7,µg/m³,19.95022,73.73148,,0.321,,8.74,45.8,118.0,,9.49,30.78333333333333,22.9,38.6,0.0,11.175,36.458333333333336,24,complete_24_hours,Original weather CSV,available
3409453,MIDC Ambad,2025-04-29,41.8,µg/m³,19.95022,73.73148,,0.329,,8.54,39.9,113.0,,4.86,31.05,23.2,38.6,0.0,11.629166666666668,40.875,24,complete_24_hours,Original weather CSV,available
3409453,MIDC Ambad,2025-04-30,33.7,µg/m³,19.95022,73.73148,,0.283,,8.07,37.7,92.7,,5.31,30.65,23.6,38.4,0.0,13.2125,37.29166666666666,24,complete_24_hours,Original weather CSV,available
3409453,MIDC Ambad,2025-05-01,30.9,µg/m³,19.95022,73.73148,,0.286,,5.57,44.5,82.7,,6.77,31.8375,25.6,39.8,0.0,13.558333333333332,28.08333333333333,24,complete_24_hours,Original weather CSV,available
3409453,MIDC Ambad,2025-05-02,24.7,µg/m³,19.95022,73.73148,,0.285,,6.46,46.0,77.2,,6.62,31.65833333333333,24.7,39.4,0.0,12.8875,24.75,24,complete_24_hours,Original weather CSV,available
3409453,MIDC Ambad,2025-05-03,23.3,µg/m³,19.95022,73.73148,,0.247,,4.45,45.7,65.5,,4.25,29.641666666666666,23.7,37.1,0.0,13.658333333333331,36.04166666666666,24,complete_24_hours,Original weather CSV,available
3409453,MIDC Ambad,2025-05-04,30.3,µg/m³,19.95022,73.73148,,0.428,,4.84,29.9,86.1,,2.96,27.566666666666663,21.9,34.0,0.0,14.475,57.625,24,complete_24_hours,Original weather CSV,available
3409453,MIDC Ambad,2025-05-05,36.4,µg/m³,19.95022,73.73148,,0.403,,5.78,28.5,92.5,,4.84,28.254166666666663,22.4,35.5,0.1,11.7375,59.125,24,complete_24_hours,Original weather CSV,available
3409453,MIDC Ambad,2025-05-06,34.7,µg/m³,19.95022,73.73148,,0.414,,6.64,26.6,110.0,,4.43,26.241666666666664,21.7,33.7,0.5,14.541666666666666,65.33333333333333,24,complete_24_hours,Original weather CSV,available
3409453,MIDC Ambad,2025-05-07,19.2,µg/m³,19.95022,73.73148,,0.378,,8.93,30.6,41.9,,5.83,25.495833333333334,21.4,32.6,0.8,15.25,67.45833333333333,24,complete_24_hours,Original weather CSV,available
3409453,MIDC Ambad,2025-05-08,19.5,µg/m³,19.95022,73.73148,,0.392,,6.21,36.2,43.7,,5.06,24.675,21.4,30.8,3.8,13.841666666666669,73.91666666666667,24,complete_24_hours,Original weather CSV,available
3409453,MIDC Ambad,2025-05-09,22.7,µg/m³,19.95022,73.73148,,0.383,,7.61,32.1,59.0,,4.26,25.454166666666666,20.7,31.6,2.2,10.2625,70.29166666666667,24,complete_24_hours,Original weather CSV,available
3409453,MIDC Ambad,2025-05-10,31.4,µg/m³,19.95022,73.73148,,0.486,,3.68,20.0,55.2,,3.39,27.02916666666667,21.7,34.4,0.0,8.125,68.0,24,complete_24_hours,Original weather CSV,available
3409453,MIDC Ambad,2025-05-11,23.7,µg/m³,19.95022,73.73148,,0.471,,14.8,24.4,55.8,,5.52,27.6625,22.3,35.3,1.4,6.575,67.29166666666667,24,complete_24_hours,Original weather CSV,available
3409453,MIDC Ambad,2025-05-12,39.0,µg/m³,19.95022,73.73148,,0.434,,11.7,27.3,68.3,,2.62,27.3,23.2,36.1,5.6,6.2,70.41666666666667,24,complete_24_hours,Original weather CSV,available
3409453,MIDC Ambad,2025-05-13,38.6,µg/m³,19.95022,73.73148,,0.879,,8.18,19.7,72.9,,2.25,26.20833333333333,23.0,33.7,12.7,5.245833333333334,77.125,24,complete_24_hours,Original weather CSV,available
3409453,MIDC Ambad,2025-05-14,50.8,µg/m³,19.95022,73.73148,,0.37,,7.74,18.9,106.0,,3.39,26.1875,22.4,32.6,1.9,4.9750000000000005,79.70833333333333,24,complete_24_hours,Original weather CSV,available
3409453,MIDC Ambad,2025-05-15,41.2,µg/m³,19.95022,73.73148,,0.301,,8.94,17.8,100.0,,2.94,26.4125,23.3,32.2,3.7,5.5375000000000005,80.29166666666667,24,complete_24_hours,Original weather CSV,available
3409453,MIDC Ambad,2025-05-16,34.3,µg/m³,19.95022,73.73148,,0.432,,7.12,26.3,82.2,,1.39,25.67083333333333,23.0,31.9,19.6,7.508333333333333,84.125,24,complete_24_hours,Original weather CSV,available
3409453,MIDC Ambad,2025-05-17,36.7,µg/m³,19.95022,73.73148,,0.298,,4.61,16.9,76.2,,1.17,26.504166666666663,23.1,31.6,4.3,7.866666666666667,79.66666666666667,24,complete_24_hours,Original weather CSV,available
3409453,MIDC Ambad,2025-05-18,34.3,µg/m³,19.95022,73.73148,,0.252,,6.03,21.4,77.1,,0.933,26.820833333333336,22.9,32.6,4.1000000000000005,6.516666666666667,77.625,24,complete_24_hours,Original weather CSV,available
3409453,MIDC Ambad,2025-05-19,40.6,µg/m³,19.95022,73.73148,,0.456,,12.0,23.2,85.9,,2.59,26.604166666666668,23.3,32.6,7.399999999999999,5.116666666666666,81.08333333333333,24,complete_24_hours,Original weather CSV,available
3409453,MIDC Ambad,2025-05-20,55.3,µg/m³,19.95022,73.73148,,0.413,,13.5,24.6,115.0,,3.27,26.879166666666663,24.1,31.9,15.000000000000002,6.645833333333333,82.5,24,complete_24_hours,Original weather CSV,available
3409453,MIDC Ambad,2025-05-21,33.0,µg/m³,19.95022,73.73148,,0.356,,16.2,38.0,76.5,,4.02,26.22083333333333,22.8,30.1,7.3,4.570833333333334,78.375,24,complete_24_hours,Original weather CSV,available
3409453,MIDC Ambad,2025-05-22,30.1,µg/m³,19.95022,73.73148,,0.336,,18.1,26.3,81.4,,2.78,25.4125,22.5,28.1,2.4,8.383333333333333,81.75,24,complete_24_hours,Original weather CSV,available
3409453,MIDC Ambad,2025-05-23,24.3,µg/m³,19.95022,73.73148,,0.443,,18.4,18.0,83.0,,2.03,25.64583333333333,23.1,28.2,0.0,7.899999999999999,80.5,24,complete_24_hours,Original weather CSV,available
3409453,MIDC Ambad,2025-05-24,38.8,µg/m³,19.95022,73.73148,,0.33,,13.9,22.8,65.0,,2.05,25.125,23.5,27.2,1.7,7.658333333333334,80.79166666666667,24,complete_24_hours,Original weather CSV,available
3409453,MIDC Ambad,2025-05-25,46.1,µg/m³,19.95022,73.73148,,0.399,,9.21,27.2,102.0,,4.25,25.75,23.4,30.7,16.900000000000002,10.375,82.54166666666667,24,complete_24_hours,Original weather CSV,available
3409453,MIDC Ambad,2025-05-26,42.5,µg/m³,19.95022,73.73148,,0.325,,10.2,27.8,107.0,,3.23,27.137500000000003,23.8,33.1,3.3,9.916666666666666,79.83333333333333,24,complete_24_hours,Original weather CSV,available
3409453,MIDC Ambad,2025-05-27,33.6,µg/m³,19.95022,73.73148,,0.332,,22.8,31.1,84.8,,3.57,25.8,23.4,30.3,2.8,13.766666666666666,83.79166666666667,24,complete_24_hours,Original weather CSV,available
3409453,MIDC Ambad,2025-05-28,35.9,µg/m³,19.95022,73.73148,,0.409,,15.0,27.8,88.4,,3.75,25.266666666666666,22.6,29.0,2.6,14.675,87.0,24,complete_24_hours,Original weather CSV,available
3409453,MIDC Ambad,2025-05-29,31.6,µg/m³,19.95022,73.73148,,0.319,,11.4,26.4,120.0,,3.03,26.6875,23.4,31.9,2.3,14.745833333333332,80.54166666666667,24,complete_24_hours,Original weather CSV,available
3409453,MIDC Ambad,2025-05-30,41.5,µg/m³,19.95022,73.73148,,0.165,,7.62,37.7,139.0,,3.84,26.77083333333333,23.7,31.1,0.0,19.379166666666663,77.375,24,complete_24_hours,Original weather CSV,available
3409453,MIDC Ambad,2025-05-31,37.5,µg/m³,19.95022,73.73148,,0.171,,6.28,41.5,116.0,,2.46,26.1125,23.7,30.7,0.8,20.20833333333333,79.25,24,complete_24_hours,Original weather CSV,available
3409453,MIDC Ambad,2025-06-01,41.8,µg/m³,19.95022,73.73148,,0.161,,5.97,28.5,106.0,,4.16,25.508333333333336,22.4,30.0,0.9,16.916666666666668,80.20833333333333,24,complete_24_hours,Original weather CSV,available
3409453,MIDC Ambad,2025-06-02,36.4,µg/m³,19.95022,73.73148,,0.246,,5.86,37.5,99.3,,3.16,25.3625,22.2,30.0,0.3,17.483333333333334,79.04166666666667,24,complete_24_hours,Original weather CSV,available
3409453,MIDC Ambad,2025-06-03,35.6,µg/m³,19.95022,73.73148,,0.274,,5.38,37.3,98.0,,4.99,24.96666666666667,21.7,29.3,0.7000000000000001,17.633333333333333,80.20833333333333,24,complete_24_hours,Original weather CSV,available
3409453,MIDC Ambad,2025-06-06,43.4,µg/m³,19.95022,73.73148,,0.34,,11.1,34.7,92.9,,6.74,25.73333333333333,21.5,32.0,6.7,8.033333333333333,78.70833333333333,24,complete_24_hours,Original weather CSV,available
3409453,MIDC Ambad,2025-06-07,42.6,µg/m³,19.95022,73.73148,,0.237,,6.24,19.4,82.8,,6.27,25.9625,22.5,30.8,1.7,11.004166666666668,81.04166666666667,24,complete_24_hours,Original weather CSV,available
3409453,MIDC Ambad,2025-06-08,32.8,µg/m³,19.95022,73.73148,,0.376,,5.43,26.1,84.4,,1.53,26.45833333333333,23.1,31.3,1.0,11.9,78.0,24,complete_24_hours,Original weather CSV,available
3409453,MIDC Ambad,2025-06-09,31.7,µg/m³,19.95022,73.73148,,0.382,,4.84,23.0,96.4,,1.99,26.59166666666667,23.4,31.7,0.0,14.954166666666666,75.58333333333333,24,complete_24_hours,Original weather CSV,available
3409453,MIDC Ambad,2025-06-10,29.5,µg/m³,19.95022,73.73148,,0.385,,2.33,33.0,86.6,,2.2,26.566666666666663,22.8,31.6,0.0,14.7375,74.16666666666667,24,complete_24_hours,Original weather CSV,available
3409453,MIDC Ambad,2025-06-11,29.5,µg/m³,19.95022,73.73148,,0.365,,2.36,36.6,77.3,,1.71,27.075,23.2,32.1,0.0,15.345833333333331,74.95833333333333,24,complete_24_hours,Original weather CSV,available
3409453,MIDC Ambad,2025-06-12,37.2,µg/m³,19.95022,73.73148,,0.436,,2.65,40.1,81.3,,1.3,27.166666666666668,24.5,33.2,8.100000000000001,13.291666666666666,79.25,24,complete_24_hours,Original weather CSV,available
3409453,MIDC Ambad,2025-06-13,33.6,µg/m³,19.95022,73.73148,,0.356,,2.47,19.6,63.6,,2.92,25.7375,23.3,30.1,44.4,8.779166666666667,86.54166666666667,24,complete_24_hours,Original weather CSV,available
3409453,MIDC Ambad,2025-06-14,39.5,µg/m³,19.95022,73.73148,,0.372,,3.16,22.2,76.3,,2.27,26.23333333333333,23.0,32.3,36.9,5.416666666666667,85.875,24,complete_24_hours,Original weather CSV,available
3409453,MIDC Ambad,2025-06-15,42.8,µg/m³,19.95022,73.73148,,0.37,,3.11,22.1,54.9,,1.43,25.98333333333333,23.2,29.7,2.8000000000000003,5.4875,84.08333333333333,24,complete_24_hours,Original weather CSV,available
3409453,MIDC Ambad,2025-06-16,43.4,µg/m³,19.95022,73.73148,,0.437,,3.42,29.7,44.4,,1.87,23.85,22.8,26.3,9.4,15.470833333333331,92.66666666666669,24,complete_24_hours,Original weather CSV,available
3409453,MIDC Ambad,2025-06-17,28.9,µg/m³,19.95022,73.73148,,0.411,,2.51,32.3,82.5,,1.34,24.025,22.0,27.5,5.6,22.65416666666667,88.125,24,complete_24_hours,Original weather CSV,available
3409453,MIDC Ambad,2025-06-18,23.0,µg/m³,19.95022,73.73148,,0.511,,3.18,32.2,44.5,,1.67,24.316666666666663,22.2,27.6,20.9,20.59583333333333,90.83333333333331,24,complete_24_hours,Original weather CSV,available
3409453,MIDC Ambad,2025-06-19,21.8,µg/m³,19.95022,73.73148,,0.484,,3.08,23.0,38.9,,2.13,23.23333333333333,21.9,24.9,17.6,19.1875,92.91666666666669,24,complete_24_hours,Original weather CSV,available
3409453,MIDC Ambad,2025-06-20,25.9,µg/m³,19.95022,73.73148,,0.447,,1.91,24.1,67.2,,2.21,24.275,22.2,28.2,2.5,21.120833333333334,86.79166666666667,24,complete_24_hours,Original weather CSV,available
3409453,MIDC Ambad,2025-06-21,21.6,µg/m³,19.95022,73.73148,,0.219,,0.988,20.6,59.9,,2.21,23.75,21.8,26.2,6.8,18.516666666666666,89.41666666666667,24,complete_24_hours,Original weather CSV,available
3409453,MIDC Ambad,2025-06-22,25.6,µg/m³,19.95022,73.73148,,0.317,,1.48,20.1,62.6,,2.86,23.566666666666663,21.9,26.9,5.3,18.808333333333334,90.375,24,complete_24_hours,Original weather CSV,available
3409453,MIDC Ambad,2025-06-23,25.6,µg/m³,19.95022,73.73148,,0.332,,1.84,22.9,57.8,,2.84,23.33333333333333,22.0,25.8,8.6,19.9,91.83333333333331,24,complete_24_hours,Original weather CSV,available
3409453,MIDC Ambad,2025-06-24,30.8,µg/m³,19.95022,73.73148,,0.298,,1.67,28.4,60.2,,2.99,23.275,22.2,25.2,14.9,20.291666666666668,91.95833333333331,24,complete_24_hours,Original weather CSV,available
3409453,MIDC Ambad,2025-06-25,39.6,µg/m³,19.95022,73.73148,,0.338,,1.87,24.9,85.7,,2.52,24.10833333333333,22.1,27.2,6.3,18.825,89.29166666666667,24,complete_24_hours,Original weather CSV,available
3409453,MIDC Ambad,2025-06-26,35.4,µg/m³,19.95022,73.73148,,0.327,,2.4,19.8,85.3,,2.32,23.17083333333333,21.9,25.2,14.1,16.291666666666668,93.58333333333331,24,complete_24_hours,Original weather CSV,available
3409453,MIDC Ambad,2025-06-27,37.8,µg/m³,19.95022,73.73148,,0.261,,2.39,19.5,68.2,,3.0,23.245833333333334,22.0,25.3,7.5,19.620833333333334,92.66666666666669,24,complete_24_hours,Original weather CSV,available
3409453,MIDC Ambad,2025-06-28,34.2,µg/m³,19.95022,73.73148,,0.266,,1.63,29.1,81.4,,3.08,23.041666666666668,21.3,26.0,10.6,22.504166666666663,91.29166666666669,24,complete_24_hours,Original weather CSV,available
3409453,MIDC Ambad,2025-06-29,25.4,µg/m³,19.95022,73.73148,,0.27,,1.26,24.2,55.2,,3.87,22.9375,22.0,24.9,9.4,21.3375,92.08333333333331,24,complete_24_hours,Original weather CSV,available
3409453,MIDC Ambad,2025-06-30,27.5,µg/m³,19.95022,73.73148,,0.288,,2.16,24.8,62.0,,3.8,23.29583333333333,21.6,26.6,5.1,20.666666666666668,90.375,24,complete_24_hours,Original weather CSV,available
3409453,MIDC Ambad,2025-07-01,23.5,µg/m³,19.95022,73.73148,,0.267,,7.25,20.0,52.4,,2.69,23.40416666666667,22.1,26.0,7.2,19.279166666666665,90.875,24,complete_24_hours,Original weather CSV,available
3409453,MIDC Ambad,2025-07-02,20.2,µg/m³,19.95022,73.73148,,0.27,,2.4,18.3,47.1,,1.93,23.554166666666664,22.2,26.1,9.6,19.2375,90.45833333333331,24,complete_24_hours,Original weather CSV,available
3409453,MIDC Ambad,2025-07-03,13.5,µg/m³,19.95022,73.73148,,0.257,,2.74,20.2,45.4,,3.47,23.508333333333336,21.5,26.7,7.7,19.995833333333334,89.20833333333333,24,complete_24_hours,Original weather CSV,available
3409453,MIDC Ambad,2025-07-04,14.9,µg/m³,19.95022,73.73148,,0.265,,1.95,21.7,48.7,,2.94,23.204166666666666,21.7,25.5,5.8,20.616666666666667,91.79166666666669,24,complete_24_hours,Original weather CSV,available
3409453,MIDC Ambad,2025-07-05,27.4,µg/m³,19.95022,73.73148,,0.274,,2.03,18.4,43.5,,2.43,23.508333333333336,22.3,26.6,11.4,21.96666666666667,90.625,24,complete_24_hours,Original weather CSV,available
3409453,MIDC Ambad,2025-07-07,33.9,µg/m³,19.95022,73.73148,,0.252,,2.01,29.1,68.2,,1.29,22.5625,21.8,23.4,7.9,18.225,93.66666666666669,24,complete_24_hours,Original weather CSV,available
3409453,MIDC Ambad,2025-07-08,31.2,µg/m³,19.95022,73.73148,,0.258,,4.43,20.8,95.0,,5.88,23.0375,21.7,25.6,5.9,17.979166666666668,92.08333333333331,24,complete_24_hours,Original weather CSV,available
3409453,MIDC Ambad,2025-07-09,37.0,µg/m³,19.95022,73.73148,,0.259,,9.61,21.4,92.7,,7.43,23.09166666666667,22.1,25.5,5.9,14.320833333333333,93.58333333333331,24,complete_24_hours,Original weather CSV,available
3409453,MIDC Ambad,2025-07-10,37.4,µg/m³,19.95022,73.73148,,0.257,,9.16,23.4,101.0,,7.72,24.354166666666668,22.0,28.4,1.2,14.0125,85.5,24,complete_24_hours,Original weather CSV,available
3409453,MIDC Ambad,2025-07-11,30.8,µg/m³,19.95022,73.73148,,0.258,,9.73,22.3,86.0,,6.63,24.304166666666664,22.2,27.9,1.9,13.75,86.375,24,complete_24_hours,Original weather CSV,available
3409453,MIDC Ambad,2025-07-12,24.0,µg/m³,19.95022,73.73148,,0.26,,8.92,20.3,62.6,,5.02,24.25,22.3,27.7,2.8000000000000003,15.675,85.41666666666667,24,complete_24_hours,Original weather CSV,available
3409453,MIDC Ambad,2025-07-13,25.9,µg/m³,19.95022,73.73148,,0.264,,11.1,20.8,59.8,,4.04,24.1,22.4,27.3,4.7,17.045833333333334,87.04166666666667,24,complete_24_hours,Original weather CSV,available
3409453,MIDC Ambad,2025-07-14,20.3,µg/m³,19.95022,73.73148,,0.256,,11.3,17.9,38.9,,2.91,23.875,22.2,26.5,12.3,16.1125,89.91666666666667,24,complete_24_hours,Original weather CSV,available
3409453,MIDC Ambad,2025-07-15,19.6,µg/m³,19.95022,73.73148,,0.265,,13.4,12.6,46.8,,1.75,24.34166666666667,22.3,27.8,4.8,14.1125,87.29166666666667,24,complete_24_hours,Original weather CSV,available
3409453,MIDC Ambad,2025-07-16,39.5,µg/m³,19.95022,73.73148,,0.256,,11.2,22.5,128.0,,4.15,25.0,22.5,28.5,2.6,13.558333333333332,84.5,24,complete_24_hours,Original weather CSV,available
3409453,MIDC Ambad,2025-07-17,28.9,µg/m³,19.95022,73.73148,,0.255,,11.6,12.9,95.1,,3.23,25.116666666666664,22.3,28.9,0.6000000000000001,10.491666666666667,82.5,24,complete_24_hours,Original weather CSV,available
3409453,MIDC Ambad,2025-07-19,28.9,µg/m³,19.95022,73.73148,,0.253,,9.38,19.0,70.7,,3.38,24.445833333333336,22.2,28.5,1.7000000000000002,13.895833333333334,84.04166666666667,24,complete_24_hours,Original weather CSV,available
3409453,MIDC Ambad,2025-07-20,28.1,µg/m³,19.95022,73.73148,,0.253,,10.6,19.9,81.4,,3.17,24.48333333333333,21.9,27.7,3.4000000000000004,14.445833333333333,86.0,24,complete_24_hours,Original weather CSV,available
3409453,MIDC Ambad,2025-07-21,26.6,µg/m³,19.95022,73.73148,,0.265,,13.6,19.0,67.5,,3.47,24.066666666666663,22.3,27.1,19.4,10.745833333333332,90.75,24,complete_24_hours,Original weather CSV,available
3409453,MIDC Ambad,2025-07-22,25.9,µg/m³,19.95022,73.73148,,0.26,,12.9,16.5,76.2,,3.63,24.254166666666663,22.3,26.8,2.0,13.091666666666669,87.54166666666667,24,complete_24_hours,Original weather CSV,available
3409453,MIDC Ambad,2025-07-23,20.1,µg/m³,19.95022,73.73148,,0.253,,12.1,20.3,52.6,,4.18,23.666666666666668,22.2,26.3,6.7,15.979166666666666,89.0,24,complete_24_hours,Original weather CSV,available
3409453,MIDC Ambad,2025-07-24,24.3,µg/m³,19.95022,73.73148,,0.258,,10.6,19.6,54.5,,4.4,23.704166666666666,21.5,26.5,4.0,17.470833333333335,88.875,24,complete_24_hours,Original weather CSV,available
3409453,MIDC Ambad,2025-07-25,22.4,µg/m³,19.95022,73.73148,,0.257,,13.2,13.1,37.2,,3.59,23.5,22.4,25.6,13.2,16.98333333333333,92.20833333333331,24,complete_24_hours,Original weather CSV,available
3409453,MIDC Ambad,2025-07-26,17.2,µg/m³,19.95022,73.73148,,0.256,,7.49,17.2,34.7,,4.29,23.320833333333336,22.4,25.0,9.3,19.90833333333333,92.83333333333331,24,complete_24_hours,Original weather CSV,available
3409453,MIDC Ambad,2025-07-27,18.5,µg/m³,19.95022,73.73148,,0.257,,7.62,19.2,47.8,,4.04,23.004166666666663,22.0,24.5,13.9,24.0625,92.20833333333331,24,complete_24_hours,Original weather CSV,available
3409453,MIDC Ambad,2025-07-28,15.7,µg/m³,19.95022,73.73148,,0.259,,7.25,25.1,40.9,,3.86,23.016666666666666,21.8,25.3,8.5,24.42083333333333,91.08333333333331,24,complete_24_hours,Original weather CSV,available
3409453,MIDC Ambad,2025-07-29,19.2,µg/m³,19.95022,73.73148,,0.257,,10.4,24.9,48.2,,4.16,22.754166666666663,21.8,24.4,8.4,23.125,93.0,24,complete_24_hours,Original weather CSV,available
3409453,MIDC Ambad,2025-07-30,22.7,µg/m³,19.95022,73.73148,,0.258,,8.28,23.4,62.6,,3.53,23.52916666666667,22.2,25.7,2.2,22.95833333333333,91.0,24,complete_24_hours,Original weather CSV,available
3409453,MIDC Ambad,2025-07-31,27.5,µg/m³,19.95022,73.73148,,0.257,,8.12,22.1,86.5,,3.83,23.729166666666668,22.0,27.0,2.5,21.0125,88.75,24,complete_24_hours,Original weather CSV,available
3409453,MIDC Ambad,2025-08-01,32.8,µg/m³,19.95022,73.73148,,0.263,,9.59,18.0,86.6,,3.82,23.9375,21.8,27.3,2.3000000000000003,17.704166666666666,86.375,24,complete_24_hours,Original weather CSV,available
3409453,MIDC Ambad,2025-08-02,27.9,µg/m³,19.95022,73.73148,,0.252,,8.07,15.5,62.8,,3.48,24.0125,22.0,27.3,2.2,14.895833333333334,86.625,24,complete_24_hours,Original weather CSV,available
3409453,MIDC Ambad,2025-08-03,23.2,µg/m³,19.95022,73.73148,,0.26,,9.53,18.6,84.6,,3.58,24.21666666666667,21.7,27.8,1.8,12.875,85.125,24,complete_24_hours,Original weather CSV,available
3409453,MIDC Ambad,2025-08-04,29.9,µg/m³,19.95022,73.73148,,0.255,,9.95,17.7,109.0,,4.25,24.291666666666668,21.9,28.1,0.9,12.25,84.54166666666667,24,complete_24_hours,Original weather CSV,available
3409453,MIDC Ambad,2025-08-05,28.9,µg/m³,19.95022,73.73148,,0.257,,9.69,14.2,88.8,,4.18,24.52083333333333,21.5,28.5,1.7,10.570833333333333,83.29166666666667,24,complete_24_hours,Original weather CSV,available
3409453,MIDC Ambad,2025-08-06,31.4,µg/m³,19.95022,73.73148,,0.253,,8.79,13.6,105.0,,2.51,24.875,21.5,29.3,1.4,7.929166666666667,81.95833333333333,24,complete_24_hours,Original weather CSV,available
3409453,MIDC Ambad,2025-08-07,26.2,µg/m³,19.95022,73.73148,,0.274,,8.15,14.7,89.8,,4.13,24.641666666666666,21.9,28.9,7.2,7.462499999999999,84.16666666666667,24,complete_24_hours,Original weather CSV,available
3409453,MIDC Ambad,2025-08-08,29.9,µg/m³,19.95022,73.73148,,0.258,,9.44,11.4,89.9,,4.23,23.90833333333333,21.9,27.2,5.300000000000001,7.866666666666667,87.375,24,complete_24_hours,Original weather CSV,available
3409453,MIDC Ambad,2025-08-09,31.5,µg/m³,19.95022,73.73148,,0.264,,6.19,10.7,67.1,,0.343,23.96666666666667,21.9,27.5,1.2,8.4125,86.41666666666667,24,complete_24_hours,Original weather CSV,available
3409453,MIDC Ambad,2025-08-10,35.4,µg/m³,19.95022,73.73148,,0.265,,6.01,10.2,75.5,,0.0275,23.90833333333333,21.7,27.8,1.7,10.8625,86.16666666666667,24,complete_24_hours,Original weather CSV,available
3409453,MIDC Ambad,2025-08-11,30.0,µg/m³,19.95022,73.73148,,0.257,,9.04,11.6,69.0,,5.06,23.691666666666663,21.7,27.5,1.9,12.920833333333334,87.16666666666667,24,complete_24_hours,Original weather CSV,available
3409453,MIDC Ambad,2025-08-12,25.0,µg/m³,19.95022,73.73148,,0.26,,7.9,13.4,73.9,,0.434,23.925,21.7,27.2,1.9,13.6125,85.08333333333333,24,complete_24_hours,Original weather CSV,available
3409453,MIDC Ambad,2025-08-13,28.1,µg/m³,19.95022,73.73148,,0.253,,8.15,10.6,54.6,,0.288,23.679166666666664,21.8,27.8,5.7,11.370833333333332,89.33333333333333,24,complete_24_hours,Original weather CSV,available
3409453,MIDC Ambad,2025-08-14,28.5,µg/m³,19.95022,73.73148,,0.26,,10.7,17.3,64.2,,0.362,23.929166666666664,22.0,27.3,10.9,9.145833333333334,88.58333333333333,24,complete_24_hours,Original weather CSV,available
3409453,MIDC Ambad,2025-08-15,25.0,µg/m³,19.95022,73.73148,,0.258,,6.57,13.1,33.8,,2.36,23.679166666666664,21.9,27.1,8.8,10.8625,89.79166666666667,24,complete_24_hours,Original weather CSV,available
3409453,MIDC Ambad,2025-08-16,10.8,µg/m³,19.95022,73.73148,,0.257,,6.11,16.1,31.2,,0.197,23.33333333333333,21.8,26.4,11.5,11.970833333333331,90.58333333333331,24,complete_24_hours,Original weather CSV,available
3409453,MIDC Ambad,2025-08-17,1.59,µg/m³,19.95022,73.73148,,0.259,,7.56,19.6,44.0,,0.348,23.75,21.5,27.8,4.6,11.579166666666666,88.41666666666667,24,complete_24_hours,Original weather CSV,available
3409453,MIDC Ambad,2025-08-18,7.53,µg/m³,19.95022,73.73148,,0.257,,8.85,18.7,38.7,,0.335,23.166666666666668,22.0,26.8,20.7,15.795833333333334,93.25,24,complete_24_hours,Original weather CSV,available
3409453,MIDC Ambad,2025-08-19,15.8,µg/m³,19.95022,73.73148,,0.256,,8.5,17.0,32.2,,1.88,23.275,22.1,26.7,22.7,19.079166666666666,93.41666666666669,24,complete_24_hours,Original weather CSV,available
3409453,MIDC Ambad,2025-08-20,12.3,µg/m³,19.95022,73.73148,,0.212,,6.57,21.4,21.5,,3.51,22.725,22.3,23.8,10.0,24.729166666666668,93.29166666666669,24,complete_24_hours,Original weather CSV,available
3409453,MIDC Ambad,2025-08-21,14.6,µg/m³,19.95022,73.73148,,0.17,,5.58,22.7,29.0,,3.16,23.241666666666664,22.0,26.3,9.8,22.925,90.83333333333331,24,complete_24_hours,Original weather CSV,available
3409453,MIDC Ambad,2025-08-22,17.3,µg/m³,19.95022,73.73148,,0.188,,5.72,23.9,38.5,,3.95,23.125,21.8,25.8,5.7,23.245833333333334,89.125,24,complete_24_hours,Original weather CSV,available
3409453,MIDC Ambad,2025-08-23,12.7,µg/m³,19.95022,73.73148,,0.269,,5.15,23.9,27.0,,3.79,22.65833333333333,21.3,25.0,7.2,24.429166666666664,89.875,24,complete_24_hours,Original weather CSV,available
3409453,MIDC Ambad,2025-08-24,12.5,µg/m³,19.95022,73.73148,,0.28,,4.82,22.3,36.7,,4.3,22.7375,21.4,25.7,6.9,24.575,89.66666666666667,24,complete_24_hours,Original weather CSV,available
3409453,MIDC Ambad,2025-08-25,17.8,µg/m³,19.95022,73.73148,,0.278,,7.2,18.9,40.7,,3.96,22.379166666666663,21.4,23.7,13.8,18.891666666666666,93.58333333333331,24,complete_24_hours,Original weather CSV,available
3409453,MIDC Ambad,2025-08-26,23.4,µg/m³,19.95022,73.73148,,0.272,,7.64,10.8,36.2,,2.57,23.554166666666664,21.8,27.0,7.0,15.55,89.66666666666667,24,complete_24_hours,Original weather CSV,available
3409453,MIDC Ambad,2025-08-27,20.1,µg/m³,19.95022,73.73148,,0.274,,5.39,12.4,38.9,,3.08,23.575,22.0,26.1,6.4,11.3625,89.375,24,complete_24_hours,Original weather CSV,available
3409453,MIDC Ambad,2025-08-28,27.7,µg/m³,19.95022,73.73148,,0.287,,9.14,13.3,58.3,,3.64,23.366666666666664,21.8,26.4,11.7,11.3875,90.625,24,complete_24_hours,Original weather CSV,available
3409453,MIDC Ambad,2025-08-29,25.3,µg/m³,19.95022,73.73148,,0.303,,9.79,14.2,48.2,,3.76,23.379166666666663,21.5,26.8,14.3,11.0625,91.08333333333331,24,complete_24_hours,Original weather CSV,available
3409453,MIDC Ambad,2025-09-02,21.1,µg/m³,19.95022,73.73148,,0.312,,8.44,18.8,59.7,,2.29,23.70833333333333,21.8,26.6,1.6,16.958333333333332,87.20833333333333,24,complete_24_hours,Original weather CSV,available
3409453,MIDC Ambad,2025-09-03,24.4,µg/m³,19.95022,73.73148,,0.315,,6.74,21.4,70.7,,2.93,23.445833333333336,21.9,26.4,3.2,14.120833333333332,86.79166666666667,24,complete_24_hours,Original weather CSV,available
3409453,MIDC Ambad,2025-09-04,22.9,µg/m³,19.95022,73.73148,,0.268,,9.69,23.9,51.1,,2.96,22.53333333333333,21.2,24.6,10.2,14.85,92.0,24,complete_24_hours,Original weather CSV,available
3409453,MIDC Ambad,2025-09-05,23.1,µg/m³,19.95022,73.73148,,0.253,,11.7,29.2,43.5,,3.93,23.225,22.0,26.2,10.1,17.2625,91.16666666666669,24,complete_24_hours,Original weather CSV,available
3409453,MIDC Ambad,2025-09-06,16.4,µg/m³,19.95022,73.73148,,0.25,,5.94,25.4,25.5,,2.16,21.97083333333333,20.9,24.0,43.4,18.475,94.29166666666669,24,complete_24_hours,Original weather CSV,available
3409453,MIDC Ambad,2025-09-07,16.0,µg/m³,19.95022,73.73148,,0.243,,7.94,19.7,29.0,,2.24,22.758333333333336,20.9,25.7,6.5,18.691666666666663,89.91666666666667,24,complete_24_hours,Original weather CSV,available
3409453,MIDC Ambad,2025-09-08,23.5,µg/m³,19.95022,73.73148,,0.248,,10.5,36.6,55.9,,3.43,23.09583333333333,20.8,26.6,2.1,13.8,87.75,24,complete_24_hours,Original weather CSV,available
3409453,MIDC Ambad,2025-09-09,34.4,µg/m³,19.95022,73.73148,,0.295,,6.82,15.0,99.3,,4.6,23.52916666666667,20.3,28.1,0.1,7.825,82.875,24,complete_24_hours,Original weather CSV,available
3409453,MIDC Ambad,2025-09-10,35.0,µg/m³,19.95022,73.73148,,0.295,,6.55,13.6,103.0,,5.74,23.566666666666663,19.4,28.7,1.4,6.675,81.20833333333333,24,complete_24_hours,Original weather CSV,available
3409453,MIDC Ambad,2025-09-11,27.0,µg/m³,19.95022,73.73148,,0.293,,6.29,19.1,97.7,,6.48,23.27083333333333,19.5,28.0,0.7000000000000001,8.191666666666666,84.375,24,complete_24_hours,Original weather CSV,available
3409453,MIDC Ambad,2025-09-12,26.9,µg/m³,19.95022,73.73148,,0.293,,9.53,12.9,60.7,,7.92,23.225,20.2,26.2,0.9,7.383333333333333,85.25,24,complete_24_hours,Original weather CSV,available
3409453,MIDC Ambad,2025-09-13,18.0,µg/m³,19.95022,73.73148,,0.292,,6.06,19.9,56.0,,7.41,23.5,21.1,28.2,17.599999999999998,5.783333333333334,88.83333333333333,24,complete_24_hours,Original weather CSV,available
3409453,MIDC Ambad,2025-09-14,21.5,µg/m³,19.95022,73.73148,,0.299,,4.1,25.1,70.8,,8.74,23.620833333333334,21.8,28.3,31.3,8.4125,90.25,24,complete_24_hours,Original weather CSV,available
3409453,MIDC Ambad,2025-09-15,42.7,µg/m³,19.95022,73.73148,,0.292,,4.57,20.7,69.6,,8.06,23.7875,21.7,28.7,11.1,7.854166666666667,89.25,24,complete_24_hours,Original weather CSV,available
3409453,MIDC Ambad,2025-09-16,30.7,µg/m³,19.95022,73.73148,,0.233,,6.34,11.0,49.6,,7.74,23.52083333333333,21.5,26.5,4.1000000000000005,8.620833333333334,89.08333333333333,24,complete_24_hours,Original weather CSV,available
3409453,MIDC Ambad,2025-09-17,39.7,µg/m³,19.95022,73.73148,,0.245,,7.46,12.9,66.0,,7.52,23.85,21.3,28.4,5.7,6.020833333333333,89.04166666666667,24,complete_24_hours,Original weather CSV,available
3409453,MIDC Ambad,2025-09-18,33.1,µg/m³,19.95022,73.73148,,0.429,,7.43,16.2,59.2,,7.89,24.041666666666668,21.7,27.8,10.7,5.25,89.16666666666667,24,complete_24_hours,Original weather CSV,available
3409453,MIDC Ambad,2025-09-19,29.1,µg/m³,19.95022,73.73148,,0.633,,7.82,13.9,46.7,,7.75,23.83333333333333,21.7,27.3,8.0,6.358333333333333,90.29166666666669,24,complete_24_hours,Original weather CSV,available
3409453,MIDC Ambad,2025-09-20,25.5,µg/m³,19.95022,73.73148,,0.357,,5.37,14.7,44.2,,6.77,23.77916666666667,21.7,27.1,5.300000000000001,9.166666666666666,89.70833333333333,24,complete_24_hours,Original weather CSV,available
3409453,MIDC Ambad,2025-09-21,28.5,µg/m³,19.95022,73.73148,,1.07,,6.03,22.7,68.4,,6.75,24.15833333333333,22.1,28.1,2.0,8.7125,87.66666666666667,24,complete_24_hours,Original weather CSV,available
3409453,MIDC Ambad,2025-09-22,27.8,µg/m³,19.95022,73.73148,,0.286,,5.82,20.4,59.1,,7.19,23.67083333333333,22.0,26.6,4.0,8.333333333333334,89.54166666666667,24,complete_24_hours,Original weather CSV,available
3409453,MIDC Ambad,2025-09-23,23.1,µg/m³,19.95022,73.73148,,0.301,,7.11,13.5,45.8,,6.2,23.40416666666667,21.5,27.1,1.8,12.629166666666668,86.875,24,complete_24_hours,Original weather CSV,available
3409453,MIDC Ambad,2025-09-24,23.5,µg/m³,19.95022,73.73148,,0.22,,6.53,17.3,63.6,,6.4,23.27083333333333,21.1,27.2,1.5,11.070833333333333,85.08333333333333,24,complete_24_hours,Original weather CSV,available
3409453,MIDC Ambad,2025-09-25,27.0,µg/m³,19.95022,73.73148,,0.573,,7.39,17.1,64.2,,7.3,23.59583333333333,20.7,28.2,1.3,8.674999999999999,83.45833333333333,24,complete_24_hours,Original weather CSV,available
3409453,MIDC Ambad,2025-09-26,30.3,µg/m³,19.95022,73.73148,,0.33,,8.82,18.0,59.4,,8.02,23.254166666666663,21.0,26.7,18.6,9.1375,88.95833333333333,24,complete_24_hours,Original weather CSV,available
3409453,MIDC Ambad,2025-09-27,22.4,µg/m³,19.95022,73.73148,,0.241,,5.97,31.7,53.6,,10.2,24.17083333333333,22.2,28.0,12.6,15.141666666666666,88.25,24,complete_24_hours,Original weather CSV,available
3409453,MIDC Ambad,2025-09-28,18.9,µg/m³,19.95022,73.73148,,0.186,,9.6,38.6,31.0,,8.73,22.4125,21.6,23.6,82.9,13.9125,95.41666666666669,24,complete_24_hours,Original weather CSV,available
3409453,MIDC Ambad,2025-09-29,20.2,µg/m³,19.95022,73.73148,,0.238,,9.5,31.5,36.8,,9.03,21.975,20.6,24.3,3.4000000000000004,19.541666666666668,90.625,24,complete_24_hours,Original weather CSV,available
3409453,MIDC Ambad,2025-09-30,20.7,µg/m³,19.95022,73.73148,,0.282,,7.98,20.9,45.1,,8.94,22.7125,20.5,26.9,1.0,15.1375,87.125,24,complete_24_hours,Original weather CSV,available
3409453,MIDC Ambad,2025-10-01,22.9,µg/m³,19.95022,73.73148,,0.266,,9.3,21.3,55.0,,9.26,23.433333333333334,20.8,27.3,0.4,13.904166666666669,85.125,24,complete_24_hours,Original weather CSV,available
3409453,MIDC Ambad,2025-10-02,21.8,µg/m³,19.95022,73.73148,,0.251,,6.25,20.3,36.9,,10.2,23.416666666666668,20.5,27.7,2.3,9.9,85.125,24,complete_24_hours,Original weather CSV,available
3409453,MIDC Ambad,2025-10-03,17.6,µg/m³,19.95022,73.73148,,0.247,,5.57,18.5,46.5,,10.1,23.89583333333333,21.1,28.7,1.4,8.191666666666666,85.5,24,complete_24_hours,Original weather CSV,available
3409453,MIDC Ambad,2025-10-04,23.1,µg/m³,19.95022,73.73148,,0.251,,6.16,19.9,55.8,,5.41,23.825,21.3,28.6,2.7,8.841666666666667,86.58333333333333,24,complete_24_hours,Original weather CSV,available
3409453,MIDC Ambad,2025-10-05,23.8,µg/m³,19.95022,73.73148,,0.253,,7.99,22.1,61.2,,5.16,23.09583333333333,20.7,26.8,1.9,9.279166666666669,86.70833333333333,24,complete_24_hours,Original weather CSV,available
3409453,MIDC Ambad,2025-10-06,27.8,µg/m³,19.95022,73.73148,,0.28,,6.16,39.3,68.9,,9.66,23.1125,20.2,27.8,0.3,9.583333333333334,83.375,24,complete_24_hours,Original weather CSV,available
3409453,MIDC Ambad,2025-10-07,25.5,µg/m³,19.95022,73.73148,,0.416,,7.25,14.7,57.8,,5.31,22.829166666666666,19.9,27.1,2.2,8.629166666666666,87.29166666666667,24,complete_24_hours,Original weather CSV,available
3409453,MIDC Ambad,2025-10-08,35.2,µg/m³,19.95022,73.73148,,0.29,,9.98,22.0,97.7,,7.21,23.59166666666667,19.7,28.2,0.1,6.120833333333334,78.83333333333333,24,complete_24_hours,Original weather CSV,available
3409453,MIDC Ambad,2025-10-09,48.3,µg/m³,19.95022,73.73148,,0.306,,13.3,30.4,146.0,,7.19,23.8,19.7,28.6,0.0,5.483333333333333,69.5,24,complete_24_hours,Original weather CSV,available
3409453,MIDC Ambad,2025-10-10,55.2,µg/m³,19.95022,73.73148,,0.303,,14.6,31.5,162.0,,6.6,23.65416666666667,19.0,29.0,0.0,6.383333333333333,67.0,24,complete_24_hours,Original weather CSV,available
3409453,MIDC Ambad,2025-10-11,54.6,µg/m³,19.95022,73.73148,,0.305,,13.3,42.8,163.0,,6.36,23.625,19.0,28.8,0.0,5.55,66.66666666666667,24,complete_24_hours,Original weather CSV,available
3409453,MIDC Ambad,2025-10-12,28.9,µg/m³,19.95022,73.73148,,0.315,,13.5,52.3,137.0,,7.01,23.629166666666663,18.8,29.0,0.0,6.466666666666666,62.833333333333336,24,complete_24_hours,Original weather CSV,available
3409453,MIDC Ambad,2025-10-13,45.5,µg/m³,19.95022,73.73148,,0.297,,20.8,39.6,135.0,,9.35,24.1,18.9,30.2,0.0,4.595833333333333,56.625,24,complete_24_hours,Original weather CSV,available
3409453,MIDC Ambad,2025-10-14,58.2,µg/m³,19.95022,73.73148,,0.32,,26.2,46.2,155.0,,10.1,24.179166666666664,18.5,30.2,0.0,6.833333333333333,53.54166666666666,24,complete_24_hours,Original weather CSV,available
3409453,MIDC Ambad,2025-10-15,61.9,µg/m³,19.95022,73.73148,,0.364,,21.2,46.6,119.0,,11.0,24.616666666666664,19.4,30.4,0.2,9.7625,60.66666666666666,24,complete_24_hours,Original weather CSV,available
3409453,MIDC Ambad,2025-10-16,47.1,µg/m³,19.95022,73.73148,,0.351,,20.7,23.7,102.0,,11.9,25.79583333333333,20.9,31.1,1.3,10.5375,70.08333333333333,24,complete_24_hours,Original weather CSV,available
3409453,MIDC Ambad,2025-10-17,44.5,µg/m³,19.95022,73.73148,,0.292,,16.5,38.7,96.9,,11.3,26.041666666666668,21.8,31.1,0.1,10.154166666666669,67.20833333333333,24,complete_24_hours,Original weather CSV,available
3409453,MIDC Ambad,2025-10-18,55.7,µg/m³,19.95022,73.73148,,0.3,,12.2,43.6,95.0,,13.5,25.7625,21.8,30.9,0.3,7.85,68.54166666666667,24,complete_24_hours,Original weather CSV,available
3409453,MIDC Ambad,2025-10-19,67.8,µg/m³,19.95022,73.73148,,0.3,,19.7,47.2,137.0,,12.9,25.4125,21.9,29.8,0.5,9.929166666666667,68.29166666666667,24,complete_24_hours,Original weather CSV,available
3409453,MIDC Ambad,2025-10-20,89.1,µg/m³,19.95022,73.73148,,0.304,,19.2,53.5,178.0,,13.5,25.504166666666663,21.1,30.2,0.0,11.783333333333331,63.25,24,complete_24_hours,Original weather CSV,available
3409453,MIDC Ambad,2025-10-21,75.3,µg/m³,19.95022,73.73148,,0.301,,9.46,64.7,134.0,,16.8,24.8,21.0,30.0,2.6,10.9375,71.875,24,complete_24_hours,Original weather CSV,available
3409453,MIDC Ambad,2025-10-22,49.1,µg/m³,19.95022,73.73148,,0.34,,8.23,25.7,72.3,,14.5,25.4,21.9,30.5,0.7,11.033333333333331,77.41666666666667,24,complete_24_hours,Original weather CSV,available
3409453,MIDC Ambad,2025-10-23,32.4,µg/m³,19.95022,73.73148,,0.325,,10.1,31.8,62.2,,13.3,26.5625,22.7,31.2,0.0,13.9375,71.20833333333333,24,complete_24_hours,Original weather CSV,available
3409453,MIDC Ambad,2025-10-24,23.8,µg/m³,19.95022,73.73148,,0.318,,7.83,38.8,46.7,,13.6,25.391666666666666,22.1,30.1,3.6,15.079166666666666,76.0,24,complete_24_hours,Original weather CSV,available
3409453,MIDC Ambad,2025-10-25,17.1,µg/m³,19.95022,73.73148,,0.32,,6.63,22.9,32.9,,13.5,23.516666666666666,21.3,29.4,11.8,13.045833333333334,88.20833333333333,24,complete_24_hours,Original weather CSV,available
3409453,MIDC Ambad,2025-10-26,17.8,µg/m³,19.95022,73.73148,,0.343,,9.51,19.8,25.4,,8.61,22.9,21.2,27.9,29.6,12.491666666666667,90.70833333333331,24,complete_24_hours,Original weather CSV,available
3409453,MIDC Ambad,2025-10-27,13.6,µg/m³,19.95022,73.73148,,0.316,,7.0,19.0,20.3,,2.98,23.53333333333333,21.2,28.6,19.8,10.441666666666666,88.375,24,complete_24_hours,Original weather CSV,available
3409453,MIDC Ambad,2025-10-28,18.5,µg/m³,19.95022,73.73148,,0.329,,11.6,17.4,36.5,,1.92,23.96666666666667,21.5,28.4,3.6,9.695833333333333,85.45833333333333,24,complete_24_hours,Original weather CSV,available
3409453,MIDC Ambad,2025-10-29,25.8,µg/m³,19.95022,73.73148,,0.323,,15.1,11.5,60.3,,2.28,23.425,21.4,26.4,6.9,9.766666666666667,89.375,24,complete_24_hours,Original weather CSV,available
3409453,MIDC Ambad,2025-10-30,35.4,µg/m³,19.95022,73.73148,,0.323,,9.67,33.6,83.3,,3.76,22.85,21.1,25.2,4.0,8.325000000000001,88.04166666666667,24,complete_24_hours,Original weather CSV,available
3409453,MIDC Ambad,2025-10-31,34.1,µg/m³,19.95022,73.73148,,0.316,,7.13,17.5,75.0,,4.34,23.04583333333333,19.7,27.9,1.3,4.666666666666667,87.83333333333333,24,complete_24_hours,Original weather CSV,available
3409453,MIDC Ambad,2025-11-01,26.3,µg/m³,19.95022,73.73148,,0.298,,8.59,22.4,36.5,,4.5,23.75,21.6,27.5,0.9,8.429166666666667,90.16666666666669,24,complete_24_hours,Original weather CSV,available
3409453,MIDC Ambad,2025-11-02,22.8,µg/m³,19.95022,73.73148,,0.284,,4.32,26.3,42.6,,3.17,23.445833333333336,21.2,27.5,1.6,10.3875,89.375,24,complete_24_hours,Original weather CSV,available
3409453,MIDC Ambad,2025-11-03,27.1,µg/m³,19.95022,73.73148,,0.281,,8.53,25.3,55.5,,3.38,23.64583333333333,21.2,27.7,0.5,9.95,86.33333333333333,24,complete_24_hours,Original weather CSV,available
3409453,MIDC Ambad,2025-11-04,29.2,µg/m³,19.95022,73.73148,,0.279,,10.0,29.9,68.8,,4.13,22.879166666666663,20.4,26.6,0.6000000000000001,9.795833333333333,84.125,24,complete_24_hours,Original weather CSV,available
3409453,MIDC Ambad,2025-11-05,30.8,µg/m³,19.95022,73.73148,,0.283,,9.6,30.0,71.9,,4.42,22.804166666666664,19.7,28.0,0.0,5.016666666666667,77.16666666666667,24,complete_24_hours,Original weather CSV,available
3409453,MIDC Ambad,2025-11-06,33.1,µg/m³,19.95022,73.73148,,0.281,,17.4,34.1,97.2,,6.29,22.2875,17.7,27.8,0.0,5.0125,73.08333333333333,24,complete_24_hours,Original weather CSV,available
3409453,MIDC Ambad,2025-11-07,28.2,µg/m³,19.95022,73.73148,,0.281,,18.6,41.4,97.2,,17.4,21.9875,16.7,27.8,0.0,6.258333333333333,61.29166666666666,24,complete_24_hours,Original weather CSV,available
3409453,MIDC Ambad,2025-11-08,22.4,µg/m³,19.95022,73.73148,,0.282,,12.8,47.1,88.0,,5.85,21.695833333333336,16.5,28.4,0.0,6.579166666666667,59.375,24,complete_24_hours,Original weather CSV,available
3409453,MIDC Ambad,2025-11-09,26.5,µg/m³,19.95022,73.73148,,0.285,,24.0,52.5,102.0,,7.05,21.39583333333333,15.5,27.8,0.0,5.416666666666667,53.333333333333336,24,complete_24_hours,Original weather CSV,available
3409453,MIDC Ambad,2025-11-10,41.2,µg/m³,19.95022,73.73148,,0.278,,42.2,32.7,170.0,,8.92,21.125,14.9,27.6,0.0,5.970833333333334,49.583333333333336,24,complete_24_hours,Original weather CSV,available
3409453,MIDC Ambad,2025-11-11,46.7,µg/m³,19.95022,73.73148,,0.278,,31.0,58.7,128.0,,9.55,20.966666666666665,14.8,27.6,0.0,7.408333333333334,48.5,24,complete_24_hours,Original weather CSV,available
3409453,MIDC Ambad,2025-11-12,39.9,µg/m³,19.95022,73.73148,,0.28,,35.8,52.5,151.0,,11.3,20.78333333333333,14.8,27.6,0.0,7.566666666666666,50.41666666666666,24,complete_24_hours,Original weather CSV,available
3409453,MIDC Ambad,2025-11-13,48.2,µg/m³,19.95022,73.73148,,0.286,,39.5,56.5,176.0,,13.5,20.65,15.0,27.4,0.0,9.029166666666669,50.625,24,complete_24_hours,Original weather CSV,available
3409453,MIDC Ambad,2025-11-14,62.5,µg/m³,19.95022,73.73148,,0.275,,34.9,51.9,146.0,,14.3,20.695833333333333,14.7,27.6,0.0,9.575,53.79166666666666,24,complete_24_hours,Original weather CSV,available
3409453,MIDC Ambad,2025-11-15,56.9,µg/m³,19.95022,73.73148,,0.278,,21.9,48.1,125.0,,14.3,20.375,14.4,27.2,0.0,11.258333333333333,52.833333333333336,24,complete_24_hours,Original weather CSV,available
3409453,MIDC Ambad,2025-11-16,50.1,µg/m³,19.95022,73.73148,,0.281,,29.1,55.1,141.0,,15.9,19.954166666666666,14.2,26.8,0.0,11.116666666666667,53.458333333333336,24,complete_24_hours,Original weather CSV,available
3409453,MIDC Ambad,2025-11-17,55.4,µg/m³,19.95022,73.73148,,0.284,,23.2,67.9,133.0,,17.6,19.6375,14.1,26.5,0.0,12.445833333333333,52.79166666666666,24,complete_24_hours,Original weather CSV,available
3409453,MIDC Ambad,2025-11-18,55.4,µg/m³,19.95022,73.73148,,0.284,,31.1,55.3,147.0,,18.3,19.070833333333333,12.5,26.3,0.0,12.533333333333331,52.875,24,complete_24_hours,Original weather CSV,available
3409453,MIDC Ambad,2025-11-19,61.1,µg/m³,19.95022,73.73148,,0.286,,40.1,51.3,175.0,,10.5,20.0375,13.4,27.8,0.0,9.5375,54.54166666666666,24,complete_24_hours,Original weather CSV,available
3409453,MIDC Ambad,2025-11-20,61.5,µg/m³,19.95022,73.73148,,0.304,,35.2,51.0,178.0,,6.62,20.254166666666663,14.0,27.6,0.0,10.3625,56.208333333333336,24,complete_24_hours,Original weather CSV,available
3409453,MIDC Ambad,2025-11-21,70.9,µg/m³,19.95022,73.73148,,0.341,,44.8,47.5,210.0,,7.19,21.008333333333333,14.7,28.5,0.0,10.391666666666667,61.25,24,complete_24_hours,Original weather CSV,available
3409453,MIDC Ambad,2025-11-22,52.0,µg/m³,19.95022,73.73148,,0.332,,24.1,55.7,135.0,,6.57,23.08333333333333,17.1,30.6,0.0,8.695833333333333,61.79166666666666,24,complete_24_hours,Original weather CSV,available
3409453,MIDC Ambad,2025-11-23,50.3,µg/m³,19.95022,73.73148,,0.333,,24.2,55.0,152.0,,5.57,23.79583333333333,18.3,30.5,0.0,5.641666666666667,66.75,24,complete_24_hours,Original weather CSV,available
3409453,MIDC Ambad,2025-11-24,55.7,µg/m³,19.95022,73.73148,,0.336,,26.8,40.6,151.0,,7.35,23.98333333333333,19.5,29.8,0.0,4.633333333333334,67.16666666666667,24,complete_24_hours,Original weather CSV,available
3409453,MIDC Ambad,2025-11-25,47.3,µg/m³,19.95022,73.73148,,0.333,,23.5,39.7,115.0,,6.8,24.22083333333333,19.3,29.7,0.0,8.195833333333333,61.54166666666666,24,complete_24_hours,Original weather CSV,available
3409453,MIDC Ambad,2025-11-26,48.9,µg/m³,19.95022,73.73148,,0.335,,26.5,48.7,127.0,,4.49,24.02916666666667,18.5,29.8,0.0,8.720833333333333,57.79166666666666,24,complete_24_hours,Original weather CSV,available
3409453,MIDC Ambad,2025-11-27,50.9,µg/m³,19.95022,73.73148,,0.332,,27.2,47.0,118.0,,6.41,22.683333333333334,17.8,28.4,0.0,10.041666666666666,58.0,24,complete_24_hours,Original weather CSV,available
3409453,MIDC Ambad,2025-11-28,60.8,µg/m³,19.95022,73.73148,,0.336,,30.3,43.8,152.0,,6.46,22.1625,17.5,27.8,0.0,9.983333333333333,64.33333333333333,24,complete_24_hours,Original weather CSV,available
3409453,MIDC Ambad,2025-11-29,51.0,µg/m³,19.95022,73.73148,,0.336,,29.1,50.7,102.0,,10.2,20.5,15.8,26.7,0.0,11.929166666666667,53.083333333333336,24,complete_24_hours,Original weather CSV,available
3409453,MIDC Ambad,2025-11-30,51.5,µg/m³,19.95022,73.73148,,0.343,,32.0,50.9,100.0,,10.3,19.883333333333333,14.6,26.5,0.0,10.7875,49.125,24,complete_24_hours,Original weather CSV,available
3409453,MIDC Ambad,2025-12-01,58.3,µg/m³,19.95022,73.73148,,0.335,,33.1,60.9,128.0,,10.4,19.995833333333334,14.2,27.0,0.0,10.404166666666669,50.583333333333336,24,complete_24_hours,Original weather CSV,available
3409453,MIDC Ambad,2025-12-02,69.2,µg/m³,19.95022,73.73148,,0.338,,36.2,48.6,164.0,,12.8,20.016666666666666,14.0,27.0,0.0,8.65,55.875,24,complete_24_hours,Original weather CSV,available
3409453,MIDC Ambad,2025-12-03,67.5,µg/m³,19.95022,73.73148,,0.339,,30.8,60.1,147.0,,10.2,19.97083333333333,13.8,27.0,0.0,11.208333333333334,59.54166666666666,24,complete_24_hours,Original weather CSV,available
3409453,MIDC Ambad,2025-12-04,70.6,µg/m³,19.95022,73.73148,,0.335,,37.8,49.5,161.0,,11.1,20.4875,15.3,27.2,0.0,11.083333333333334,61.375,24,complete_24_hours,Original weather CSV,available
3409453,MIDC Ambad,2025-12-05,65.2,µg/m³,19.95022,73.73148,,0.335,,30.8,55.6,137.0,,7.85,20.758333333333333,15.1,27.4,0.0,10.975,62.25,24,complete_24_hours,Original weather CSV,available
3409453,MIDC Ambad,2025-12-06,60.1,µg/m³,19.95022,73.73148,,0.339,,26.9,48.0,122.0,,9.26,16.4,15.2,17.6,0.0,10.78,76.8,5,incomplete_day,Original weather CSV,available
3409453,MIDC Ambad,2025-12-07,59.3,µg/m³,19.95022,73.73148,,0.333,,27.1,53.4,121.0,,8.55,18.98333333333333,13.4,26.1,0.0,12.316666666666668,55.333333333333336,24,complete_24_hours,Open-Meteo Historical Weather API,available
3409453,MIDC Ambad,2025-12-08,51.1,µg/m³,19.95022,73.73148,,0.336,,32.7,54.3,124.0,,10.4,18.5875,12.6,26.3,0.0,10.658333333333331,48.375,24,complete_24_hours,Open-Meteo Historical Weather API,available
3409453,MIDC Ambad,2025-12-09,57.9,µg/m³,19.95022,73.73148,,0.339,,29.9,54.3,117.0,,11.4,18.475,11.8,26.4,0.0,12.695833333333333,41.875,24,complete_24_hours,Open-Meteo Historical Weather API,available
3409453,MIDC Ambad,2025-12-10,49.7,µg/m³,19.95022,73.73148,,0.334,,25.8,52.7,97.5,,9.17,18.48333333333333,12.1,26.2,0.0,10.279166666666669,40.875,24,complete_24_hours,Open-Meteo Historical Weather API,available
3409453,MIDC Ambad,2025-12-11,55.2,µg/m³,19.95022,73.73148,,0.351,,32.5,51.3,126.0,,9.48,18.02083333333333,11.3,25.5,0.0,8.762500000000001,43.16666666666666,24,complete_24_hours,Open-Meteo Historical Weather API,available
3409453,MIDC Ambad,2025-12-12,64.1,µg/m³,19.95022,73.73148,,0.427,,41.4,48.7,139.0,,14.2,18.204166666666666,12.0,25.9,0.0,9.129166666666666,43.625,24,complete_24_hours,Open-Meteo Historical Weather API,available
3409453,MIDC Ambad,2025-12-13,65.2,µg/m³,19.95022,73.73148,,0.521,,40.1,41.5,108.0,,14.6,18.9875,12.1,27.0,0.0,9.925,45.125,24,complete_24_hours,Open-Meteo Historical Weather API,available
3409453,MIDC Ambad,2025-12-14,48.5,µg/m³,19.95022,73.73148,,0.592,,37.7,45.7,119.0,,13.1,19.0875,13.0,26.7,0.0,10.554166666666667,48.708333333333336,24,complete_24_hours,Open-Meteo Historical Weather API,available
3409453,MIDC Ambad,2025-12-15,58.7,µg/m³,19.95022,73.73148,,0.524,,38.7,40.7,131.0,,15.4,18.379166666666663,12.4,25.9,0.0,11.408333333333331,48.083333333333336,24,complete_24_hours,Open-Meteo Historical Weather API,available
3409453,MIDC Ambad,2025-12-16,51.1,µg/m³,19.95022,73.73148,,0.522,,35.6,55.1,124.0,,15.3,18.225,11.8,25.9,0.0,12.9625,51.16666666666666,24,complete_24_hours,Open-Meteo Historical Weather API,available
3409453,MIDC Ambad,2025-12-17,64.3,µg/m³,19.95022,73.73148,,0.529,,41.7,44.3,160.0,,17.0,18.954166666666666,12.2,27.2,0.0,11.008333333333333,56.5,24,complete_24_hours,Open-Meteo Historical Weather API,available
3409453,MIDC Ambad,2025-12-18,57.0,µg/m³,19.95022,73.73148,,0.517,,43.6,33.0,121.0,,14.7,19.2,12.6,27.4,0.0,10.716666666666669,50.833333333333336,24,complete_24_hours,Open-Meteo Historical Weather API,available
3409453,MIDC Ambad,2025-12-19,54.0,µg/m³,19.95022,73.73148,,0.522,,41.4,28.2,122.0,,18.4,18.870833333333334,12.3,27.5,0.0,10.216666666666669,43.125,24,complete_24_hours,Open-Meteo Historical Weather API,available
3409453,MIDC Ambad,2025-12-20,56.0,µg/m³,19.95022,73.73148,,0.519,,41.3,33.3,102.0,,27.5,18.55,12.3,26.9,0.0,10.5,39.125,24,complete_24_hours,Open-Meteo Historical Weather API,available
3409453,MIDC Ambad,2025-12-21,45.9,µg/m³,19.95022,73.73148,,0.527,,26.3,44.9,83.8,,16.0,18.03333333333333,12.1,25.0,0.0,11.108333333333334,40.375,24,complete_24_hours,Open-Meteo Historical Weather API,available
3409453,MIDC Ambad,2025-12-22,58.5,µg/m³,19.95022,73.73148,,0.514,,50.8,44.7,146.0,,18.1,18.20833333333333,11.6,25.9,0.0,11.304166666666667,45.375,24,complete_24_hours,Open-Meteo Historical Weather API,available
3409453,MIDC Ambad,2025-12-23,49.3,µg/m³,19.95022,73.73148,,0.524,,39.5,31.0,95.5,,26.7,18.6875,12.2,26.3,0.0,10.6875,47.083333333333336,24,complete_24_hours,Open-Meteo Historical Weather API,available
3409453,MIDC Ambad,2025-12-24,38.0,µg/m³,19.95022,73.73148,,0.527,,29.6,42.1,80.0,,15.7,18.391666666666666,12.3,25.3,0.0,10.779166666666669,45.958333333333336,24,complete_24_hours,Open-Meteo Historical Weather API,available
3409453,MIDC Ambad,2025-12-25,46.4,µg/m³,19.95022,73.73148,,0.526,,32.2,50.5,123.0,,16.8,18.379166666666663,12.3,25.4,0.0,9.745833333333334,44.29166666666666,24,complete_24_hours,Open-Meteo Historical Weather API,available
3409453,MIDC Ambad,2025-12-26,59.4,µg/m³,19.95022,73.73148,,0.529,,57.4,53.9,144.0,,19.9,18.2,11.6,25.4,0.0,9.595833333333331,49.54166666666666,24,complete_24_hours,Open-Meteo Historical Weather API,available
3409453,MIDC Ambad,2025-12-27,52.3,µg/m³,19.95022,73.73148,,0.52,,36.7,58.2,112.0,,17.7,18.72083333333333,12.4,25.9,0.0,8.366666666666667,48.04166666666666,24,complete_24_hours,Open-Meteo Historical Weather API,available
3409453,MIDC Ambad,2025-12-28,53.3,µg/m³,19.95022,73.73148,,0.519,,37.9,51.1,131.0,,18.5,18.5875,12.0,25.8,0.0,9.258333333333333,50.458333333333336,24,complete_24_hours,Open-Meteo Historical Weather API,available
3409453,MIDC Ambad,2025-12-29,66.1,µg/m³,19.95022,73.73148,,0.515,,52.5,34.4,186.0,,19.5,18.379166666666663,11.8,25.6,0.0,8.366666666666667,48.958333333333336,24,complete_24_hours,Open-Meteo Historical Weather API,available
3409453,MIDC Ambad,2025-12-30,56.2,µg/m³,19.95022,73.73148,,0.521,,33.9,56.0,135.0,,18.0,18.42083333333333,11.4,26.8,0.0,8.1875,49.333333333333336,24,complete_24_hours,Open-Meteo Historical Weather API,available
3409453,MIDC Ambad,2025-12-31,58.0,µg/m³,19.95022,73.73148,,0.521,,32.7,47.8,127.0,,17.5,18.179166666666667,12.0,25.6,0.0,6.570833333333334,58.16666666666666,24,complete_24_hours,Open-Meteo Historical Weather API,available
3409451,Pandav Nagari,2025-02-19,52.0,µg/m³,19.9591346,73.7788008,,0.404,,7.69,47.5,79.7,,17.1,25.525,18.4,32.6,0.0,7.712499999999999,33.333333333333336,24,complete_24_hours,Original weather CSV,available
3409451,Pandav Nagari,2025-02-20,51.8,µg/m³,19.9591346,73.7788008,,0.528,,12.5,38.2,84.9,,15.5,25.875,18.4,32.9,0.0,6.7125,31.625,24,complete_24_hours,Original weather CSV,available
3409451,Pandav Nagari,2025-02-21,30.3,µg/m³,19.9591346,73.7788008,,0.7,,18.5,25.5,94.2,,8.01,26.316666666666663,19.3,33.3,0.0,7.558333333333334,27.45833333333333,24,complete_24_hours,Original weather CSV,available
3409451,Pandav Nagari,2025-02-22,49.1,µg/m³,19.9591346,73.7788008,,,,20.3,,98.1,,,26.475,18.6,34.3,0.0,7.695833333333333,28.541666666666668,24,complete_24_hours,Original weather CSV,available
3409451,Pandav Nagari,2025-02-24,107.0,µg/m³,19.9591346,73.7788008,,0.577,,21.2,31.2,114.0,,13.6,26.204166666666666,19.1,33.2,0.0,7.541666666666667,26.416666666666668,24,complete_24_hours,Original weather CSV,available
3409451,Pandav Nagari,2025-02-25,70.0,µg/m³,19.9591346,73.7788008,,0.285,,7.75,49.0,96.3,,13.7,26.15,18.9,33.4,0.0,7.345833333333334,29.875,24,complete_24_hours,Original weather CSV,available
3409451,Pandav Nagari,2025-02-26,67.7,µg/m³,19.9591346,73.7788008,,0.66,,22.7,33.9,131.0,,16.7,26.5,19.7,33.8,0.0,10.283333333333331,32.166666666666664,24,complete_24_hours,Original weather CSV,available
3409451,Pandav Nagari,2025-02-27,72.8,µg/m³,19.9591346,73.7788008,,0.447,,12.7,39.6,119.0,,10.6,27.379166666666663,20.4,34.9,0.0,7.783333333333334,33.041666666666664,24,complete_24_hours,Original weather CSV,available
3409451,Pandav Nagari,2025-02-28,68.0,µg/m³,19.9591346,73.7788008,,0.547,,10.7,75.4,124.0,,9.89,27.85,20.8,36.0,0.0,6.608333333333333,33.708333333333336,24,complete_24_hours,Original weather CSV,available
3409451,Pandav Nagari,2025-03-01,72.9,µg/m³,19.9591346,73.7788008,,0.77,,11.1,46.7,139.0,,9.88,27.966666666666665,21.9,35.8,0.0,8.320833333333333,34.25,24,complete_24_hours,Original weather CSV,available
3409451,Pandav Nagari,2025-03-02,47.5,µg/m³,19.9591346,73.7788008,,0.37,,6.33,60.1,116.0,,11.0,27.17083333333333,20.9,34.3,0.0,9.825,30.95833333333333,24,complete_24_hours,Original weather CSV,available
3409451,Pandav Nagari,2025-03-03,43.3,µg/m³,19.9591346,73.7788008,,0.359,,11.5,45.7,130.0,,51.3,27.879166666666663,20.3,35.3,0.0,10.895833333333334,27.875,24,complete_24_hours,Original weather CSV,available
3409451,Pandav Nagari,2025-03-04,38.2,µg/m³,19.9591346,73.7788008,,0.27,,6.8,43.7,101.0,,10.0,27.366666666666664,20.3,35.0,0.0,8.716666666666667,31.166666666666668,24,complete_24_hours,Original weather CSV,available
3409451,Pandav Nagari,2025-03-05,37.9,µg/m³,19.9591346,73.7788008,,0.31,,8.92,27.8,117.0,,8.72,25.525,19.4,33.0,0.0,11.25,25.33333333333333,24,complete_24_hours,Original weather CSV,available
3409451,Pandav Nagari,2025-03-06,36.7,µg/m³,19.9591346,73.7788008,,0.25,,14.7,24.2,88.1,,7.7,25.308333333333334,16.6,34.2,0.0,7.320833333333333,18.125,24,complete_24_hours,Original weather CSV,available
3409451,Pandav Nagari,2025-03-07,53.7,µg/m³,19.9591346,73.7788008,,0.435,,24.4,19.5,95.6,,97.4,26.854166666666668,18.6,35.1,0.0,6.791666666666667,19.041666666666668,24,complete_24_hours,Original weather CSV,available
3409451,Pandav Nagari,2025-03-08,32.5,µg/m³,19.9591346,73.7788008,,0.263,,8.02,70.1,72.9,,5.65,27.96666666666667,19.2,36.1,0.0,7.85,19.625,24,complete_24_hours,Original weather CSV,available
3409451,Pandav Nagari,2025-03-09,81.9,µg/m³,19.9591346,73.7788008,,0.71,,31.6,11.1,126.0,,7.86,28.4625,20.9,36.1,0.0,5.25,23.75,24,complete_24_hours,Original weather CSV,available
3409451,Pandav Nagari,2025-03-10,67.7,µg/m³,19.9591346,73.7788008,,,,9.5,,145.0,,23.6,28.88333333333333,21.7,36.4,0.0,10.6625,26.95833333333333,24,complete_24_hours,Original weather CSV,available
3409451,Pandav Nagari,2025-03-11,86.4,µg/m³,19.9591346,73.7788008,,0.525,,15.2,67.7,143.0,,15.2,29.84166666666667,22.6,37.0,0.0,8.891666666666667,28.666666666666668,24,complete_24_hours,Original weather CSV,available
3409451,Pandav Nagari,2025-03-12,81.8,µg/m³,19.9591346,73.7788008,,0.485,,11.7,49.6,143.0,,6.76,30.1125,22.7,37.8,0.0,4.55,27.58333333333333,24,complete_24_hours,Original weather CSV,available
3409451,Pandav Nagari,2025-03-13,92.6,µg/m³,19.9591346,73.7788008,,0.82,,15.2,36.3,154.0,,10.2,30.02916666666667,22.7,37.4,0.0,9.666666666666666,27.58333333333333,24,complete_24_hours,Original weather CSV,available
3409451,Pandav Nagari,2025-03-14,56.9,µg/m³,19.9591346,73.7788008,,0.38,,9.43,73.4,93.9,,7.17,29.5375,22.1,36.4,0.0,9.0375,20.75,24,complete_24_hours,Original weather CSV,available
3409451,Pandav Nagari,2025-03-15,36.8,µg/m³,19.9591346,73.7788008,,0.31,,10.6,58.9,68.4,,3.7,29.541666666666668,22.0,37.5,0.0,8.775,22.666666666666668,24,complete_24_hours,Original weather CSV,available
3409451,Pandav Nagari,2025-03-16,39.5,µg/m³,19.9591346,73.7788008,,0.227,,5.82,68.0,68.8,,7.32,28.808333333333334,22.7,36.0,0.0,8.620833333333334,25.291666666666668,24,complete_24_hours,Original weather CSV,available
3409451,Pandav Nagari,2025-03-17,57.4,µg/m³,19.9591346,73.7788008,,0.284,,9.98,44.2,95.7,,6.65,28.541666666666668,23.2,34.7,0.0,10.5375,25.83333333333333,24,complete_24_hours,Original weather CSV,available
3409451,Pandav Nagari,2025-03-18,63.9,µg/m³,19.9591346,73.7788008,,0.575,,17.7,44.9,170.0,,10.7,28.29583333333333,20.6,36.7,0.0,8.820833333333333,27.916666666666668,24,complete_24_hours,Original weather CSV,available
3409451,Pandav Nagari,2025-03-19,64.1,µg/m³,19.9591346,73.7788008,,0.275,,8.46,74.7,98.4,,10.8,28.225,20.8,36.5,0.0,8.220833333333333,23.95833333333333,24,complete_24_hours,Original weather CSV,available
3409451,Pandav Nagari,2025-03-20,38.0,µg/m³,19.9591346,73.7788008,,0.257,,7.9,61.5,99.4,,8.77,27.4875,21.0,34.4,0.0,8.887500000000001,22.75,24,complete_24_hours,Original weather CSV,available
3409451,Pandav Nagari,2025-03-21,29.1,µg/m³,19.9591346,73.7788008,,0.291,,8.74,41.8,73.9,,6.52,26.95833333333333,20.6,33.9,0.0,9.983333333333333,27.666666666666668,24,complete_24_hours,Original weather CSV,available
3409451,Pandav Nagari,2025-03-22,39.3,µg/m³,19.9591346,73.7788008,,0.253,,9.92,61.4,89.2,,8.87,27.28333333333333,18.8,34.9,0.0,6.075,24.291666666666668,24,complete_24_hours,Original weather CSV,available
3409451,Pandav Nagari,2025-03-23,51.2,µg/m³,19.9591346,73.7788008,,0.295,,11.2,95.7,115.0,,10.4,28.804166666666664,20.0,36.0,0.0,6.670833333333333,21.291666666666668,24,complete_24_hours,Original weather CSV,available
3409451,Pandav Nagari,2025-03-24,56.2,µg/m³,19.9591346,73.7788008,,0.285,,7.61,116.0,108.0,,8.17,29.58333333333333,22.3,36.5,0.0,7.679166666666667,22.875,24,complete_24_hours,Original weather CSV,available
3409451,Pandav Nagari,2025-03-25,77.9,µg/m³,19.9591346,73.7788008,,0.123,,8.69,83.5,126.0,,13.0,29.495833333333334,21.9,37.1,0.0,7.333333333333333,25.58333333333333,24,complete_24_hours,Original weather CSV,available
3409451,Pandav Nagari,2025-03-26,61.7,µg/m³,19.9591346,73.7788008,,0.413,,10.4,82.0,129.0,,9.07,28.9625,22.1,37.2,0.0,8.733333333333333,30.75,24,complete_24_hours,Original weather CSV,available
3409451,Pandav Nagari,2025-03-27,35.7,µg/m³,19.9591346,73.7788008,,0.378,,11.7,35.4,73.7,,5.12,27.55,21.3,34.9,0.0,10.75,36.91666666666666,24,complete_24_hours,Original weather CSV,available
3409451,Pandav Nagari,2025-03-28,35.7,µg/m³,19.9591346,73.7788008,,0.32,,9.14,53.3,101.0,,6.51,28.79583333333333,20.9,37.4,0.0,8.770833333333334,35.708333333333336,24,complete_24_hours,Original weather CSV,available
3409451,Pandav Nagari,2025-03-29,67.9,µg/m³,19.9591346,73.7788008,,0.51,,12.6,53.0,161.0,,22.0,30.67083333333333,23.4,37.9,0.0,9.904166666666669,18.416666666666668,24,complete_24_hours,Original weather CSV,available
3409451,Pandav Nagari,2025-03-30,65.3,µg/m³,19.9591346,73.7788008,,0.49,,17.4,40.7,124.0,,9.02,31.4125,24.1,39.0,0.0,9.133333333333333,18.33333333333333,24,complete_24_hours,Original weather CSV,available
3409451,Pandav Nagari,2025-03-31,76.7,µg/m³,19.9591346,73.7788008,,0.5,,13.7,64.3,135.0,,16.0,31.979166666666668,26.8,38.8,0.0,7.504166666666666,18.875,24,complete_24_hours,Original weather CSV,available
3409451,Pandav Nagari,2025-04-01,70.9,µg/m³,19.9591346,73.7788008,,0.527,,14.9,44.5,141.0,,12.4,30.570833333333336,25.4,38.3,0.1,6.741666666666667,25.45833333333333,24,complete_24_hours,Original weather CSV,available
3409451,Pandav Nagari,2025-04-02,71.0,µg/m³,19.9591346,73.7788008,,0.433,,12.3,37.5,102.0,,6.42,28.8625,24.4,37.1,1.2,7.358333333333333,40.375,24,complete_24_hours,Original weather CSV,available
3409451,Pandav Nagari,2025-04-03,65.6,µg/m³,19.9591346,73.7788008,,0.473,,12.0,63.3,86.9,,4.0,27.991666666666664,22.1,35.9,5.9,6.104166666666667,47.958333333333336,24,complete_24_hours,Original weather CSV,available
3409451,Pandav Nagari,2025-04-04,48.6,µg/m³,19.9591346,73.7788008,,0.288,,10.5,56.8,106.0,,11.8,27.96666666666667,21.6,35.3,0.0,8.5375,53.79166666666666,24,complete_24_hours,Original weather CSV,available
3409451,Pandav Nagari,2025-04-05,40.3,µg/m³,19.9591346,73.7788008,,0.323,,14.2,45.6,95.6,,4.05,30.2625,21.9,38.2,0.0,9.345833333333331,26.33333333333333,24,complete_24_hours,Original weather CSV,available
3409451,Pandav Nagari,2025-04-06,34.2,µg/m³,19.9591346,73.7788008,,0.375,,10.7,33.2,88.9,,11.1,31.77083333333333,24.3,38.9,0.0,10.145833333333334,18.45833333333333,24,complete_24_hours,Original weather CSV,available
3409451,Pandav Nagari,2025-04-07,46.1,µg/m³,19.9591346,73.7788008,,0.396,,12.2,48.2,99.6,,9.46,31.683333333333334,23.0,40.2,0.0,9.733333333333333,20.041666666666668,24,complete_24_hours,Original weather CSV,available
3409451,Pandav Nagari,2025-04-08,32.6,µg/m³,19.9591346,73.7788008,,0.253,,8.18,64.6,90.1,,13.1,33.05833333333333,24.7,40.3,0.0,10.041666666666666,16.0,24,complete_24_hours,Original weather CSV,available
3409451,Pandav Nagari,2025-04-09,43.1,µg/m³,19.9591346,73.7788008,,0.25,,6.0,34.7,85.1,,12.5,32.8375,26.5,40.1,0.0,13.329166666666666,17.833333333333332,24,complete_24_hours,Original weather CSV,available
3409451,Pandav Nagari,2025-04-11,32.3,µg/m³,19.9591346,73.7788008,,,,,,69.2,,,28.945833333333336,22.9,36.2,0.0,13.879166666666668,33.833333333333336,24,complete_24_hours,Original weather CSV,available
3409451,Pandav Nagari,2025-04-12,55.3,µg/m³,19.9591346,73.7788008,,0.34,,6.91,32.8,85.1,,2.94,27.75,20.9,35.5,0.0,13.525,52.708333333333336,24,complete_24_hours,Original weather CSV,available
3409451,Pandav Nagari,2025-04-13,32.8,µg/m³,19.9591346,73.7788008,,0.495,,7.85,36.8,81.6,,2.72,28.741666666666664,21.0,36.5,0.0,11.4,47.958333333333336,24,complete_24_hours,Original weather CSV,available
3409451,Pandav Nagari,2025-04-14,34.2,µg/m³,19.9591346,73.7788008,,0.25,,6.72,36.8,72.4,,3.51,30.27083333333333,23.1,37.4,0.0,12.158333333333331,29.041666666666668,24,complete_24_hours,Original weather CSV,available
3409451,Pandav Nagari,2025-04-15,26.5,µg/m³,19.9591346,73.7788008,,0.26,,8.09,63.5,70.1,,7.6,31.075,24.7,38.5,0.0,12.05,24.625,24,complete_24_hours,Original weather CSV,available
3409451,Pandav Nagari,2025-04-16,33.4,µg/m³,19.9591346,73.7788008,,0.3,,7.86,70.1,101.0,,3.05,30.7875,23.8,38.3,0.0,11.720833333333331,29.541666666666668,24,complete_24_hours,Original weather CSV,available
3409451,Pandav Nagari,2025-04-17,33.4,µg/m³,19.9591346,73.7788008,,0.343,,8.75,42.1,79.1,,5.06,30.34166666666667,23.5,38.7,0.0,12.441666666666668,34.666666666666664,24,complete_24_hours,Original weather CSV,available
3409451,Pandav Nagari,2025-04-18,31.7,µg/m³,19.9591346,73.7788008,,0.35,,8.54,51.6,61.6,,3.69,30.329166666666666,23.0,38.6,0.0,12.229166666666666,37.208333333333336,24,complete_24_hours,Original weather CSV,available
3409451,Pandav Nagari,2025-04-19,24.6,µg/m³,19.9591346,73.7788008,,0.31,,6.5,59.3,55.8,,3.53,30.475,24.6,37.7,0.0,13.345833333333331,33.166666666666664,24,complete_24_hours,Original weather CSV,available
3409451,Pandav Nagari,2025-04-20,32.9,µg/m³,19.9591346,73.7788008,,0.425,,14.3,33.2,83.1,,5.45,29.495833333333334,22.6,36.9,0.0,11.9875,37.41666666666666,24,complete_24_hours,Original weather CSV,available
3409451,Pandav Nagari,2025-04-21,32.1,µg/m³,19.9591346,73.7788008,,0.274,,8.43,57.7,94.6,,3.98,30.55,22.5,38.5,0.0,10.1,36.25,24,complete_24_hours,Original weather CSV,available
3409451,Pandav Nagari,2025-04-22,38.4,µg/m³,19.9591346,73.7788008,,0.23,,5.94,45.2,112.0,,5.53,32.204166666666666,24.2,41.2,0.0,9.470833333333331,27.125,24,complete_24_hours,Original weather CSV,available
3409451,Pandav Nagari,2025-04-23,44.8,µg/m³,19.9591346,73.7788008,,0.415,,7.09,59.4,112.0,,9.15,32.3375,24.5,39.9,0.0,9.841666666666669,22.70833333333333,24,complete_24_hours,Original weather CSV,available
3409451,Pandav Nagari,2025-04-24,49.4,µg/m³,19.9591346,73.7788008,,0.397,,8.74,52.3,103.0,,4.85,31.72083333333333,25.5,39.3,0.0,11.266666666666666,26.33333333333333,24,complete_24_hours,Original weather CSV,available
3409451,Pandav Nagari,2025-04-25,37.5,µg/m³,19.9591346,73.7788008,,0.45,,11.3,62.4,92.4,,2.84,30.77916666666667,24.0,38.4,0.0,10.591666666666669,28.625,24,complete_24_hours,Original weather CSV,available
3409451,Pandav Nagari,2025-04-26,30.6,µg/m³,19.9591346,73.7788008,,0.3,,7.45,36.7,75.7,,8.47,30.85833333333333,24.3,37.6,0.0,11.125,28.666666666666668,24,complete_24_hours,Original weather CSV,available
3409451,Pandav Nagari,2025-04-27,35.4,µg/m³,19.9591346,73.7788008,,0.26,,6.37,20.4,78.3,,7.76,30.854166666666668,21.8,39.0,0.0,10.270833333333334,35.5,24,complete_24_hours,Original weather CSV,available
3409451,Pandav Nagari,2025-04-28,39.2,µg/m³,19.9591346,73.7788008,,,,9.83,14.6,90.0,,8.15,30.78333333333333,22.9,38.6,0.0,11.175,36.458333333333336,24,complete_24_hours,Original weather CSV,available
3409451,Pandav Nagari,2025-04-29,36.9,µg/m³,19.9591346,73.7788008,,0.34,,6.1,54.0,103.0,,6.12,31.05,23.2,38.6,0.0,11.629166666666668,40.875,24,complete_24_hours,Original weather CSV,available
3409451,Pandav Nagari,2025-04-30,32.6,µg/m³,19.9591346,73.7788008,,0.37,,11.7,44.1,78.3,,5.92,30.65,23.6,38.4,0.0,13.2125,37.29166666666666,24,complete_24_hours,Original weather CSV,available
3409451,Pandav Nagari,2025-05-01,32.1,µg/m³,19.9591346,73.7788008,,0.273,,6.36,34.9,65.6,,5.7,31.8375,25.6,39.8,0.0,13.558333333333332,28.08333333333333,24,complete_24_hours,Original weather CSV,available
3409451,Pandav Nagari,2025-05-02,25.0,µg/m³,19.9591346,73.7788008,,0.27,,7.08,51.0,60.4,,7.08,31.65833333333333,24.7,39.4,0.0,12.8875,24.75,24,complete_24_hours,Original weather CSV,available
3409451,Pandav Nagari,2025-05-03,19.0,µg/m³,19.9591346,73.7788008,,0.138,,5.16,35.2,46.0,,4.21,29.641666666666666,23.7,37.1,0.0,13.658333333333331,36.04166666666666,24,complete_24_hours,Original weather CSV,available
3409451,Pandav Nagari,2025-05-04,21.0,µg/m³,19.9591346,73.7788008,,0.303,,4.06,23.3,50.3,,2.53,27.566666666666663,21.9,34.0,0.0,14.475,57.625,24,complete_24_hours,Original weather CSV,available
3409451,Pandav Nagari,2025-05-05,24.2,µg/m³,19.9591346,73.7788008,,0.19,,4.33,28.2,68.8,,4.9,28.254166666666663,22.4,35.5,0.1,11.7375,59.125,24,complete_24_hours,Original weather CSV,available
3409451,Pandav Nagari,2025-05-06,19.3,µg/m³,19.9591346,73.7788008,,0.175,,4.44,31.9,64.0,,3.66,26.241666666666664,21.7,33.7,0.5,14.541666666666666,65.33333333333333,24,complete_24_hours,Original weather CSV,available
3409451,Pandav Nagari,2025-05-07,17.8,µg/m³,19.9591346,73.7788008,,0.305,,8.68,26.3,35.7,,6.34,25.495833333333334,21.4,32.6,0.8,15.25,67.45833333333333,24,complete_24_hours,Original weather CSV,available
3409451,Pandav Nagari,2025-05-08,6.05,µg/m³,19.9591346,73.7788008,,0.212,,3.77,22.7,14.7,,5.8,24.675,21.4,30.8,3.8,13.841666666666669,73.91666666666667,24,complete_24_hours,Original weather CSV,available
3409451,Pandav Nagari,2025-05-09,10.0,µg/m³,19.9591346,73.7788008,,0.18,,3.36,27.6,15.6,,1.79,25.454166666666666,20.7,31.6,2.2,10.2625,70.29166666666667,24,complete_24_hours,Original weather CSV,available
3409451,Pandav Nagari,2025-05-10,16.5,µg/m³,19.9591346,73.7788008,,0.377,,4.52,27.0,26.1,,3.85,27.02916666666667,21.7,34.4,0.0,8.125,68.0,24,complete_24_hours,Original weather CSV,available
3409451,Pandav Nagari,2025-05-11,20.0,µg/m³,19.9591346,73.7788008,,0.453,,7.12,22.4,30.2,,4.58,27.6625,22.3,35.3,1.4,6.575,67.29166666666667,24,complete_24_hours,Original weather CSV,available
3409451,Pandav Nagari,2025-05-12,23.5,µg/m³,19.9591346,73.7788008,,0.334,,4.46,28.7,33.2,,3.11,27.3,23.2,36.1,5.6,6.2,70.41666666666667,24,complete_24_hours,Original weather CSV,available
3409451,Pandav Nagari,2025-05-13,28.9,µg/m³,19.9591346,73.7788008,,0.476,,6.03,21.7,53.3,,2.99,26.20833333333333,23.0,33.7,12.7,5.245833333333334,77.125,24,complete_24_hours,Original weather CSV,available
3409451,Pandav Nagari,2025-05-14,23.9,µg/m³,19.9591346,73.7788008,,0.371,,5.5,33.2,52.1,,2.06,26.1875,22.4,32.6,1.9,4.9750000000000005,79.70833333333333,24,complete_24_hours,Original weather CSV,available
3409451,Pandav Nagari,2025-05-15,25.2,µg/m³,19.9591346,73.7788008,,0.524,,7.15,20.5,50.0,,1.92,26.4125,23.3,32.2,3.7,5.5375000000000005,80.29166666666667,24,complete_24_hours,Original weather CSV,available
3409451,Pandav Nagari,2025-05-16,24.4,µg/m³,19.9591346,73.7788008,,0.511,,7.47,16.4,49.9,,1.17,25.67083333333333,23.0,31.9,19.6,7.508333333333333,84.125,24,complete_24_hours,Original weather CSV,available
3409451,Pandav Nagari,2025-05-17,19.6,µg/m³,19.9591346,73.7788008,,0.305,,4.03,14.2,40.2,,1.2,26.504166666666663,23.1,31.6,4.3,7.866666666666667,79.66666666666667,24,complete_24_hours,Original weather CSV,available
3409451,Pandav Nagari,2025-05-18,17.2,µg/m³,19.9591346,73.7788008,,0.294,,3.1,18.6,43.2,,0.959,26.820833333333336,22.9,32.6,4.1000000000000005,6.516666666666667,77.625,24,complete_24_hours,Original weather CSV,available
3409451,Pandav Nagari,2025-05-19,21.1,µg/m³,19.9591346,73.7788008,,0.3,,4.09,11.5,48.3,,1.22,26.604166666666668,23.3,32.6,7.399999999999999,5.116666666666666,81.08333333333333,24,complete_24_hours,Original weather CSV,available
3409451,Pandav Nagari,2025-05-20,33.1,µg/m³,19.9591346,73.7788008,,0.458,,4.56,22.8,55.3,,0.653,26.879166666666663,24.1,31.9,15.000000000000002,6.645833333333333,82.5,24,complete_24_hours,Original weather CSV,available
3409451,Pandav Nagari,2025-05-21,31.4,µg/m³,19.9591346,73.7788008,,0.423,,4.69,31.9,52.1,,1.77,26.22083333333333,22.8,30.1,7.3,4.570833333333334,78.375,24,complete_24_hours,Original weather CSV,available
3409451,Pandav Nagari,2025-05-22,28.1,µg/m³,19.9591346,73.7788008,,0.358,,4.51,32.0,50.2,,1.86,25.4125,22.5,28.1,2.4,8.383333333333333,81.75,24,complete_24_hours,Original weather CSV,available
3409451,Pandav Nagari,2025-05-23,23.9,µg/m³,19.9591346,73.7788008,,0.5,,4.39,13.2,49.0,,1.18,25.64583333333333,23.1,28.2,0.0,7.899999999999999,80.5,24,complete_24_hours,Original weather CSV,available
3409451,Pandav Nagari,2025-05-24,30.0,µg/m³,19.9591346,73.7788008,,0.417,,3.71,23.5,59.4,,1.31,25.125,23.5,27.2,1.7,7.658333333333334,80.79166666666667,24,complete_24_hours,Original weather CSV,available
3409451,Pandav Nagari,2025-05-25,34.4,µg/m³,19.9591346,73.7788008,,0.375,,2.92,29.2,58.3,,1.64,25.75,23.4,30.7,16.900000000000002,10.375,82.54166666666667,24,complete_24_hours,Original weather CSV,available
3409451,Pandav Nagari,2025-05-26,11.6,µg/m³,19.9591346,73.7788008,,0.355,,2.64,25.3,52.0,,6.78,27.137500000000003,23.8,33.1,3.3,9.916666666666666,79.83333333333333,24,complete_24_hours,Original weather CSV,available
3409451,Pandav Nagari,2025-05-27,23.6,µg/m³,19.9591346,73.7788008,,0.315,,2.67,25.4,43.7,,6.95,25.8,23.4,30.3,2.8,13.766666666666666,83.79166666666667,24,complete_24_hours,Original weather CSV,available
3409451,Pandav Nagari,2025-05-28,18.7,µg/m³,19.9591346,73.7788008,,0.46,,2.49,25.8,40.2,,7.88,25.266666666666666,22.6,29.0,2.6,14.675,87.0,24,complete_24_hours,Original weather CSV,available
3409451,Pandav Nagari,2025-05-29,14.7,µg/m³,19.9591346,73.7788008,,0.263,,2.44,15.3,68.3,,7.63,26.6875,23.4,31.9,2.3,14.745833333333332,80.54166666666667,24,complete_24_hours,Original weather CSV,available
3409451,Pandav Nagari,2025-05-30,21.4,µg/m³,19.9591346,73.7788008,,0.15,,1.65,19.1,78.7,,7.12,26.77083333333333,23.7,31.1,0.0,19.379166666666663,77.375,24,complete_24_hours,Original weather CSV,available
3409451,Pandav Nagari,2025-05-31,30.8,µg/m³,19.9591346,73.7788008,,0.13,,1.66,23.5,69.3,,7.38,26.1125,23.7,30.7,0.8,20.20833333333333,79.25,24,complete_24_hours,Original weather CSV,available
3409451,Pandav Nagari,2025-06-01,26.2,µg/m³,19.9591346,73.7788008,,,,2.04,21.0,48.4,,7.58,25.508333333333336,22.4,30.0,0.9,16.916666666666668,80.20833333333333,24,complete_24_hours,Original weather CSV,available
3409451,Pandav Nagari,2025-06-02,15.1,µg/m³,19.9591346,73.7788008,,0.2,,1.9,25.1,57.8,,7.52,25.3625,22.2,30.0,0.3,17.483333333333334,79.04166666666667,24,complete_24_hours,Original weather CSV,available
3409451,Pandav Nagari,2025-06-03,11.5,µg/m³,19.9591346,73.7788008,,,,1.71,30.9,52.1,,3.17,24.96666666666667,21.7,29.3,0.7000000000000001,17.633333333333333,80.20833333333333,24,complete_24_hours,Original weather CSV,available
3409451,Pandav Nagari,2025-06-04,12.8,µg/m³,19.9591346,73.7788008,,0.275,,1.24,21.2,42.2,,3.48,23.916666666666668,21.3,28.6,5.1,10.5375,84.54166666666667,24,complete_24_hours,Original weather CSV,available
3409451,Pandav Nagari,2025-06-05,18.8,µg/m³,19.9591346,73.7788008,,0.24,,2.21,29.2,62.4,,6.57,25.116666666666664,21.3,30.8,1.0,7.6,77.66666666666667,24,complete_24_hours,Original weather CSV,available
3409451,Pandav Nagari,2025-06-06,23.1,µg/m³,19.9591346,73.7788008,,0.245,,3.03,20.9,55.3,,7.3,25.73333333333333,21.5,32.0,6.7,8.033333333333333,78.70833333333333,24,complete_24_hours,Original weather CSV,available
3409451,Pandav Nagari,2025-06-07,16.9,µg/m³,19.9591346,73.7788008,,0.3,,2.73,20.7,45.8,,5.67,25.9625,22.5,30.8,1.7,11.004166666666668,81.04166666666667,24,complete_24_hours,Original weather CSV,available
3409451,Pandav Nagari,2025-06-08,20.1,µg/m³,19.9591346,73.7788008,,0.19,,2.11,24.8,54.0,,4.49,26.45833333333333,23.1,31.3,1.0,11.9,78.0,24,complete_24_hours,Original weather CSV,available
3409451,Pandav Nagari,2025-06-09,20.8,µg/m³,19.9591346,73.7788008,,0.2,,2.1,21.0,55.9,,4.28,26.59166666666667,23.4,31.7,0.0,14.954166666666666,75.58333333333333,24,complete_24_hours,Original weather CSV,available
3409451,Pandav Nagari,2025-06-10,20.3,µg/m³,19.9591346,73.7788008,,0.195,,1.62,30.2,47.2,,4.11,26.566666666666663,22.8,31.6,0.0,14.7375,74.16666666666667,24,complete_24_hours,Original weather CSV,available
3409451,Pandav Nagari,2025-06-11,14.9,µg/m³,19.9591346,73.7788008,,0.188,,2.17,29.6,91.3,,4.4,27.075,23.2,32.1,0.0,15.345833333333331,74.95833333333333,24,complete_24_hours,Original weather CSV,available
3409451,Pandav Nagari,2025-06-12,20.8,µg/m³,19.9591346,73.7788008,,,,2.64,23.1,63.4,,4.47,27.166666666666668,24.5,33.2,8.100000000000001,13.291666666666666,79.25,24,complete_24_hours,Original weather CSV,available
3409451,Pandav Nagari,2025-06-13,21.0,µg/m³,19.9591346,73.7788008,,0.32,,3.92,29.5,41.7,,2.86,25.7375,23.3,30.1,44.4,8.779166666666667,86.54166666666667,24,complete_24_hours,Original weather CSV,available
3409451,Pandav Nagari,2025-06-14,24.7,µg/m³,19.9591346,73.7788008,,0.308,,4.58,24.2,47.1,,0.713,26.23333333333333,23.0,32.3,36.9,5.416666666666667,85.875,24,complete_24_hours,Original weather CSV,available
3409451,Pandav Nagari,2025-06-15,21.4,µg/m³,19.9591346,73.7788008,,0.463,,2.79,29.6,28.0,,2.4,25.98333333333333,23.2,29.7,2.8000000000000003,5.4875,84.08333333333333,24,complete_24_hours,Original weather CSV,available
3409451,Pandav Nagari,2025-06-16,11.3,µg/m³,19.9591346,73.7788008,,0.406,,3.51,17.8,23.0,,1.91,23.85,22.8,26.3,9.4,15.470833333333331,92.66666666666669,24,complete_24_hours,Original weather CSV,available
3409451,Pandav Nagari,2025-06-17,18.5,µg/m³,19.9591346,73.7788008,,0.185,,2.97,32.8,45.7,,1.92,24.025,22.0,27.5,5.6,22.65416666666667,88.125,24,complete_24_hours,Original weather CSV,available
3409451,Pandav Nagari,2025-06-18,12.0,µg/m³,19.9591346,73.7788008,,0.25,,1.89,33.2,21.3,,2.19,24.316666666666663,22.2,27.6,20.9,20.59583333333333,90.83333333333331,24,complete_24_hours,Original weather CSV,available
3409451,Pandav Nagari,2025-06-19,9.45,µg/m³,19.9591346,73.7788008,,0.235,,1.64,30.4,23.7,,0.72,23.23333333333333,21.9,24.9,17.6,19.1875,92.91666666666669,24,complete_24_hours,Original weather CSV,available
3409451,Pandav Nagari,2025-06-20,13.5,µg/m³,19.9591346,73.7788008,,0.145,,1.28,24.8,37.8,,1.39,24.275,22.2,28.2,2.5,21.120833333333334,86.79166666666667,24,complete_24_hours,Original weather CSV,available
3409451,Pandav Nagari,2025-06-21,13.0,µg/m³,19.9591346,73.7788008,,0.14,,1.63,22.7,29.5,,1.81,23.75,21.8,26.2,6.8,18.516666666666666,89.41666666666667,24,complete_24_hours,Original weather CSV,available
3409451,Pandav Nagari,2025-06-22,18.1,µg/m³,19.9591346,73.7788008,,0.2,,1.46,21.3,33.6,,1.63,23.566666666666663,21.9,26.9,5.3,18.808333333333334,90.375,24,complete_24_hours,Original weather CSV,available
3409451,Pandav Nagari,2025-06-23,10.9,µg/m³,19.9591346,73.7788008,,0.355,,3.14,19.0,20.8,,1.83,23.33333333333333,22.0,25.8,8.6,19.9,91.83333333333331,24,complete_24_hours,Original weather CSV,available
3409451,Pandav Nagari,2025-06-24,13.9,µg/m³,19.9591346,73.7788008,,0.3,,2.08,33.2,29.9,,3.28,23.275,22.2,25.2,14.9,20.291666666666668,91.95833333333331,24,complete_24_hours,Original weather CSV,available
3409451,Pandav Nagari,2025-06-25,17.8,µg/m³,19.9591346,73.7788008,,0.21,,1.68,28.5,44.9,,4.06,24.10833333333333,22.1,27.2,6.3,18.825,89.29166666666667,24,complete_24_hours,Original weather CSV,available
3409451,Pandav Nagari,2025-06-26,14.3,µg/m³,19.9591346,73.7788008,,,,1.59,22.2,32.7,,4.3,23.17083333333333,21.9,25.2,14.1,16.291666666666668,93.58333333333331,24,complete_24_hours,Original weather CSV,available
3409451,Pandav Nagari,2025-06-27,13.4,µg/m³,19.9591346,73.7788008,,0.12,,1.61,14.9,31.6,,4.71,23.245833333333334,22.0,25.3,7.5,19.620833333333334,92.66666666666669,24,complete_24_hours,Original weather CSV,available
3409451,Pandav Nagari,2025-06-28,21.7,µg/m³,19.9591346,73.7788008,,,,,,46.8,,,23.041666666666668,21.3,26.0,10.6,22.504166666666663,91.29166666666669,24,complete_24_hours,Original weather CSV,available
3409451,Pandav Nagari,2025-06-29,11.5,µg/m³,19.9591346,73.7788008,,0.137,,1.89,22.1,30.1,,4.84,22.9375,22.0,24.9,9.4,21.3375,92.08333333333331,24,complete_24_hours,Original weather CSV,available
3409451,Pandav Nagari,2025-06-30,12.7,µg/m³,19.9591346,73.7788008,,0.21,,1.57,21.9,39.4,,2.45,23.29583333333333,21.6,26.6,5.1,20.666666666666668,90.375,24,complete_24_hours,Original weather CSV,available
3409451,Pandav Nagari,2025-07-01,9.01,µg/m³,19.9591346,73.7788008,,0.223,,2.41,15.8,27.3,,2.54,23.40416666666667,22.1,26.0,7.2,19.279166666666665,90.875,24,complete_24_hours,Original weather CSV,available
3409451,Pandav Nagari,2025-07-02,6.62,µg/m³,19.9591346,73.7788008,,0.17,,2.16,18.0,18.1,,3.19,23.554166666666664,22.2,26.1,9.6,19.2375,90.45833333333331,24,complete_24_hours,Original weather CSV,available
3409451,Pandav Nagari,2025-07-03,7.62,µg/m³,19.9591346,73.7788008,,0.245,,1.83,16.7,18.5,,2.2,23.508333333333336,21.5,26.7,7.7,19.995833333333334,89.20833333333333,24,complete_24_hours,Original weather CSV,available
3409451,Pandav Nagari,2025-07-04,8.16,µg/m³,19.9591346,73.7788008,,0.2,,1.91,17.2,26.3,,3.44,23.204166666666666,21.7,25.5,5.8,20.616666666666667,91.79166666666669,24,complete_24_hours,Original weather CSV,available
3409451,Pandav Nagari,2025-07-05,6.06,µg/m³,19.9591346,73.7788008,,0.12,,1.85,17.2,16.6,,4.36,23.508333333333336,22.3,26.6,11.4,21.96666666666667,90.625,24,complete_24_hours,Original weather CSV,available
3409451,Pandav Nagari,2025-07-06,10.2,µg/m³,19.9591346,73.7788008,,,,2.05,19.7,16.5,,4.44,22.78333333333333,22.1,24.0,22.2,21.570833333333336,93.95833333333331,24,complete_24_hours,Original weather CSV,available
3409451,Pandav Nagari,2025-07-07,15.0,µg/m³,19.9591346,73.7788008,,0.11,,2.48,16.7,30.0,,3.35,22.5625,21.8,23.4,7.9,18.225,93.66666666666669,24,complete_24_hours,Original weather CSV,available
3409451,Pandav Nagari,2025-07-08,13.8,µg/m³,19.9591346,73.7788008,,0.115,,2.06,18.5,44.4,,4.24,23.0375,21.7,25.6,5.9,17.979166666666668,92.08333333333331,24,complete_24_hours,Original weather CSV,available
3409451,Pandav Nagari,2025-07-09,19.2,µg/m³,19.9591346,73.7788008,,0.207,,2.54,17.4,49.6,,27.9,23.09166666666667,22.1,25.5,5.9,14.320833333333333,93.58333333333331,24,complete_24_hours,Original weather CSV,available
3409451,Pandav Nagari,2025-07-10,15.0,µg/m³,19.9591346,73.7788008,,0.16,,2.0,16.8,61.6,,2.29,24.354166666666668,22.0,28.4,1.2,14.0125,85.5,24,complete_24_hours,Original weather CSV,available
3409451,Pandav Nagari,2025-07-11,14.8,µg/m³,19.9591346,73.7788008,,0.1,,3.28,15.6,50.5,,2.13,24.304166666666664,22.2,27.9,1.9,13.75,86.375,24,complete_24_hours,Original weather CSV,available
3409451,Pandav Nagari,2025-07-12,10.4,µg/m³,19.9591346,73.7788008,,0.165,,2.24,14.3,34.4,,2.24,24.25,22.3,27.7,2.8000000000000003,15.675,85.41666666666667,24,complete_24_hours,Original weather CSV,available
3409451,Pandav Nagari,2025-07-13,14.8,µg/m³,19.9591346,73.7788008,,,,,,38.5,,,24.1,22.4,27.3,4.7,17.045833333333334,87.04166666666667,24,complete_24_hours,Original weather CSV,available
3409451,Pandav Nagari,2025-07-14,6.57,µg/m³,19.9591346,73.7788008,,0.34,,3.11,16.2,14.9,,4.27,23.875,22.2,26.5,12.3,16.1125,89.91666666666667,24,complete_24_hours,Original weather CSV,available
3409451,Pandav Nagari,2025-07-15,11.1,µg/m³,19.9591346,73.7788008,,0.205,,2.94,9.57,31.1,,4.5,24.34166666666667,22.3,27.8,4.8,14.1125,87.29166666666667,24,complete_24_hours,Original weather CSV,available
3409451,Pandav Nagari,2025-07-16,17.2,µg/m³,19.9591346,73.7788008,,0.17,,2.89,17.0,60.1,,1.87,25.0,22.5,28.5,2.6,13.558333333333332,84.5,24,complete_24_hours,Original weather CSV,available
3409451,Pandav Nagari,2025-07-17,17.4,µg/m³,19.9591346,73.7788008,,,,2.64,18.4,77.8,,2.51,25.116666666666664,22.3,28.9,0.6000000000000001,10.491666666666667,82.5,24,complete_24_hours,Original weather CSV,available
3409451,Pandav Nagari,2025-07-18,17.8,µg/m³,19.9591346,73.7788008,,0.25,,2.74,19.2,68.4,,2.15,24.666666666666668,22.0,27.8,0.2,11.816666666666668,83.33333333333333,24,complete_24_hours,Original weather CSV,available
3409451,Pandav Nagari,2025-07-19,13.7,µg/m³,19.9591346,73.7788008,,,,2.14,18.0,51.7,,3.06,24.445833333333336,22.2,28.5,1.7000000000000002,13.895833333333334,84.04166666666667,24,complete_24_hours,Original weather CSV,available
3409451,Pandav Nagari,2025-07-20,11.1,µg/m³,19.9591346,73.7788008,,0.17,,1.62,20.7,39.8,,2.64,24.48333333333333,21.9,27.7,3.4000000000000004,14.445833333333333,86.0,24,complete_24_hours,Original weather CSV,available
3409451,Pandav Nagari,2025-07-21,9.29,µg/m³,19.9591346,73.7788008,,0.0917,,1.95,19.2,28.1,,2.41,24.066666666666663,22.3,27.1,19.4,10.745833333333332,90.75,24,complete_24_hours,Original weather CSV,available
3409451,Pandav Nagari,2025-07-22,9.57,µg/m³,19.9591346,73.7788008,,0.27,,3.18,16.7,30.5,,3.12,24.254166666666663,22.3,26.8,2.0,13.091666666666669,87.54166666666667,24,complete_24_hours,Original weather CSV,available
3409451,Pandav Nagari,2025-07-23,10.7,µg/m³,19.9591346,73.7788008,,0.22,,2.82,20.2,30.0,,3.0,23.666666666666668,22.2,26.3,6.7,15.979166666666666,89.0,24,complete_24_hours,Original weather CSV,available
3409451,Pandav Nagari,2025-07-24,13.5,µg/m³,19.9591346,73.7788008,,0.41,,3.24,18.8,30.3,,2.69,23.704166666666666,21.5,26.5,4.0,17.470833333333335,88.875,24,complete_24_hours,Original weather CSV,available
3409451,Pandav Nagari,2025-07-25,7.98,µg/m³,19.9591346,73.7788008,,0.31,,3.15,13.3,13.0,,3.05,23.5,22.4,25.6,13.2,16.98333333333333,92.20833333333331,24,complete_24_hours,Original weather CSV,available
3409451,Pandav Nagari,2025-07-26,6.1,µg/m³,19.9591346,73.7788008,,0.16,,3.04,15.0,16.3,,3.31,23.320833333333336,22.4,25.0,9.3,19.90833333333333,92.83333333333331,24,complete_24_hours,Original weather CSV,available
3409451,Pandav Nagari,2025-07-27,8.75,µg/m³,19.9591346,73.7788008,,0.2,,1.86,20.4,29.9,,3.57,23.004166666666663,22.0,24.5,13.9,24.0625,92.20833333333331,24,complete_24_hours,Original weather CSV,available
3409451,Pandav Nagari,2025-07-28,8.32,µg/m³,19.9591346,73.7788008,,0.24,,2.01,21.9,19.9,,2.52,23.016666666666666,21.8,25.3,8.5,24.42083333333333,91.08333333333331,24,complete_24_hours,Original weather CSV,available
3409451,Pandav Nagari,2025-07-29,12.5,µg/m³,19.9591346,73.7788008,,0.07,,2.48,20.9,23.4,,4.03,22.754166666666663,21.8,24.4,8.4,23.125,93.0,24,complete_24_hours,Original weather CSV,available
3409451,Pandav Nagari,2025-07-30,18.1,µg/m³,19.9591346,73.7788008,,0.14,,1.91,20.6,31.4,,4.21,23.52916666666667,22.2,25.7,2.2,22.95833333333333,91.0,24,complete_24_hours,Original weather CSV,available
3409451,Pandav Nagari,2025-07-31,21.4,µg/m³,19.9591346,73.7788008,,,,1.61,19.7,45.8,,3.04,23.729166666666668,22.0,27.0,2.5,21.0125,88.75,24,complete_24_hours,Original weather CSV,available
3409451,Pandav Nagari,2025-08-01,23.5,µg/m³,19.9591346,73.7788008,,0.218,,2.28,15.8,43.4,,2.93,23.9375,21.8,27.3,2.3000000000000003,17.704166666666666,86.375,24,complete_24_hours,Original weather CSV,available
3409451,Pandav Nagari,2025-08-02,22.7,µg/m³,19.9591346,73.7788008,,0.355,,4.04,14.5,40.6,,3.24,24.0125,22.0,27.3,2.2,14.895833333333334,86.625,24,complete_24_hours,Original weather CSV,available
3409451,Pandav Nagari,2025-08-03,22.4,µg/m³,19.9591346,73.7788008,,0.202,,2.17,19.1,45.3,,3.79,24.21666666666667,21.7,27.8,1.8,12.875,85.125,24,complete_24_hours,Original weather CSV,available
3409451,Pandav Nagari,2025-08-04,23.2,µg/m³,19.9591346,73.7788008,,0.16,,2.75,17.5,57.6,,3.39,24.291666666666668,21.9,28.1,0.9,12.25,84.54166666666667,24,complete_24_hours,Original weather CSV,available
3409451,Pandav Nagari,2025-08-05,23.4,µg/m³,19.9591346,73.7788008,,0.225,,3.65,14.7,48.8,,3.04,24.52083333333333,21.5,28.5,1.7,10.570833333333333,83.29166666666667,24,complete_24_hours,Original weather CSV,available
3409451,Pandav Nagari,2025-08-06,25.1,µg/m³,19.9591346,73.7788008,,0.38,,3.35,11.7,58.2,,3.49,24.875,21.5,29.3,1.4,7.929166666666667,81.95833333333333,24,complete_24_hours,Original weather CSV,available
3409451,Pandav Nagari,2025-08-07,21.2,µg/m³,19.9591346,73.7788008,,0.32,,3.7,23.9,53.7,,4.07,24.641666666666666,21.9,28.9,7.2,7.462499999999999,84.16666666666667,24,complete_24_hours,Original weather CSV,available
3409451,Pandav Nagari,2025-08-08,29.8,µg/m³,19.9591346,73.7788008,,0.25,,3.09,14.1,81.0,,3.37,23.90833333333333,21.9,27.2,5.300000000000001,7.866666666666667,87.375,24,complete_24_hours,Original weather CSV,available
3409451,Pandav Nagari,2025-08-09,28.4,µg/m³,19.9591346,73.7788008,,0.19,,2.78,12.0,72.8,,3.63,23.96666666666667,21.9,27.5,1.2,8.4125,86.41666666666667,24,complete_24_hours,Original weather CSV,available
3409451,Pandav Nagari,2025-08-10,26.3,µg/m³,19.9591346,73.7788008,,0.235,,2.26,12.0,73.2,,3.13,23.90833333333333,21.7,27.8,1.7,10.8625,86.16666666666667,24,complete_24_hours,Original weather CSV,available
3409451,Pandav Nagari,2025-08-11,28.6,µg/m³,19.9591346,73.7788008,,0.24,,2.77,14.3,69.4,,2.77,23.691666666666663,21.7,27.5,1.9,12.920833333333334,87.16666666666667,24,complete_24_hours,Original weather CSV,available
3409451,Pandav Nagari,2025-08-12,25.1,µg/m³,19.9591346,73.7788008,,0.147,,3.02,13.0,70.2,,3.02,23.925,21.7,27.2,1.9,13.6125,85.08333333333333,24,complete_24_hours,Original weather CSV,available
3409451,Pandav Nagari,2025-08-13,21.5,µg/m³,19.9591346,73.7788008,,,,3.38,12.5,47.9,,3.29,23.679166666666664,21.8,27.8,5.7,11.370833333333332,89.33333333333333,24,complete_24_hours,Original weather CSV,available
3409451,Pandav Nagari,2025-08-14,22.1,µg/m³,19.9591346,73.7788008,,0.29,,2.62,14.8,46.9,,2.54,23.929166666666664,22.0,27.3,10.9,9.145833333333334,88.58333333333333,24,complete_24_hours,Original weather CSV,available
3409451,Pandav Nagari,2025-08-15,20.9,µg/m³,19.9591346,73.7788008,,0.295,,2.8,18.6,41.0,,3.16,23.679166666666664,21.9,27.1,8.8,10.8625,89.79166666666667,24,complete_24_hours,Original weather CSV,available
3409451,Pandav Nagari,2025-08-16,17.4,µg/m³,19.9591346,73.7788008,,,,2.08,16.8,37.6,,2.34,23.33333333333333,21.8,26.4,11.5,11.970833333333331,90.58333333333331,24,complete_24_hours,Original weather CSV,available
3409451,Pandav Nagari,2025-08-17,20.7,µg/m³,19.9591346,73.7788008,,0.19,,2.04,24.9,38.5,,3.13,23.75,21.5,27.8,4.6,11.579166666666666,88.41666666666667,24,complete_24_hours,Original weather CSV,available
3409451,Pandav Nagari,2025-08-18,19.1,µg/m³,19.9591346,73.7788008,,0.22,,2.3,19.7,37.0,,4.62,23.166666666666668,22.0,26.8,20.7,15.795833333333334,93.25,24,complete_24_hours,Original weather CSV,available
3409451,Pandav Nagari,2025-08-19,13.1,µg/m³,19.9591346,73.7788008,,0.26,,2.11,20.3,25.6,,3.08,23.275,22.1,26.7,22.7,19.079166666666666,93.41666666666669,24,complete_24_hours,Original weather CSV,available
3409451,Pandav Nagari,2025-08-20,5.37,µg/m³,19.9591346,73.7788008,,0.167,,1.99,23.2,8.96,,3.73,22.725,22.3,23.8,10.0,24.729166666666668,93.29166666666669,24,complete_24_hours,Original weather CSV,available
3409451,Pandav Nagari,2025-08-21,5.81,µg/m³,19.9591346,73.7788008,,0.22,,1.29,20.5,12.4,,4.0,23.241666666666664,22.0,26.3,9.8,22.925,90.83333333333331,24,complete_24_hours,Original weather CSV,available
3409451,Pandav Nagari,2025-08-22,10.0,µg/m³,19.9591346,73.7788008,,0.197,,1.68,22.2,19.2,,3.77,23.125,21.8,25.8,5.7,23.245833333333334,89.125,24,complete_24_hours,Original weather CSV,available
3409451,Pandav Nagari,2025-08-23,9.71,µg/m³,19.9591346,73.7788008,,0.135,,1.82,22.3,16.0,,2.91,22.65833333333333,21.3,25.0,7.2,24.429166666666664,89.875,24,complete_24_hours,Original weather CSV,available
3409451,Pandav Nagari,2025-08-24,9.83,µg/m³,19.9591346,73.7788008,,0.135,,1.62,20.0,20.3,,2.76,22.7375,21.4,25.7,6.9,24.575,89.66666666666667,24,complete_24_hours,Original weather CSV,available
3409451,Pandav Nagari,2025-08-25,10.8,µg/m³,19.9591346,73.7788008,,0.14,,1.87,16.7,64.9,,3.2,22.379166666666663,21.4,23.7,13.8,18.891666666666666,93.58333333333331,24,complete_24_hours,Original weather CSV,available
3409451,Pandav Nagari,2025-08-26,7.52,µg/m³,19.9591346,73.7788008,,0.228,,3.85,9.68,15.3,,2.3,23.554166666666664,21.8,27.0,7.0,15.55,89.66666666666667,24,complete_24_hours,Original weather CSV,available
3409451,Pandav Nagari,2025-08-27,9.5,µg/m³,19.9591346,73.7788008,,0.18,,2.38,12.1,21.7,,1.86,23.575,22.0,26.1,6.4,11.3625,89.375,24,complete_24_hours,Original weather CSV,available
3409451,Pandav Nagari,2025-08-28,15.7,µg/m³,19.9591346,73.7788008,,0.233,,3.92,13.2,34.9,,2.0,23.366666666666664,21.8,26.4,11.7,11.3875,90.625,24,complete_24_hours,Original weather CSV,available
3409451,Pandav Nagari,2025-08-29,10.8,µg/m³,19.9591346,73.7788008,,0.35,,3.11,17.7,22.6,,4.25,23.379166666666663,21.5,26.8,14.3,11.0625,91.08333333333331,24,complete_24_hours,Original weather CSV,available
3409451,Pandav Nagari,2025-08-30,9.05,µg/m³,19.9591346,73.7788008,,0.22,,2.72,15.9,21.3,,1.43,23.7875,21.7,27.3,4.800000000000001,13.1,89.125,24,complete_24_hours,Original weather CSV,available
3409451,Pandav Nagari,2025-08-31,7.92,µg/m³,19.9591346,73.7788008,,0.213,,2.49,19.8,28.4,,1.62,23.84166666666667,21.7,27.2,1.9,15.445833333333333,87.625,24,complete_24_hours,Original weather CSV,available
3409451,Pandav Nagari,2025-09-01,7.43,µg/m³,19.9591346,73.7788008,,0.335,,3.15,13.6,19.7,,2.29,23.2625,22.0,25.2,6.4,18.683333333333334,90.66666666666669,24,complete_24_hours,Original weather CSV,available
3409451,Pandav Nagari,2025-09-02,12.4,µg/m³,19.9591346,73.7788008,,0.187,,3.28,16.4,30.5,,3.2,23.70833333333333,21.8,26.6,1.6,16.958333333333332,87.20833333333333,24,complete_24_hours,Original weather CSV,available
3409451,Pandav Nagari,2025-09-03,17.9,µg/m³,19.9591346,73.7788008,,0.196,,2.92,16.5,40.1,,3.58,23.445833333333336,21.9,26.4,3.2,14.120833333333332,86.79166666666667,24,complete_24_hours,Original weather CSV,available
3409451,Pandav Nagari,2025-09-04,15.7,µg/m³,19.9591346,73.7788008,,0.18,,2.97,21.9,30.8,,3.16,22.53333333333333,21.2,24.6,10.2,14.85,92.0,24,complete_24_hours,Original weather CSV,available
3409451,Pandav Nagari,2025-09-05,11.6,µg/m³,19.9591346,73.7788008,,0.159,,2.51,25.9,27.0,,2.68,23.225,22.0,26.2,10.1,17.2625,91.16666666666669,24,complete_24_hours,Original weather CSV,available
3409451,Pandav Nagari,2025-09-06,8.8,µg/m³,19.9591346,73.7788008,,0.255,,2.11,20.1,13.1,,3.5,21.97083333333333,20.9,24.0,43.4,18.475,94.29166666666669,24,complete_24_hours,Original weather CSV,available
3409451,Pandav Nagari,2025-09-07,5.63,µg/m³,19.9591346,73.7788008,,0.178,,2.31,17.2,17.2,,3.47,22.758333333333336,20.9,25.7,6.5,18.691666666666663,89.91666666666667,24,complete_24_hours,Original weather CSV,available
3409451,Pandav Nagari,2025-09-08,10.6,µg/m³,19.9591346,73.7788008,,0.119,,2.73,16.6,28.2,,3.47,23.09583333333333,20.8,26.6,2.1,13.8,87.75,24,complete_24_hours,Original weather CSV,available
3409451,Pandav Nagari,2025-09-09,19.2,µg/m³,19.9591346,73.7788008,,0.24,,3.46,14.7,59.0,,2.94,23.52916666666667,20.3,28.1,0.1,7.825,82.875,24,complete_24_hours,Original weather CSV,available
3409451,Pandav Nagari,2025-09-10,28.7,µg/m³,19.9591346,73.7788008,,0.143,,4.79,22.2,61.7,,20.4,23.566666666666663,19.4,28.7,1.4,6.675,81.20833333333333,24,complete_24_hours,Original weather CSV,available
3409451,Pandav Nagari,2025-09-11,23.8,µg/m³,19.9591346,73.7788008,,0.21,,2.88,19.2,62.5,,2.8,23.27083333333333,19.5,28.0,0.7000000000000001,8.191666666666666,84.375,24,complete_24_hours,Original weather CSV,available
3409451,Pandav Nagari,2025-09-12,20.9,µg/m³,19.9591346,73.7788008,,0.233,,3.08,15.7,49.4,,2.6,23.225,20.2,26.2,0.9,7.383333333333333,85.25,24,complete_24_hours,Original weather CSV,available
3409451,Pandav Nagari,2025-09-13,28.2,µg/m³,19.9591346,73.7788008,,0.235,,3.05,19.4,49.0,,3.96,23.5,21.1,28.2,17.599999999999998,5.783333333333334,88.83333333333333,24,complete_24_hours,Original weather CSV,available
3409451,Pandav Nagari,2025-09-14,39.9,µg/m³,19.9591346,73.7788008,,0.285,,2.12,34.1,46.0,,4.34,23.620833333333334,21.8,28.3,31.3,8.4125,90.25,24,complete_24_hours,Original weather CSV,available
3409451,Pandav Nagari,2025-09-15,54.4,µg/m³,19.9591346,73.7788008,,0.161,,2.73,20.7,117.0,,3.86,23.7875,21.7,28.7,11.1,7.854166666666667,89.25,24,complete_24_hours,Original weather CSV,available
3409451,Pandav Nagari,2025-09-16,17.4,µg/m³,19.9591346,73.7788008,,0.326,,3.3,13.2,33.4,,2.94,23.52083333333333,21.5,26.5,4.1000000000000005,8.620833333333334,89.08333333333333,24,complete_24_hours,Original weather CSV,available
3409451,Pandav Nagari,2025-09-17,12.5,µg/m³,19.9591346,73.7788008,,0.196,,2.83,13.2,30.5,,2.61,23.85,21.3,28.4,5.7,6.020833333333333,89.04166666666667,24,complete_24_hours,Original weather CSV,available
3409451,Pandav Nagari,2025-09-18,17.3,µg/m³,19.9591346,73.7788008,,0.19,,3.17,19.2,29.5,,3.17,24.041666666666668,21.7,27.8,10.7,5.25,89.16666666666667,24,complete_24_hours,Original weather CSV,available
3409451,Pandav Nagari,2025-09-19,19.7,µg/m³,19.9591346,73.7788008,,0.25,,3.94,15.8,32.1,,6.75,23.83333333333333,21.7,27.3,8.0,6.358333333333333,90.29166666666669,24,complete_24_hours,Original weather CSV,available
3409451,Pandav Nagari,2025-09-20,10.6,µg/m³,19.9591346,73.7788008,,0.16,,2.29,13.3,36.3,,4.84,23.77916666666667,21.7,27.1,5.300000000000001,9.166666666666666,89.70833333333333,24,complete_24_hours,Original weather CSV,available
3409451,Pandav Nagari,2025-09-21,23.5,µg/m³,19.9591346,73.7788008,,0.16,,2.56,12.9,50.5,,4.23,24.15833333333333,22.1,28.1,2.0,8.7125,87.66666666666667,24,complete_24_hours,Original weather CSV,available
3409451,Pandav Nagari,2025-09-22,12.9,µg/m³,19.9591346,73.7788008,,,,0.82,22.8,37.1,,4.97,23.67083333333333,22.0,26.6,4.0,8.333333333333334,89.54166666666667,24,complete_24_hours,Original weather CSV,available
3409451,Pandav Nagari,2025-09-23,11.4,µg/m³,19.9591346,73.7788008,,0.277,,2.55,14.1,25.0,,3.45,23.40416666666667,21.5,27.1,1.8,12.629166666666668,86.875,24,complete_24_hours,Original weather CSV,available
3409451,Pandav Nagari,2025-09-24,16.2,µg/m³,19.9591346,73.7788008,,0.136,,2.88,17.5,39.4,,3.28,23.27083333333333,21.1,27.2,1.5,11.070833333333333,85.08333333333333,24,complete_24_hours,Original weather CSV,available
3409451,Pandav Nagari,2025-09-25,15.0,µg/m³,19.9591346,73.7788008,,0.15,,2.8,19.9,37.9,,1.78,23.59583333333333,20.7,28.2,1.3,8.674999999999999,83.45833333333333,24,complete_24_hours,Original weather CSV,available
3409451,Pandav Nagari,2025-09-26,20.8,µg/m³,19.9591346,73.7788008,,0.245,,3.21,18.8,36.7,,1.84,23.254166666666663,21.0,26.7,18.6,9.1375,88.95833333333333,24,complete_24_hours,Original weather CSV,available
3409451,Pandav Nagari,2025-09-27,23.2,µg/m³,19.9591346,73.7788008,,0.168,,2.14,29.8,45.0,,4.11,24.17083333333333,22.2,28.0,12.6,15.141666666666666,88.25,24,complete_24_hours,Original weather CSV,available
3409451,Pandav Nagari,2025-09-28,7.01,µg/m³,19.9591346,73.7788008,,0.171,,2.61,28.4,12.6,,2.64,22.4125,21.6,23.6,82.9,13.9125,95.41666666666669,24,complete_24_hours,Original weather CSV,available
3409451,Pandav Nagari,2025-09-29,6.78,µg/m³,19.9591346,73.7788008,,0.122,,2.49,32.1,14.5,,4.73,21.975,20.6,24.3,3.4000000000000004,19.541666666666668,90.625,24,complete_24_hours,Original weather CSV,available
3409451,Pandav Nagari,2025-09-30,9.77,µg/m³,19.9591346,73.7788008,,0.125,,1.97,20.9,24.4,,4.35,22.7125,20.5,26.9,1.0,15.1375,87.125,24,complete_24_hours,Original weather CSV,available
3409451,Pandav Nagari,2025-10-01,9.64,µg/m³,19.9591346,73.7788008,,0.105,,2.0,17.3,28.7,,2.92,23.433333333333334,20.8,27.3,0.4,13.904166666666669,85.125,24,complete_24_hours,Original weather CSV,available
3409451,Pandav Nagari,2025-10-02,9.8,µg/m³,19.9591346,73.7788008,,0.182,,2.12,19.6,20.2,,2.62,23.416666666666668,20.5,27.7,2.3,9.9,85.125,24,complete_24_hours,Original weather CSV,available
3409451,Pandav Nagari,2025-10-03,10.5,µg/m³,19.9591346,73.7788008,,0.222,,1.98,17.9,28.6,,3.27,23.89583333333333,21.1,28.7,1.4,8.191666666666666,85.5,24,complete_24_hours,Original weather CSV,available
3409451,Pandav Nagari,2025-10-04,19.6,µg/m³,19.9591346,73.7788008,,0.198,,2.73,15.7,39.5,,4.16,23.825,21.3,28.6,2.7,8.841666666666667,86.58333333333333,24,complete_24_hours,Original weather CSV,available
3409451,Pandav Nagari,2025-10-05,17.0,µg/m³,19.9591346,73.7788008,,0.197,,2.23,16.3,33.4,,4.53,23.09583333333333,20.7,26.8,1.9,9.279166666666669,86.70833333333333,24,complete_24_hours,Original weather CSV,available
3409451,Pandav Nagari,2025-10-06,10.5,µg/m³,19.9591346,73.7788008,,0.233,,2.54,15.2,35.5,,3.98,23.1125,20.2,27.8,0.3,9.583333333333334,83.375,24,complete_24_hours,Original weather CSV,available
3409451,Pandav Nagari,2025-10-07,16.6,µg/m³,19.9591346,73.7788008,,0.322,,4.52,11.6,35.9,,29.4,22.829166666666666,19.9,27.1,2.2,8.629166666666666,87.29166666666667,24,complete_24_hours,Original weather CSV,available
3409451,Pandav Nagari,2025-10-08,29.2,µg/m³,19.9591346,73.7788008,,0.479,,5.51,14.8,72.0,,3.42,23.59166666666667,19.7,28.2,0.1,6.120833333333334,78.83333333333333,24,complete_24_hours,Original weather CSV,available
3409451,Pandav Nagari,2025-10-09,41.5,µg/m³,19.9591346,73.7788008,,0.483,,5.32,27.0,111.0,,3.44,23.8,19.7,28.6,0.0,5.483333333333333,69.5,24,complete_24_hours,Original weather CSV,available
3409451,Pandav Nagari,2025-10-10,50.4,µg/m³,19.9591346,73.7788008,,0.419,,5.03,28.0,131.0,,2.82,23.65416666666667,19.0,29.0,0.0,6.383333333333333,67.0,24,complete_24_hours,Original weather CSV,available
3409451,Pandav Nagari,2025-10-11,54.5,µg/m³,19.9591346,73.7788008,,0.48,,6.7,33.5,168.0,,4.71,23.625,19.0,28.8,0.0,5.55,66.66666666666667,24,complete_24_hours,Original weather CSV,available
3409451,Pandav Nagari,2025-10-12,55.1,µg/m³,19.9591346,73.7788008,,0.623,,8.43,37.5,143.0,,5.19,23.629166666666663,18.8,29.0,0.0,6.466666666666666,62.833333333333336,24,complete_24_hours,Original weather CSV,available
3409451,Pandav Nagari,2025-10-13,49.6,µg/m³,19.9591346,73.7788008,,0.397,,8.84,41.2,134.0,,6.3,24.1,18.9,30.2,0.0,4.595833333333333,56.625,24,complete_24_hours,Original weather CSV,available
3409451,Pandav Nagari,2025-10-14,56.9,µg/m³,19.9591346,73.7788008,,0.527,,10.5,34.2,140.0,,4.8,24.179166666666664,18.5,30.2,0.0,6.833333333333333,53.54166666666666,24,complete_24_hours,Original weather CSV,available
3409451,Pandav Nagari,2025-10-15,70.3,µg/m³,19.9591346,73.7788008,,0.753,,12.3,18.2,128.0,,5.36,24.616666666666664,19.4,30.4,0.2,9.7625,60.66666666666666,24,complete_24_hours,Original weather CSV,available
3409451,Pandav Nagari,2025-10-16,36.9,µg/m³,19.9591346,73.7788008,,0.413,,4.78,27.4,61.7,,5.54,25.79583333333333,20.9,31.1,1.3,10.5375,70.08333333333333,24,complete_24_hours,Original weather CSV,available
3409451,Pandav Nagari,2025-10-17,52.2,µg/m³,19.9591346,73.7788008,,0.543,,6.13,23.8,92.5,,6.6,26.041666666666668,21.8,31.1,0.1,10.154166666666669,67.20833333333333,24,complete_24_hours,Original weather CSV,available
3409451,Pandav Nagari,2025-10-18,67.4,µg/m³,19.9591346,73.7788008,,0.53,,5.56,39.7,85.0,,5.59,25.7625,21.8,30.9,0.3,7.85,68.54166666666667,24,complete_24_hours,Original weather CSV,available
3409451,Pandav Nagari,2025-10-19,87.0,µg/m³,19.9591346,73.7788008,,0.549,,4.94,40.9,89.4,,5.36,25.4125,21.9,29.8,0.5,9.929166666666667,68.29166666666667,24,complete_24_hours,Original weather CSV,available
3409451,Pandav Nagari,2025-10-20,93.2,µg/m³,19.9591346,73.7788008,,0.629,,4.8,38.0,108.0,,5.48,25.504166666666663,21.1,30.2,0.0,11.783333333333331,63.25,24,complete_24_hours,Original weather CSV,available
3409451,Pandav Nagari,2025-10-21,144.0,µg/m³,19.9591346,73.7788008,,0.525,,5.46,43.9,192.0,,10.6,24.8,21.0,30.0,2.6,10.9375,71.875,24,complete_24_hours,Original weather CSV,available
3409451,Pandav Nagari,2025-10-22,59.1,µg/m³,19.9591346,73.7788008,,0.313,,3.52,20.6,107.0,,10.2,25.4,21.9,30.5,0.7,11.033333333333331,77.41666666666667,24,complete_24_hours,Original weather CSV,available
3409451,Pandav Nagari,2025-10-23,40.9,µg/m³,19.9591346,73.7788008,,0.299,,2.4,27.5,67.0,,7.94,26.5625,22.7,31.2,0.0,13.9375,71.20833333333333,24,complete_24_hours,Original weather CSV,available
3409451,Pandav Nagari,2025-10-24,23.7,µg/m³,19.9591346,73.7788008,,0.24,,2.51,27.2,38.5,,5.67,25.391666666666666,22.1,30.1,3.6,15.079166666666666,76.0,24,complete_24_hours,Original weather CSV,available
3409451,Pandav Nagari,2025-10-25,14.8,µg/m³,19.9591346,73.7788008,,0.193,,1.88,18.3,25.2,,5.78,23.516666666666666,21.3,29.4,11.8,13.045833333333334,88.20833333333333,24,complete_24_hours,Original weather CSV,available
3409451,Pandav Nagari,2025-10-26,10.7,µg/m³,19.9591346,73.7788008,,0.288,,1.4,17.4,20.0,,7.97,22.9,21.2,27.9,29.6,12.491666666666667,90.70833333333331,24,complete_24_hours,Original weather CSV,available
3409451,Pandav Nagari,2025-10-27,7.51,µg/m³,19.9591346,73.7788008,,0.213,,2.22,13.8,16.7,,6.33,23.53333333333333,21.2,28.6,19.8,10.441666666666666,88.375,24,complete_24_hours,Original weather CSV,available
3409451,Pandav Nagari,2025-10-28,12.5,µg/m³,19.9591346,73.7788008,,0.303,,3.44,16.3,27.6,,6.56,23.96666666666667,21.5,28.4,3.6,9.695833333333333,85.45833333333333,24,complete_24_hours,Original weather CSV,available
3409451,Pandav Nagari,2025-10-29,19.6,µg/m³,19.9591346,73.7788008,,0.26,,3.46,13.5,37.9,,7.21,23.425,21.4,26.4,6.9,9.766666666666667,89.375,24,complete_24_hours,Original weather CSV,available
3409451,Pandav Nagari,2025-10-30,18.1,µg/m³,19.9591346,73.7788008,,0.343,,2.92,29.5,41.0,,5.55,22.85,21.1,25.2,4.0,8.325000000000001,88.04166666666667,24,complete_24_hours,Original weather CSV,available
3409451,Pandav Nagari,2025-10-31,18.8,µg/m³,19.9591346,73.7788008,,0.323,,3.13,14.7,42.6,,6.06,23.04583333333333,19.7,27.9,1.3,4.666666666666667,87.83333333333333,24,complete_24_hours,Original weather CSV,available
3409451,Pandav Nagari,2025-11-01,6.18,µg/m³,19.9591346,73.7788008,,0.356,,3.7,12.7,15.7,,5.18,23.75,21.6,27.5,0.9,8.429166666666667,90.16666666666669,24,complete_24_hours,Original weather CSV,available
3409451,Pandav Nagari,2025-11-02,8.04,µg/m³,19.9591346,73.7788008,,0.284,,1.65,20.3,21.9,,5.54,23.445833333333336,21.2,27.5,1.6,10.3875,89.375,24,complete_24_hours,Original weather CSV,available
3409451,Pandav Nagari,2025-11-03,13.9,µg/m³,19.9591346,73.7788008,,0.343,,3.45,20.9,30.0,,3.48,23.64583333333333,21.2,27.7,0.5,9.95,86.33333333333333,24,complete_24_hours,Original weather CSV,available
3409451,Pandav Nagari,2025-11-04,24.0,µg/m³,19.9591346,73.7788008,,0.346,,6.63,25.7,56.0,,4.6,22.879166666666663,20.4,26.6,0.6000000000000001,9.795833333333333,84.125,24,complete_24_hours,Original weather CSV,available
3409451,Pandav Nagari,2025-11-05,22.8,µg/m³,19.9591346,73.7788008,,0.348,,5.38,25.8,50.8,,5.0,22.804166666666664,19.7,28.0,0.0,5.016666666666667,77.16666666666667,24,complete_24_hours,Original weather CSV,available
3409451,Pandav Nagari,2025-11-06,25.1,µg/m³,19.9591346,73.7788008,,0.342,,6.77,17.7,66.3,,54.3,22.2875,17.7,27.8,0.0,5.0125,73.08333333333333,24,complete_24_hours,Original weather CSV,available
3409451,Pandav Nagari,2025-11-07,37.9,µg/m³,19.9591346,73.7788008,,0.31,,10.2,30.7,76.6,,6.26,21.9875,16.7,27.8,0.0,6.258333333333333,61.29166666666666,24,complete_24_hours,Original weather CSV,available
3409451,Pandav Nagari,2025-11-08,50.1,µg/m³,19.9591346,73.7788008,,0.603,,11.6,31.4,93.2,,4.88,21.695833333333336,16.5,28.4,0.0,6.579166666666667,59.375,24,complete_24_hours,Original weather CSV,available
3409451,Pandav Nagari,2025-11-09,56.1,µg/m³,19.9591346,73.7788008,,0.472,,10.2,30.4,93.2,,3.98,21.39583333333333,15.5,27.8,0.0,5.416666666666667,53.333333333333336,24,complete_24_hours,Original weather CSV,available
3409451,Pandav Nagari,2025-11-10,73.1,µg/m³,19.9591346,73.7788008,,,,31.3,34.9,163.0,,4.75,21.125,14.9,27.6,0.0,5.970833333333334,49.583333333333336,24,complete_24_hours,Original weather CSV,available
3409451,Pandav Nagari,2025-11-11,81.1,µg/m³,19.9591346,73.7788008,,0.67,,17.8,29.6,147.0,,4.18,20.966666666666665,14.8,27.6,0.0,7.408333333333334,48.5,24,complete_24_hours,Original weather CSV,available
3409451,Pandav Nagari,2025-11-12,88.6,µg/m³,19.9591346,73.7788008,,0.815,,19.7,22.0,155.0,,3.26,20.78333333333333,14.8,27.6,0.0,7.566666666666666,50.41666666666666,24,complete_24_hours,Original weather CSV,available
3409451,Pandav Nagari,2025-11-13,90.4,µg/m³,19.9591346,73.7788008,,0.91,,17.6,20.0,145.0,,4.77,20.65,15.0,27.4,0.0,9.029166666666669,50.625,24,complete_24_hours,Original weather CSV,available
3409451,Pandav Nagari,2025-11-14,77.5,µg/m³,19.9591346,73.7788008,,0.599,,13.7,42.1,123.0,,3.9,20.695833333333333,14.7,27.6,0.0,9.575,53.79166666666666,24,complete_24_hours,Original weather CSV,available
3409451,Pandav Nagari,2025-11-15,81.6,µg/m³,19.9591346,73.7788008,,0.623,,13.7,37.8,120.0,,3.64,20.375,14.4,27.2,0.0,11.258333333333333,52.833333333333336,24,complete_24_hours,Original weather CSV,available
3409451,Pandav Nagari,2025-11-16,83.5,µg/m³,19.9591346,73.7788008,,0.599,,11.7,45.9,116.0,,3.7,19.954166666666666,14.2,26.8,0.0,11.116666666666667,53.458333333333336,24,complete_24_hours,Original weather CSV,available
3409451,Pandav Nagari,2025-11-17,72.3,µg/m³,19.9591346,73.7788008,,0.462,,11.6,57.0,105.0,,4.69,19.6375,14.1,26.5,0.0,12.445833333333333,52.79166666666666,24,complete_24_hours,Original weather CSV,available
3409451,Pandav Nagari,2025-11-18,82.3,µg/m³,19.9591346,73.7788008,,0.723,,12.2,47.4,129.0,,2.41,19.070833333333333,12.5,26.3,0.0,12.533333333333331,52.875,24,complete_24_hours,Original weather CSV,available
3409451,Pandav Nagari,2025-11-19,64.4,µg/m³,19.9591346,73.7788008,,0.63,,13.4,48.5,142.0,,3.99,20.0375,13.4,27.8,0.0,9.5375,54.54166666666666,24,complete_24_hours,Original weather CSV,available
3409451,Pandav Nagari,2025-11-20,71.8,µg/m³,19.9591346,73.7788008,,0.828,,18.9,36.0,154.0,,6.85,20.254166666666663,14.0,27.6,0.0,10.3625,56.208333333333336,24,complete_24_hours,Original weather CSV,available
3409451,Pandav Nagari,2025-11-21,79.4,µg/m³,19.9591346,73.7788008,,1.23,,16.1,40.4,157.0,,4.19,21.008333333333333,14.7,28.5,0.0,10.391666666666667,61.25,24,complete_24_hours,Original weather CSV,available
3409451,Pandav Nagari,2025-11-22,69.7,µg/m³,19.9591346,73.7788008,,0.607,,13.0,37.2,143.0,,4.67,23.08333333333333,17.1,30.6,0.0,8.695833333333333,61.79166666666666,24,complete_24_hours,Original weather CSV,available
3409451,Pandav Nagari,2025-11-23,54.8,µg/m³,19.9591346,73.7788008,,0.815,,18.7,11.6,114.0,,3.09,23.79583333333333,18.3,30.5,0.0,5.641666666666667,66.75,24,complete_24_hours,Original weather CSV,available
3409451,Pandav Nagari,2025-11-24,57.4,µg/m³,19.9591346,73.7788008,,0.633,,15.0,33.5,115.0,,2.53,23.98333333333333,19.5,29.8,0.0,4.633333333333334,67.16666666666667,24,complete_24_hours,Original weather CSV,available
3409451,Pandav Nagari,2025-11-25,39.2,µg/m³,19.9591346,73.7788008,,0.32,,9.48,33.3,82.0,,2.98,24.22083333333333,19.3,29.7,0.0,8.195833333333333,61.54166666666666,24,complete_24_hours,Original weather CSV,available
3409451,Pandav Nagari,2025-11-26,47.1,µg/m³,19.9591346,73.7788008,,0.617,,13.7,26.0,91.7,,4.01,24.02916666666667,18.5,29.8,0.0,8.720833333333333,57.79166666666666,24,complete_24_hours,Original weather CSV,available
3409451,Pandav Nagari,2025-11-27,56.6,µg/m³,19.9591346,73.7788008,,0.459,,9.5,30.7,102.0,,4.44,22.683333333333334,17.8,28.4,0.0,10.041666666666666,58.0,24,complete_24_hours,Original weather CSV,available
3409451,Pandav Nagari,2025-11-28,88.4,µg/m³,19.9591346,73.7788008,,0.579,,9.89,38.8,149.0,,3.59,22.1625,17.5,27.8,0.0,9.983333333333333,64.33333333333333,24,complete_24_hours,Original weather CSV,available
3409451,Pandav Nagari,2025-11-29,62.9,µg/m³,19.9591346,73.7788008,,0.43,,10.0,43.9,119.0,,11.8,20.5,15.8,26.7,0.0,11.929166666666667,53.083333333333336,24,complete_24_hours,Original weather CSV,available
3409451,Pandav Nagari,2025-11-30,60.6,µg/m³,19.9591346,73.7788008,,0.625,,12.6,38.8,113.0,,7.41,19.883333333333333,14.6,26.5,0.0,10.7875,49.125,24,complete_24_hours,Original weather CSV,available
3409451,Pandav Nagari,2025-12-01,61.8,µg/m³,19.9591346,73.7788008,,0.468,,13.9,44.8,117.0,,7.52,19.995833333333334,14.2,27.0,0.0,10.404166666666669,50.583333333333336,24,complete_24_hours,Original weather CSV,available
3409451,Pandav Nagari,2025-12-02,68.9,µg/m³,19.9591346,73.7788008,,0.837,,15.9,35.4,137.0,,17.9,20.016666666666666,14.0,27.0,0.0,8.65,55.875,24,complete_24_hours,Original weather CSV,available
3409451,Pandav Nagari,2025-12-03,74.6,µg/m³,19.9591346,73.7788008,,0.613,,14.4,44.1,131.0,,6.23,19.97083333333333,13.8,27.0,0.0,11.208333333333334,59.54166666666666,24,complete_24_hours,Original weather CSV,available
3409451,Pandav Nagari,2025-12-04,77.4,µg/m³,19.9591346,73.7788008,,0.563,,14.8,45.7,132.0,,5.43,20.4875,15.3,27.2,0.0,11.083333333333334,61.375,24,complete_24_hours,Original weather CSV,available
3409451,Pandav Nagari,2025-12-05,64.3,µg/m³,19.9591346,73.7788008,,0.527,,15.0,47.2,116.0,,6.14,20.758333333333333,15.1,27.4,0.0,10.975,62.25,24,complete_24_hours,Original weather CSV,available
3409451,Pandav Nagari,2025-12-06,58.4,µg/m³,19.9591346,73.7788008,,0.549,,16.9,39.7,101.0,,3.47,16.4,15.2,17.6,0.0,10.78,76.8,5,incomplete_day,Original weather CSV,available
3409451,Pandav Nagari,2025-12-07,55.1,µg/m³,19.9591346,73.7788008,,0.449,,18.5,45.6,101.0,,3.54,18.98333333333333,13.4,26.1,0.0,12.316666666666668,55.333333333333336,24,complete_24_hours,Open-Meteo Historical Weather API,available
3409451,Pandav Nagari,2025-12-08,47.4,µg/m³,19.9591346,73.7788008,,0.435,,17.1,28.7,99.3,,25.4,18.5875,12.6,26.3,0.0,10.658333333333331,48.375,24,complete_24_hours,Open-Meteo Historical Weather API,available
3409451,Pandav Nagari,2025-12-09,43.8,µg/m³,19.9591346,73.7788008,,0.454,,10.2,37.8,88.2,,4.02,18.475,11.8,26.4,0.0,12.695833333333333,41.875,24,complete_24_hours,Open-Meteo Historical Weather API,available
3409451,Pandav Nagari,2025-12-10,38.7,µg/m³,19.9591346,73.7788008,,0.477,,11.6,32.1,78.5,,2.97,18.48333333333333,12.1,26.2,0.0,10.279166666666669,40.875,24,complete_24_hours,Open-Meteo Historical Weather API,available
3409451,Pandav Nagari,2025-12-11,50.2,µg/m³,19.9591346,73.7788008,,0.821,,22.0,24.3,86.7,,2.34,18.02083333333333,11.3,25.5,0.0,8.762500000000001,43.16666666666666,24,complete_24_hours,Open-Meteo Historical Weather API,available
3409451,Pandav Nagari,2025-12-12,40.7,µg/m³,19.9591346,73.7788008,,0.702,,16.0,23.3,101.0,,1.64,18.204166666666666,12.0,25.9,0.0,9.129166666666666,43.625,24,complete_24_hours,Open-Meteo Historical Weather API,available
3409451,Pandav Nagari,2025-12-13,48.3,µg/m³,19.9591346,73.7788008,,0.568,,22.4,46.3,127.0,,9.26,18.9875,12.1,27.0,0.0,9.925,45.125,24,complete_24_hours,Open-Meteo Historical Weather API,available
3409451,Pandav Nagari,2025-12-14,45.8,µg/m³,19.9591346,73.7788008,,0.789,,13.4,15.8,89.7,,2.22,19.0875,13.0,26.7,0.0,10.554166666666667,48.708333333333336,24,complete_24_hours,Open-Meteo Historical Weather API,available
3409451,Pandav Nagari,2025-12-15,51.1,µg/m³,19.9591346,73.7788008,,0.57,,13.9,19.6,98.7,,3.81,18.379166666666663,12.4,25.9,0.0,11.408333333333331,48.083333333333336,24,complete_24_hours,Open-Meteo Historical Weather API,available
3409451,Pandav Nagari,2025-12-16,55.4,µg/m³,19.9591346,73.7788008,,0.633,,14.7,37.4,118.0,,3.0,18.225,11.8,25.9,0.0,12.9625,51.16666666666666,24,complete_24_hours,Open-Meteo Historical Weather API,available
3409451,Pandav Nagari,2025-12-17,70.6,µg/m³,19.9591346,73.7788008,,0.68,,11.1,49.2,136.0,,4.84,18.954166666666666,12.2,27.2,0.0,11.008333333333333,56.5,24,complete_24_hours,Open-Meteo Historical Weather API,available
3409451,Pandav Nagari,2025-12-18,72.5,µg/m³,19.9591346,73.7788008,,0.638,,15.5,30.9,116.0,,4.34,19.2,12.6,27.4,0.0,10.716666666666669,50.833333333333336,24,complete_24_hours,Open-Meteo Historical Weather API,available
3409451,Pandav Nagari,2025-12-19,46.2,µg/m³,19.9591346,73.7788008,,0.643,,20.7,18.9,86.8,,10.1,18.870833333333334,12.3,27.5,0.0,10.216666666666669,43.125,24,complete_24_hours,Open-Meteo Historical Weather API,available
3409451,Pandav Nagari,2025-12-20,52.2,µg/m³,19.9591346,73.7788008,,0.644,,18.9,16.2,96.7,,9.38,18.55,12.3,26.9,0.0,10.5,39.125,24,complete_24_hours,Open-Meteo Historical Weather API,available
3409451,Pandav Nagari,2025-12-21,45.0,µg/m³,19.9591346,73.7788008,,0.5,,13.9,21.1,77.7,,4.91,18.03333333333333,12.1,25.0,0.0,11.108333333333334,40.375,24,complete_24_hours,Open-Meteo Historical Weather API,available
3409451,Pandav Nagari,2025-12-22,64.2,µg/m³,19.9591346,73.7788008,,0.48,,18.4,30.6,102.0,,6.57,18.20833333333333,11.6,25.9,0.0,11.304166666666667,45.375,24,complete_24_hours,Open-Meteo Historical Weather API,available
3409451,Pandav Nagari,2025-12-23,47.1,µg/m³,19.9591346,73.7788008,,0.598,,17.9,20.7,95.6,,13.3,18.6875,12.2,26.3,0.0,10.6875,47.083333333333336,24,complete_24_hours,Open-Meteo Historical Weather API,available
3409451,Pandav Nagari,2025-12-24,31.8,µg/m³,19.9591346,73.7788008,,0.41,,12.9,25.3,68.0,,5.32,18.391666666666666,12.3,25.3,0.0,10.779166666666669,45.958333333333336,24,complete_24_hours,Open-Meteo Historical Weather API,available
3409451,Pandav Nagari,2025-12-25,51.9,µg/m³,19.9591346,73.7788008,,0.723,,13.3,34.1,89.5,,5.19,18.379166666666663,12.3,25.4,0.0,9.745833333333334,44.29166666666666,24,complete_24_hours,Open-Meteo Historical Weather API,available
3409451,Pandav Nagari,2025-12-26,77.2,µg/m³,19.9591346,73.7788008,,1.6,,21.7,15.0,115.0,,4.31,18.2,11.6,25.4,0.0,9.595833333333331,49.54166666666666,24,complete_24_hours,Open-Meteo Historical Weather API,available
3409451,Pandav Nagari,2025-12-27,60.7,µg/m³,19.9591346,73.7788008,,0.405,,18.4,32.8,111.0,,6.77,18.72083333333333,12.4,25.9,0.0,8.366666666666667,48.04166666666666,24,complete_24_hours,Open-Meteo Historical Weather API,available
3409451,Pandav Nagari,2025-12-28,60.6,µg/m³,19.9591346,73.7788008,,0.583,,10.9,20.1,109.0,,4.58,18.5875,12.0,25.8,0.0,9.258333333333333,50.458333333333336,24,complete_24_hours,Open-Meteo Historical Weather API,available
3409451,Pandav Nagari,2025-12-29,65.7,µg/m³,19.9591346,73.7788008,,0.683,,18.0,32.6,129.0,,8.47,18.379166666666663,11.8,25.6,0.0,8.366666666666667,48.958333333333336,24,complete_24_hours,Open-Meteo Historical Weather API,available
3409451,Pandav Nagari,2025-12-30,62.4,µg/m³,19.9591346,73.7788008,,0.767,,15.6,34.1,125.0,,4.81,18.42083333333333,11.4,26.8,0.0,8.1875,49.333333333333336,24,complete_24_hours,Open-Meteo Historical Weather API,available
3409451,Pandav Nagari,2025-12-31,60.8,µg/m³,19.9591346,73.7788008,,0.801,,17.5,29.6,126.0,,3.66,18.179166666666667,12.0,25.6,0.0,6.570833333333334,58.16666666666666,24,complete_24_hours,Open-Meteo Historical Weather API,available
