station_id,station_name,date_local,pm25_value,pm25_unit,latitude,longitude,co_ug_m3,co_ppb,no2_ug_m3,no2_ppb,o3_ug_m3,pm10_ug_m3,so2_ug_m3,so2_ppb
5592,Gangapur Road,2019-01-03,132.0,µg/m³,20.0073285,73.7762427,4310.0,,137.0,,9.55,223.0,4.19,
5592,Gangapur Road,2019-02-13,37.2,µg/m³,20.0073285,73.7762427,755.0,,30.1,,92.3,65.9,6.06,
5592,Gangapur Road,2019-02-14,51.6,µg/m³,20.0073285,73.7762427,796.0,,28.8,,45.5,61.2,5.37,
5592,Gangapur Road,2019-04-27,39.9,µg/m³,20.0073285,73.7762427,362.0,,1.41,,34.0,86.9,7.68,
5592,Gangapur Road,2019-04-28,38.7,µg/m³,20.0073285,73.7762427,372.0,,0.0,,32.8,96.0,8.3,
5592,Gangapur Road,2019-04-29,48.3,µg/m³,20.0073285,73.7762427,798.0,,0.0,,33.1,99.2,8.09,
5592,Gangapur Road,2019-04-30,34.3,µg/m³,20.0073285,73.7762427,416.0,,0.0,,32.9,88.9,5.07,
5592,Gangapur Road,2019-05-01,39.1,µg/m³,20.0073285,73.7762427,392.0,,0.0,,31.8,133.0,4.16,
5592,Gangapur Road,2019-05-02,37.9,µg/m³,20.0073285,73.7762427,450.0,,0.0,,31.2,111.0,3.67,
5592,Gangapur Road,2019-05-03,36.7,µg/m³,20.0073285,73.7762427,460.0,,0.0,,27.2,75.9,3.16,
5592,Gangapur Road,2019-06-19,18.1,µg/m³,20.0073285,73.7762427,381.0,,,,31.3,88.4,1.76,
5592,Gangapur Road,2019-06-20,28.1,µg/m³,20.0073285,73.7762427,330.0,,15.7,,29.8,85.2,2.47,
5592,Gangapur Road,2019-06-21,22.3,µg/m³,20.0073285,73.7762427,303.0,,13.8,,30.4,69.6,2.92,
5592,Gangapur Road,2019-06-22,28.2,µg/m³,20.0073285,73.7762427,335.0,,14.1,,27.9,,2.67,
5592,Gangapur Road,2019-06-23,22.6,µg/m³,20.0073285,73.7762427,338.0,,12.8,,28.1,,2.57,
5592,Gangapur Road,2019-06-24,23.8,µg/m³,20.0073285,73.7762427,466.0,,14.8,,30.2,76.4,3.51,
5592,Gangapur Road,2019-06-25,26.2,µg/m³,20.0073285,73.7762427,501.0,,15.2,,30.1,53.5,14.8,
5592,Gangapur Road,2019-06-26,37.7,µg/m³,20.0073285,73.7762427,470.0,,17.6,,30.4,44.7,2.23,
5592,Gangapur Road,2019-06-27,19.2,µg/m³,20.0073285,73.7762427,552.0,,14.1,,31.2,20.9,3.05,
5592,Gangapur Road,2019-06-28,19.5,µg/m³,20.0073285,73.7762427,862.0,,21.9,,31.0,15.9,4.56,
5592,Gangapur Road,2019-06-29,16.3,µg/m³,20.0073285,73.7762427,1300.0,,13.2,,31.1,18.8,15.4,
5592,Gangapur Road,2019-07-01,0.0144,µg/m³,20.0073285,73.7762427,1730.0,,20.3,,30.5,6.53,5.35,
5592,Gangapur Road,2019-07-08,30.6,µg/m³,20.0073285,73.7762427,753.0,,,,29.9,17.1,0.878,
5592,Gangapur Road,2019-07-09,24.2,µg/m³,20.0073285,73.7762427,674.0,,19.6,,30.1,28.7,1.15,
5592,Gangapur Road,2019-07-10,16.6,µg/m³,20.0073285,73.7762427,680.0,,16.7,,31.5,26.8,6.68,
5592,Gangapur Road,2019-07-11,19.0,µg/m³,20.0073285,73.7762427,595.0,,15.6,,29.4,33.5,1.41,
5592,Gangapur Road,2019-07-12,19.2,µg/m³,20.0073285,73.7762427,430.0,,9.61,,31.5,33.8,1.68,
5592,Gangapur Road,2019-07-13,17.6,µg/m³,20.0073285,73.7762427,636.0,,15.7,,30.8,46.2,1.66,
5592,Gangapur Road,2019-07-14,25.6,µg/m³,20.0073285,73.7762427,541.0,,11.7,,30.0,38.0,1.91,
5592,Gangapur Road,2019-07-15,18.5,µg/m³,20.0073285,73.7762427,518.0,,11.1,,29.9,80.9,1.69,
5592,Gangapur Road,2019-07-16,20.0,µg/m³,20.0073285,73.7762427,513.0,,10.6,,30.0,104.0,1.39,
5592,Gangapur Road,2019-07-17,21.4,µg/m³,20.0073285,73.7762427,477.0,,9.4,,30.5,98.2,1.72,
5592,Gangapur Road,2019-07-18,24.2,µg/m³,20.0073285,73.7762427,492.0,,6.53,,31.4,98.8,1.15,
5592,Gangapur Road,2019-07-19,22.9,µg/m³,20.0073285,73.7762427,396.0,,7.05,,31.0,67.6,4.58,
5592,Gangapur Road,2019-07-20,22.5,µg/m³,20.0073285,73.7762427,698.0,,21.2,,28.9,18.4,1.25,
5592,Gangapur Road,2019-07-21,27.1,µg/m³,20.0073285,73.7762427,595.0,,20.5,,30.0,27.7,1.3,
5592,Gangapur Road,2019-07-22,30.0,µg/m³,20.0073285,73.7762427,722.0,,20.3,,31.0,25.9,1.16,
5592,Gangapur Road,2019-07-23,34.6,µg/m³,20.0073285,73.7762427,755.0,,14.1,,31.3,30.0,1.2,
5592,Gangapur Road,2019-07-24,12.9,µg/m³,20.0073285,73.7762427,690.0,,17.0,,30.5,24.7,1.49,
5592,Gangapur Road,2019-07-25,20.4,µg/m³,20.0073285,73.7762427,599.0,,12.0,,30.8,19.6,1.03,
5592,Gangapur Road,2019-07-26,21.0,µg/m³,20.0073285,73.7762427,512.0,,8.02,,30.4,39.0,1.34,
5592,Gangapur Road,2019-07-27,16.7,µg/m³,20.0073285,73.7762427,476.0,,6.21,,30.5,30.0,1.14,
5592,Gangapur Road,2019-07-28,29.9,µg/m³,20.0073285,73.7762427,422.0,,5.01,,31.2,119.0,1.4,
5592,Gangapur Road,2019-07-29,18.3,µg/m³,20.0073285,73.7762427,477.0,,5.56,,31.0,38.3,1.79,
5592,Gangapur Road,2019-07-30,15.3,µg/m³,20.0073285,73.7762427,468.0,,7.25,,31.2,17.6,1.17,
5592,Gangapur Road,2019-07-31,17.3,µg/m³,20.0073285,73.7762427,463.0,,7.1,,29.6,27.4,1.28,
5592,Gangapur Road,2019-08-01,17.7,µg/m³,20.0073285,73.7762427,484.0,,4.65,,31.8,24.4,1.78,
5592,Gangapur Road,2019-08-02,20.7,µg/m³,20.0073285,73.7762427,556.0,,6.73,,30.7,20.1,2.18,
5592,Gangapur Road,2019-08-03,12.2,µg/m³,20.0073285,73.7762427,646.0,,8.66,,30.6,18.6,2.52,
5592,Gangapur Road,2019-08-04,13.1,µg/m³,20.0073285,73.7762427,210.0,,,,33.0,40.7,2.97,
5592,Gangapur Road,2019-08-05,20.7,µg/m³,20.0073285,73.7762427,443.0,,,,30.9,25.7,2.05,
5592,Gangapur Road,2019-08-06,19.2,µg/m³,20.0073285,73.7762427,448.0,,4.54,,31.5,27.1,2.28,
5592,Gangapur Road,2019-08-07,22.6,µg/m³,20.0073285,73.7762427,436.0,,5.0,,30.7,32.3,1.79,
5592,Gangapur Road,2019-08-08,26.3,µg/m³,20.0073285,73.7762427,444.0,,3.82,,31.1,46.8,2.29,
5592,Gangapur Road,2019-08-09,19.3,µg/m³,20.0073285,73.7762427,536.0,,6.43,,31.3,30.9,1.8,
5592,Gangapur Road,2019-08-10,16.0,µg/m³,20.0073285,73.7762427,527.0,,3.5,,31.5,37.2,1.97,
5592,Gangapur Road,2019-08-11,14.8,µg/m³,20.0073285,73.7762427,359.0,,0.0217,,31.4,35.1,2.78,
5592,Gangapur Road,2019-08-12,21.3,µg/m³,20.0073285,73.7762427,647.0,,1.38,,30.9,68.6,2.43,
5592,Gangapur Road,2019-08-13,24.0,µg/m³,20.0073285,73.7762427,499.0,,1.21,,31.7,62.1,2.04,
5592,Gangapur Road,2019-08-14,28.2,µg/m³,20.0073285,73.7762427,461.0,,6.13,,33.1,42.7,2.16,
5592,Gangapur Road,2019-08-19,14.8,µg/m³,20.0073285,73.7762427,437.0,,7.4,,33.6,33.9,2.63,
5592,Gangapur Road,2019-08-20,24.4,µg/m³,20.0073285,73.7762427,641.0,,10.7,,33.8,32.9,5.86,
5592,Gangapur Road,2019-08-21,20.2,µg/m³,20.0073285,73.7762427,538.0,,11.8,,32.8,43.4,5.02,
5592,Gangapur Road,2019-08-22,24.8,µg/m³,20.0073285,73.7762427,493.0,,6.68,,33.4,55.7,3.6,
5592,Gangapur Road,2019-08-23,28.7,µg/m³,20.0073285,73.7762427,435.0,,2.72,,33.7,41.2,6.13,
5592,Gangapur Road,2019-08-24,20.9,µg/m³,20.0073285,73.7762427,694.0,,14.5,,32.9,30.3,11.2,
5592,Gangapur Road,2019-08-25,23.2,µg/m³,20.0073285,73.7762427,426.0,,6.02,,34.3,22.7,2.02,
5592,Gangapur Road,2019-08-26,29.0,µg/m³,20.0073285,73.7762427,384.0,,3.62,,32.2,25.0,2.43,
5592,Gangapur Road,2019-08-27,27.8,µg/m³,20.0073285,73.7762427,632.0,,11.4,,33.4,60.5,2.43,
5592,Gangapur Road,2019-08-28,23.8,µg/m³,20.0073285,73.7762427,544.0,,11.2,,33.3,58.6,2.0,
5592,Gangapur Road,2019-08-29,23.2,µg/m³,20.0073285,73.7762427,650.0,,14.5,,33.7,35.6,2.87,
5592,Gangapur Road,2019-08-30,17.1,µg/m³,20.0073285,73.7762427,528.0,,12.9,,33.6,23.5,2.45,
5592,Gangapur Road,2019-08-31,11.4,µg/m³,20.0073285,73.7762427,532.0,,12.4,,32.7,23.2,9.59,
5592,Gangapur Road,2019-09-01,15.9,µg/m³,20.0073285,73.7762427,563.0,,12.0,,32.7,16.0,2.37,
5592,Gangapur Road,2019-09-02,16.4,µg/m³,20.0073285,73.7762427,522.0,,9.63,,33.5,27.8,2.42,
5592,Gangapur Road,2019-09-03,14.7,µg/m³,20.0073285,73.7762427,605.0,,10.3,,33.1,29.0,2.29,
5592,Gangapur Road,2019-09-04,10.7,µg/m³,20.0073285,73.7762427,568.0,,11.1,,33.3,26.3,2.2,
5592,Gangapur Road,2019-09-05,12.4,µg/m³,20.0073285,73.7762427,689.0,,12.0,,33.6,14.4,2.67,
5592,Gangapur Road,2019-09-06,10.2,µg/m³,20.0073285,73.7762427,605.0,,9.55,,33.6,16.1,2.52,
5592,Gangapur Road,2019-09-07,10.7,µg/m³,20.0073285,73.7762427,623.0,,9.85,,33.0,19.6,2.42,
5592,Gangapur Road,2019-09-08,10.1,µg/m³,20.0073285,73.7762427,528.0,,7.9,,32.5,10.9,2.31,
5592,Gangapur Road,2019-09-09,14.9,µg/m³,20.0073285,73.7762427,606.0,,9.94,,34.0,13.4,2.27,
5592,Gangapur Road,2019-09-10,16.7,µg/m³,20.0073285,73.7762427,496.0,,5.82,,34.0,12.1,1.72,
5592,Gangapur Road,2019-09-11,17.3,µg/m³,20.0073285,73.7762427,570.0,,10.3,,33.1,28.0,2.01,
5592,Gangapur Road,2019-09-12,17.6,µg/m³,20.0073285,73.7762427,497.0,,1.87,,33.8,31.1,2.13,
5592,Gangapur Road,2019-09-13,19.2,µg/m³,20.0073285,73.7762427,452.0,,5.27,,33.3,30.4,2.05,
5592,Gangapur Road,2019-09-14,16.3,µg/m³,20.0073285,73.7762427,506.0,,5.59,,33.2,22.3,2.17,
5592,Gangapur Road,2019-09-15,15.0,µg/m³,20.0073285,73.7762427,523.0,,3.0,,34.1,30.8,2.58,
5592,Gangapur Road,2019-09-16,18.6,µg/m³,20.0073285,73.7762427,417.0,,1.73,,34.2,42.4,2.23,
5592,Gangapur Road,2019-09-17,16.0,µg/m³,20.0073285,73.7762427,422.0,,1.37,,33.8,39.0,2.47,
5592,Gangapur Road,2019-09-18,25.9,µg/m³,20.0073285,73.7762427,560.0,,5.92,,33.2,52.8,2.41,
5592,Gangapur Road,2019-09-19,26.2,µg/m³,20.0073285,73.7762427,781.0,,10.3,,34.3,34.6,2.13,
5592,Gangapur Road,2019-09-20,14.2,µg/m³,20.0073285,73.7762427,640.0,,7.73,,33.3,40.0,2.09,
5592,Gangapur Road,2019-09-21,17.9,µg/m³,20.0073285,73.7762427,573.0,,6.41,,33.4,50.3,2.31,
5592,Gangapur Road,2019-09-22,22.8,µg/m³,20.0073285,73.7762427,568.0,,6.08,,33.2,46.8,2.47,
5592,Gangapur Road,2019-09-23,20.2,µg/m³,20.0073285,73.7762427,472.0,,4.23,,32.5,46.7,3.61,
5592,Gangapur Road,2019-09-24,27.9,µg/m³,20.0073285,73.7762427,731.0,,7.5,,31.1,42.9,2.21,
5592,Gangapur Road,2019-09-25,33.7,µg/m³,20.0073285,73.7762427,705.0,,6.87,,32.4,36.8,2.37,
5592,Gangapur Road,2019-09-26,14.4,µg/m³,20.0073285,73.7762427,664.0,,7.79,,32.1,24.9,3.42,
5592,Gangapur Road,2019-09-27,12.3,µg/m³,20.0073285,73.7762427,964.0,,6.36,,29.7,16.8,18.5,
5592,Gangapur Road,2019-09-28,27.0,µg/m³,20.0073285,73.7762427,678.0,,2.51,,30.2,23.2,3.06,
5592,Gangapur Road,2019-09-29,14.7,µg/m³,20.0073285,73.7762427,587.0,,0.307,,32.3,33.7,2.17,
5592,Gangapur Road,2019-09-30,11.3,µg/m³,20.0073285,73.7762427,596.0,,0.007,,31.4,31.2,2.66,
5592,Gangapur Road,2019-10-01,15.8,µg/m³,20.0073285,73.7762427,641.0,,0.497,,29.5,28.8,1.63,
5592,Gangapur Road,2019-10-02,12.3,µg/m³,20.0073285,73.7762427,469.0,,0.0,,31.1,19.5,,
5592,Gangapur Road,2019-10-03,16.8,µg/m³,20.0073285,73.7762427,490.0,,0.0197,,30.6,26.1,3.54,
5592,Gangapur Road,2019-10-04,35.2,µg/m³,20.0073285,73.7762427,830.0,,3.1,,32.1,42.3,2.55,
5592,Gangapur Road,2019-10-05,25.9,µg/m³,20.0073285,73.7762427,721.0,,0.0,,31.2,37.0,2.15,
5592,Gangapur Road,2019-10-06,25.0,µg/m³,20.0073285,73.7762427,778.0,,0.0,,31.7,25.9,2.79,
5592,Gangapur Road,2019-10-07,36.3,µg/m³,20.0073285,73.7762427,904.0,,0.0,,31.1,51.9,2.44,
5592,Gangapur Road,2019-10-08,35.1,µg/m³,20.0073285,73.7762427,822.0,,,,31.2,47.6,2.38,
5592,Gangapur Road,2019-10-09,34.2,µg/m³,20.0073285,73.7762427,853.0,,20.3,,31.3,54.3,2.96,
5592,Gangapur Road,2019-10-10,27.9,µg/m³,20.0073285,73.7762427,732.0,,6.16,,31.0,38.9,1.71,
5592,Gangapur Road,2019-10-11,45.9,µg/m³,20.0073285,73.7762427,799.0,,7.52,,31.3,65.9,2.31,
5592,Gangapur Road,2019-10-12,43.6,µg/m³,20.0073285,73.7762427,708.0,,89.6,,32.6,58.4,3.12,
5592,Gangapur Road,2019-10-13,54.0,µg/m³,20.0073285,73.7762427,579.0,,19.0,,32.5,67.8,2.37,
5592,Gangapur Road,2019-10-14,30.8,µg/m³,20.0073285,73.7762427,692.0,,134.0,,33.4,55.3,3.12,
5592,Gangapur Road,2019-10-15,35.8,µg/m³,20.0073285,73.7762427,821.0,,43.3,,32.1,71.1,4.6,
5592,Gangapur Road,2019-10-16,37.2,µg/m³,20.0073285,73.7762427,824.0,,47.6,,74.4,72.9,3.29,
5592,Gangapur Road,2019-10-17,52.3,µg/m³,20.0073285,73.7762427,1070.0,,0.0,,9.06,87.0,2.24,
5592,Gangapur Road,2019-10-18,59.6,µg/m³,20.0073285,73.7762427,790.0,,0.0,,0.298,89.2,0.769,
5592,Gangapur Road,2019-10-19,13.1,µg/m³,20.0073285,73.7762427,437.0,,0.0,,0.0,16.1,2.95,
5592,Gangapur Road,2019-10-20,30.1,µg/m³,20.0073285,73.7762427,669.0,,0.0,,19.9,19.2,2.48,
5592,Gangapur Road,2019-10-21,36.2,µg/m³,20.0073285,73.7762427,655.0,,328.0,,2.18,34.6,2.39,
5592,Gangapur Road,2019-10-22,27.3,µg/m³,20.0073285,73.7762427,606.0,,732.0,,15.5,31.4,2.46,
5592,Gangapur Road,2019-10-23,13.5,µg/m³,20.0073285,73.7762427,642.0,,233.0,,39.7,19.9,2.09,
5592,Gangapur Road,2019-10-24,25.1,µg/m³,20.0073285,73.7762427,700.0,,42.0,,22.3,34.5,2.08,
5592,Gangapur Road,2019-10-25,29.0,µg/m³,20.0073285,73.7762427,630.0,,95.3,,24.6,35.0,2.36,
5592,Gangapur Road,2019-10-26,19.6,µg/m³,20.0073285,73.7762427,1210.0,,27.3,,15.8,30.8,2.57,
5592,Gangapur Road,2019-10-27,62.7,µg/m³,20.0073285,73.7762427,743.0,,22.4,,25.3,70.0,2.6,
5592,Gangapur Road,2019-10-28,30.1,µg/m³,20.0073285,73.7762427,563.0,,16.5,,27.8,53.4,2.98,
5592,Gangapur Road,2019-10-29,19.8,µg/m³,20.0073285,73.7762427,709.0,,14.4,,29.6,33.6,2.36,
5592,Gangapur Road,2019-10-30,32.5,µg/m³,20.0073285,73.7762427,616.0,,15.9,,26.3,39.7,2.36,
5592,Gangapur Road,2019-11-11,68.5,µg/m³,20.0073285,73.7762427,1450.0,,3.36,,34.0,80.7,4.11,
5592,Gangapur Road,2019-11-12,68.5,µg/m³,20.0073285,73.7762427,1540.0,,6.29,,35.4,104.0,3.82,
5592,Gangapur Road,2019-11-13,59.5,µg/m³,20.0073285,73.7762427,1070.0,,5.43,,37.9,89.4,3.65,
5592,Gangapur Road,2019-11-14,59.9,µg/m³,20.0073285,73.7762427,1150.0,,2.19,,38.1,98.4,4.8,
5592,Gangapur Road,2019-11-15,61.3,µg/m³,20.0073285,73.7762427,1030.0,,0.928,,38.3,94.6,2.61,
5592,Gangapur Road,2019-11-16,49.7,µg/m³,20.0073285,73.7762427,807.0,,7.17,,37.5,82.7,1.88,
5592,Gangapur Road,2019-11-17,46.3,µg/m³,20.0073285,73.7762427,747.0,,1.13,,46.4,72.5,1.34,
5592,Gangapur Road,2019-11-18,67.0,µg/m³,20.0073285,73.7762427,1060.0,,1.21,,52.4,96.6,1.65,
5592,Gangapur Road,2019-11-19,74.2,µg/m³,20.0073285,73.7762427,1530.0,,10.6,,67.1,105.0,2.28,
5592,Gangapur Road,2019-11-20,65.9,µg/m³,20.0073285,73.7762427,1320.0,,15.8,,39.5,105.0,2.02,
5592,Gangapur Road,2019-11-21,60.5,µg/m³,20.0073285,73.7762427,1150.0,,17.9,,45.4,99.9,1.74,
5592,Gangapur Road,2019-11-22,72.1,µg/m³,20.0073285,73.7762427,1190.0,,16.2,,41.3,104.0,1.49,
5592,Gangapur Road,2019-11-23,68.7,µg/m³,20.0073285,73.7762427,1430.0,,15.3,,41.2,114.0,2.44,
5592,Gangapur Road,2019-11-24,69.9,µg/m³,20.0073285,73.7762427,1200.0,,12.6,,45.6,111.0,2.44,
5592,Gangapur Road,2019-11-25,66.6,µg/m³,20.0073285,73.7762427,1240.0,,16.1,,43.5,105.0,2.74,
5592,Gangapur Road,2019-11-26,62.0,µg/m³,20.0073285,73.7762427,1110.0,,13.8,,39.6,96.2,2.66,
5592,Gangapur Road,2019-11-27,52.9,µg/m³,20.0073285,73.7762427,1040.0,,9.31,,44.6,87.9,2.38,
5592,Gangapur Road,2019-11-28,59.5,µg/m³,20.0073285,73.7762427,1390.0,,10.1,,39.7,106.0,2.82,
5592,Gangapur Road,2019-11-29,66.8,µg/m³,20.0073285,73.7762427,1320.0,,6.71,,46.7,102.0,2.81,
5592,Gangapur Road,2019-11-30,55.8,µg/m³,20.0073285,73.7762427,1040.0,,5.37,,48.0,91.7,1.77,
5592,Gangapur Road,2019-12-01,56.3,µg/m³,20.0073285,73.7762427,1020.0,,5.56,,49.5,87.9,2.89,
5592,Gangapur Road,2019-12-02,45.1,µg/m³,20.0073285,73.7762427,927.0,,5.45,,47.7,78.9,2.58,
5592,Gangapur Road,2019-12-03,38.4,µg/m³,20.0073285,73.7762427,817.0,,5.08,,59.9,64.3,2.53,
5592,Gangapur Road,2019-12-04,52.1,µg/m³,20.0073285,73.7762427,990.0,,7.42,,67.0,76.7,3.76,
5592,Gangapur Road,2019-12-05,55.9,µg/m³,20.0073285,73.7762427,988.0,,9.82,,46.5,96.4,4.97,
5592,Gangapur Road,2019-12-06,46.4,µg/m³,20.0073285,73.7762427,719.0,,8.3,,53.2,80.3,9.26,
5592,Gangapur Road,2019-12-07,48.6,µg/m³,20.0073285,73.7762427,1040.0,,8.61,,63.0,86.2,10.7,
5592,Gangapur Road,2019-12-08,54.8,µg/m³,20.0073285,73.7762427,678.0,,5.88,,66.9,90.3,4.18,
5592,Gangapur Road,2019-12-10,52.1,µg/m³,20.0073285,73.7762427,1570.0,,7.85,,60.6,115.0,3.22,
5592,Gangapur Road,2019-12-11,50.7,µg/m³,20.0073285,73.7762427,1070.0,,5.43,,49.8,109.0,2.64,
5592,Gangapur Road,2019-12-12,47.5,µg/m³,20.0073285,73.7762427,1000.0,,4.84,,51.4,128.0,2.29,
5592,Gangapur Road,2019-12-13,44.8,µg/m³,20.0073285,73.7762427,708.0,,3.29,,53.0,102.0,2.48,
5592,Gangapur Road,2019-12-14,53.3,µg/m³,20.0073285,73.7762427,1040.0,,3.85,,73.0,82.8,1.83,
5592,Gangapur Road,2019-12-15,72.9,µg/m³,20.0073285,73.7762427,1050.0,,3.62,,78.6,78.8,2.35,
5592,Gangapur Road,2019-12-16,60.4,µg/m³,20.0073285,73.7762427,886.0,,3.48,,64.1,83.4,2.81,
5592,Gangapur Road,2019-12-17,57.2,µg/m³,20.0073285,73.7762427,767.0,,3.71,,53.1,82.4,3.29,
5592,Gangapur Road,2019-12-18,73.9,µg/m³,20.0073285,73.7762427,1380.0,,5.47,,60.0,106.0,2.81,
5592,Gangapur Road,2019-12-19,77.9,µg/m³,20.0073285,73.7762427,1560.0,,5.38,,50.8,110.0,3.68,
5592,Gangapur Road,2019-12-20,74.8,µg/m³,20.0073285,73.7762427,1400.0,,4.86,,82.7,121.0,2.9,
5592,Gangapur Road,2019-12-21,70.8,µg/m³,20.0073285,73.7762427,1660.0,,9.98,,29.9,113.0,2.74,
5592,Gangapur Road,2019-12-22,80.2,µg/m³,20.0073285,73.7762427,1320.0,,8.02,,64.5,122.0,2.12,
5592,Gangapur Road,2019-12-23,77.3,µg/m³,20.0073285,73.7762427,1570.0,,7.93,,62.7,115.0,2.69,
5592,Gangapur Road,2019-12-24,65.0,µg/m³,20.0073285,73.7762427,1170.0,,5.16,,48.1,114.0,2.85,
5592,Gangapur Road,2019-12-25,72.3,µg/m³,20.0073285,73.7762427,901.0,,4.16,,40.8,94.3,2.55,
5592,Gangapur Road,2019-12-26,66.6,µg/m³,20.0073285,73.7762427,834.0,,4.21,,42.5,90.4,2.33,
5592,Gangapur Road,2019-12-27,58.8,µg/m³,20.0073285,73.7762427,746.0,,3.53,,50.2,78.6,3.0,
5592,Gangapur Road,2019-12-28,26.2,µg/m³,20.0073285,73.7762427,645.0,,4.93,,55.5,55.6,7.14,
5592,Gangapur Road,2019-12-29,24.4,µg/m³,20.0073285,73.7762427,730.0,,6.25,,52.4,58.1,10.1,
5592,Gangapur Road,2019-12-30,41.6,µg/m³,20.0073285,73.7762427,907.0,,5.06,,48.6,35.1,8.51,
5592,Gangapur Road,2019-12-31,64.3,µg/m³,20.0073285,73.7762427,940.0,,4.65,,48.3,16.3,3.01,
5592,Gangapur Road,2020-01-01,74.1,µg/m³,20.0073285,73.7762427,1020.0,,4.98,,52.2,147.0,3.09,
5592,Gangapur Road,2020-01-02,68.9,µg/m³,20.0073285,73.7762427,944.0,,4.84,,54.5,114.0,3.01,
5592,Gangapur Road,2020-01-03,50.7,µg/m³,20.0073285,73.7762427,800.0,,4.74,,52.1,72.0,2.49,
5592,Gangapur Road,2020-01-04,66.8,µg/m³,20.0073285,73.7762427,1210.0,,7.28,,50.7,91.6,4.07,
5592,Gangapur Road,2020-01-05,51.2,µg/m³,20.0073285,73.7762427,912.0,,5.62,,62.4,79.9,8.17,
5592,Gangapur Road,2020-01-06,46.0,µg/m³,20.0073285,73.7762427,1230.0,,8.31,,55.0,94.6,6.14,
5592,Gangapur Road,2020-01-07,56.7,µg/m³,20.0073285,73.7762427,1220.0,,8.11,,45.9,117.0,3.57,
5592,Gangapur Road,2020-01-08,55.7,µg/m³,20.0073285,73.7762427,716.0,,4.17,,42.1,74.7,2.67,
5592,Gangapur Road,2020-01-09,43.0,µg/m³,20.0073285,73.7762427,777.0,,6.31,,46.6,81.0,6.46,
5592,Gangapur Road,2020-01-10,41.6,µg/m³,20.0073285,73.7762427,829.0,,5.83,,60.5,79.5,7.57,
5592,Gangapur Road,2020-01-11,53.2,µg/m³,20.0073285,73.7762427,1310.0,,8.9,,61.1,93.1,6.11,
5592,Gangapur Road,2020-01-12,69.2,µg/m³,20.0073285,73.7762427,1340.0,,8.81,,51.8,113.0,4.86,
5592,Gangapur Road,2020-01-13,53.5,µg/m³,20.0073285,73.7762427,798.0,,5.07,,45.4,92.5,2.39,
5592,Gangapur Road,2020-01-14,30.3,µg/m³,20.0073285,73.7762427,513.0,,4.1,,40.5,64.0,2.48,
5592,Gangapur Road,2020-01-15,31.7,µg/m³,20.0073285,73.7762427,562.0,,4.1,,54.7,57.5,2.5,
5592,Gangapur Road,2020-01-16,28.5,µg/m³,20.0073285,73.7762427,447.0,,3.21,,60.2,62.5,2.64,
5592,Gangapur Road,2020-01-17,42.2,µg/m³,20.0073285,73.7762427,894.0,,6.42,,54.4,51.4,5.6,
5592,Gangapur Road,2020-01-18,73.1,µg/m³,20.0073285,73.7762427,1430.0,,9.23,,48.3,94.1,8.09,
5592,Gangapur Road,2020-01-19,77.5,µg/m³,20.0073285,73.7762427,1380.0,,8.35,,51.3,92.8,2.72,
5592,Gangapur Road,2020-01-20,63.5,µg/m³,20.0073285,73.7762427,1270.0,,9.26,,42.6,91.7,4.39,
5592,Gangapur Road,2020-01-21,58.3,µg/m³,20.0073285,73.7762427,950.0,,6.49,,38.3,88.2,2.91,
5592,Gangapur Road,2020-01-22,60.2,µg/m³,20.0073285,73.7762427,822.0,,5.55,,41.0,82.5,4.48,
5592,Gangapur Road,2020-01-23,77.2,µg/m³,20.0073285,73.7762427,1270.0,,8.92,,33.2,90.1,4.68,
5592,Gangapur Road,2020-01-24,71.5,µg/m³,20.0073285,73.7762427,1280.0,,8.92,,49.8,89.4,4.85,
5592,Gangapur Road,2020-01-25,69.9,µg/m³,20.0073285,73.7762427,1140.0,,7.05,,36.4,82.7,3.56,
5592,Gangapur Road,2020-01-26,56.8,µg/m³,20.0073285,73.7762427,1050.0,,6.25,,32.9,96.0,4.85,
5592,Gangapur Road,2020-01-27,49.9,µg/m³,20.0073285,73.7762427,830.0,,5.35,,42.6,149.0,4.05,
5592,Gangapur Road,2020-01-28,22.8,µg/m³,20.0073285,73.7762427,467.0,,3.22,,40.4,105.0,2.64,
5592,Gangapur Road,2020-01-29,21.6,µg/m³,20.0073285,73.7762427,531.0,,3.58,,40.9,71.0,3.38,
5592,Gangapur Road,2020-01-30,40.8,µg/m³,20.0073285,73.7762427,933.0,,6.28,,41.5,80.2,5.08,
5592,Gangapur Road,2020-01-31,46.4,µg/m³,20.0073285,73.7762427,852.0,,4.81,,48.1,83.7,6.25,
5592,Gangapur Road,2020-02-01,48.2,µg/m³,20.0073285,73.7762427,761.0,,3.9,,52.0,77.9,4.08,
5592,Gangapur Road,2020-02-02,42.5,µg/m³,20.0073285,73.7762427,747.0,,4.49,,54.6,78.3,11.0,
5592,Gangapur Road,2020-02-03,59.1,µg/m³,20.0073285,73.7762427,938.0,,4.5,,44.7,123.0,4.6,
5592,Gangapur Road,2020-02-04,55.8,µg/m³,20.0073285,73.7762427,727.0,,3.65,,43.9,98.5,3.49,
5592,Gangapur Road,2020-02-05,52.6,µg/m³,20.0073285,73.7762427,828.0,,4.57,,42.3,106.0,11.4,
5592,Gangapur Road,2020-02-06,49.9,µg/m³,20.0073285,73.7762427,656.0,,3.63,,39.9,95.7,2.53,
5592,Gangapur Road,2020-02-07,47.7,µg/m³,20.0073285,73.7762427,528.0,,3.72,,34.0,52.4,2.14,
5592,Gangapur Road,2020-02-08,66.5,µg/m³,20.0073285,73.7762427,734.0,,10.7,,85.8,87.4,3.14,
5592,Gangapur Road,2020-02-09,57.9,µg/m³,20.0073285,73.7762427,632.0,,9.8,,88.2,84.0,5.18,
5592,Gangapur Road,2020-02-10,51.7,µg/m³,20.0073285,73.7762427,776.0,,12.6,,63.8,80.5,3.24,
5592,Gangapur Road,2020-02-11,47.8,µg/m³,20.0073285,73.7762427,1040.0,,34.2,,38.7,76.2,4.57,
5592,Gangapur Road,2020-02-12,49.2,µg/m³,20.0073285,73.7762427,792.0,,48.0,,57.5,67.7,5.03,
5592,Gangapur Road,2020-02-13,73.4,µg/m³,20.0073285,73.7762427,743.0,,49.1,,58.6,110.0,16.1,
5592,Gangapur Road,2020-02-14,55.6,µg/m³,20.0073285,73.7762427,536.0,,42.2,,113.0,93.6,2.54,
5592,Gangapur Road,2020-02-15,57.0,µg/m³,20.0073285,73.7762427,646.0,,47.2,,99.6,81.7,5.94,
5592,Gangapur Road,2020-02-16,69.6,µg/m³,20.0073285,73.7762427,877.0,,51.5,,77.6,97.5,7.29,
5592,Gangapur Road,2020-02-17,83.8,µg/m³,20.0073285,73.7762427,1160.0,,64.9,,62.3,120.0,6.77,
5592,Gangapur Road,2020-02-18,70.5,µg/m³,20.0073285,73.7762427,779.0,,50.9,,69.4,90.7,7.64,
5592,Gangapur Road,2020-02-19,50.9,µg/m³,20.0073285,73.7762427,626.0,,39.3,,80.1,59.2,3.53,
5592,Gangapur Road,2020-02-20,62.5,µg/m³,20.0073285,73.7762427,612.0,,40.1,,82.6,86.9,3.01,
5592,Gangapur Road,2020-02-21,55.5,µg/m³,20.0073285,73.7762427,694.0,,40.1,,81.8,66.4,2.93,
5592,Gangapur Road,2020-02-22,56.1,µg/m³,20.0073285,73.7762427,685.0,,45.4,,82.5,70.4,7.92,
5592,Gangapur Road,2020-02-23,61.0,µg/m³,20.0073285,73.7762427,661.0,,40.1,,73.9,71.4,4.1,
5592,Gangapur Road,2020-02-24,53.1,µg/m³,20.0073285,73.7762427,560.0,,37.1,,76.4,89.3,3.57,
5592,Gangapur Road,2020-02-25,36.2,µg/m³,20.0073285,73.7762427,608.0,,43.0,,58.5,69.8,2.34,
5592,Gangapur Road,2020-02-26,41.0,µg/m³,20.0073285,73.7762427,875.0,,48.1,,49.8,81.3,10.9,
5592,Gangapur Road,2020-02-27,48.5,µg/m³,20.0073285,73.7762427,1040.0,,54.0,,52.4,85.0,23.6,
5592,Gangapur Road,2020-02-28,55.1,µg/m³,20.0073285,73.7762427,830.0,,43.0,,76.6,98.4,10.0,
5592,Gangapur Road,2020-02-29,56.7,µg/m³,20.0073285,73.7762427,630.0,,43.1,,73.8,106.0,3.65,
5592,Gangapur Road,2020-03-01,36.2,µg/m³,20.0073285,73.7762427,485.0,,36.4,,21.1,61.6,4.74,
5592,Gangapur Road,2020-03-02,50.3,µg/m³,20.0073285,73.7762427,656.0,,42.7,,52.3,125.0,2.52,
5592,Gangapur Road,2020-03-03,44.1,µg/m³,20.0073285,73.7762427,464.0,,29.3,,46.5,122.0,6.28,
5592,Gangapur Road,2020-03-04,41.3,µg/m³,20.0073285,73.7762427,455.0,,28.8,,47.9,116.0,3.19,
5592,Gangapur Road,2020-03-05,40.0,µg/m³,20.0073285,73.7762427,430.0,,28.4,,28.7,119.0,2.4,
5592,Gangapur Road,2020-03-06,32.3,µg/m³,20.0073285,73.7762427,431.0,,29.7,,16.6,116.0,2.67,
5592,Gangapur Road,2020-03-07,21.2,µg/m³,20.0073285,73.7762427,403.0,,26.7,,23.6,64.8,2.44,
5592,Gangapur Road,2020-03-08,28.8,µg/m³,20.0073285,73.7762427,435.0,,24.7,,16.8,70.5,1.97,
5592,Gangapur Road,2020-03-09,45.3,µg/m³,20.0073285,73.7762427,534.0,,32.9,,1.34,104.0,4.19,
5592,Gangapur Road,2020-03-10,32.2,µg/m³,20.0073285,73.7762427,541.0,,27.1,,0.00117,67.1,2.58,
5592,Gangapur Road,2020-03-11,23.8,µg/m³,20.0073285,73.7762427,363.0,,23.6,,43.6,101.0,2.54,
5592,Gangapur Road,2020-03-12,23.4,µg/m³,20.0073285,73.7762427,397.0,,23.0,,72.8,88.0,2.49,
5592,Gangapur Road,2020-03-13,22.3,µg/m³,20.0073285,73.7762427,351.0,,19.0,,97.6,51.1,2.36,
5592,Gangapur Road,2020-03-14,37.1,µg/m³,20.0073285,73.7762427,856.0,,45.0,,85.7,84.0,4.09,
5592,Gangapur Road,2020-03-15,40.5,µg/m³,20.0073285,73.7762427,654.0,,45.5,,84.9,101.0,5.24,
5592,Gangapur Road,2020-03-16,43.0,µg/m³,20.0073285,73.7762427,728.0,,45.9,,78.8,86.8,8.8,
5592,Gangapur Road,2020-03-17,37.4,µg/m³,20.0073285,73.7762427,596.0,,35.8,,98.2,72.1,8.56,
5592,Gangapur Road,2020-03-18,31.9,µg/m³,20.0073285,73.7762427,568.0,,33.9,,59.9,67.3,4.0,
5592,Gangapur Road,2020-03-19,24.8,µg/m³,20.0073285,73.7762427,400.0,,25.5,,58.3,44.6,2.6,
5592,Gangapur Road,2020-03-20,32.3,µg/m³,20.0073285,73.7762427,346.0,,23.9,,44.1,85.3,2.3,
5592,Gangapur Road,2020-03-21,25.2,µg/m³,20.0073285,73.7762427,379.0,,23.4,,56.7,54.5,2.59,
5592,Gangapur Road,2020-03-22,29.4,µg/m³,20.0073285,73.7762427,415.0,,25.2,,43.0,43.2,3.31,
5592,Gangapur Road,2020-03-23,33.6,µg/m³,20.0073285,73.7762427,454.0,,27.1,,54.6,53.2,3.58,
5592,Gangapur Road,2020-03-24,36.2,µg/m³,20.0073285,73.7762427,443.0,,28.2,,69.1,68.2,6.25,
5592,Gangapur Road,2020-03-25,35.6,µg/m³,20.0073285,73.7762427,412.0,,28.6,,52.5,51.8,4.0,
5592,Gangapur Road,2020-03-26,27.4,µg/m³,20.0073285,73.7762427,399.0,,25.0,,60.4,30.8,2.51,
5592,Gangapur Road,2020-03-27,43.6,µg/m³,20.0073285,73.7762427,455.0,,26.4,,55.4,49.6,2.95,
5592,Gangapur Road,2020-03-28,36.0,µg/m³,20.0073285,73.7762427,401.0,,23.8,,62.9,41.2,2.43,
5592,Gangapur Road,2020-03-29,28.3,µg/m³,20.0073285,73.7762427,401.0,,22.5,,73.8,47.1,2.72,
5592,Gangapur Road,2020-03-30,35.1,µg/m³,20.0073285,73.7762427,414.0,,20.5,,75.9,46.7,2.91,
5592,Gangapur Road,2020-03-31,34.9,µg/m³,20.0073285,73.7762427,412.0,,21.7,,83.0,39.8,2.76,
5592,Gangapur Road,2020-04-01,25.2,µg/m³,20.0073285,73.7762427,366.0,,19.7,,59.3,32.7,1.93,
5592,Gangapur Road,2020-04-02,30.6,µg/m³,20.0073285,73.7762427,392.0,,20.1,,59.6,53.2,1.87,
5592,Gangapur Road,2020-04-03,44.0,µg/m³,20.0073285,73.7762427,388.0,,20.9,,70.7,70.0,1.73,
5592,Gangapur Road,2020-04-04,42.3,µg/m³,20.0073285,73.7762427,435.0,,22.3,,75.3,42.4,2.3,
5592,Gangapur Road,2020-04-05,47.7,µg/m³,20.0073285,73.7762427,449.0,,22.0,,77.6,49.2,1.83,
5592,Gangapur Road,2020-04-06,40.0,µg/m³,20.0073285,73.7762427,443.0,,21.4,,80.5,54.1,2.14,
5592,Gangapur Road,2020-04-07,26.6,µg/m³,20.0073285,73.7762427,447.0,,25.1,,30.8,50.0,1.53,
5592,Gangapur Road,2020-04-08,27.7,µg/m³,20.0073285,73.7762427,342.0,,18.8,,54.0,67.1,2.75,
5592,Gangapur Road,2020-04-09,28.2,µg/m³,20.0073285,73.7762427,362.0,,19.5,,57.3,67.6,1.93,
5592,Gangapur Road,2020-04-10,27.6,µg/m³,20.0073285,73.7762427,397.0,,21.1,,74.8,64.4,2.01,
5592,Gangapur Road,2020-04-11,30.6,µg/m³,20.0073285,73.7762427,394.0,,20.9,,78.3,55.9,3.25,
5592,Gangapur Road,2020-04-12,28.4,µg/m³,20.0073285,73.7762427,427.0,,21.0,,74.1,57.3,2.64,
5592,Gangapur Road,2020-04-13,28.9,µg/m³,20.0073285,73.7762427,434.0,,19.8,,80.9,55.6,2.77,
5592,Gangapur Road,2020-04-14,30.3,µg/m³,20.0073285,73.7762427,421.0,,20.0,,82.7,53.4,2.59,
5592,Gangapur Road,2020-04-15,26.4,µg/m³,20.0073285,73.7762427,455.0,,21.1,,78.4,52.4,2.82,
5592,Gangapur Road,2020-04-16,27.4,µg/m³,20.0073285,73.7762427,449.0,,22.6,,77.5,49.9,2.85,
5592,Gangapur Road,2020-04-17,28.3,µg/m³,20.0073285,73.7762427,457.0,,23.4,,66.1,50.4,2.25,
5592,Gangapur Road,2020-04-18,24.5,µg/m³,20.0073285,73.7762427,389.0,,20.2,,65.5,51.3,2.88,
5592,Gangapur Road,2020-04-19,29.5,µg/m³,20.0073285,73.7762427,406.0,,19.4,,68.5,57.8,3.06,
5592,Gangapur Road,2020-04-20,24.6,µg/m³,20.0073285,73.7762427,381.0,,20.1,,60.7,46.2,2.47,
5592,Gangapur Road,2020-04-21,22.4,µg/m³,20.0073285,73.7762427,371.0,,19.7,,40.3,43.2,2.2,
5592,Gangapur Road,2020-04-22,19.1,µg/m³,20.0073285,73.7762427,356.0,,20.1,,48.8,46.7,2.12,
5592,Gangapur Road,2020-04-23,26.6,µg/m³,20.0073285,73.7762427,374.0,,18.7,,51.8,52.0,2.06,
5592,Gangapur Road,2020-04-24,18.7,µg/m³,20.0073285,73.7762427,331.0,,19.1,,37.1,35.4,2.05,
5592,Gangapur Road,2020-04-26,17.9,µg/m³,20.0073285,73.7762427,340.0,,16.5,,50.1,42.5,2.03,
5592,Gangapur Road,2020-04-27,20.2,µg/m³,20.0073285,73.7762427,366.0,,20.6,,43.9,43.3,2.04,
5592,Gangapur Road,2020-04-28,21.3,µg/m³,20.0073285,73.7762427,350.0,,18.7,,57.1,53.6,2.35,
5592,Gangapur Road,2020-04-29,30.9,µg/m³,20.0073285,73.7762427,467.0,,20.7,,72.8,63.6,3.53,
5592,Gangapur Road,2020-04-30,25.7,µg/m³,20.0073285,73.7762427,389.0,,24.3,,50.6,54.5,2.28,
5592,Gangapur Road,2020-05-01,25.9,µg/m³,20.0073285,73.7762427,411.0,,22.2,,49.2,53.5,1.61,
5592,Gangapur Road,2020-05-02,22.5,µg/m³,20.0073285,73.7762427,336.0,,19.7,,52.4,44.1,2.34,
5592,Gangapur Road,2020-05-03,18.9,µg/m³,20.0073285,73.7762427,307.0,,19.0,,46.9,37.1,2.22,
5592,Gangapur Road,2020-05-04,18.0,µg/m³,20.0073285,73.7762427,322.0,,18.4,,37.7,35.6,3.05,
5592,Gangapur Road,2020-05-05,20.8,µg/m³,20.0073285,73.7762427,328.0,,17.8,,42.6,58.1,2.02,
5592,Gangapur Road,2020-05-06,26.5,µg/m³,20.0073285,73.7762427,412.0,,16.8,,47.2,78.1,2.28,
5592,Gangapur Road,2020-05-07,20.6,µg/m³,20.0073285,73.7762427,366.0,,15.1,,34.0,62.8,1.77,
5592,Gangapur Road,2020-05-08,18.2,µg/m³,20.0073285,73.7762427,332.0,,15.0,,56.0,49.3,1.89,
5592,Gangapur Road,2020-05-09,17.7,µg/m³,20.0073285,73.7762427,283.0,,16.3,,42.2,44.9,1.62,
5592,Gangapur Road,2020-05-10,18.7,µg/m³,20.0073285,73.7762427,329.0,,18.6,,44.9,46.4,1.87,
5592,Gangapur Road,2020-05-11,19.5,µg/m³,20.0073285,73.7762427,372.0,,20.4,,51.6,41.6,2.09,
5592,Gangapur Road,2020-05-12,16.8,µg/m³,20.0073285,73.7762427,296.0,,16.3,,37.5,40.2,2.31,
5592,Gangapur Road,2020-05-13,21.6,µg/m³,20.0073285,73.7762427,420.0,,26.2,,21.3,54.7,2.95,
5592,Gangapur Road,2020-05-14,20.4,µg/m³,20.0073285,73.7762427,438.0,,24.3,,58.6,49.7,2.89,
5592,Gangapur Road,2020-05-15,22.2,µg/m³,20.0073285,73.7762427,464.0,,22.2,,74.3,51.2,1.98,
5592,Gangapur Road,2020-05-16,27.1,µg/m³,20.0073285,73.7762427,454.0,,20.7,,58.1,68.1,2.07,
5592,Gangapur Road,2020-05-17,34.8,µg/m³,20.0073285,73.7762427,428.0,,17.6,,62.9,103.0,1.94,
5592,Gangapur Road,2020-05-18,26.4,µg/m³,20.0073285,73.7762427,820.0,,16.1,,70.8,68.2,1.39,
5592,Gangapur Road,2020-05-19,18.9,µg/m³,20.0073285,73.7762427,279.0,,17.1,,36.0,40.9,1.82,
5592,Gangapur Road,2020-05-20,14.6,µg/m³,20.0073285,73.7762427,286.0,,16.2,,43.8,35.0,1.63,
5592,Gangapur Road,2020-05-21,13.5,µg/m³,20.0073285,73.7762427,334.0,,16.6,,43.3,40.4,1.72,
5592,Gangapur Road,2020-05-22,14.6,µg/m³,20.0073285,73.7762427,317.0,,14.8,,46.2,38.4,1.55,
5592,Gangapur Road,2020-05-23,16.7,µg/m³,20.0073285,73.7762427,350.0,,14.8,,55.3,40.3,2.52,
5592,Gangapur Road,2020-05-24,16.4,µg/m³,20.0073285,73.7762427,349.0,,,,32.9,35.1,1.57,
5592,Gangapur Road,2020-05-25,18.2,µg/m³,20.0073285,73.7762427,341.0,,13.6,,71.3,53.0,3.35,
5592,Gangapur Road,2020-05-26,16.5,µg/m³,20.0073285,73.7762427,340.0,,12.2,,45.9,41.3,1.6,
5592,Gangapur Road,2020-05-27,19.3,µg/m³,20.0073285,73.7762427,297.0,,9.51,,33.8,41.2,1.65,
5592,Gangapur Road,2020-05-28,17.8,µg/m³,20.0073285,73.7762427,302.0,,8.82,,26.7,33.6,1.72,
5592,Gangapur Road,2020-05-29,10.9,µg/m³,20.0073285,73.7762427,288.0,,8.71,,29.1,26.6,2.0,
5592,Gangapur Road,2020-05-30,9.39,µg/m³,20.0073285,73.7762427,300.0,,9.77,,20.2,16.4,1.46,
5592,Gangapur Road,2020-05-31,24.9,µg/m³,20.0073285,73.7762427,286.0,,8.22,,,42.6,2.05,
5592,Gangapur Road,2020-06-01,12.3,µg/m³,20.0073285,73.7762427,347.0,,9.86,,75.5,27.8,1.71,
5592,Gangapur Road,2020-06-04,15.8,µg/m³,20.0073285,73.7762427,283.0,,14.8,,33.9,25.8,0.676,
5592,Gangapur Road,2020-06-05,21.0,µg/m³,20.0073285,73.7762427,999.0,,21.9,,18.2,27.6,3.99,
5592,Gangapur Road,2020-06-06,14.8,µg/m³,20.0073285,73.7762427,284.0,,10.8,,23.4,21.5,0.714,
5592,Gangapur Road,2020-06-07,9.94,µg/m³,20.0073285,73.7762427,398.0,,12.3,,20.8,14.1,0.843,
5592,Gangapur Road,2020-06-08,11.1,µg/m³,20.0073285,73.7762427,359.0,,11.3,,37.5,18.4,1.29,
5592,Gangapur Road,2020-06-09,16.8,µg/m³,20.0073285,73.7762427,390.0,,15.5,,28.9,22.0,1.41,
5592,Gangapur Road,2020-06-10,12.0,µg/m³,20.0073285,73.7762427,398.0,,15.3,,31.2,17.0,1.92,
5592,Gangapur Road,2020-06-11,11.4,µg/m³,20.0073285,73.7762427,464.0,,14.5,,39.1,14.3,18.0,
5592,Gangapur Road,2020-06-12,12.6,µg/m³,20.0073285,73.7762427,391.0,,16.7,,29.9,14.3,1.37,
5592,Gangapur Road,2020-06-13,16.4,µg/m³,20.0073285,73.7762427,426.0,,16.6,,44.5,18.9,0.838,
5592,Gangapur Road,2020-06-14,10.9,µg/m³,20.0073285,73.7762427,468.0,,16.3,,36.7,16.0,0.793,
5592,Gangapur Road,2020-06-15,9.47,µg/m³,20.0073285,73.7762427,436.0,,14.0,,20.2,17.5,0.699,
5592,Gangapur Road,2020-06-16,14.8,µg/m³,20.0073285,73.7762427,435.0,,12.1,,24.9,26.4,0.795,
5592,Gangapur Road,2020-06-17,13.2,µg/m³,20.0073285,73.7762427,388.0,,12.8,,31.3,16.9,0.985,
5592,Gangapur Road,2020-06-18,9.73,µg/m³,20.0073285,73.7762427,389.0,,13.5,,24.8,21.0,1.28,
5592,Gangapur Road,2020-06-19,13.4,µg/m³,20.0073285,73.7762427,364.0,,12.4,,23.1,38.9,1.24,
5592,Gangapur Road,2020-06-20,19.0,µg/m³,20.0073285,73.7762427,333.0,,11.5,,19.1,40.0,1.03,
5592,Gangapur Road,2020-06-21,18.9,µg/m³,20.0073285,73.7762427,308.0,,10.3,,21.9,31.5,1.06,
5592,Gangapur Road,2020-06-22,17.4,µg/m³,20.0073285,73.7762427,310.0,,8.99,,21.6,37.1,1.11,
5592,Gangapur Road,2020-06-23,17.1,µg/m³,20.0073285,73.7762427,374.0,,10.4,,24.3,42.8,1.01,
5592,Gangapur Road,2020-06-24,9.94,µg/m³,20.0073285,73.7762427,478.0,,11.5,,29.1,35.9,3.33,
5592,Gangapur Road,2020-06-25,15.3,µg/m³,20.0073285,73.7762427,416.0,,10.3,,25.0,26.1,1.43,
5592,Gangapur Road,2020-06-26,13.2,µg/m³,20.0073285,73.7762427,439.0,,11.4,,25.5,23.8,1.46,
5592,Gangapur Road,2020-06-27,14.3,µg/m³,20.0073285,73.7762427,414.0,,11.7,,11.1,26.6,1.42,
5592,Gangapur Road,2020-06-28,15.4,µg/m³,20.0073285,73.7762427,369.0,,10.2,,14.2,27.6,1.31,
5592,Gangapur Road,2020-06-29,14.1,µg/m³,20.0073285,73.7762427,540.0,,13.4,,14.5,23.2,0.894,
5592,Gangapur Road,2020-06-30,13.0,µg/m³,20.0073285,73.7762427,509.0,,13.1,,20.8,17.8,1.17,
5592,Gangapur Road,2020-07-01,14.2,µg/m³,20.0073285,73.7762427,388.0,,9.76,,18.8,15.0,1.27,
5592,Gangapur Road,2020-07-02,14.0,µg/m³,20.0073285,73.7762427,387.0,,9.54,,18.7,21.1,1.2,
5592,Gangapur Road,2020-07-03,14.3,µg/m³,20.0073285,73.7762427,337.0,,9.97,,11.1,19.2,1.05,
5592,Gangapur Road,2020-07-04,5.21,µg/m³,20.0073285,73.7762427,440.0,,10.2,,22.2,13.1,1.81,
5592,Gangapur Road,2020-07-05,10.2,µg/m³,20.0073285,73.7762427,423.0,,8.73,,20.7,19.0,1.82,
5592,Gangapur Road,2020-07-06,6.36,µg/m³,20.0073285,73.7762427,337.0,,7.25,,16.4,17.7,1.42,
5592,Gangapur Road,2020-07-07,12.6,µg/m³,20.0073285,73.7762427,513.0,,10.2,,30.8,19.3,1.05,
5592,Gangapur Road,2020-07-08,10.7,µg/m³,20.0073285,73.7762427,507.0,,10.2,,19.4,25.2,1.2,
5592,Gangapur Road,2020-07-09,13.4,µg/m³,20.0073285,73.7762427,491.0,,9.06,,12.4,29.4,1.51,
5592,Gangapur Road,2020-07-10,12.8,µg/m³,20.0073285,73.7762427,480.0,,8.84,,14.3,32.8,1.05,
5592,Gangapur Road,2020-07-11,12.1,µg/m³,20.0073285,73.7762427,413.0,,8.69,,9.53,29.8,0.997,
5592,Gangapur Road,2020-07-12,17.4,µg/m³,20.0073285,73.7762427,410.0,,8.47,,13.6,20.9,1.18,
5592,Gangapur Road,2020-07-13,16.4,µg/m³,20.0073285,73.7762427,483.0,,8.74,,13.4,20.7,1.09,
5592,Gangapur Road,2020-07-14,6.99,µg/m³,20.0073285,73.7762427,448.0,,8.33,,11.1,18.8,1.13,
5592,Gangapur Road,2020-07-15,7.0,µg/m³,20.0073285,73.7762427,533.0,,11.9,,13.8,6.81,0.921,
5592,Gangapur Road,2020-07-16,9.98,µg/m³,20.0073285,73.7762427,422.0,,9.13,,15.2,12.2,1.28,
5592,Gangapur Road,2020-07-17,10.9,µg/m³,20.0073285,73.7762427,401.0,,9.42,,20.4,19.3,1.35,
5592,Gangapur Road,2020-07-18,9.89,µg/m³,20.0073285,73.7762427,428.0,,9.54,,18.7,24.2,1.32,
5592,Gangapur Road,2020-07-19,12.6,µg/m³,20.0073285,73.7762427,414.0,,7.82,,16.2,26.2,1.29,
5592,Gangapur Road,2020-07-20,11.0,µg/m³,20.0073285,73.7762427,376.0,,7.65,,14.1,32.9,1.13,
5592,Gangapur Road,2020-07-21,11.4,µg/m³,20.0073285,73.7762427,448.0,,8.95,,15.4,35.2,1.37,
5592,Gangapur Road,2020-07-22,9.51,µg/m³,20.0073285,73.7762427,569.0,,8.73,,33.6,22.9,21.0,
5592,Gangapur Road,2020-07-23,7.62,µg/m³,20.0073285,73.7762427,472.0,,8.02,,14.3,33.4,1.44,
5592,Gangapur Road,2020-07-24,12.0,µg/m³,20.0073285,73.7762427,536.0,,16.9,,9.28,22.5,1.53,
5592,Gangapur Road,2020-07-25,19.8,µg/m³,20.0073285,73.7762427,536.0,,16.9,,16.2,26.0,1.27,
5592,Gangapur Road,2020-07-26,19.7,µg/m³,20.0073285,73.7762427,364.0,,16.9,,16.0,17.7,1.42,
5592,Gangapur Road,2020-07-27,7.95,µg/m³,20.0073285,73.7762427,430.0,,14.8,,18.9,13.2,1.46,
5592,Gangapur Road,2020-07-28,6.62,µg/m³,20.0073285,73.7762427,412.0,,13.4,,12.1,15.7,1.41,
5592,Gangapur Road,2020-07-29,15.9,µg/m³,20.0073285,73.7762427,433.0,,17.0,,7.36,16.1,1.18,
5592,Gangapur Road,2020-07-30,14.5,µg/m³,20.0073285,73.7762427,426.0,,15.0,,17.9,18.4,1.62,
5592,Gangapur Road,2020-07-31,11.7,µg/m³,20.0073285,73.7762427,414.0,,13.7,,10.0,13.3,1.25,
5592,Gangapur Road,2020-08-04,5.5,µg/m³,20.0073285,73.7762427,401.0,,16.1,,23.2,9.64,1.81,
5592,Gangapur Road,2020-08-05,7.41,µg/m³,20.0073285,73.7762427,373.0,,12.5,,13.0,8.47,1.94,
5592,Gangapur Road,2020-08-06,9.77,µg/m³,20.0073285,73.7762427,539.0,,19.5,,39.1,10.6,1.37,
5592,Gangapur Road,2020-08-07,11.3,µg/m³,20.0073285,73.7762427,400.0,,14.1,,34.3,15.5,1.2,
5592,Gangapur Road,2020-08-08,12.2,µg/m³,20.0073285,73.7762427,366.0,,12.6,,17.1,23.0,1.38,
5592,Gangapur Road,2020-08-09,13.6,µg/m³,20.0073285,73.7762427,385.0,,10.1,,17.8,24.5,1.24,
5592,Gangapur Road,2020-08-10,16.4,µg/m³,20.0073285,73.7762427,557.0,,16.5,,20.9,18.5,1.65,
5592,Gangapur Road,2020-08-11,14.5,µg/m³,20.0073285,73.7762427,672.0,,18.5,,13.9,19.7,1.83,
5592,Gangapur Road,2020-08-12,20.5,µg/m³,20.0073285,73.7762427,396.0,,12.2,,14.9,18.6,0.692,
5592,Gangapur Road,2020-08-13,10.0,µg/m³,20.0073285,73.7762427,461.0,,20.3,,10.1,19.3,1.65,
5592,Gangapur Road,2020-08-14,8.74,µg/m³,20.0073285,73.7762427,461.0,,17.8,,18.6,14.2,1.88,
5592,Gangapur Road,2020-08-16,18.2,µg/m³,20.0073285,73.7762427,392.0,,16.7,,16.3,23.0,1.04,
5592,Gangapur Road,2020-08-17,18.8,µg/m³,20.0073285,73.7762427,683.0,,24.3,,8.95,18.0,1.16,
5592,Gangapur Road,2020-08-18,9.13,µg/m³,20.0073285,73.7762427,357.0,,15.4,,6.13,19.3,1.22,
5592,Gangapur Road,2020-08-19,10.2,µg/m³,20.0073285,73.7762427,620.0,,18.2,,4.99,11.9,,
5592,Gangapur Road,2020-08-22,13.9,µg/m³,20.0073285,73.7762427,785.0,,23.1,,0.185,9.32,1.84,
5592,Gangapur Road,2020-08-23,29.1,µg/m³,20.0073285,73.7762427,460.0,,17.0,,10.8,20.9,0.07,
5592,Gangapur Road,2020-08-24,13.2,µg/m³,20.0073285,73.7762427,550.0,,22.1,,5.86,19.1,3.81,
5592,Gangapur Road,2020-08-25,19.1,µg/m³,20.0073285,73.7762427,484.0,,19.2,,8.17,30.6,1.37,
5592,Gangapur Road,2020-08-26,28.9,µg/m³,20.0073285,73.7762427,620.0,,25.7,,5.51,47.1,1.61,
5592,Gangapur Road,2020-08-27,26.7,µg/m³,20.0073285,73.7762427,500.0,,19.1,,2.38,25.9,0.923,
5592,Gangapur Road,2020-08-28,15.1,µg/m³,20.0073285,73.7762427,460.0,,18.1,,7.24,25.3,1.2,
5592,Gangapur Road,2020-08-30,3.97,µg/m³,20.0073285,73.7762427,400.0,,26.1,,9.41,8.83,2.5,
5592,Gangapur Road,2020-08-31,15.2,µg/m³,20.0073285,73.7762427,538.0,,24.9,,4.89,21.0,1.59,
5592,Gangapur Road,2020-09-01,21.5,µg/m³,20.0073285,73.7762427,330.0,,15.2,,4.31,20.5,0.13,
5592,Gangapur Road,2020-09-03,15.6,µg/m³,20.0073285,73.7762427,461.0,,18.3,,9.08,31.9,1.82,
5592,Gangapur Road,2020-09-04,13.7,µg/m³,20.0073285,73.7762427,541.0,,21.3,,0.0,28.6,2.27,
5592,Gangapur Road,2020-09-06,29.7,µg/m³,20.0073285,73.7762427,550.0,,17.2,,42.5,46.6,0.62,
5592,Gangapur Road,2020-09-07,28.4,µg/m³,20.0073285,73.7762427,430.0,,15.7,,30.1,41.4,1.88,
5592,Gangapur Road,2020-09-09,17.6,µg/m³,20.0073285,73.7762427,1020.0,,40.4,,0.09,34.0,1.78,
5592,Gangapur Road,2020-09-10,12.2,µg/m³,20.0073285,73.7762427,530.0,,20.2,,0.0,32.4,2.2,
5592,Gangapur Road,2020-09-11,24.9,µg/m³,20.0073285,73.7762427,560.0,,26.0,,4.5,45.1,0.92,
5592,Gangapur Road,2020-09-12,10.7,µg/m³,20.0073285,73.7762427,190.0,,12.3,,28.7,27.5,0.12,
5592,Gangapur Road,2020-09-13,10.1,µg/m³,20.0073285,73.7762427,334.0,,14.2,,25.5,15.7,1.24,
5592,Gangapur Road,2020-09-14,28.4,µg/m³,20.0073285,73.7762427,412.0,,15.2,,19.8,28.0,1.65,
5592,Gangapur Road,2020-09-15,10.5,µg/m³,20.0073285,73.7762427,313.0,,17.3,,8.67,16.3,0.577,
5592,Gangapur Road,2020-09-16,18.5,µg/m³,20.0073285,73.7762427,320.0,,13.7,,10.8,21.7,1.07,
5592,Gangapur Road,2020-09-17,17.6,µg/m³,20.0073285,73.7762427,368.0,,11.1,,14.7,19.6,0.74,
5592,Gangapur Road,2020-09-18,12.1,µg/m³,20.0073285,73.7762427,340.0,,15.2,,8.31,17.4,1.24,
5592,Gangapur Road,2020-09-19,17.8,µg/m³,20.0073285,73.7762427,432.0,,12.5,,23.6,26.9,0.216,
5592,Gangapur Road,2020-09-20,16.1,µg/m³,20.0073285,73.7762427,451.0,,16.4,,30.3,17.4,1.07,
5592,Gangapur Road,2020-09-21,35.9,µg/m³,20.0073285,73.7762427,503.0,,17.4,,35.2,37.5,1.43,
5592,Gangapur Road,2020-09-22,21.2,µg/m³,20.0073285,73.7762427,530.0,,13.0,,20.8,20.0,0.03,
5592,Gangapur Road,2020-09-23,10.9,µg/m³,20.0073285,73.7762427,390.0,,14.3,,42.7,14.2,0.81,
5592,Gangapur Road,2020-09-24,8.0,µg/m³,20.0073285,73.7762427,409.0,,13.1,,25.8,19.4,1.03,
5592,Gangapur Road,2020-09-25,9.91,µg/m³,20.0073285,73.7762427,378.0,,15.4,,19.5,17.9,1.12,
5592,Gangapur Road,2020-09-26,13.1,µg/m³,20.0073285,73.7762427,338.0,,13.1,,20.9,32.1,1.13,
5592,Gangapur Road,2020-09-27,13.6,µg/m³,20.0073285,73.7762427,349.0,,15.7,,16.6,29.4,1.22,
5592,Gangapur Road,2020-09-28,9.55,µg/m³,20.0073285,73.7762427,392.0,,15.2,,17.9,29.1,2.18,
5592,Gangapur Road,2020-09-29,17.5,µg/m³,20.0073285,73.7762427,349.0,,14.5,,31.2,35.6,1.02,
5592,Gangapur Road,2020-09-30,22.8,µg/m³,20.0073285,73.7762427,379.0,,14.1,,36.6,41.1,0.636,
5592,Gangapur Road,2020-10-01,27.0,µg/m³,20.0073285,73.7762427,361.0,,11.8,,45.4,43.2,1.13,
5592,Gangapur Road,2020-10-02,23.7,µg/m³,20.0073285,73.7762427,391.0,,19.9,,43.1,40.0,1.46,
5592,Gangapur Road,2020-10-03,24.3,µg/m³,20.0073285,73.7762427,476.0,,19.7,,36.1,42.1,0.992,
5592,Gangapur Road,2020-10-04,16.8,µg/m³,20.0073285,73.7762427,318.0,,13.3,,34.6,43.6,2.28,
5592,Gangapur Road,2020-10-05,22.9,µg/m³,20.0073285,73.7762427,345.0,,12.7,,40.6,41.3,1.85,
5592,Gangapur Road,2020-10-06,29.3,µg/m³,20.0073285,73.7762427,396.0,,17.6,,37.2,44.3,0.673,
5592,Gangapur Road,2020-10-07,31.2,µg/m³,20.0073285,73.7762427,378.0,,15.2,,47.9,50.5,1.11,
5592,Gangapur Road,2020-10-08,34.7,µg/m³,20.0073285,73.7762427,531.0,,22.3,,37.7,59.0,1.32,
5592,Gangapur Road,2020-10-09,39.1,µg/m³,20.0073285,73.7762427,694.0,,23.2,,50.3,60.5,2.06,
5592,Gangapur Road,2020-10-10,39.1,µg/m³,20.0073285,73.7762427,709.0,,25.0,,39.1,64.1,0.808,
5592,Gangapur Road,2020-10-11,39.6,µg/m³,20.0073285,73.7762427,507.0,,15.7,,46.8,63.7,0.905,
5592,Gangapur Road,2020-10-12,50.9,µg/m³,20.0073285,73.7762427,835.0,,27.9,,20.7,73.7,1.05,
5592,Gangapur Road,2020-10-13,36.5,µg/m³,20.0073285,73.7762427,671.0,,26.1,,43.7,56.4,1.25,
5592,Gangapur Road,2020-10-14,32.2,µg/m³,20.0073285,73.7762427,380.0,,19.7,,44.9,51.7,1.01,
5592,Gangapur Road,2020-10-15,19.2,µg/m³,20.0073285,73.7762427,415.0,,19.0,,31.5,23.5,0.594,
5592,Gangapur Road,2020-10-16,16.2,µg/m³,20.0073285,73.7762427,531.0,,24.7,,39.6,32.7,1.23,
5592,Gangapur Road,2020-10-17,18.9,µg/m³,20.0073285,73.7762427,360.0,,20.3,,39.4,33.8,0.998,
5592,Gangapur Road,2020-10-18,18.9,µg/m³,20.0073285,73.7762427,425.0,,19.1,,25.6,37.0,2.26,
5592,Gangapur Road,2020-10-19,19.2,µg/m³,20.0073285,73.7762427,450.0,,21.5,,36.1,29.8,1.88,
5592,Gangapur Road,2020-10-20,32.9,µg/m³,20.0073285,73.7762427,497.0,,16.1,,58.6,47.8,1.37,
5592,Gangapur Road,2020-10-21,29.1,µg/m³,20.0073285,73.7762427,470.0,,19.4,,55.7,40.5,0.61,
5592,Gangapur Road,2020-10-22,40.5,µg/m³,20.0073285,73.7762427,466.0,,22.0,,52.6,51.4,0.922,
5592,Gangapur Road,2020-10-23,36.4,µg/m³,20.0073285,73.7762427,1090.0,,32.0,,22.9,45.5,2.0,
5592,Gangapur Road,2020-10-24,43.0,µg/m³,20.0073285,73.7762427,827.0,,31.5,,24.7,48.5,1.64,
5592,Gangapur Road,2020-10-25,35.3,µg/m³,20.0073285,73.7762427,779.0,,,,30.7,53.8,1.74,
5592,Gangapur Road,2020-10-26,33.7,µg/m³,20.0073285,73.7762427,554.0,,35.0,,20.2,51.6,1.15,
5592,Gangapur Road,2020-10-27,33.0,µg/m³,20.0073285,73.7762427,658.0,,31.8,,25.9,56.7,1.65,
5592,Gangapur Road,2020-10-28,33.5,µg/m³,20.0073285,73.7762427,763.0,,33.3,,37.8,48.1,27.3,
5592,Gangapur Road,2020-10-29,33.7,µg/m³,20.0073285,73.7762427,414.0,,23.3,,69.1,53.0,6.7,
5592,Gangapur Road,2020-10-30,23.7,µg/m³,20.0073285,73.7762427,627.0,,33.9,,8.63,46.0,1.2,
5592,Gangapur Road,2020-10-31,30.9,µg/m³,20.0073285,73.7762427,586.0,,27.7,,28.7,49.7,1.55,
5592,Gangapur Road,2020-11-01,46.7,µg/m³,20.0073285,73.7762427,620.0,,24.2,,0.66,44.8,3.25,
5592,Gangapur Road,2020-11-02,66.6,µg/m³,20.0073285,73.7762427,1190.0,,43.7,,75.1,114.0,2.82,
5592,Gangapur Road,2020-11-03,81.9,µg/m³,20.0073285,73.7762427,752.0,,36.4,,1.93,117.0,2.82,
5592,Gangapur Road,2020-11-04,46.6,µg/m³,20.0073285,73.7762427,1060.0,,38.8,,53.6,77.8,2.35,
5592,Gangapur Road,2020-11-05,54.7,µg/m³,20.0073285,73.7762427,1130.0,,38.6,,48.4,98.3,1.97,
5592,Gangapur Road,2020-11-06,50.6,µg/m³,20.0073285,73.7762427,568.0,,25.1,,21.6,71.1,1.24,
5592,Gangapur Road,2020-11-07,58.8,µg/m³,20.0073285,73.7762427,860.0,,35.6,,89.8,105.0,5.88,
5592,Gangapur Road,2020-11-08,65.6,µg/m³,20.0073285,73.7762427,1440.0,,54.3,,55.6,111.0,5.25,
5592,Gangapur Road,2020-11-09,79.9,µg/m³,20.0073285,73.7762427,1650.0,,52.8,,10.6,114.0,2.76,
5592,Gangapur Road,2020-11-10,71.6,µg/m³,20.0073285,73.7762427,1120.0,,46.2,,33.2,118.0,4.49,
5592,Gangapur Road,2020-11-11,68.4,µg/m³,20.0073285,73.7762427,813.0,,40.8,,50.2,104.0,3.35,
5592,Gangapur Road,2020-11-12,67.9,µg/m³,20.0073285,73.7762427,757.0,,45.1,,72.3,108.0,10.4,
5592,Gangapur Road,2020-11-13,58.7,µg/m³,20.0073285,73.7762427,796.0,,37.3,,27.1,84.1,3.43,
5592,Gangapur Road,2020-11-14,93.3,µg/m³,20.0073285,73.7762427,285.0,,30.0,,27.6,115.0,1.46,
5592,Gangapur Road,2020-11-15,40.3,µg/m³,20.0073285,73.7762427,518.0,,35.1,,25.4,58.6,1.61,
5592,Gangapur Road,2020-11-16,63.5,µg/m³,20.0073285,73.7762427,661.0,,36.3,,25.2,80.9,2.24,
5592,Gangapur Road,2020-11-17,58.2,µg/m³,20.0073285,73.7762427,475.0,,30.3,,20.3,69.4,1.47,
5592,Gangapur Road,2020-11-18,31.0,µg/m³,20.0073285,73.7762427,250.0,,25.7,,41.2,47.5,1.9,
5592,Gangapur Road,2020-11-19,60.3,µg/m³,20.0073285,73.7762427,352.0,,21.5,,29.1,67.1,1.8,
5592,Gangapur Road,2020-11-20,33.6,µg/m³,20.0073285,73.7762427,314.0,,27.0,,27.1,43.9,1.59,
5592,Gangapur Road,2020-11-21,41.1,µg/m³,20.0073285,73.7762427,642.0,,33.1,,30.2,55.0,1.71,
5592,Gangapur Road,2020-11-22,57.2,µg/m³,20.0073285,73.7762427,149.0,,26.6,,74.6,78.2,1.81,
5592,Gangapur Road,2020-11-23,49.4,µg/m³,20.0073285,73.7762427,378.0,,28.0,,29.7,65.0,1.68,
5592,Gangapur Road,2020-11-24,47.5,µg/m³,20.0073285,73.7762427,316.0,,28.3,,34.3,57.4,1.63,
5592,Gangapur Road,2020-11-25,70.8,µg/m³,20.0073285,73.7762427,110.0,,37.4,,4.46,79.1,0.01,
5592,Gangapur Road,2020-11-26,73.0,µg/m³,20.0073285,73.7762427,215.0,,32.4,,14.6,115.0,0.68,
5592,Gangapur Road,2020-11-27,61.1,µg/m³,20.0073285,73.7762427,263.0,,33.6,,73.0,77.1,1.43,
5592,Gangapur Road,2020-11-28,50.2,µg/m³,20.0073285,73.7762427,355.0,,37.0,,55.2,70.5,4.0,
5592,Gangapur Road,2020-11-29,32.9,µg/m³,20.0073285,73.7762427,376.0,,33.7,,38.9,48.5,,
5592,Gangapur Road,2020-11-30,50.3,µg/m³,20.0073285,73.7762427,559.0,,41.3,,25.4,72.8,3.13,
5592,Gangapur Road,2020-12-01,70.2,µg/m³,20.0073285,73.7762427,1440.0,,68.0,,0.04,127.0,1.49,
5592,Gangapur Road,2020-12-02,56.4,µg/m³,20.0073285,73.7762427,95.8,,40.5,,49.4,85.5,1.79,
5592,Gangapur Road,2020-12-03,46.9,µg/m³,20.0073285,73.7762427,184.0,,29.7,,0.388,51.7,0.612,
5592,Gangapur Road,2020-12-04,65.3,µg/m³,20.0073285,73.7762427,1100.0,,56.2,,44.6,100.0,5.21,
5592,Gangapur Road,2020-12-05,65.6,µg/m³,20.0073285,73.7762427,434.0,,41.8,,21.1,79.3,2.97,
5592,Gangapur Road,2020-12-06,62.4,µg/m³,20.0073285,73.7762427,832.0,,51.2,,66.2,100.0,8.91,
5592,Gangapur Road,2020-12-07,69.4,µg/m³,20.0073285,73.7762427,759.0,,53.4,,22.4,89.0,5.34,
5592,Gangapur Road,2020-12-08,78.2,µg/m³,20.0073285,73.7762427,666.0,,70.7,,1.23,115.0,2.26,
5592,Gangapur Road,2020-12-09,48.4,µg/m³,20.0073285,73.7762427,947.0,,55.2,,35.0,71.0,2.45,
5592,Gangapur Road,2020-12-10,58.4,µg/m³,20.0073285,73.7762427,647.0,,45.0,,37.9,85.7,2.8,
5592,Gangapur Road,2020-12-11,71.0,µg/m³,20.0073285,73.7762427,288.0,,43.7,,14.0,96.7,1.24,
5592,Gangapur Road,2020-12-14,49.7,µg/m³,20.0073285,73.7762427,532.0,,42.1,,21.9,69.4,1.67,
5592,Gangapur Road,2020-12-15,37.8,µg/m³,20.0073285,73.7762427,305.0,,33.2,,20.0,48.2,0.536,
5592,Gangapur Road,2020-12-16,49.7,µg/m³,20.0073285,73.7762427,147.0,,29.8,,37.2,67.1,1.34,
5592,Gangapur Road,2020-12-17,63.8,µg/m³,20.0073285,73.7762427,957.0,,48.2,,42.1,90.9,3.25,
5592,Gangapur Road,2020-12-18,61.2,µg/m³,20.0073285,73.7762427,303.0,,39.4,,33.7,84.8,1.12,
5592,Gangapur Road,2020-12-19,72.0,µg/m³,20.0073285,73.7762427,523.0,,52.4,,17.6,110.0,2.05,
5592,Gangapur Road,2020-12-20,48.7,µg/m³,20.0073285,73.7762427,178.0,,44.1,,59.7,73.8,5.29,
5592,Gangapur Road,2020-12-21,50.1,µg/m³,20.0073285,73.7762427,342.0,,38.1,,47.8,64.8,2.71,
5592,Gangapur Road,2020-12-22,37.9,µg/m³,20.0073285,73.7762427,2440.0,,122.0,,0.0,62.6,4.93,
5592,Gangapur Road,2020-12-23,61.3,µg/m³,20.0073285,73.7762427,0.0,,31.2,,,61.9,0.0,
5592,Gangapur Road,2020-12-24,74.1,µg/m³,20.0073285,73.7762427,798.0,,69.1,,4.73,115.0,2.04,
5592,Gangapur Road,2020-12-25,74.8,µg/m³,20.0073285,73.7762427,831.0,,72.2,,29.1,132.0,2.81,
5592,Gangapur Road,2020-12-26,65.6,µg/m³,20.0073285,73.7762427,884.0,,72.1,,26.6,112.0,5.72,
5592,Gangapur Road,2020-12-27,60.5,µg/m³,20.0073285,73.7762427,115.0,,35.6,,26.7,79.2,1.48,
5592,Gangapur Road,2020-12-28,43.3,µg/m³,20.0073285,73.7762427,1290.0,,38.6,,49.2,75.2,4.13,
5592,Gangapur Road,2020-12-29,55.3,µg/m³,20.0073285,73.7762427,491.0,,49.9,,59.4,107.0,6.85,
5592,Gangapur Road,2020-12-31,75.5,µg/m³,20.0073285,73.7762427,125.0,,26.0,,64.5,104.0,1.17,
5592,Gangapur Road,2021-01-01,96.2,µg/m³,20.0073285,73.7762427,129.0,,38.6,,60.8,109.0,0.755,
5592,Gangapur Road,2021-01-02,85.8,µg/m³,20.0073285,73.7762427,420.0,,38.5,,0.0,109.0,0.67,
5592,Gangapur Road,2021-01-03,80.3,µg/m³,20.0073285,73.7762427,156.0,,31.5,,85.7,105.0,2.07,
5592,Gangapur Road,2021-01-04,102.0,µg/m³,20.0073285,73.7762427,193.0,,29.9,,60.4,109.0,1.24,
5592,Gangapur Road,2021-01-05,77.7,µg/m³,20.0073285,73.7762427,268.0,,33.8,,30.0,77.2,1.92,
5592,Gangapur Road,2021-01-06,79.9,µg/m³,20.0073285,73.7762427,217.0,,34.6,,50.0,103.0,0.921,
5592,Gangapur Road,2021-01-07,54.0,µg/m³,20.0073285,73.7762427,222.0,,42.3,,19.2,66.4,1.25,
5592,Gangapur Road,2021-01-08,25.3,µg/m³,20.0073285,73.7762427,262.0,,32.2,,8.98,27.9,1.26,
5592,Gangapur Road,2021-01-09,42.5,µg/m³,20.0073285,73.7762427,201.0,,30.6,,27.8,52.8,1.17,
5592,Gangapur Road,2021-01-10,57.1,µg/m³,20.0073285,73.7762427,185.0,,35.6,,4.14,74.8,2.33,
5592,Gangapur Road,2021-01-11,50.8,µg/m³,20.0073285,73.7762427,691.0,,45.0,,26.8,85.8,2.17,
5592,Gangapur Road,2021-01-12,55.9,µg/m³,20.0073285,73.7762427,580.0,,51.2,,27.1,91.6,1.87,
5592,Gangapur Road,2021-01-13,41.7,µg/m³,20.0073285,73.7762427,213.0,,32.1,,17.3,61.9,1.89,
5592,Gangapur Road,2021-01-14,39.6,µg/m³,20.0073285,73.7762427,34.3,,27.3,,15.3,66.3,1.81,
5592,Gangapur Road,2021-01-15,52.9,µg/m³,20.0073285,73.7762427,384.0,,40.3,,41.8,83.4,2.85,
5592,Gangapur Road,2021-01-16,46.9,µg/m³,20.0073285,73.7762427,236.0,,34.6,,41.9,67.4,1.98,
5592,Gangapur Road,2021-01-17,69.1,µg/m³,20.0073285,73.7762427,242.0,,36.5,,30.9,81.7,1.77,
5592,Gangapur Road,2021-01-18,48.5,µg/m³,20.0073285,73.7762427,217.0,,34.7,,18.6,58.3,2.59,
5592,Gangapur Road,2021-01-19,31.0,µg/m³,20.0073285,73.7762427,241.0,,25.0,,29.4,46.2,2.65,
5592,Gangapur Road,2021-01-20,31.9,µg/m³,20.0073285,73.7762427,119.0,,22.5,,39.2,46.4,1.57,
5592,Gangapur Road,2021-01-21,48.0,µg/m³,20.0073285,73.7762427,167.0,,25.4,,91.0,80.6,48.1,
5592,Gangapur Road,2021-01-22,59.5,µg/m³,20.0073285,73.7762427,1550.0,,97.7,,31.4,99.5,5.94,
5592,Gangapur Road,2021-01-23,62.5,µg/m³,20.0073285,73.7762427,229.0,,28.9,,92.5,91.6,2.19,
5592,Gangapur Road,2021-01-24,56.1,µg/m³,20.0073285,73.7762427,171.0,,34.4,,70.5,96.1,1.39,
5592,Gangapur Road,2021-01-25,51.6,µg/m³,20.0073285,73.7762427,242.0,,43.2,,51.3,97.3,3.38,
5592,Gangapur Road,2021-01-26,60.4,µg/m³,20.0073285,73.7762427,161.0,,37.0,,51.4,101.0,3.29,
5592,Gangapur Road,2021-01-27,72.2,µg/m³,20.0073285,73.7762427,0.0,,29.3,,0.56,105.0,0.49,
5592,Gangapur Road,2021-02-05,60.9,µg/m³,20.0073285,73.7762427,203.0,,50.5,,38.7,74.2,1.74,
5592,Gangapur Road,2021-02-06,27.1,µg/m³,20.0073285,73.7762427,300.0,,61.8,,36.1,69.6,2.87,
5592,Gangapur Road,2021-02-07,55.7,µg/m³,20.0073285,73.7762427,501.0,,78.3,,39.9,98.0,4.6,
5592,Gangapur Road,2021-02-08,52.0,µg/m³,20.0073285,73.7762427,534.0,,63.8,,34.3,94.8,5.62,
5592,Gangapur Road,2021-02-09,64.5,µg/m³,20.0073285,73.7762427,437.0,,70.5,,25.2,117.0,4.13,
5592,Gangapur Road,2021-02-10,53.1,µg/m³,20.0073285,73.7762427,5.0,,38.3,,97.1,123.0,27.2,
5592,Gangapur Road,2021-02-11,59.2,µg/m³,20.0073285,73.7762427,223.0,,54.7,,87.2,113.0,16.0,
5592,Gangapur Road,2021-02-12,68.9,µg/m³,20.0073285,73.7762427,65.0,,46.2,,44.5,96.4,3.34,
5592,Gangapur Road,2021-02-13,53.1,µg/m³,20.0073285,73.7762427,5.0,,41.9,,48.7,96.8,3.13,
5592,Gangapur Road,2021-02-14,56.0,µg/m³,20.0073285,73.7762427,64.3,,34.7,,94.3,94.3,5.85,
5592,Gangapur Road,2021-02-15,77.2,µg/m³,20.0073285,73.7762427,60.0,,33.8,,53.6,109.0,3.1,
5592,Gangapur Road,2021-02-16,45.7,µg/m³,20.0073285,73.7762427,133.0,,32.8,,76.8,87.2,5.65,
5592,Gangapur Road,2021-02-17,50.3,µg/m³,20.0073285,73.7762427,10.0,,24.1,,54.6,65.8,2.05,
5592,Gangapur Road,2021-02-18,56.0,µg/m³,20.0073285,73.7762427,20.0,,44.3,,48.4,83.0,3.33,
5592,Gangapur Road,2021-02-19,25.7,µg/m³,20.0073285,73.7762427,0.0,,25.1,,26.1,20.8,1.29,
5592,Gangapur Road,2021-02-21,56.6,µg/m³,20.0073285,73.7762427,558.0,,57.6,,57.4,90.9,8.71,
5592,Gangapur Road,2021-02-22,65.4,µg/m³,20.0073285,73.7762427,0.0,,32.3,,63.4,80.0,4.37,
5592,Gangapur Road,2021-02-23,43.3,µg/m³,20.0073285,73.7762427,100.0,,14.7,,106.0,68.5,3.99,
5592,Gangapur Road,2021-02-24,49.9,µg/m³,20.0073285,73.7762427,240.0,,29.9,,114.0,65.2,6.02,
5592,Gangapur Road,2021-02-25,80.7,µg/m³,20.0073285,73.7762427,0.0,,36.1,,116.0,139.0,5.86,
5592,Gangapur Road,2021-02-26,43.9,µg/m³,20.0073285,73.7762427,73.6,,28.7,,15.4,45.5,1.3,
5592,Gangapur Road,2021-03-01,44.5,µg/m³,20.0073285,73.7762427,404.0,,37.0,,75.7,69.8,6.05,
5592,Gangapur Road,2021-03-02,42.6,µg/m³,20.0073285,73.7762427,247.0,,38.4,,59.7,72.1,5.25,
5592,Gangapur Road,2021-03-03,50.0,µg/m³,20.0073285,73.7762427,33.0,,24.6,,48.2,78.1,2.01,
5592,Gangapur Road,2021-03-04,48.8,µg/m³,20.0073285,73.7762427,211.0,,49.8,,39.8,81.0,8.52,
5592,Gangapur Road,2021-03-05,52.1,µg/m³,20.0073285,73.7762427,314.0,,58.8,,38.9,73.1,6.78,
5592,Gangapur Road,2021-03-06,60.4,µg/m³,20.0073285,73.7762427,0.0,,57.1,,37.5,101.0,13.5,
5592,Gangapur Road,2021-03-07,41.1,µg/m³,20.0073285,73.7762427,120.0,,27.3,,34.9,54.3,2.63,
5592,Gangapur Road,2021-03-08,40.8,µg/m³,20.0073285,73.7762427,327.0,,32.2,,23.4,49.4,3.98,
5592,Gangapur Road,2021-03-13,69.4,µg/m³,20.0073285,73.7762427,510.0,,64.8,,27.3,98.6,5.98,
5592,Gangapur Road,2021-03-14,42.3,µg/m³,20.0073285,73.7762427,80.0,,25.5,,23.2,47.4,2.81,
5592,Gangapur Road,2021-03-17,77.6,µg/m³,20.0073285,73.7762427,70.0,,25.6,,115.0,102.0,7.94,
5592,Gangapur Road,2021-03-18,66.0,µg/m³,20.0073285,73.7762427,213.0,,36.0,,59.7,115.0,4.07,
5592,Gangapur Road,2021-03-19,49.1,µg/m³,20.0073285,73.7762427,69.0,,27.2,,89.6,98.6,9.99,
5592,Gangapur Road,2021-03-20,58.6,µg/m³,20.0073285,73.7762427,368.0,,53.4,,53.9,115.0,19.6,
5592,Gangapur Road,2021-03-21,51.8,µg/m³,20.0073285,73.7762427,138.0,,45.7,,35.6,76.3,5.55,
5592,Gangapur Road,2021-03-22,61.9,µg/m³,20.0073285,73.7762427,339.0,,70.6,,34.4,106.0,5.37,
5592,Gangapur Road,2021-03-23,60.2,µg/m³,20.0073285,73.7762427,162.0,,51.3,,48.5,83.8,8.44,
5592,Gangapur Road,2021-03-24,49.3,µg/m³,20.0073285,73.7762427,432.0,,60.8,,38.4,80.4,2.79,
5592,Gangapur Road,2021-03-25,47.1,µg/m³,20.0073285,73.7762427,31.1,,32.9,,51.1,85.5,3.96,
5592,Gangapur Road,2021-03-26,55.6,µg/m³,20.0073285,73.7762427,127.0,,39.7,,63.1,112.0,6.6,
5592,Gangapur Road,2021-03-28,132.0,µg/m³,20.0073285,73.7762427,2530.0,,67.8,,17.5,192.0,7.62,
5592,Gangapur Road,2021-03-29,58.7,µg/m³,20.0073285,73.7762427,0.0,,19.3,,82.7,97.7,4.01,
5592,Gangapur Road,2021-04-07,43.1,µg/m³,20.0073285,73.7762427,595.0,,19.1,,87.1,71.7,7.16,
5592,Gangapur Road,2021-04-08,45.2,µg/m³,20.0073285,73.7762427,153.0,,20.6,,77.4,71.4,2.67,
5592,Gangapur Road,2021-04-09,70.8,µg/m³,20.0073285,73.7762427,0.0,,12.2,,63.6,91.4,4.69,
5592,Gangapur Road,2021-04-13,50.2,µg/m³,20.0073285,73.7762427,177.0,,23.4,,57.3,74.4,3.34,
5592,Gangapur Road,2021-04-15,42.3,µg/m³,20.0073285,73.7762427,0.0,,17.2,,60.7,44.4,4.14,
5592,Gangapur Road,2021-04-20,44.3,µg/m³,20.0073285,73.7762427,20.0,,21.9,,27.3,58.6,3.15,
5592,Gangapur Road,2021-04-22,41.0,µg/m³,20.0073285,73.7762427,26.7,,20.6,,47.2,69.1,2.64,
5592,Gangapur Road,2021-04-23,29.7,µg/m³,20.0073285,73.7762427,90.0,,12.5,,89.2,48.2,3.25,
5592,Gangapur Road,2021-05-05,35.9,µg/m³,20.0073285,73.7762427,130.0,,23.0,,67.7,45.2,3.04,
5592,Gangapur Road,2021-05-10,30.1,µg/m³,20.0073285,73.7762427,0.0,,,,17.6,,1.68,
5592,Gangapur Road,2021-05-12,30.8,µg/m³,20.0073285,73.7762427,6.67,,11.2,,25.0,42.2,2.56,
5592,Gangapur Road,2021-05-13,24.7,µg/m³,20.0073285,73.7762427,0.0,,10.6,,28.3,33.0,1.61,
5592,Gangapur Road,2021-05-15,35.8,µg/m³,20.0073285,73.7762427,290.0,,13.9,,89.5,90.8,16.2,
5592,Gangapur Road,2021-05-17,16.4,µg/m³,20.0073285,73.7762427,85.0,,223.0,,32.8,17.4,1.39,
5592,Gangapur Road,2021-05-19,49.1,µg/m³,20.0073285,73.7762427,20.0,,18.0,,50.9,98.7,0.85,
5592,Gangapur Road,2021-05-20,58.5,µg/m³,20.0073285,73.7762427,300.0,,6.93,,71.6,140.0,1.82,
5592,Gangapur Road,2021-05-25,34.1,µg/m³,20.0073285,73.7762427,0.0,,9.95,,21.3,50.1,1.31,
5592,Gangapur Road,2021-06-01,27.7,µg/m³,20.0073285,73.7762427,0.0,,12.1,,7.5,33.4,1.91,
5592,Gangapur Road,2021-06-02,19.1,µg/m³,20.0073285,73.7762427,40.0,,16.6,,51.2,24.8,0.63,
5592,Gangapur Road,2021-06-03,20.0,µg/m³,20.0073285,73.7762427,60.0,,0.17,,89.6,14.2,0.48,
5592,Gangapur Road,2021-06-04,20.6,µg/m³,20.0073285,73.7762427,20.0,,7.98,,21.4,25.8,1.35,
5592,Gangapur Road,2021-06-06,16.4,µg/m³,20.0073285,73.7762427,70.0,,7.91,,33.6,6.12,1.17,
5592,Gangapur Road,2021-06-07,21.7,µg/m³,20.0073285,73.7762427,89.1,,8.01,,15.6,33.9,1.07,
5592,Gangapur Road,2021-06-08,12.8,µg/m³,20.0073285,73.7762427,42.5,,7.88,,21.1,29.1,0.58,
5592,Gangapur Road,2021-06-20,47.2,µg/m³,20.0073285,73.7762427,270.0,,48.8,,17.3,15.2,0.33,
5592,Gangapur Road,2021-06-24,32.7,µg/m³,20.0073285,73.7762427,400.0,,39.6,,25.7,52.8,0.29,
5592,Gangapur Road,2021-06-26,17.8,µg/m³,20.0073285,73.7762427,160.0,,33.3,,18.6,40.6,1.54,
5592,Gangapur Road,2021-06-27,17.3,µg/m³,20.0073285,73.7762427,40.0,,28.4,,17.1,37.2,1.84,
5592,Gangapur Road,2021-06-28,8.61,µg/m³,20.0073285,73.7762427,230.0,,28.1,,171.0,17.1,327.0,
5592,Gangapur Road,2021-06-29,15.7,µg/m³,20.0073285,73.7762427,350.0,,25.9,,31.4,14.5,1.28,
5592,Gangapur Road,2021-07-01,15.9,µg/m³,20.0073285,73.7762427,180.0,,24.6,,13.1,19.7,0.72,
5592,Gangapur Road,2021-07-04,24.8,µg/m³,20.0073285,73.7762427,400.0,,21.7,,14.9,18.1,1.88,
5592,Gangapur Road,2021-07-06,29.5,µg/m³,20.0073285,73.7762427,110.0,,19.3,,20.6,42.9,0.98,
5592,Gangapur Road,2021-07-08,19.9,µg/m³,20.0073285,73.7762427,268.0,,23.9,,16.7,32.4,0.537,
5592,Gangapur Road,2021-07-09,16.3,µg/m³,20.0073285,73.7762427,361.0,,23.5,,13.9,32.4,0.947,
5592,Gangapur Road,2021-07-15,25.9,µg/m³,20.0073285,73.7762427,350.0,,29.9,,16.9,31.9,0.6,
5592,Gangapur Road,2021-07-18,7.25,µg/m³,20.0073285,73.7762427,228.0,,18.7,,16.8,17.2,0.899,
5592,Gangapur Road,2021-07-19,12.5,µg/m³,20.0073285,73.7762427,220.0,,17.1,,13.3,26.3,0.503,
5592,Gangapur Road,2021-07-20,38.9,µg/m³,20.0073285,73.7762427,332.0,,21.1,,10.3,37.0,1.05,
5592,Gangapur Road,2021-07-21,26.3,µg/m³,20.0073285,73.7762427,175.0,,14.6,,16.2,24.9,0.57,
5592,Gangapur Road,2021-07-22,22.6,µg/m³,20.0073285,73.7762427,273.0,,16.0,,7.94,29.8,0.985,
5592,Gangapur Road,2021-07-23,18.6,µg/m³,20.0073285,73.7762427,423.0,,21.6,,14.0,40.8,0.699,
5592,Gangapur Road,2021-07-24,20.4,µg/m³,20.0073285,73.7762427,400.0,,21.0,,8.0,26.9,0.01,
5592,Gangapur Road,2021-07-25,21.1,µg/m³,20.0073285,73.7762427,330.0,,16.7,,13.9,31.4,0.809,
5592,Gangapur Road,2021-08-25,20.8,µg/m³,20.0073285,73.7762427,310.0,,22.3,,3.38,34.0,0.09,
5592,Gangapur Road,2021-09-01,24.5,µg/m³,20.0073285,73.7762427,359.0,,24.3,,10.9,35.4,1.5,
5592,Gangapur Road,2021-09-02,13.8,µg/m³,20.0073285,73.7762427,322.0,,15.9,,14.6,21.0,1.08,
5592,Gangapur Road,2021-09-03,7.28,µg/m³,20.0073285,73.7762427,180.0,,13.2,,11.5,13.4,0.13,
5592,Gangapur Road,2021-09-08,14.1,µg/m³,20.0073285,73.7762427,430.0,,21.5,,13.0,24.1,0.2,
5592,Gangapur Road,2021-09-09,11.9,µg/m³,20.0073285,73.7762427,290.0,,16.9,,7.49,20.2,1.36,
5592,Gangapur Road,2021-09-11,6.57,µg/m³,20.0073285,73.7762427,323.0,,13.3,,4.01,15.3,0.778,
5592,Gangapur Road,2021-09-12,18.4,µg/m³,20.0073285,73.7762427,356.0,,15.9,,14.2,19.6,1.14,
5592,Gangapur Road,2021-09-13,14.9,µg/m³,20.0073285,73.7762427,495.0,,19.2,,14.4,21.0,0.72,
5592,Gangapur Road,2021-09-14,12.0,µg/m³,20.0073285,73.7762427,560.0,,14.7,,18.8,21.6,1.62,
5592,Gangapur Road,2021-09-15,32.8,µg/m³,20.0073285,73.7762427,512.0,,23.0,,11.9,71.0,1.07,
5592,Gangapur Road,2021-09-16,26.8,µg/m³,20.0073285,73.7762427,362.0,,16.7,,15.4,56.9,0.85,
5592,Gangapur Road,2021-09-17,24.9,µg/m³,20.0073285,73.7762427,436.0,,18.5,,8.98,46.5,1.28,
5592,Gangapur Road,2021-09-18,21.8,µg/m³,20.0073285,73.7762427,395.0,,19.6,,10.6,39.5,0.867,
5592,Gangapur Road,2021-09-19,13.3,µg/m³,20.0073285,73.7762427,318.0,,14.5,,4.71,24.8,0.851,
5592,Gangapur Road,2021-09-20,16.2,µg/m³,20.0073285,73.7762427,328.0,,14.9,,7.25,21.2,1.23,
5592,Gangapur Road,2021-09-21,12.8,µg/m³,20.0073285,73.7762427,385.0,,16.3,,6.24,19.4,0.824,
5592,Gangapur Road,2021-09-22,12.3,µg/m³,20.0073285,73.7762427,388.0,,17.7,,4.31,177.0,0.918,
5592,Gangapur Road,2021-09-23,14.6,µg/m³,20.0073285,73.7762427,370.0,,11.7,,18.9,28.6,0.57,
5592,Gangapur Road,2021-09-24,20.1,µg/m³,20.0073285,73.7762427,298.0,,14.8,,14.2,43.5,1.28,
5592,Gangapur Road,2021-09-25,16.2,µg/m³,20.0073285,73.7762427,294.0,,12.5,,15.4,35.3,1.09,
5592,Gangapur Road,2021-09-26,14.8,µg/m³,20.0073285,73.7762427,241.0,,12.9,,12.2,28.3,1.17,
5592,Gangapur Road,2021-09-27,13.2,µg/m³,20.0073285,73.7762427,306.0,,13.6,,16.5,25.1,0.991,
5592,Gangapur Road,2021-09-28,13.6,µg/m³,20.0073285,73.7762427,358.0,,18.4,,11.9,18.6,1.05,
5592,Gangapur Road,2021-09-29,8.97,µg/m³,20.0073285,73.7762427,185.0,,10.9,,7.73,11.9,0.936,
5592,Gangapur Road,2021-09-30,17.6,µg/m³,20.0073285,73.7762427,590.0,,21.2,,6.65,35.9,1.06,
5592,Gangapur Road,2021-10-13,66.1,µg/m³,20.0073285,73.7762427,2750.0,,66.7,,2.3,134.0,0.906,
5592,Gangapur Road,2021-10-14,50.4,µg/m³,20.0073285,73.7762427,920.0,,28.7,,46.5,82.1,0.991,
5592,Gangapur Road,2021-10-15,48.6,µg/m³,20.0073285,73.7762427,776.0,,24.8,,43.4,89.3,1.15,
5592,Gangapur Road,2021-10-16,35.7,µg/m³,20.0073285,73.7762427,449.0,,18.6,,54.2,69.8,0.804,
5592,Gangapur Road,2021-10-17,43.5,µg/m³,20.0073285,73.7762427,630.0,,23.5,,48.1,69.0,0.837,
5592,Gangapur Road,2021-10-18,35.6,µg/m³,20.0073285,73.7762427,465.0,,17.6,,71.5,72.3,1.25,
5592,Gangapur Road,2021-10-19,29.9,µg/m³,20.0073285,73.7762427,526.0,,21.1,,52.3,60.7,1.27,
5592,Gangapur Road,2021-10-20,30.9,µg/m³,20.0073285,73.7762427,621.0,,23.4,,66.7,59.4,1.17,
5592,Gangapur Road,2021-10-21,37.8,µg/m³,20.0073285,73.7762427,625.0,,26.2,,72.6,67.3,1.2,
5592,Gangapur Road,2021-10-22,32.5,µg/m³,20.0073285,73.7762427,653.0,,21.3,,37.2,59.3,1.0,
5592,Gangapur Road,2021-10-23,30.9,µg/m³,20.0073285,73.7762427,606.0,,23.8,,24.6,58.7,1.45,
5592,Gangapur Road,2021-10-24,29.2,µg/m³,20.0073285,73.7762427,482.0,,19.3,,22.1,49.7,1.01,
5592,Gangapur Road,2021-10-25,29.7,µg/m³,20.0073285,73.7762427,561.0,,21.2,,29.6,47.5,0.899,
5592,Gangapur Road,2021-10-26,35.8,µg/m³,20.0073285,73.7762427,685.0,,25.4,,33.8,63.9,1.24,
5592,Gangapur Road,2021-10-27,45.9,µg/m³,20.0073285,73.7762427,953.0,,34.0,,44.7,79.1,6.6,
5592,Gangapur Road,2021-10-28,47.4,µg/m³,20.0073285,73.7762427,613.0,,27.9,,47.6,76.4,0.938,
5592,Gangapur Road,2021-10-29,44.8,µg/m³,20.0073285,73.7762427,500.0,,35.7,,21.1,89.1,0.731,
5592,Gangapur Road,2021-10-30,54.6,µg/m³,20.0073285,73.7762427,861.0,,38.9,,53.7,92.2,1.99,
5592,Gangapur Road,2021-10-31,64.0,µg/m³,20.0073285,73.7762427,1110.0,,42.0,,54.3,112.0,1.55,
5592,Gangapur Road,2021-11-01,69.1,µg/m³,20.0073285,73.7762427,1280.0,,46.5,,37.4,113.0,2.09,
5592,Gangapur Road,2021-11-02,56.1,µg/m³,20.0073285,73.7762427,857.0,,40.4,,32.9,98.8,1.03,
5592,Gangapur Road,2021-11-03,59.9,µg/m³,20.0073285,73.7762427,1050.0,,46.2,,40.5,98.6,1.75,
5592,Gangapur Road,2021-11-04,79.2,µg/m³,20.0073285,73.7762427,839.0,,40.4,,44.8,122.0,1.02,
5592,Gangapur Road,2021-11-05,82.6,µg/m³,20.0073285,73.7762427,684.0,,30.3,,39.0,119.0,1.11,
5592,Gangapur Road,2021-11-06,50.8,µg/m³,20.0073285,73.7762427,634.0,,28.0,,37.1,68.3,0.947,
5592,Gangapur Road,2021-11-07,72.6,µg/m³,20.0073285,73.7762427,658.0,,33.4,,54.4,90.5,1.05,
5592,Gangapur Road,2021-11-08,70.1,µg/m³,20.0073285,73.7762427,864.0,,41.0,,63.8,89.7,2.03,
5592,Gangapur Road,2021-11-09,64.7,µg/m³,20.0073285,73.7762427,960.0,,39.3,,47.8,93.6,2.94,
5592,Gangapur Road,2021-11-10,65.9,µg/m³,20.0073285,73.7762427,926.0,,35.8,,13.6,91.3,2.23,
5592,Gangapur Road,2021-11-11,69.4,µg/m³,20.0073285,73.7762427,895.0,,44.1,,14.0,103.0,1.85,
5592,Gangapur Road,2021-11-12,63.8,µg/m³,20.0073285,73.7762427,964.0,,41.4,,58.9,98.0,2.32,
5592,Gangapur Road,2021-11-13,80.2,µg/m³,20.0073285,73.7762427,1250.0,,43.3,,37.4,111.0,0.83,
5592,Gangapur Road,2021-11-14,74.2,µg/m³,20.0073285,73.7762427,1050.0,,35.5,,35.2,101.0,0.999,
5592,Gangapur Road,2021-11-15,67.5,µg/m³,20.0073285,73.7762427,1080.0,,42.8,,,97.4,0.887,
5592,Gangapur Road,2021-11-16,66.3,µg/m³,20.0073285,73.7762427,788.0,,35.5,,64.1,93.5,0.563,
5592,Gangapur Road,2021-11-17,56.0,µg/m³,20.0073285,73.7762427,870.0,,31.1,,50.3,72.8,1.07,
5592,Gangapur Road,2021-11-18,25.7,µg/m³,20.0073285,73.7762427,585.0,,24.7,,15.3,36.4,0.997,
5592,Gangapur Road,2021-11-19,36.7,µg/m³,20.0073285,73.7762427,921.0,,35.7,,14.2,54.3,0.835,
5592,Gangapur Road,2021-11-20,48.3,µg/m³,20.0073285,73.7762427,705.0,,29.1,,31.1,66.2,0.827,
5592,Gangapur Road,2021-11-21,31.4,µg/m³,20.0073285,73.7762427,577.0,,25.5,,21.2,46.3,0.87,
5592,Gangapur Road,2021-11-22,19.1,µg/m³,20.0073285,73.7762427,493.0,,21.9,,24.8,28.7,0.723,
5592,Gangapur Road,2021-11-23,25.1,µg/m³,20.0073285,73.7762427,537.0,,18.6,,33.2,30.9,0.851,
5592,Gangapur Road,2021-11-24,44.4,µg/m³,20.0073285,73.7762427,669.0,,23.8,,31.9,63.3,0.819,
5592,Gangapur Road,2021-11-25,39.1,µg/m³,20.0073285,73.7762427,696.0,,24.1,,6.86,65.7,0.762,
5592,Gangapur Road,2021-11-26,58.1,µg/m³,20.0073285,73.7762427,899.0,,24.1,,,79.9,1.25,
5592,Gangapur Road,2021-11-27,57.8,µg/m³,20.0073285,73.7762427,592.0,,18.9,,,73.3,3.42,
5592,Gangapur Road,2021-11-28,62.5,µg/m³,20.0073285,73.7762427,807.0,,25.9,,,101.0,1.44,
5592,Gangapur Road,2021-11-29,65.9,µg/m³,20.0073285,73.7762427,954.0,,44.4,,120.0,110.0,12.5,
5592,Gangapur Road,2021-11-30,69.7,µg/m³,20.0073285,73.7762427,788.0,,32.5,,44.8,106.0,6.13,
5592,Gangapur Road,2021-12-01,63.1,µg/m³,20.0073285,73.7762427,661.0,,25.0,,45.1,78.2,2.41,
5592,Gangapur Road,2021-12-02,45.2,µg/m³,20.0073285,73.7762427,584.0,,25.4,,44.9,72.8,1.33,
5592,Gangapur Road,2021-12-03,61.8,µg/m³,20.0073285,73.7762427,845.0,,26.9,,45.2,80.2,1.1,
5592,Gangapur Road,2021-12-04,60.4,µg/m³,20.0073285,73.7762427,1300.0,,33.9,,44.9,83.3,1.4,
5592,Gangapur Road,2021-12-05,35.7,µg/m³,20.0073285,73.7762427,726.0,,20.5,,45.0,52.4,1.48,
5592,Gangapur Road,2021-12-06,62.2,µg/m³,20.0073285,73.7762427,977.0,,29.9,,44.9,89.4,2.0,
5592,Gangapur Road,2021-12-07,111.0,µg/m³,20.0073285,73.7762427,1320.0,,36.6,,45.1,138.0,1.55,
5592,Gangapur Road,2021-12-08,113.0,µg/m³,20.0073285,73.7762427,2030.0,,47.9,,44.8,182.0,1.09,
5592,Gangapur Road,2021-12-09,84.0,µg/m³,20.0073285,73.7762427,1580.0,,37.3,,45.0,137.0,1.54,
5592,Gangapur Road,2021-12-10,75.2,µg/m³,20.0073285,73.7762427,1450.0,,39.9,,45.2,100.0,2.05,
5592,Gangapur Road,2021-12-11,75.3,µg/m³,20.0073285,73.7762427,1390.0,,41.7,,45.1,106.0,1.82,
5592,Gangapur Road,2021-12-12,78.5,µg/m³,20.0073285,73.7762427,1560.0,,40.5,,45.0,105.0,3.48,
5592,Gangapur Road,2021-12-13,71.7,µg/m³,20.0073285,73.7762427,847.0,,30.8,,44.9,90.8,4.32,
5592,Gangapur Road,2021-12-14,55.0,µg/m³,20.0073285,73.7762427,609.0,,20.3,,45.1,66.4,2.12,
5592,Gangapur Road,2021-12-15,64.4,µg/m³,20.0073285,73.7762427,1000.0,,29.5,,44.9,83.4,1.74,
5592,Gangapur Road,2021-12-16,57.4,µg/m³,20.0073285,73.7762427,818.0,,25.4,,45.0,73.3,2.1,
5592,Gangapur Road,2021-12-17,72.7,µg/m³,20.0073285,73.7762427,1060.0,,31.6,,45.1,92.7,2.17,
5592,Gangapur Road,2021-12-18,70.8,µg/m³,20.0073285,73.7762427,1000.0,,29.9,,45.2,91.0,3.87,
5592,Gangapur Road,2021-12-19,74.3,µg/m³,20.0073285,73.7762427,802.0,,33.1,,45.2,92.6,6.35,
5592,Gangapur Road,2021-12-20,79.2,µg/m³,20.0073285,73.7762427,806.0,,31.8,,45.1,98.7,6.34,
5592,Gangapur Road,2021-12-22,68.2,µg/m³,20.0073285,73.7762427,900.0,,26.7,,45.0,94.2,4.2,
5592,Gangapur Road,2021-12-23,66.3,µg/m³,20.0073285,73.7762427,903.0,,25.8,,45.0,79.5,2.83,
5592,Gangapur Road,2021-12-24,55.9,µg/m³,20.0073285,73.7762427,894.0,,20.8,,45.2,95.5,3.63,
5592,Gangapur Road,2021-12-25,51.2,µg/m³,20.0073285,73.7762427,726.0,,19.3,,45.0,56.1,1.82,
5592,Gangapur Road,2021-12-26,48.1,µg/m³,20.0073285,73.7762427,598.0,,18.4,,44.9,55.4,2.91,
5592,Gangapur Road,2021-12-27,62.2,µg/m³,20.0073285,73.7762427,740.0,,26.3,,44.8,66.2,3.18,
5592,Gangapur Road,2021-12-28,61.8,µg/m³,20.0073285,73.7762427,820.0,,15.3,,45.1,61.7,0.473,
5592,Gangapur Road,2021-12-29,51.2,µg/m³,20.0073285,73.7762427,704.0,,23.9,,45.6,60.3,5.62,
5592,Gangapur Road,2021-12-30,73.3,µg/m³,20.0073285,73.7762427,678.0,,26.9,,45.2,85.2,5.91,
5592,Gangapur Road,2021-12-31,77.5,µg/m³,20.0073285,73.7762427,853.0,,20.9,,44.7,81.3,3.1,
5592,Gangapur Road,2022-01-01,66.6,µg/m³,20.0073285,73.7762427,1240.0,,29.7,,45.1,74.7,5.53,
5592,Gangapur Road,2022-01-02,73.4,µg/m³,20.0073285,73.7762427,1110.0,,28.7,,45.3,77.0,3.92,
5592,Gangapur Road,2022-01-03,71.2,µg/m³,20.0073285,73.7762427,1540.0,,37.2,,44.9,106.0,2.7,
5592,Gangapur Road,2022-01-04,62.0,µg/m³,20.0073285,73.7762427,1940.0,,36.5,,44.9,90.6,24.6,
5592,Gangapur Road,2022-01-05,50.5,µg/m³,20.0073285,73.7762427,1320.0,,39.3,,45.1,106.0,4.38,
5592,Gangapur Road,2022-01-06,66.1,µg/m³,20.0073285,73.7762427,757.0,,27.1,,45.1,87.6,2.6,
5592,Gangapur Road,2022-01-07,52.7,µg/m³,20.0073285,73.7762427,788.0,,32.8,,45.1,91.0,2.17,
5592,Gangapur Road,2022-01-08,47.3,µg/m³,20.0073285,73.7762427,589.0,,20.4,,44.9,74.5,1.25,
5592,Gangapur Road,2022-01-09,14.1,µg/m³,20.0073285,73.7762427,338.0,,15.1,,44.9,23.0,2.45,
5592,Gangapur Road,2022-01-10,29.0,µg/m³,20.0073285,73.7762427,627.0,,26.8,,45.0,53.2,5.63,
5592,Gangapur Road,2022-01-11,47.6,µg/m³,20.0073285,73.7762427,656.0,,29.2,,45.1,65.0,4.18,
5592,Gangapur Road,2022-01-12,40.0,µg/m³,20.0073285,73.7762427,858.0,,31.6,,45.1,75.1,6.73,
5592,Gangapur Road,2022-01-13,56.5,µg/m³,20.0073285,73.7762427,1030.0,,34.1,,45.0,91.2,4.39,
5592,Gangapur Road,2022-01-14,54.8,µg/m³,20.0073285,73.7762427,920.0,,34.3,,45.0,85.5,4.69,
5592,Gangapur Road,2022-01-15,56.4,µg/m³,20.0073285,73.7762427,1100.0,,38.4,,45.1,96.2,7.93,
5592,Gangapur Road,2022-01-16,113.0,µg/m³,20.0073285,73.7762427,674.0,,38.5,,45.0,108.0,8.64,
5592,Gangapur Road,2022-01-17,56.6,µg/m³,20.0073285,73.7762427,1120.0,,35.2,,45.1,97.9,3.92,
5592,Gangapur Road,2022-01-18,33.3,µg/m³,20.0073285,73.7762427,772.0,,37.6,,45.0,79.2,7.83,
5592,Gangapur Road,2022-01-19,27.4,µg/m³,20.0073285,73.7762427,604.0,,21.1,,45.3,57.1,2.02,
5592,Gangapur Road,2022-01-20,16.6,µg/m³,20.0073285,73.7762427,470.0,,22.1,,45.1,57.0,4.26,
5592,Gangapur Road,2022-01-21,26.9,µg/m³,20.0073285,73.7762427,550.0,,33.9,,45.2,58.5,0.935,
5592,Gangapur Road,2022-01-22,18.7,µg/m³,20.0073285,73.7762427,383.0,,13.7,,45.7,35.7,1.51,
5592,Gangapur Road,2022-01-23,55.2,µg/m³,20.0073285,73.7762427,340.0,,11.3,,45.1,366.0,1.65,
5592,Gangapur Road,2022-01-24,42.5,µg/m³,20.0073285,73.7762427,353.0,,13.2,,45.1,257.0,2.43,
5592,Gangapur Road,2022-01-25,37.2,µg/m³,20.0073285,73.7762427,626.0,,22.1,,44.2,135.0,3.05,
5592,Gangapur Road,2022-01-26,39.4,µg/m³,20.0073285,73.7762427,672.0,,29.0,,44.7,130.0,17.2,
5592,Gangapur Road,2022-01-28,60.4,µg/m³,20.0073285,73.7762427,2540.0,,58.6,,45.8,116.0,9.67,
5592,Gangapur Road,2022-01-29,74.7,µg/m³,20.0073285,73.7762427,886.0,,35.8,,44.7,77.3,13.7,
5592,Gangapur Road,2022-02-02,49.3,µg/m³,20.0073285,73.7762427,703.0,,39.0,,45.0,83.5,4.2,
5592,Gangapur Road,2022-02-03,35.8,µg/m³,20.0073285,73.7762427,472.0,,22.2,,45.2,82.9,2.39,
5592,Gangapur Road,2022-02-04,24.3,µg/m³,20.0073285,73.7762427,445.0,,19.6,,45.0,94.0,2.38,
5592,Gangapur Road,2022-02-05,30.1,µg/m³,20.0073285,73.7762427,474.0,,17.5,,45.2,115.0,1.54,
5592,Gangapur Road,2022-03-25,51.3,µg/m³,20.0073285,73.7762427,14300.0,,33.6,,45.1,78.7,11.9,
5592,Gangapur Road,2022-03-26,35.0,µg/m³,20.0073285,73.7762427,433.0,,32.1,,44.6,71.1,12.8,
5592,Gangapur Road,2022-03-27,37.3,µg/m³,20.0073285,73.7762427,495.0,,22.6,,45.4,78.0,5.94,
5592,Gangapur Road,2022-03-28,28.4,µg/m³,20.0073285,73.7762427,520.0,,29.1,,44.4,83.2,0.61,
5592,Gangapur Road,2022-03-29,31.8,µg/m³,20.0073285,73.7762427,150.0,,10.9,,44.9,70.4,3.89,
5592,Gangapur Road,2022-04-01,46.2,µg/m³,20.0073285,73.7762427,255.0,,12.3,,45.1,134.0,3.56,
5592,Gangapur Road,2022-04-02,28.6,µg/m³,20.0073285,73.7762427,550.0,,20.9,,16.4,78.2,1.73,
5592,Gangapur Road,2022-04-04,39.8,µg/m³,20.0073285,73.7762427,490.0,,17.5,,37.1,59.0,2.05,
5592,Gangapur Road,2022-04-05,50.5,µg/m³,20.0073285,73.7762427,9870.0,,60.8,,168.0,118.0,33.6,
5592,Gangapur Road,2022-04-06,40.8,µg/m³,20.0073285,73.7762427,620.0,,22.3,,12.7,74.5,3.04,
5592,Gangapur Road,2022-04-07,26.7,µg/m³,20.0073285,73.7762427,355.0,,7.99,,59.2,49.3,5.72,
5592,Gangapur Road,2022-04-08,41.5,µg/m³,20.0073285,73.7762427,558.0,,21.5,,52.4,59.8,3.61,
5592,Gangapur Road,2022-04-09,35.7,µg/m³,20.0073285,73.7762427,559.0,,29.7,,43.0,66.9,1.99,
5592,Gangapur Road,2022-04-10,30.1,µg/m³,20.0073285,73.7762427,390.0,,16.0,,41.1,50.4,2.77,
5592,Gangapur Road,2022-04-11,34.5,µg/m³,20.0073285,73.7762427,364.0,,16.8,,58.1,71.4,5.37,
5592,Gangapur Road,2022-04-12,38.3,µg/m³,20.0073285,73.7762427,485.0,,20.4,,41.1,80.7,4.18,
5592,Gangapur Road,2022-04-13,44.0,µg/m³,20.0073285,73.7762427,475.0,,21.0,,43.5,94.5,5.14,
5592,Gangapur Road,2022-04-14,41.3,µg/m³,20.0073285,73.7762427,465.0,,14.5,,53.7,74.2,4.53,
5592,Gangapur Road,2022-04-15,28.5,µg/m³,20.0073285,73.7762427,370.0,,14.8,,50.8,65.7,3.54,
5592,Gangapur Road,2022-04-18,28.3,µg/m³,20.0073285,73.7762427,323.0,,16.3,,53.3,64.3,2.2,
5592,Gangapur Road,2022-04-19,33.7,µg/m³,20.0073285,73.7762427,475.0,,17.8,,41.4,58.9,0.525,
5592,Gangapur Road,2022-04-20,35.7,µg/m³,20.0073285,73.7762427,270.0,,12.6,,47.4,67.3,6.54,
5592,Gangapur Road,2022-04-21,20.9,µg/m³,20.0073285,73.7762427,445.0,,15.4,,57.1,38.9,2.94,
5592,Gangapur Road,2022-04-22,45.0,µg/m³,20.0073285,73.7762427,4260.0,,49.3,,72.6,70.4,13.5,
5592,Gangapur Road,2022-04-23,35.7,µg/m³,20.0073285,73.7762427,493.0,,18.2,,67.0,79.9,10.3,
5592,Gangapur Road,2022-04-25,59.8,µg/m³,20.0073285,73.7762427,230.0,,11.1,,66.5,71.5,6.81,
5592,Gangapur Road,2022-04-26,46.4,µg/m³,20.0073285,73.7762427,565.0,,26.1,,55.9,70.2,4.36,
5592,Gangapur Road,2022-04-28,62.6,µg/m³,20.0073285,73.7762427,740.0,,38.1,,119.0,113.0,7.57,
5592,Gangapur Road,2022-04-29,41.3,µg/m³,20.0073285,73.7762427,330.0,,19.8,,91.8,57.3,5.0,
5592,Gangapur Road,2022-04-30,28.7,µg/m³,20.0073285,73.7762427,610.0,,36.9,,26.4,59.3,2.36,
5592,Gangapur Road,2022-05-01,27.7,µg/m³,20.0073285,73.7762427,290.0,,12.1,,62.8,66.2,1.94,
5592,Gangapur Road,2022-05-05,30.9,µg/m³,20.0073285,73.7762427,200.0,,15.6,,67.2,79.7,0.395,
5592,Gangapur Road,2022-05-06,38.9,µg/m³,20.0073285,73.7762427,615.0,,36.3,,42.7,132.0,4.17,
5592,Gangapur Road,2022-05-07,40.3,µg/m³,20.0073285,73.7762427,470.0,,20.4,,58.0,111.0,2.57,
5592,Gangapur Road,2022-05-08,45.0,µg/m³,20.0073285,73.7762427,430.0,,20.6,,76.2,97.7,2.52,
5592,Gangapur Road,2022-05-09,58.7,µg/m³,20.0073285,73.7762427,668.0,,19.9,,86.4,114.0,4.11,
5592,Gangapur Road,2022-05-10,48.9,µg/m³,20.0073285,73.7762427,250.0,,16.8,,82.0,91.6,4.31,
5592,Gangapur Road,2022-05-11,37.2,µg/m³,20.0073285,73.7762427,446.0,,19.5,,48.0,72.6,0.99,
5592,Gangapur Road,2022-05-12,29.9,µg/m³,20.0073285,73.7762427,450.0,,18.1,,32.9,67.0,1.81,
5592,Gangapur Road,2022-05-15,27.9,µg/m³,20.0073285,73.7762427,314.0,,16.8,,38.7,74.9,1.45,
5592,Gangapur Road,2022-05-16,24.3,µg/m³,20.0073285,73.7762427,228.0,,9.29,,34.4,67.8,2.19,
5592,Gangapur Road,2022-05-17,42.2,µg/m³,20.0073285,73.7762427,150.0,,14.7,,62.8,129.0,0.96,
5592,Gangapur Road,2022-05-18,34.5,µg/m³,20.0073285,73.7762427,1610.0,,10.2,,55.1,104.0,6.4,
5592,Gangapur Road,2022-05-20,39.2,µg/m³,20.0073285,73.7762427,475.0,,17.9,,42.1,118.0,2.19,
5592,Gangapur Road,2022-05-21,27.9,µg/m³,20.0073285,73.7762427,350.0,,12.4,,32.2,88.7,0.95,
5592,Gangapur Road,2022-05-23,17.9,µg/m³,20.0073285,73.7762427,345.0,,14.2,,31.3,66.4,1.84,
5592,Gangapur Road,2022-05-24,26.0,µg/m³,20.0073285,73.7762427,400.0,,13.1,,39.0,56.9,3.11,
5592,Gangapur Road,2022-05-25,23.6,µg/m³,20.0073285,73.7762427,250.0,,11.9,,37.7,73.6,1.2,
5592,Gangapur Road,2022-05-26,19.3,µg/m³,20.0073285,73.7762427,300.0,,12.5,,40.6,72.4,0.06,
5592,Gangapur Road,2022-05-28,15.4,µg/m³,20.0073285,73.7762427,250.0,,12.6,,28.1,33.1,0.89,
5592,Gangapur Road,2022-05-29,14.0,µg/m³,20.0073285,73.7762427,180.0,,14.4,,35.1,68.1,1.91,
5592,Gangapur Road,2022-06-03,38.9,µg/m³,20.0073285,73.7762427,320.0,,21.5,,49.8,80.2,2.32,
5592,Gangapur Road,2022-06-04,18.9,µg/m³,20.0073285,73.7762427,240.0,,8.17,,34.5,55.3,2.3,
5592,Gangapur Road,2022-06-09,26.9,µg/m³,20.0073285,73.7762427,2460.0,,49.7,,17.3,56.0,5.51,
5592,Gangapur Road,2022-06-10,24.5,µg/m³,20.0073285,73.7762427,385.0,,23.6,,55.6,25.4,1.66,
5592,Gangapur Road,2022-06-13,14.0,µg/m³,20.0073285,73.7762427,180.0,,13.2,,27.8,13.8,1.15,
5592,Gangapur Road,2022-06-14,20.2,µg/m³,20.0073285,73.7762427,293.0,,21.8,,30.3,54.4,0.757,
5592,Gangapur Road,2022-06-15,19.1,µg/m³,20.0073285,73.7762427,410.0,,7.48,,35.8,53.5,3.89,
5592,Gangapur Road,2022-06-18,43.5,µg/m³,20.0073285,73.7762427,320.0,,37.5,,35.4,145.0,2.41,
5592,Gangapur Road,2022-06-19,13.3,µg/m³,20.0073285,73.7762427,280.0,,10.6,,15.1,19.1,2.13,
5592,Gangapur Road,2022-06-20,13.4,µg/m³,20.0073285,73.7762427,457.0,,0.0,,16.2,127.0,1.91,
5592,Gangapur Road,2022-06-21,13.7,µg/m³,20.0073285,73.7762427,523.0,,0.0,,17.8,60.7,1.24,
5592,Gangapur Road,2022-06-22,11.1,µg/m³,20.0073285,73.7762427,263.0,,0.0,,19.6,25.5,1.45,
5592,Gangapur Road,2022-07-05,13.7,µg/m³,20.0073285,73.7762427,360.0,,9.27,,16.2,5.54,1.41,
5592,Gangapur Road,2022-07-08,5.33,µg/m³,20.0073285,73.7762427,450.0,,20.2,,14.7,11.8,2.33,
5592,Gangapur Road,2022-07-09,11.1,µg/m³,20.0073285,73.7762427,340.0,,14.9,,8.98,16.0,0.52,
5592,Gangapur Road,2022-07-10,17.2,µg/m³,20.0073285,73.7762427,370.0,,9.54,,,14.0,0.11,
5592,Gangapur Road,2022-07-11,7.36,µg/m³,20.0073285,73.7762427,640.0,,22.0,,12.0,17.5,0.09,
5592,Gangapur Road,2022-07-13,11.5,µg/m³,20.0073285,73.7762427,990.0,,30.8,,7.32,5.28,0.57,
5592,Gangapur Road,2022-07-14,14.5,µg/m³,20.0073285,73.7762427,500.0,,14.7,,14.6,8.9,0.39,
5592,Gangapur Road,2022-07-15,15.4,µg/m³,20.0073285,73.7762427,1070.0,,29.1,,8.0,11.2,2.03,
5592,Gangapur Road,2022-07-18,10.1,µg/m³,20.0073285,73.7762427,580.0,,18.9,,8.71,20.1,3.08,
5592,Gangapur Road,2022-07-19,12.7,µg/m³,20.0073285,73.7762427,264.0,,12.7,,12.2,21.4,0.75,
5592,Gangapur Road,2022-07-20,34.6,µg/m³,20.0073285,73.7762427,340.0,,5.6,,14.9,21.2,1.87,
5592,Gangapur Road,2022-07-21,28.2,µg/m³,20.0073285,73.7762427,473.0,,10.2,,13.2,17.6,3.86,
5592,Gangapur Road,2022-07-22,19.0,µg/m³,20.0073285,73.7762427,664.0,,7.32,,14.3,23.8,1.21,
5592,Gangapur Road,2022-07-23,13.6,µg/m³,20.0073285,73.7762427,449.0,,8.35,,12.7,19.2,0.849,
5592,Gangapur Road,2022-07-24,18.5,µg/m³,20.0073285,73.7762427,363.0,,4.59,,12.1,13.2,0.978,
5592,Gangapur Road,2022-07-25,16.1,µg/m³,20.0073285,73.7762427,683.0,,14.0,,5.47,36.4,1.07,
5592,Gangapur Road,2022-07-26,50.1,µg/m³,20.0073285,73.7762427,250.0,,4.26,,7.23,16.5,1.98,
5592,Gangapur Road,2022-07-27,0.94,µg/m³,20.0073285,73.7762427,398.0,,6.65,,11.4,21.6,3.48,
5592,Gangapur Road,2022-07-28,0.94,µg/m³,20.0073285,73.7762427,263.0,,7.56,,16.2,41.5,0.885,
5592,Gangapur Road,2022-07-29,10.3,µg/m³,20.0073285,73.7762427,340.0,,8.69,,18.5,46.8,1.85,
5592,Gangapur Road,2022-07-30,17.8,µg/m³,20.0073285,73.7762427,370.0,,5.93,,16.3,42.1,0.755,
5592,Gangapur Road,2022-07-31,18.2,µg/m³,20.0073285,73.7762427,464.0,,2.97,,13.4,23.2,0.331,
5592,Gangapur Road,2022-08-02,35.8,µg/m³,20.0073285,73.7762427,407.0,,8.86,,12.6,33.2,0.06,
5592,Gangapur Road,2022-08-03,30.3,µg/m³,20.0073285,73.7762427,444.0,,,,13.5,28.9,3.52,
5592,Gangapur Road,2022-09-13,15.0,µg/m³,20.0073285,73.7762427,0.0,,8.15,,44.4,38.6,4.94,
5592,Gangapur Road,2022-09-14,9.71,µg/m³,20.0073285,73.7762427,550.0,,8.0,,44.8,,4.16,
5592,Gangapur Road,2022-09-15,3.34,µg/m³,20.0073285,73.7762427,365.0,,8.01,,44.7,9.22,4.65,
5592,Gangapur Road,2022-09-16,11.4,µg/m³,20.0073285,73.7762427,758.0,,7.9,,45.3,12.9,13.4,
5592,Gangapur Road,2022-09-17,13.7,µg/m³,20.0073285,73.7762427,1030.0,,7.96,,45.0,14.7,7.73,
5592,Gangapur Road,2022-09-18,19.2,µg/m³,20.0073285,73.7762427,120.0,,8.05,,44.0,15.3,4.86,
5592,Gangapur Road,2022-09-20,17.4,µg/m³,20.0073285,73.7762427,524.0,,8.05,,45.0,42.0,3.15,
5592,Gangapur Road,2022-09-21,18.9,µg/m³,20.0073285,73.7762427,648.0,,8.06,,45.8,40.9,10.3,
5592,Gangapur Road,2022-09-22,269.0,µg/m³,20.0073285,73.7762427,643.0,,8.05,,44.6,29.2,6.78,
5592,Gangapur Road,2022-09-23,40.7,µg/m³,20.0073285,73.7762427,466.0,,8.05,,44.9,43.6,6.67,
5592,Gangapur Road,2022-09-24,25.3,µg/m³,20.0073285,73.7762427,320.0,,8.02,,45.5,39.3,20.7,
5592,Gangapur Road,2022-09-25,19.5,µg/m³,20.0073285,73.7762427,70.0,,8.02,,44.2,17.7,4.02,
5592,Gangapur Road,2022-09-26,11.4,µg/m³,20.0073285,73.7762427,568.0,,8.0,,44.9,48.6,7.18,
5592,Gangapur Road,2022-09-27,22.9,µg/m³,20.0073285,73.7762427,334.0,,7.95,,45.2,36.3,6.59,
5592,Gangapur Road,2022-09-28,22.4,µg/m³,20.0073285,73.7762427,491.0,,7.86,,45.3,40.7,6.86,
5592,Gangapur Road,2022-09-29,212.0,µg/m³,20.0073285,73.7762427,592.0,,8.0,,44.6,106.0,10.0,
5592,Gangapur Road,2022-09-30,30.9,µg/m³,20.0073285,73.7762427,720.0,,7.96,,44.9,43.4,8.35,
5592,Gangapur Road,2022-10-01,29.8,µg/m³,20.0073285,73.7762427,742.0,,8.03,,44.8,29.5,11.0,
5592,Gangapur Road,2022-10-02,27.1,µg/m³,20.0073285,73.7762427,120.0,,8.03,,45.0,38.9,5.79,
5592,Gangapur Road,2022-10-03,20.8,µg/m³,20.0073285,73.7762427,448.0,,7.92,,45.0,28.7,10.6,
5592,Gangapur Road,2022-10-04,41.1,µg/m³,20.0073285,73.7762427,868.0,,8.01,,44.9,54.4,16.3,
5592,Gangapur Road,2022-10-05,32.8,µg/m³,20.0073285,73.7762427,279.0,,8.11,,45.2,42.3,7.03,
5592,Gangapur Road,2022-10-06,31.3,µg/m³,20.0073285,73.7762427,437.0,,7.96,,44.8,59.1,10.5,
5592,Gangapur Road,2022-10-07,30.3,µg/m³,20.0073285,73.7762427,368.0,,7.95,,45.0,32.5,11.7,
5592,Gangapur Road,2022-10-08,18.2,µg/m³,20.0073285,73.7762427,140.0,,7.8,,44.8,15.6,5.97,
5592,Gangapur Road,2022-10-09,16.5,µg/m³,20.0073285,73.7762427,249.0,,7.89,,44.9,25.0,5.61,
5592,Gangapur Road,2022-10-10,32.9,µg/m³,20.0073285,73.7762427,380.0,,8.03,,45.0,39.6,6.26,
5592,Gangapur Road,2022-10-11,23.6,µg/m³,20.0073285,73.7762427,465.0,,23.0,,29.4,35.6,8.26,
5592,Gangapur Road,2022-10-12,26.5,µg/m³,20.0073285,73.7762427,593.0,,20.5,,12.3,30.6,5.88,
5592,Gangapur Road,2022-10-13,36.6,µg/m³,20.0073285,73.7762427,1110.0,,23.8,,23.1,41.3,7.11,
5592,Gangapur Road,2022-10-14,34.6,µg/m³,20.0073285,73.7762427,518.0,,29.1,,23.0,135.0,1.16,
5592,Gangapur Road,2022-10-15,26.9,µg/m³,20.0073285,73.7762427,718.0,,22.6,,53.5,27.5,14.0,
5592,Gangapur Road,2022-10-16,37.2,µg/m³,20.0073285,73.7762427,711.0,,24.7,,0.01,25.8,0.966,
5592,Gangapur Road,2022-10-31,42.1,µg/m³,20.0073285,73.7762427,780.0,,7.33,,0.145,63.1,3.17,
5592,Gangapur Road,2025-02-19,33.5,µg/m³,20.0073285,73.7762427,,0.667,,13.0,44.9,70.1,,6.04
5592,Gangapur Road,2025-02-20,35.3,µg/m³,20.0073285,73.7762427,,1.15,,15.1,44.6,89.2,,8.02
5592,Gangapur Road,2025-02-21,51.6,µg/m³,20.0073285,73.7762427,,1.02,,18.0,40.4,100.0,,16.6
5592,Gangapur Road,2025-02-22,50.8,µg/m³,20.0073285,73.7762427,,1.39,,17.8,51.3,130.0,,32.1
5592,Gangapur Road,2025-02-23,48.7,µg/m³,20.0073285,73.7762427,,1.39,,17.4,49.9,116.0,,20.6
5592,Gangapur Road,2025-02-24,50.5,µg/m³,20.0073285,73.7762427,,1.49,,19.5,50.5,117.0,,15.1
5592,Gangapur Road,2025-02-25,65.9,µg/m³,20.0073285,73.7762427,,1.18,,15.3,47.4,126.0,,19.5
5592,Gangapur Road,2025-02-26,73.3,µg/m³,20.0073285,73.7762427,,0.753,,20.4,42.4,148.0,,9.3
5592,Gangapur Road,2025-02-27,63.5,µg/m³,20.0073285,73.7762427,,0.497,,18.6,47.7,128.0,,7.3
5592,Gangapur Road,2025-02-28,55.6,µg/m³,20.0073285,73.7762427,,0.66,,17.5,48.7,116.0,,5.23
5592,Gangapur Road,2025-03-01,67.6,µg/m³,20.0073285,73.7762427,,0.638,,16.6,47.0,156.0,,4.43
5592,Gangapur Road,2025-03-02,42.1,µg/m³,20.0073285,73.7762427,,0.617,,15.8,52.9,85.8,,6.5
5592,Gangapur Road,2025-03-03,60.6,µg/m³,20.0073285,73.7762427,,0.59,,30.3,51.0,146.0,,11.7
5592,Gangapur Road,2025-03-04,45.0,µg/m³,20.0073285,73.7762427,,0.548,,23.7,49.7,110.0,,3.1
5592,Gangapur Road,2025-03-05,52.4,µg/m³,20.0073285,73.7762427,,0.609,,36.7,45.4,104.0,,4.07
5592,Gangapur Road,2025-03-06,53.2,µg/m³,20.0073285,73.7762427,,0.588,,25.1,45.9,137.0,,16.5
5592,Gangapur Road,2025-03-07,48.5,µg/m³,20.0073285,73.7762427,,0.614,,17.5,49.9,113.0,,5.4
5592,Gangapur Road,2025-03-08,50.5,µg/m³,20.0073285,73.7762427,,0.527,,20.0,51.0,116.0,,4.87
5592,Gangapur Road,2025-03-09,54.3,µg/m³,20.0073285,73.7762427,,0.512,,17.6,43.2,107.0,,5.12
5592,Gangapur Road,2025-03-10,44.6,µg/m³,20.0073285,73.7762427,,0.729,,14.9,32.6,95.8,,2.55
5592,Gangapur Road,2025-03-12,63.3,µg/m³,20.0073285,73.7762427,,0.594,,7.21,56.7,109.0,,4.02
5592,Gangapur Road,2025-03-13,73.9,µg/m³,20.0073285,73.7762427,,0.639,,22.6,52.3,167.0,,4.06
5592,Gangapur Road,2025-03-14,53.6,µg/m³,20.0073285,73.7762427,,0.862,,24.6,53.8,102.0,,5.89
5592,Gangapur Road,2025-03-15,48.0,µg/m³,20.0073285,73.7762427,,2.05,,24.1,42.3,67.2,,3.99
5592,Gangapur Road,2025-03-17,41.2,µg/m³,20.0073285,73.7762427,,0.833,,23.6,51.6,137.0,,4.56
5592,Gangapur Road,2025-03-18,45.0,µg/m³,20.0073285,73.7762427,,0.818,,24.1,50.9,149.0,,4.66
5592,Gangapur Road,2025-03-19,46.7,µg/m³,20.0073285,73.7762427,,0.766,,20.5,54.5,103.0,,4.48
5592,Gangapur Road,2025-03-20,38.6,µg/m³,20.0073285,73.7762427,,0.767,,17.4,45.9,153.0,,5.03
5592,Gangapur Road,2025-03-21,35.9,µg/m³,20.0073285,73.7762427,,0.785,,18.6,49.1,94.7,,4.42
5592,Gangapur Road,2025-03-22,42.1,µg/m³,20.0073285,73.7762427,,0.756,,19.1,54.8,85.2,,5.22
5592,Gangapur Road,2025-03-23,46.2,µg/m³,20.0073285,73.7762427,,0.754,,19.3,52.5,78.6,,5.26
5592,Gangapur Road,2025-03-24,51.5,µg/m³,20.0073285,73.7762427,,0.754,,20.6,58.7,98.3,,5.55
5592,Gangapur Road,2025-03-25,53.9,µg/m³,20.0073285,73.7762427,,0.723,,15.3,56.4,96.3,,10.3
5592,Gangapur Road,2025-03-26,55.2,µg/m³,20.0073285,73.7762427,,0.724,,17.9,56.3,104.0,,5.96
5592,Gangapur Road,2025-03-27,30.5,µg/m³,20.0073285,73.7762427,,0.709,,16.5,52.1,85.2,,4.25
5592,Gangapur Road,2025-03-28,46.4,µg/m³,20.0073285,73.7762427,,0.669,,10.6,64.0,95.4,,6.47
5592,Gangapur Road,2025-03-29,58.7,µg/m³,20.0073285,73.7762427,,0.687,,11.2,50.4,113.0,,15.2
5592,Gangapur Road,2025-03-30,57.1,µg/m³,20.0073285,73.7762427,,0.673,,10.3,47.5,95.2,,12.0
5592,Gangapur Road,2025-03-31,75.1,µg/m³,20.0073285,73.7762427,,0.684,,10.4,50.8,115.0,,7.69
5592,Gangapur Road,2025-04-01,80.0,µg/m³,20.0073285,73.7762427,,0.681,,13.1,41.1,160.0,,7.17
5592,Gangapur Road,2025-04-02,69.4,µg/m³,20.0073285,73.7762427,,0.672,,10.9,44.1,103.0,,6.7
5592,Gangapur Road,2025-04-03,56.2,µg/m³,20.0073285,73.7762427,,0.66,,10.9,48.8,104.0,,4.44
5592,Gangapur Road,2025-04-04,63.8,µg/m³,20.0073285,73.7762427,,0.669,,5.52,50.0,92.2,,7.21
5592,Gangapur Road,2025-04-05,57.2,µg/m³,20.0073285,73.7762427,,0.637,,4.88,58.3,110.0,,7.71
5592,Gangapur Road,2025-04-06,79.0,µg/m³,20.0073285,73.7762427,,0.629,,6.25,56.2,156.0,,5.93
5592,Gangapur Road,2025-04-07,61.8,µg/m³,20.0073285,73.7762427,,0.641,,9.4,50.1,125.0,,5.79
5592,Gangapur Road,2025-04-08,45.7,µg/m³,20.0073285,73.7762427,,0.631,,13.6,51.3,75.5,,7.74
5592,Gangapur Road,2025-04-09,51.4,µg/m³,20.0073285,73.7762427,,0.661,,12.5,38.7,85.6,,6.95
5592,Gangapur Road,2025-04-11,36.1,µg/m³,20.0073285,73.7762427,,0.65,,18.3,39.5,504.0,,5.4
5592,Gangapur Road,2025-04-12,30.2,µg/m³,20.0073285,73.7762427,,0.62,,16.0,49.6,75.5,,4.01
5592,Gangapur Road,2025-04-13,26.6,µg/m³,20.0073285,73.7762427,,0.622,,15.2,46.0,70.8,,4.5
5592,Gangapur Road,2025-04-14,51.4,µg/m³,20.0073285,73.7762427,,0.612,,14.5,38.4,70.6,,3.86
5592,Gangapur Road,2025-04-15,56.7,µg/m³,20.0073285,73.7762427,,0.622,,17.3,52.9,142.0,,6.32
5592,Gangapur Road,2025-04-16,65.6,µg/m³,20.0073285,73.7762427,,0.633,,19.7,58.4,124.0,,5.23
5592,Gangapur Road,2025-04-17,42.1,µg/m³,20.0073285,73.7762427,,0.606,,15.7,48.8,93.0,,3.97
5592,Gangapur Road,2025-04-18,31.5,µg/m³,20.0073285,73.7762427,,0.615,,9.39,52.2,62.3,,4.75
5592,Gangapur Road,2025-04-19,36.3,µg/m³,20.0073285,73.7762427,,0.623,,7.13,51.4,90.6,,5.34
5592,Gangapur Road,2025-04-20,48.9,µg/m³,20.0073285,73.7762427,,0.606,,7.04,47.9,111.0,,5.15
5592,Gangapur Road,2025-04-21,45.4,µg/m³,20.0073285,73.7762427,,0.572,,7.44,46.2,99.9,,5.05
5592,Gangapur Road,2025-04-22,56.0,µg/m³,20.0073285,73.7762427,,0.387,,4.64,47.1,109.0,,6.13
5592,Gangapur Road,2025-04-23,65.9,µg/m³,20.0073285,73.7762427,,0.292,,8.98,47.0,114.0,,5.54
5592,Gangapur Road,2025-04-24,62.0,µg/m³,20.0073285,73.7762427,,0.336,,18.4,54.0,105.0,,9.06
5592,Gangapur Road,2025-04-25,51.9,µg/m³,20.0073285,73.7762427,,0.377,,14.8,44.3,82.7,,6.27
5592,Gangapur Road,2025-04-26,36.5,µg/m³,20.0073285,73.7762427,,0.395,,8.57,47.5,74.3,,8.09
5592,Gangapur Road,2025-04-27,40.4,µg/m³,20.0073285,73.7762427,,0.364,,8.01,43.3,70.8,,4.86
5592,Gangapur Road,2025-04-28,64.8,µg/m³,20.0073285,73.7762427,,0.348,,8.08,48.9,95.6,,5.86
5592,Gangapur Road,2025-04-29,50.3,µg/m³,20.0073285,73.7762427,,0.297,,12.6,44.7,93.0,,5.83
5592,Gangapur Road,2025-04-30,41.2,µg/m³,20.0073285,73.7762427,,0.284,,13.6,48.3,74.5,,4.61
5592,Gangapur Road,2025-05-01,37.6,µg/m³,20.0073285,73.7762427,,0.338,,4.43,27.7,61.2,,4.15
5592,Gangapur Road,2025-05-06,115.0,µg/m³,20.0073285,73.7762427,,0.323,,6.83,51.4,203.0,,5.18
5592,Gangapur Road,2025-05-07,32.0,µg/m³,20.0073285,73.7762427,,0.329,,8.62,33.1,77.2,,4.97
5592,Gangapur Road,2025-05-08,27.7,µg/m³,20.0073285,73.7762427,,0.33,,13.6,35.8,49.5,,4.29
5592,Gangapur Road,2025-05-09,17.6,µg/m³,20.0073285,73.7762427,,0.33,,12.2,35.6,30.7,,4.41
5592,Gangapur Road,2025-05-10,13.4,µg/m³,20.0073285,73.7762427,,0.328,,20.3,38.3,22.8,,3.92
5592,Gangapur Road,2025-05-11,63.9,µg/m³,20.0073285,73.7762427,,0.331,,16.6,52.6,117.0,,5.06
5592,Gangapur Road,2025-05-12,41.3,µg/m³,20.0073285,73.7762427,,0.324,,13.4,43.1,74.9,,3.59
5592,Gangapur Road,2025-05-13,8.9,µg/m³,20.0073285,73.7762427,,0.308,,8.78,28.0,12.1,,1.29
5592,Gangapur Road,2025-05-14,55.4,µg/m³,20.0073285,73.7762427,,0.285,,21.4,38.3,31.6,,2.55
5592,Gangapur Road,2025-05-15,40.7,µg/m³,20.0073285,73.7762427,,0.28,,28.5,34.9,53.0,,4.57
5592,Gangapur Road,2025-05-16,40.4,µg/m³,20.0073285,73.7762427,,0.281,,32.4,37.6,10.8,,9.84
5592,Gangapur Road,2025-05-17,25.9,µg/m³,20.0073285,73.7762427,,0.279,,28.0,32.1,30.3,,6.17
5592,Gangapur Road,2025-05-18,29.1,µg/m³,20.0073285,73.7762427,,0.283,,15.3,39.3,35.0,,4.02
5592,Gangapur Road,2025-05-19,29.1,µg/m³,20.0073285,73.7762427,,0.282,,23.3,80.8,46.3,,4.16
5592,Gangapur Road,2025-05-20,29.1,µg/m³,20.0073285,73.7762427,,0.283,,25.1,98.6,46.1,,4.34
5592,Gangapur Road,2025-05-21,27.0,µg/m³,20.0073285,73.7762427,,0.283,,23.5,37.1,49.1,,4.12
5592,Gangapur Road,2025-05-22,22.5,µg/m³,20.0073285,73.7762427,,0.25,,12.1,32.6,34.2,,4.82
5592,Gangapur Road,2025-05-23,27.5,µg/m³,20.0073285,73.7762427,,0.217,,20.4,34.7,49.9,,4.68
5592,Gangapur Road,2025-05-24,21.7,µg/m³,20.0073285,73.7762427,,0.214,,22.4,35.5,36.4,,4.06
5592,Gangapur Road,2025-05-25,28.8,µg/m³,20.0073285,73.7762427,,0.212,,19.7,34.1,44.1,,3.74
5592,Gangapur Road,2025-05-26,40.6,µg/m³,20.0073285,73.7762427,,0.219,,20.5,32.4,51.3,,4.33
5592,Gangapur Road,2025-05-27,25.3,µg/m³,20.0073285,73.7762427,,0.229,,24.0,30.6,40.1,,4.03
5592,Gangapur Road,2025-05-28,14.3,µg/m³,20.0073285,73.7762427,,0.251,,17.2,25.9,41.5,,4.4
5592,Gangapur Road,2025-05-29,20.5,µg/m³,20.0073285,73.7762427,,0.252,,19.5,30.9,67.2,,4.18
5592,Gangapur Road,2025-05-30,24.2,µg/m³,20.0073285,73.7762427,,0.253,,16.5,36.4,76.7,,3.89
5592,Gangapur Road,2025-05-31,17.5,µg/m³,20.0073285,73.7762427,,0.254,,16.5,36.8,62.5,,6.27
5592,Gangapur Road,2025-06-01,17.0,µg/m³,20.0073285,73.7762427,,0.251,,12.4,33.2,47.8,,3.75
5592,Gangapur Road,2025-06-02,19.6,µg/m³,20.0073285,73.7762427,,0.255,,19.6,26.9,64.2,,4.16
5592,Gangapur Road,2025-06-03,19.4,µg/m³,20.0073285,73.7762427,,0.248,,15.1,39.0,59.4,,4.32
5592,Gangapur Road,2025-06-04,19.8,µg/m³,20.0073285,73.7762427,,0.252,,20.1,35.1,56.6,,3.67
5592,Gangapur Road,2025-06-05,28.0,µg/m³,20.0073285,73.7762427,,0.249,,22.2,31.4,65.9,,4.68
5592,Gangapur Road,2025-06-06,19.2,µg/m³,20.0073285,73.7762427,,0.256,,18.1,29.5,42.0,,4.42
5592,Gangapur Road,2025-06-07,43.1,µg/m³,20.0073285,73.7762427,,0.253,,14.5,31.5,49.8,,4.7
5592,Gangapur Road,2025-06-08,33.4,µg/m³,20.0073285,73.7762427,,0.252,,19.7,35.0,53.1,,4.2
5592,Gangapur Road,2025-06-09,36.8,µg/m³,20.0073285,73.7762427,,0.258,,20.0,39.0,59.0,,4.27
5592,Gangapur Road,2025-06-10,23.6,µg/m³,20.0073285,73.7762427,,0.255,,14.3,41.0,35.6,,4.89
5592,Gangapur Road,2025-06-11,26.8,µg/m³,20.0073285,73.7762427,,0.252,,14.3,38.1,46.0,,7.12
5592,Gangapur Road,2025-06-12,49.7,µg/m³,20.0073285,73.7762427,,0.252,,14.3,43.4,88.0,,4.55
5592,Gangapur Road,2025-06-13,41.7,µg/m³,20.0073285,73.7762427,,0.258,,13.3,33.2,75.6,,7.17
5592,Gangapur Road,2025-06-14,41.8,µg/m³,20.0073285,73.7762427,,0.252,,18.6,37.4,75.8,,4.12
5592,Gangapur Road,2025-06-15,37.4,µg/m³,20.0073285,73.7762427,,0.249,,18.0,40.9,67.3,,4.3
5592,Gangapur Road,2025-06-16,36.0,µg/m³,20.0073285,73.7762427,,0.255,,18.5,33.3,64.7,,4.7
5592,Gangapur Road,2025-06-17,42.5,µg/m³,20.0073285,73.7762427,,0.268,,13.0,34.2,89.7,,4.1
5592,Gangapur Road,2025-06-18,29.6,µg/m³,20.0073285,73.7762427,,0.273,,15.8,29.9,59.6,,4.08
5592,Gangapur Road,2025-06-19,27.8,µg/m³,20.0073285,73.7762427,,0.271,,13.4,32.6,67.0,,4.07
5592,Gangapur Road,2025-06-20,21.6,µg/m³,20.0073285,73.7762427,,0.265,,17.9,32.6,78.3,,4.79
5592,Gangapur Road,2025-06-21,19.3,µg/m³,20.0073285,73.7762427,,0.26,,19.9,26.0,67.7,,4.91
5592,Gangapur Road,2025-06-22,22.0,µg/m³,20.0073285,73.7762427,,0.257,,16.7,31.1,72.4,,4.79
5592,Gangapur Road,2025-06-23,19.4,µg/m³,20.0073285,73.7762427,,0.258,,18.9,28.6,62.8,,4.99
5592,Gangapur Road,2025-06-24,26.8,µg/m³,20.0073285,73.7762427,,0.257,,12.6,32.9,80.2,,4.3
5592,Gangapur Road,2025-06-25,43.9,µg/m³,20.0073285,73.7762427,,0.258,,17.8,35.8,80.0,,3.47
5592,Gangapur Road,2025-06-26,23.1,µg/m³,20.0073285,73.7762427,,0.257,,17.4,30.7,78.4,,4.17
5592,Gangapur Road,2025-06-27,24.5,µg/m³,20.0073285,73.7762427,,0.258,,18.4,29.3,77.4,,4.4
5592,Gangapur Road,2025-06-28,29.8,µg/m³,20.0073285,73.7762427,,0.26,,11.1,31.8,102.0,,4.22
5592,Gangapur Road,2025-06-29,44.4,µg/m³,20.0073285,73.7762427,,0.276,,11.9,31.6,69.2,,7.16
5592,Gangapur Road,2025-06-30,21.2,µg/m³,20.0073285,73.7762427,,0.261,,19.3,30.6,41.8,,3.49
5592,Gangapur Road,2025-07-01,11.9,µg/m³,20.0073285,73.7762427,,0.266,,17.9,28.4,21.1,,2.27
5592,Gangapur Road,2025-07-02,29.0,µg/m³,20.0073285,73.7762427,,0.264,,15.9,26.1,20.3,,3.06
5592,Gangapur Road,2025-07-03,16.2,µg/m³,20.0073285,73.7762427,,0.258,,17.8,26.4,21.0,,4.96
5592,Gangapur Road,2025-07-04,13.2,µg/m³,20.0073285,73.7762427,,0.263,,19.7,24.8,23.3,,4.29
5592,Gangapur Road,2025-07-05,6.47,µg/m³,20.0073285,73.7762427,,0.236,,18.1,19.9,13.5,,4.24
5592,Gangapur Road,2025-07-06,9.17,µg/m³,20.0073285,73.7762427,,0.228,,16.9,16.6,10.3,,4.25
5592,Gangapur Road,2025-07-07,30.7,µg/m³,20.0073285,73.7762427,,0.238,,19.1,16.7,24.3,,4.3
5592,Gangapur Road,2025-07-08,14.7,µg/m³,20.0073285,73.7762427,,0.234,,18.4,16.2,35.8,,4.04
5592,Gangapur Road,2025-07-09,26.4,µg/m³,20.0073285,73.7762427,,0.231,,19.1,16.5,37.0,,4.22
5592,Gangapur Road,2025-07-10,16.3,µg/m³,20.0073285,73.7762427,,0.233,,15.7,15.4,50.7,,6.93
5592,Gangapur Road,2025-07-11,15.1,µg/m³,20.0073285,73.7762427,,0.229,,17.0,15.6,41.8,,4.28
5592,Gangapur Road,2025-07-12,51.9,µg/m³,20.0073285,73.7762427,,0.229,,13.3,17.1,80.8,,4.13
5592,Gangapur Road,2025-07-13,9.82,µg/m³,20.0073285,73.7762427,,0.228,,10.7,17.4,24.0,,3.93
5592,Gangapur Road,2025-07-14,8.86,µg/m³,20.0073285,73.7762427,,0.237,,14.4,16.1,15.4,,4.31
5592,Gangapur Road,2025-07-15,16.3,µg/m³,20.0073285,73.7762427,,0.23,,16.1,15.6,26.9,,4.25
5592,Gangapur Road,2025-07-16,29.5,µg/m³,20.0073285,73.7762427,,0.231,,15.9,16.3,51.1,,3.88
5592,Gangapur Road,2025-07-17,25.6,µg/m³,20.0073285,73.7762427,,0.237,,16.9,16.0,74.3,,4.34
5592,Gangapur Road,2025-07-18,25.9,µg/m³,20.0073285,73.7762427,,0.228,,21.7,20.3,61.9,,4.59
5592,Gangapur Road,2025-07-19,22.1,µg/m³,20.0073285,73.7762427,,0.233,,21.4,17.7,52.2,,4.28
5592,Gangapur Road,2025-07-20,30.9,µg/m³,20.0073285,73.7762427,,0.236,,14.7,17.9,54.8,,4.36
5592,Gangapur Road,2025-07-21,16.4,µg/m³,20.0073285,73.7762427,,0.23,,15.2,20.3,40.2,,6.16
5592,Gangapur Road,2025-07-22,17.2,µg/m³,20.0073285,73.7762427,,0.229,,44.9,18.5,32.1,,3.88
5592,Gangapur Road,2025-07-23,17.2,µg/m³,20.0073285,73.7762427,,0.227,,22.9,17.2,29.8,,4.01
5592,Gangapur Road,2025-07-24,11.2,µg/m³,20.0073285,73.7762427,,0.227,,6.9,18.7,24.0,,4.33
5592,Gangapur Road,2025-07-25,7.75,µg/m³,20.0073285,73.7762427,,0.225,,12.0,14.7,17.5,,4.5
5592,Gangapur Road,2025-07-26,8.79,µg/m³,20.0073285,73.7762427,,0.228,,14.2,14.5,15.6,,4.09
5592,Gangapur Road,2025-07-27,13.3,µg/m³,20.0073285,73.7762427,,0.23,,14.8,14.8,25.5,,3.93
5592,Gangapur Road,2025-07-28,10.7,µg/m³,20.0073285,73.7762427,,0.228,,15.4,17.0,19.3,,4.25
5592,Gangapur Road,2025-07-29,12.5,µg/m³,20.0073285,73.7762427,,0.229,,12.4,17.5,23.8,,4.5
5592,Gangapur Road,2025-07-30,14.7,µg/m³,20.0073285,73.7762427,,0.225,,16.2,17.4,28.0,,3.98
5592,Gangapur Road,2025-07-31,20.3,µg/m³,20.0073285,73.7762427,,0.227,,23.2,17.9,45.6,,4.16
5592,Gangapur Road,2025-08-01,17.5,µg/m³,20.0073285,73.7762427,,0.22,,18.3,15.4,37.3,,4.09
5592,Gangapur Road,2025-08-02,13.0,µg/m³,20.0073285,73.7762427,,0.233,,15.6,14.0,35.0,,4.5
5592,Gangapur Road,2025-08-03,8.9,µg/m³,20.0073285,73.7762427,,0.232,,95.3,15.1,17.1,,4.41
5592,Gangapur Road,2025-08-04,17.6,µg/m³,20.0073285,73.7762427,,0.223,,10.7,20.2,44.6,,8.35
5592,Gangapur Road,2025-08-05,10.7,µg/m³,20.0073285,73.7762427,,0.228,,9.27,16.6,49.8,,4.21
5592,Gangapur Road,2025-08-06,12.4,µg/m³,20.0073285,73.7762427,,0.228,,9.68,16.8,50.6,,4.24
5592,Gangapur Road,2025-08-07,12.3,µg/m³,20.0073285,73.7762427,,0.229,,10.8,19.1,49.4,,4.2
5592,Gangapur Road,2025-08-08,12.5,µg/m³,20.0073285,73.7762427,,0.23,,15.3,15.6,45.9,,3.51
5592,Gangapur Road,2025-08-09,11.7,µg/m³,20.0073285,73.7762427,,0.228,,17.5,14.6,35.7,,4.03
5592,Gangapur Road,2025-08-10,12.1,µg/m³,20.0073285,73.7762427,,0.224,,9.13,14.6,36.1,,4.86
5592,Gangapur Road,2025-08-11,9.77,µg/m³,20.0073285,73.7762427,,0.224,,10.7,14.5,44.0,,4.06
5592,Gangapur Road,2025-08-12,14.1,µg/m³,20.0073285,73.7762427,,0.224,,12.1,14.6,47.8,,4.31
5592,Gangapur Road,2025-08-13,8.62,µg/m³,20.0073285,73.7762427,,0.223,,13.1,14.5,28.4,,4.42
5592,Gangapur Road,2025-08-14,7.56,µg/m³,20.0073285,73.7762427,,0.226,,12.0,17.4,29.4,,4.05
5592,Gangapur Road,2025-08-15,6.9,µg/m³,20.0073285,73.7762427,,0.227,,12.3,18.8,22.8,,4.59
5592,Gangapur Road,2025-08-16,7.51,µg/m³,20.0073285,73.7762427,,0.226,,15.0,18.8,14.8,,3.83
5592,Gangapur Road,2025-08-17,5.21,µg/m³,20.0073285,73.7762427,,0.227,,14.2,18.8,17.4,,4.23
5592,Gangapur Road,2025-08-18,3.44,µg/m³,20.0073285,73.7762427,,0.228,,20.7,18.4,15.1,,4.52
5592,Gangapur Road,2025-08-19,5.54,µg/m³,20.0073285,73.7762427,,0.226,,12.3,17.7,9.83,,3.84
5592,Gangapur Road,2025-08-20,7.9,µg/m³,20.0073285,73.7762427,,0.229,,4.28,14.9,18.3,,6.78
5592,Gangapur Road,2025-08-21,7.97,µg/m³,20.0073285,73.7762427,,0.23,,4.27,17.3,16.3,,6.5
5592,Gangapur Road,2025-08-22,14.0,µg/m³,20.0073285,73.7762427,,0.232,,4.28,19.5,26.3,,6.36
5592,Gangapur Road,2025-08-23,15.2,µg/m³,20.0073285,73.7762427,,0.229,,4.27,19.4,23.4,,6.85
5592,Gangapur Road,2025-08-24,16.9,µg/m³,20.0073285,73.7762427,,0.226,,4.28,18.8,26.6,,6.49
5592,Gangapur Road,2025-08-25,13.2,µg/m³,20.0073285,73.7762427,,0.231,,4.27,16.9,19.5,,7.15
5592,Gangapur Road,2025-08-26,12.3,µg/m³,20.0073285,73.7762427,,0.226,,4.28,16.8,18.9,,6.97
5592,Gangapur Road,2025-08-27,11.2,µg/m³,20.0073285,73.7762427,,0.226,,4.27,19.7,19.4,,6.69
5592,Gangapur Road,2025-08-28,18.7,µg/m³,20.0073285,73.7762427,,0.229,,4.27,20.6,34.0,,6.39
5592,Gangapur Road,2025-08-29,17.5,µg/m³,20.0073285,73.7762427,,0.225,,4.28,16.9,31.7,,6.45
5592,Gangapur Road,2025-08-30,19.8,µg/m³,20.0073285,73.7762427,,0.229,,4.28,16.9,34.1,,6.84
5592,Gangapur Road,2025-08-31,19.8,µg/m³,20.0073285,73.7762427,,0.226,,4.28,16.3,34.1,,6.83
5592,Gangapur Road,2025-09-01,16.0,µg/m³,20.0073285,73.7762427,,0.235,,4.27,16.1,27.1,,7.53
5592,Gangapur Road,2025-09-02,20.3,µg/m³,20.0073285,73.7762427,,0.229,,4.28,18.5,36.3,,6.53
5592,Gangapur Road,2025-09-03,24.0,µg/m³,20.0073285,73.7762427,,0.228,,4.27,18.8,48.1,,7.62
5592,Gangapur Road,2025-09-04,16.2,µg/m³,20.0073285,73.7762427,,0.232,,4.27,14.4,31.6,,6.75
5592,Gangapur Road,2025-09-05,14.9,µg/m³,20.0073285,73.7762427,,0.23,,4.27,17.7,29.0,,5.29
5592,Gangapur Road,2025-09-06,12.6,µg/m³,20.0073285,73.7762427,,0.23,,4.28,16.5,23.9,,4.3
5592,Gangapur Road,2025-09-07,10.6,µg/m³,20.0073285,73.7762427,,0.232,,4.28,16.8,19.8,,4.06
5592,Gangapur Road,2025-09-08,24.9,µg/m³,20.0073285,73.7762427,,0.225,,4.27,18.7,50.1,,4.16
5592,Gangapur Road,2025-09-09,31.0,µg/m³,20.0073285,73.7762427,,0.229,,4.28,21.3,62.8,,3.92
5592,Gangapur Road,2025-09-10,26.8,µg/m³,20.0073285,73.7762427,,0.198,,4.27,20.8,54.1,,3.84
5592,Gangapur Road,2025-09-11,30.4,µg/m³,20.0073285,73.7762427,,0.179,,4.27,20.8,55.6,,4.89
5592,Gangapur Road,2025-09-12,24.7,µg/m³,20.0073285,73.7762427,,0.181,,4.27,22.3,43.9,,3.66
5592,Gangapur Road,2025-09-13,25.5,µg/m³,20.0073285,73.7762427,,0.179,,4.26,22.4,45.3,,4.25
5592,Gangapur Road,2025-09-14,24.3,µg/m³,20.0073285,73.7762427,,0.178,,4.27,22.5,43.1,,3.82
5592,Gangapur Road,2025-09-15,25.5,µg/m³,20.0073285,73.7762427,,0.176,,4.26,16.8,45.4,,3.69
5592,Gangapur Road,2025-09-16,17.8,µg/m³,20.0073285,73.7762427,,0.174,,4.27,15.8,31.0,,3.58
5592,Gangapur Road,2025-09-17,12.9,µg/m³,20.0073285,73.7762427,,0.173,,4.27,17.7,21.9,,16.3
5592,Gangapur Road,2025-09-18,12.6,µg/m³,20.0073285,73.7762427,,0.177,,4.28,17.7,21.3,,1.82
5592,Gangapur Road,2025-09-19,12.3,µg/m³,20.0073285,73.7762427,,0.174,,4.27,12.4,20.7,,2.48
5592,Gangapur Road,2025-09-20,11.3,µg/m³,20.0073285,73.7762427,,0.175,,4.21,10.4,18.8,,1.98
5592,Gangapur Road,2025-09-21,15.8,µg/m³,20.0073285,73.7762427,,0.187,,4.27,12.4,27.3,,1.93
5592,Gangapur Road,2025-09-22,16.4,µg/m³,20.0073285,73.7762427,,0.228,,4.27,17.0,28.4,,2.24
5592,Gangapur Road,2025-09-23,9.96,µg/m³,20.0073285,73.7762427,,0.185,,4.28,15.3,18.1,,2.31
5592,Gangapur Road,2025-09-24,13.2,µg/m³,20.0073285,73.7762427,,0.17,,4.26,20.7,27.6,,2.04
5592,Gangapur Road,2025-09-25,12.6,µg/m³,20.0073285,73.7762427,,0.205,,4.28,19.9,26.2,,1.65
5592,Gangapur Road,2025-09-26,14.9,µg/m³,20.0073285,73.7762427,,0.208,,4.27,14.0,31.6,,2.41
5592,Gangapur Road,2025-09-27,18.6,µg/m³,20.0073285,73.7762427,,0.219,,4.27,13.9,40.0,,1.81
5592,Gangapur Road,2025-09-28,8.16,µg/m³,20.0073285,73.7762427,,0.197,,4.26,13.7,15.9,,2.06
5592,Gangapur Road,2025-09-29,10.9,µg/m³,20.0073285,73.7762427,,0.187,,4.27,12.8,22.3,,1.83
5592,Gangapur Road,2025-09-30,15.3,µg/m³,20.0073285,73.7762427,,0.186,,4.27,12.4,32.3,,2.08
5592,Gangapur Road,2025-10-01,20.5,µg/m³,20.0073285,73.7762427,,0.187,,4.28,12.4,44.4,,1.99
5592,Gangapur Road,2025-10-02,17.6,µg/m³,20.0073285,73.7762427,,0.185,,4.27,12.4,37.7,,2.04
5592,Gangapur Road,2025-10-03,20.5,µg/m³,20.0073285,73.7762427,,0.185,,4.26,12.4,44.4,,2.66
5592,Gangapur Road,2025-10-04,19.4,µg/m³,20.0073285,73.7762427,,0.184,,4.27,12.3,41.8,,2.36
5592,Gangapur Road,2025-10-05,17.7,µg/m³,20.0073285,73.7762427,,0.185,,4.28,12.2,37.9,,2.17
5592,Gangapur Road,2025-10-06,25.8,µg/m³,20.0073285,73.7762427,,0.182,,4.28,12.3,56.6,,2.39
5592,Gangapur Road,2025-10-07,17.4,µg/m³,20.0073285,73.7762427,,0.185,,4.27,12.3,37.3,,2.14
5592,Gangapur Road,2025-10-08,30.8,µg/m³,20.0073285,73.7762427,,0.185,,4.27,12.4,68.2,,2.49
5592,Gangapur Road,2025-10-09,48.1,µg/m³,20.0073285,73.7762427,,0.193,,4.28,13.3,108.0,,2.49
5592,Gangapur Road,2025-10-10,56.6,µg/m³,20.0073285,73.7762427,,0.225,,4.27,13.3,128.0,,2.42
5592,Gangapur Road,2025-10-11,58.9,µg/m³,20.0073285,73.7762427,,0.224,,4.28,14.4,133.0,,2.53
5592,Gangapur Road,2025-10-12,54.2,µg/m³,20.0073285,73.7762427,,0.223,,4.27,14.3,122.0,,2.58
5592,Gangapur Road,2025-10-13,46.8,µg/m³,20.0073285,73.7762427,,0.27,,4.27,19.1,105.0,,2.46
5592,Gangapur Road,2025-10-14,57.2,µg/m³,20.0073285,73.7762427,,0.362,,4.28,17.2,129.0,,2.93
5592,Gangapur Road,2025-10-15,47.2,µg/m³,20.0073285,73.7762427,,0.319,,4.28,8.57,106.0,,3.31
5592,Gangapur Road,2025-10-16,29.2,µg/m³,20.0073285,73.7762427,,0.309,,4.32,7.8,64.4,,4.67
5592,Gangapur Road,2025-10-17,37.7,µg/m³,20.0073285,73.7762427,,0.241,,5.85,11.8,84.1,,4.49
5592,Gangapur Road,2025-10-18,39.4,µg/m³,20.0073285,73.7762427,,0.335,,5.86,11.4,87.9,,4.17
5592,Gangapur Road,2025-10-19,47.4,µg/m³,20.0073285,73.7762427,,0.604,,5.84,22.8,106.0,,4.4
5592,Gangapur Road,2025-10-20,56.5,µg/m³,20.0073285,73.7762427,,0.428,,5.85,35.2,124.0,,4.09
5592,Gangapur Road,2025-10-21,95.2,µg/m³,20.0073285,73.7762427,,0.486,,5.84,34.8,138.0,,4.07
5592,Gangapur Road,2025-10-22,29.4,µg/m³,20.0073285,73.7762427,,0.523,,5.83,41.8,69.1,,4.32
5592,Gangapur Road,2025-10-23,29.5,µg/m³,20.0073285,73.7762427,,0.518,,5.84,33.7,57.0,,4.23
5592,Gangapur Road,2025-10-24,21.0,µg/m³,20.0073285,73.7762427,,0.38,,5.87,31.4,45.9,,4.48
5592,Gangapur Road,2025-10-25,10.4,µg/m³,20.0073285,73.7762427,,0.251,,5.88,23.3,25.2,,4.35
5592,Gangapur Road,2025-10-26,5.28,µg/m³,20.0073285,73.7762427,,0.288,,5.83,30.7,13.9,,4.04
5592,Gangapur Road,2025-10-27,7.68,µg/m³,20.0073285,73.7762427,,0.288,,5.84,21.5,20.7,,4.15
5592,Gangapur Road,2025-10-28,9.1,µg/m³,20.0073285,73.7762427,,0.289,,5.85,22.4,41.5,,5.99
5592,Gangapur Road,2025-10-29,15.5,µg/m³,20.0073285,73.7762427,,0.355,,5.83,17.5,33.2,,4.42
5592,Gangapur Road,2025-10-30,26.2,µg/m³,20.0073285,73.7762427,,0.336,,5.85,17.2,47.0,,4.39
5592,Gangapur Road,2025-10-31,16.6,µg/m³,20.0073285,73.7762427,,0.266,,5.82,19.6,48.9,,4.27
5592,Gangapur Road,2025-11-01,11.5,µg/m³,20.0073285,73.7762427,,0.247,,5.87,20.8,22.2,,4.5
5592,Gangapur Road,2025-11-02,11.4,µg/m³,20.0073285,73.7762427,,0.248,,5.82,26.1,21.3,,4.0
5592,Gangapur Road,2025-11-03,8.84,µg/m³,20.0073285,73.7762427,,0.326,,5.84,17.9,22.7,,3.82
5592,Gangapur Road,2025-11-04,12.1,µg/m³,20.0073285,73.7762427,,0.349,,5.83,14.0,29.2,,4.75
5592,Gangapur Road,2025-11-05,16.5,µg/m³,20.0073285,73.7762427,,0.265,,5.84,21.8,40.1,,4.13
5592,Gangapur Road,2025-11-06,29.1,µg/m³,20.0073285,73.7762427,,0.294,,5.83,21.2,95.9,,5.1
5592,Gangapur Road,2025-11-07,39.0,µg/m³,20.0073285,73.7762427,,0.305,,5.86,26.4,103.0,,5.58
5592,Gangapur Road,2025-11-08,44.1,µg/m³,20.0073285,73.7762427,,0.307,,5.83,31.9,94.4,,6.52
5592,Gangapur Road,2025-11-11,43.6,µg/m³,20.0073285,73.7762427,,0.485,,5.9,28.6,80.5,,4.52
5592,Gangapur Road,2025-11-12,108.0,µg/m³,20.0073285,73.7762427,,0.548,,5.84,10.8,228.0,,1.77
5592,Gangapur Road,2025-11-13,73.6,µg/m³,20.0073285,73.7762427,,0.621,,5.84,16.3,125.0,,19.8
5592,Gangapur Road,2025-11-14,82.3,µg/m³,20.0073285,73.7762427,,0.643,,5.84,11.7,151.0,,7.46
5592,Gangapur Road,2025-11-15,66.5,µg/m³,20.0073285,73.7762427,,0.642,,5.84,11.9,115.0,,9.13
5592,Gangapur Road,2025-11-16,65.4,µg/m³,20.0073285,73.7762427,,0.648,,5.85,11.8,111.0,,8.19
5592,Gangapur Road,2025-11-17,75.5,µg/m³,20.0073285,73.7762427,,0.645,,5.37,12.0,126.0,,7.66
5592,Gangapur Road,2025-11-18,79.3,µg/m³,20.0073285,73.7762427,,0.652,,3.85,12.0,132.0,,9.12
5592,Gangapur Road,2025-11-19,89.0,µg/m³,20.0073285,73.7762427,,0.652,,3.86,12.1,150.0,,9.66
5592,Gangapur Road,2025-11-20,109.0,µg/m³,20.0073285,73.7762427,,0.651,,3.86,12.4,172.0,,12.5
5592,Gangapur Road,2025-11-21,94.6,µg/m³,20.0073285,73.7762427,,0.636,,3.85,11.7,160.0,,3.04
5592,Gangapur Road,2025-11-22,68.0,µg/m³,20.0073285,73.7762427,,0.65,,3.85,11.8,119.0,,-0.785
5592,Gangapur Road,2025-11-23,39.1,µg/m³,20.0073285,73.7762427,,0.652,,3.84,11.7,65.8,,0.723
5592,Gangapur Road,2025-11-24,43.4,µg/m³,20.0073285,73.7762427,,0.646,,3.85,11.9,104.0,,9.31
5592,Gangapur Road,2025-11-25,53.3,µg/m³,20.0073285,73.7762427,,0.585,,3.85,18.3,104.0,,21.7
5592,Gangapur Road,2025-11-26,42.6,µg/m³,20.0073285,73.7762427,,0.549,,3.86,22.3,94.4,,22.7
5592,Gangapur Road,2025-11-27,55.0,µg/m³,20.0073285,73.7762427,,0.478,,3.85,30.7,118.0,,24.3
5592,Gangapur Road,2025-11-28,67.3,µg/m³,20.0073285,73.7762427,,0.48,,3.84,30.8,138.0,,25.7
5592,Gangapur Road,2025-11-29,51.5,µg/m³,20.0073285,73.7762427,,0.483,,3.86,30.6,105.0,,21.6
5592,Gangapur Road,2025-11-30,51.1,µg/m³,20.0073285,73.7762427,,0.484,,3.84,29.7,100.0,,21.8
5592,Gangapur Road,2025-12-01,67.9,µg/m³,20.0073285,73.7762427,,0.481,,3.85,24.7,173.0,,28.5
5592,Gangapur Road,2025-12-02,75.4,µg/m³,20.0073285,73.7762427,,0.488,,3.86,38.5,155.0,,30.7
5592,Gangapur Road,2025-12-03,73.3,µg/m³,20.0073285,73.7762427,,0.624,,3.83,16.5,145.0,,30.1
5592,Gangapur Road,2025-12-04,70.0,µg/m³,20.0073285,73.7762427,,0.59,,3.87,19.3,140.0,,11.7
5592,Gangapur Road,2025-12-05,63.0,µg/m³,20.0073285,73.7762427,,0.657,,3.85,22.8,116.0,,5.99
5592,Gangapur Road,2025-12-06,78.5,µg/m³,20.0073285,73.7762427,,0.431,,3.85,50.7,136.0,,7.77
5592,Gangapur Road,2025-12-07,44.1,µg/m³,20.0073285,73.7762427,,0.493,,3.84,38.5,104.0,,10.0
5592,Gangapur Road,2025-12-08,46.5,µg/m³,20.0073285,73.7762427,,0.602,,3.86,31.5,110.0,,9.98
5592,Gangapur Road,2025-12-09,43.5,µg/m³,20.0073285,73.7762427,,0.512,,3.85,27.5,126.0,,8.47
5592,Gangapur Road,2025-12-10,48.1,µg/m³,20.0073285,73.7762427,,0.564,,3.86,38.4,129.0,,8.14
5592,Gangapur Road,2025-12-11,54.4,µg/m³,20.0073285,73.7762427,,0.54,,3.84,34.5,149.0,,5.2
5592,Gangapur Road,2025-12-12,58.7,µg/m³,20.0073285,73.7762427,,0.524,,3.85,39.0,157.0,,7.73
5592,Gangapur Road,2025-12-13,65.8,µg/m³,20.0073285,73.7762427,,0.616,,3.85,26.3,153.0,,10.7
5592,Gangapur Road,2025-12-14,44.1,µg/m³,20.0073285,73.7762427,,0.799,,3.84,21.3,100.0,,9.93
5592,Gangapur Road,2025-12-15,42.2,µg/m³,20.0073285,73.7762427,,0.648,,3.85,26.0,94.1,,7.28
5592,Gangapur Road,2025-12-16,39.9,µg/m³,20.0073285,73.7762427,,0.57,,3.84,28.4,113.0,,3.89
5592,Gangapur Road,2025-12-17,61.8,µg/m³,20.0073285,73.7762427,,0.506,,3.85,35.0,147.0,,8.18
5592,Gangapur Road,2025-12-18,58.1,µg/m³,20.0073285,73.7762427,,0.563,,3.85,26.7,137.0,,17.5
5592,Gangapur Road,2025-12-19,49.2,µg/m³,20.0073285,73.7762427,,0.759,,3.85,31.8,87.2,,19.6
5592,Gangapur Road,2025-12-20,33.8,µg/m³,20.0073285,73.7762427,,0.623,,3.86,22.0,83.3,,5.71
5592,Gangapur Road,2025-12-21,50.1,µg/m³,20.0073285,73.7762427,,0.691,,3.84,25.0,106.0,,8.92
5592,Gangapur Road,2025-12-22,50.3,µg/m³,20.0073285,73.7762427,,0.674,,3.84,24.0,105.0,,15.4
5592,Gangapur Road,2025-12-23,38.2,µg/m³,20.0073285,73.7762427,,0.644,,3.86,26.4,70.9,,7.2
5592,Gangapur Road,2025-12-24,38.6,µg/m³,20.0073285,73.7762427,,0.561,,3.84,34.0,103.0,,12.3
5592,Gangapur Road,2025-12-25,52.6,µg/m³,20.0073285,73.7762427,,0.614,,3.84,30.0,114.0,,9.45
5592,Gangapur Road,2025-12-26,56.8,µg/m³,20.0073285,73.7762427,,0.579,,3.85,29.9,129.0,,7.35
5592,Gangapur Road,2025-12-27,63.5,µg/m³,20.0073285,73.7762427,,0.473,,3.85,32.6,144.0,,7.84
5592,Gangapur Road,2025-12-28,66.3,µg/m³,20.0073285,73.7762427,,0.572,,3.86,28.0,119.0,,
5592,Gangapur Road,2025-12-29,42.6,µg/m³,20.0073285,73.7762427,,0.52,,3.84,23.8,102.0,,2.96
5592,Gangapur Road,2025-12-30,42.6,µg/m³,20.0073285,73.7762427,,0.567,,3.86,24.8,67.3,,1.92
5592,Gangapur Road,2025-12-31,35.2,µg/m³,20.0073285,73.7762427,,0.497,,3.86,17.7,74.3,,1.9
3409454,Hirawadi,2025-02-19,44.0,µg/m³,20.021503,73.813844,,0.428,,11.0,40.7,103.0,,13.0
3409454,Hirawadi,2025-02-20,48.3,µg/m³,20.021503,73.813844,,0.504,,13.5,37.4,114.0,,13.0
3409454,Hirawadi,2025-02-21,56.5,µg/m³,20.021503,73.813844,,0.464,,11.9,34.9,129.0,,19.5
3409454,Hirawadi,2025-02-22,60.1,µg/m³,20.021503,73.813844,,0.47,,11.5,30.9,131.0,,3.55
3409454,Hirawadi,2025-02-23,61.5,µg/m³,20.021503,73.813844,,0.399,,11.9,44.0,138.0,,12.4
3409454,Hirawadi,2025-02-24,64.8,µg/m³,20.021503,73.813844,,0.552,,13.1,36.4,135.0,,11.2
3409454,Hirawadi,2025-02-25,59.6,µg/m³,20.021503,73.813844,,0.576,,13.0,40.7,144.0,,19.1
3409454,Hirawadi,2025-02-26,73.5,µg/m³,20.021503,73.813844,,0.498,,14.1,49.3,155.0,,17.0
3409454,Hirawadi,2025-02-27,69.4,µg/m³,20.021503,73.813844,,0.474,,10.6,53.9,134.0,,22.0
3409454,Hirawadi,2025-02-28,66.6,µg/m³,20.021503,73.813844,,0.631,,14.2,50.2,148.0,,17.2
3409454,Hirawadi,2025-03-01,78.5,µg/m³,20.021503,73.813844,,0.894,,12.5,57.3,169.0,,12.7
3409454,Hirawadi,2025-03-02,55.8,µg/m³,20.021503,73.813844,,0.361,,11.4,45.4,129.0,,15.2
3409454,Hirawadi,2025-03-03,59.4,µg/m³,20.021503,73.813844,,0.35,,10.3,44.0,144.0,,10.8
3409454,Hirawadi,2025-03-04,42.4,µg/m³,20.021503,73.813844,,0.366,,7.7,50.0,118.0,,8.16
3409454,Hirawadi,2025-03-05,51.0,µg/m³,20.021503,73.813844,,0.508,,10.4,43.3,143.0,,11.1
3409454,Hirawadi,2025-03-06,44.6,µg/m³,20.021503,73.813844,,0.488,,12.3,33.0,124.0,,11.7
3409454,Hirawadi,2025-03-07,40.5,µg/m³,20.021503,73.813844,,0.612,,13.7,38.1,124.0,,9.28
3409454,Hirawadi,2025-03-08,49.6,µg/m³,20.021503,73.813844,,0.618,,14.0,41.6,115.0,,16.2
3409454,Hirawadi,2025-03-09,60.0,µg/m³,20.021503,73.813844,,0.725,,14.5,33.7,135.0,,21.8
3409454,Hirawadi,2025-03-10,67.4,µg/m³,20.021503,73.813844,,0.72,,10.5,48.5,138.0,,22.3
3409454,Hirawadi,2025-03-11,83.3,µg/m³,20.021503,73.813844,,0.7,,12.0,47.5,163.0,,26.1
3409454,Hirawadi,2025-03-12,71.8,µg/m³,20.021503,73.813844,,0.699,,8.24,65.2,132.0,,7.77
3409454,Hirawadi,2025-03-13,83.7,µg/m³,20.021503,73.813844,,0.972,,14.2,47.1,158.0,,10.0
3409454,Hirawadi,2025-03-14,50.8,µg/m³,20.021503,73.813844,,0.514,,6.97,48.4,90.4,,6.44
3409454,Hirawadi,2025-03-15,34.8,µg/m³,20.021503,73.813844,,0.37,,5.58,47.0,72.4,,9.4
3409454,Hirawadi,2025-03-16,35.3,µg/m³,20.021503,73.813844,,0.343,,5.08,47.0,73.8,,14.9
3409454,Hirawadi,2025-03-17,41.8,µg/m³,20.021503,73.813844,,0.437,,7.16,38.7,94.5,,10.5
3409454,Hirawadi,2025-03-18,52.5,µg/m³,20.021503,73.813844,,0.574,,7.97,47.4,121.0,,20.9
3409454,Hirawadi,2025-03-19,53.8,µg/m³,20.021503,73.813844,,0.447,,5.5,56.5,101.0,,21.7
3409454,Hirawadi,2025-03-20,38.7,µg/m³,20.021503,73.813844,,0.402,,5.85,47.7,87.4,,16.6
3409454,Hirawadi,2025-03-21,34.8,µg/m³,20.021503,73.813844,,0.304,,4.34,49.4,88.1,,16.0
3409454,Hirawadi,2025-03-22,39.9,µg/m³,20.021503,73.813844,,0.409,,6.77,50.8,98.7,,18.0
3409454,Hirawadi,2025-03-23,52.7,µg/m³,20.021503,73.813844,,0.517,,11.3,50.9,134.0,,17.2
3409454,Hirawadi,2025-03-24,55.6,µg/m³,20.021503,73.813844,,0.494,,11.9,51.9,144.0,,10.3
3409454,Hirawadi,2025-03-25,64.4,µg/m³,20.021503,73.813844,,0.497,,9.19,68.1,140.0,,11.1
3409454,Hirawadi,2025-03-26,57.4,µg/m³,20.021503,73.813844,,0.452,,4.34,60.4,113.0,,13.3
3409454,Hirawadi,2025-03-27,31.0,µg/m³,20.021503,73.813844,,0.234,,3.52,45.9,73.1,,8.85
3409454,Hirawadi,2025-03-28,40.4,µg/m³,20.021503,73.813844,,0.585,,6.99,40.2,96.4,,11.6
3409454,Hirawadi,2025-03-29,53.7,µg/m³,20.021503,73.813844,,0.479,,11.4,47.1,133.0,,8.64
3409454,Hirawadi,2025-03-30,62.7,µg/m³,20.021503,73.813844,,0.536,,10.6,49.8,134.0,,15.5
3409454,Hirawadi,2025-03-31,61.0,µg/m³,20.021503,73.813844,,0.598,,8.63,59.3,126.0,,11.9
3409454,Hirawadi,2025-04-01,71.4,µg/m³,20.021503,73.813844,,0.838,,14.6,38.2,150.0,,15.5
3409454,Hirawadi,2025-04-02,62.9,µg/m³,20.021503,73.813844,,0.698,,12.4,41.3,118.0,,19.4
3409454,Hirawadi,2025-04-03,66.5,µg/m³,20.021503,73.813844,,0.654,,11.9,47.1,117.0,,6.92
3409454,Hirawadi,2025-04-04,53.1,µg/m³,20.021503,73.813844,,0.537,,9.37,40.2,114.0,,7.77
3409454,Hirawadi,2025-04-05,44.5,µg/m³,20.021503,73.813844,,0.582,,11.1,40.5,121.0,,11.6
3409454,Hirawadi,2025-04-06,44.9,µg/m³,20.021503,73.813844,,0.462,,10.8,35.0,130.0,,7.91
3409454,Hirawadi,2025-04-07,44.1,µg/m³,20.021503,73.813844,,0.489,,9.44,45.7,124.0,,14.4
3409454,Hirawadi,2025-04-08,44.2,µg/m³,20.021503,73.813844,,0.462,,8.39,44.1,120.0,,10.9
3409454,Hirawadi,2025-04-09,46.0,µg/m³,20.021503,73.813844,,0.467,,9.99,27.6,126.0,,10.4
3409454,Hirawadi,2025-04-11,34.5,µg/m³,20.021503,73.813844,,0.438,,6.46,25.9,98.6,,6.1
3409454,Hirawadi,2025-04-12,30.7,µg/m³,20.021503,73.813844,,0.381,,4.28,21.5,68.1,,10.8
3409454,Hirawadi,2025-04-18,34.7,µg/m³,20.021503,73.813844,,0.452,,6.76,30.0,104.0,,9.35
3409454,Hirawadi,2025-04-19,30.8,µg/m³,20.021503,73.813844,,0.279,,4.43,43.9,79.8,,10.2
3409454,Hirawadi,2025-04-20,38.6,µg/m³,20.021503,73.813844,,0.239,,4.58,39.2,132.0,,7.62
3409454,Hirawadi,2025-04-21,36.9,µg/m³,20.021503,73.813844,,0.282,,4.29,42.8,115.0,,8.82
3409454,Hirawadi,2025-04-22,48.7,µg/m³,20.021503,73.813844,,0.345,,5.08,47.2,140.0,,10.7
3409454,Hirawadi,2025-04-23,48.8,µg/m³,20.021503,73.813844,,0.333,,6.63,47.5,121.0,,11.6
3409454,Hirawadi,2025-04-24,54.1,µg/m³,20.021503,73.813844,,0.367,,4.97,50.2,118.0,,15.5
3409454,Hirawadi,2025-04-25,51.6,µg/m³,20.021503,73.813844,,0.467,,6.3,41.9,116.0,,9.87
3409454,Hirawadi,2025-04-26,41.3,µg/m³,20.021503,73.813844,,0.321,,4.7,46.3,104.0,,5.0
3409454,Hirawadi,2025-04-27,37.0,µg/m³,20.021503,73.813844,,0.277,,5.36,40.4,113.0,,6.94
3409454,Hirawadi,2025-04-28,49.6,µg/m³,20.021503,73.813844,,0.489,,5.98,49.0,139.0,,9.2
3409454,Hirawadi,2025-04-29,47.2,µg/m³,20.021503,73.813844,,0.373,,5.43,41.7,128.0,,6.91
3409454,Hirawadi,2025-04-30,34.7,µg/m³,20.021503,73.813844,,0.328,,4.75,37.0,100.0,,5.81
3409454,Hirawadi,2025-05-01,33.3,µg/m³,20.021503,73.813844,,0.332,,4.84,39.1,90.6,,5.06
3409454,Hirawadi,2025-05-02,28.4,µg/m³,20.021503,73.813844,,0.333,,5.08,43.3,84.1,,6.52
3409454,Hirawadi,2025-05-03,23.4,µg/m³,20.021503,73.813844,,0.253,,3.34,43.1,72.2,,7.85
3409454,Hirawadi,2025-05-04,26.3,µg/m³,20.021503,73.813844,,0.324,,3.33,34.7,73.2,,6.59
3409454,Hirawadi,2025-05-05,29.5,µg/m³,20.021503,73.813844,,0.313,,2.88,36.8,80.5,,4.7
3409454,Hirawadi,2025-05-06,28.0,µg/m³,20.021503,73.813844,,0.317,,2.92,30.8,82.6,,5.19
3409454,Hirawadi,2025-05-07,16.4,µg/m³,20.021503,73.813844,,0.403,,6.36,34.0,46.8,,20.7
3409454,Hirawadi,2025-05-08,17.5,µg/m³,20.021503,73.813844,,0.31,,4.94,35.7,39.7,,6.69
3409454,Hirawadi,2025-05-09,17.8,µg/m³,20.021503,73.813844,,0.28,,6.25,36.1,74.2,,5.56
3409454,Hirawadi,2025-05-10,17.8,µg/m³,20.021503,73.813844,,0.267,,5.88,38.9,51.0,,6.04
3409454,Hirawadi,2025-05-11,15.0,µg/m³,20.021503,73.813844,,0.313,,6.61,32.4,42.6,,4.77
3409454,Hirawadi,2025-05-12,24.4,µg/m³,20.021503,73.813844,,0.411,,7.31,31.4,54.0,,3.35
3409454,Hirawadi,2025-05-13,29.3,µg/m³,20.021503,73.813844,,0.485,,9.23,33.6,59.0,,4.24
3409454,Hirawadi,2025-05-14,26.3,µg/m³,20.021503,73.813844,,0.405,,7.61,30.4,65.4,,1.58
3409454,Hirawadi,2025-05-15,25.9,µg/m³,20.021503,73.813844,,0.445,,8.31,30.0,70.0,,1.96
3409454,Hirawadi,2025-05-16,24.4,µg/m³,20.021503,73.813844,,0.453,,7.36,29.9,68.5,,1.24
3409454,Hirawadi,2025-05-17,21.6,µg/m³,20.021503,73.813844,,0.375,,4.73,22.0,54.4,,2.04
3409454,Hirawadi,2025-05-18,22.2,µg/m³,20.021503,73.813844,,0.358,,3.57,32.3,63.8,,1.94
3409454,Hirawadi,2025-05-19,27.3,µg/m³,20.021503,73.813844,,0.491,,6.16,31.0,79.6,,2.06
3409454,Hirawadi,2025-05-20,32.5,µg/m³,20.021503,73.813844,,0.473,,3.42,41.8,73.5,,1.22
3409454,Hirawadi,2025-05-21,29.9,µg/m³,20.021503,73.813844,,0.566,,7.45,45.5,78.2,,3.0
3409454,Hirawadi,2025-05-22,18.0,µg/m³,20.021503,73.813844,,0.548,,6.93,35.7,46.4,,1.16
3409454,Hirawadi,2025-05-23,25.4,µg/m³,20.021503,73.813844,,0.593,,7.86,26.7,66.4,,1.82
3409454,Hirawadi,2025-05-24,26.6,µg/m³,20.021503,73.813844,,0.542,,6.66,35.0,63.6,,2.69
3409454,Hirawadi,2025-05-25,37.6,µg/m³,20.021503,73.813844,,0.516,,2.79,26.7,85.7,,4.23
3409454,Hirawadi,2025-05-26,35.1,µg/m³,20.021503,73.813844,,0.566,,2.64,40.1,86.4,,3.04
3409454,Hirawadi,2025-05-27,32.4,µg/m³,20.021503,73.813844,,0.555,,3.71,36.4,62.0,,3.02
3409454,Hirawadi,2025-05-28,19.3,µg/m³,20.021503,73.813844,,0.542,,4.19,23.0,50.5,,4.32
3409454,Hirawadi,2025-05-29,32.4,µg/m³,20.021503,73.813844,,0.516,,2.19,23.2,99.3,,3.24
3409454,Hirawadi,2025-05-30,37.8,µg/m³,20.021503,73.813844,,0.51,,2.31,26.1,119.0,,4.94
3409454,Hirawadi,2025-05-31,33.6,µg/m³,20.021503,73.813844,,0.521,,2.26,26.8,97.6,,4.59
3409454,Hirawadi,2025-06-01,33.0,µg/m³,20.021503,73.813844,,0.554,,3.06,25.6,77.5,,4.28
3409454,Hirawadi,2025-06-02,32.5,µg/m³,20.021503,73.813844,,0.554,,2.64,25.8,92.4,,5.78
3409454,Hirawadi,2025-06-03,38.6,µg/m³,20.021503,73.813844,,0.533,,2.29,26.4,90.9,,3.47
3409454,Hirawadi,2025-06-04,30.5,µg/m³,20.021503,73.813844,,0.587,,3.73,28.2,78.2,,7.1
3409454,Hirawadi,2025-06-05,39.0,µg/m³,20.021503,73.813844,,0.664,,5.73,25.7,104.0,,6.05
3409454,Hirawadi,2025-06-06,28.1,µg/m³,20.021503,73.813844,,0.885,,3.66,37.8,63.6,,12.9
3409454,Hirawadi,2025-06-07,23.8,µg/m³,20.021503,73.813844,,0.216,,1.8,24.6,73.1,,4.36
3409454,Hirawadi,2025-06-08,25.2,µg/m³,20.021503,73.813844,,0.207,,1.44,36.7,77.5,,4.69
3409454,Hirawadi,2025-06-09,27.6,µg/m³,20.021503,73.813844,,0.197,,1.69,25.0,79.4,,3.7
3409454,Hirawadi,2025-06-10,20.2,µg/m³,20.021503,73.813844,,0.191,,1.6,25.9,65.1,,3.01
3409454,Hirawadi,2025-06-11,20.9,µg/m³,20.021503,73.813844,,0.266,,2.41,34.9,54.5,,2.87
3409454,Hirawadi,2025-06-12,22.8,µg/m³,20.021503,73.813844,,0.299,,2.92,36.7,58.5,,2.92
3409454,Hirawadi,2025-06-13,23.9,µg/m³,20.021503,73.813844,,0.344,,4.36,28.2,49.9,,3.05
3409454,Hirawadi,2025-06-14,19.9,µg/m³,20.021503,73.813844,,0.404,,5.21,29.8,51.9,,2.05
3409454,Hirawadi,2025-06-15,19.8,µg/m³,20.021503,73.813844,,0.437,,5.37,35.3,42.4,,4.31
3409454,Hirawadi,2025-06-16,12.3,µg/m³,20.021503,73.813844,,0.489,,6.59,26.6,26.0,,2.57
3409454,Hirawadi,2025-06-17,36.9,µg/m³,20.021503,73.813844,,0.353,,3.17,26.6,75.2,,1.09
3409454,Hirawadi,2025-06-18,14.4,µg/m³,20.021503,73.813844,,0.443,,3.55,31.3,32.1,,1.62
3409454,Hirawadi,2025-06-19,12.8,µg/m³,20.021503,73.813844,,0.305,,1.45,24.4,30.9,,2.13
3409454,Hirawadi,2025-06-20,15.7,µg/m³,20.021503,73.813844,,0.367,,2.42,20.2,49.9,,2.09
3409454,Hirawadi,2025-06-21,11.5,µg/m³,20.021503,73.813844,,0.387,,2.31,17.2,35.5,,1.66
3409454,Hirawadi,2025-06-22,15.4,µg/m³,20.021503,73.813844,,0.399,,2.54,19.7,43.9,,1.71
3409454,Hirawadi,2025-06-23,16.6,µg/m³,20.021503,73.813844,,0.447,,2.72,21.4,34.9,,1.65
3409454,Hirawadi,2025-06-24,17.4,µg/m³,20.021503,73.813844,,0.434,,2.2,26.8,46.7,,2.58
3409454,Hirawadi,2025-06-25,19.2,µg/m³,20.021503,73.813844,,0.488,,3.32,23.3,69.4,,2.17
3409454,Hirawadi,2025-06-26,22.1,µg/m³,20.021503,73.813844,,0.583,,5.7,16.6,55.2,,2.51
3409454,Hirawadi,2025-06-27,18.9,µg/m³,20.021503,73.813844,,0.582,,5.01,18.1,59.3,,2.18
3409454,Hirawadi,2025-06-28,22.5,µg/m³,20.021503,73.813844,,0.533,,3.34,26.7,77.7,,2.22
3409454,Hirawadi,2025-06-29,16.5,µg/m³,20.021503,73.813844,,0.496,,2.34,20.9,44.5,,2.48
3409454,Hirawadi,2025-06-30,17.6,µg/m³,20.021503,73.813844,,0.508,,2.23,21.0,53.4,,2.89
3409454,Hirawadi,2025-07-01,13.6,µg/m³,20.021503,73.813844,,0.542,,2.74,16.9,35.3,,2.48
3409454,Hirawadi,2025-07-02,11.7,µg/m³,20.021503,73.813844,,0.557,,2.31,17.0,37.4,,4.08
3409454,Hirawadi,2025-07-03,12.8,µg/m³,20.021503,73.813844,,0.592,,2.79,17.9,33.5,,3.7
3409454,Hirawadi,2025-07-04,11.1,µg/m³,20.021503,73.813844,,0.576,,2.21,20.3,36.5,,4.37
3409454,Hirawadi,2025-07-05,10.7,µg/m³,20.021503,73.813844,,0.63,,3.15,16.7,28.3,,4.82
3409454,Hirawadi,2025-07-06,11.7,µg/m³,20.021503,73.813844,,0.634,,2.51,20.1,27.7,,4.15
3409454,Hirawadi,2025-07-07,17.7,µg/m³,20.021503,73.813844,,0.554,,7.82,25.4,40.2,,12.7
3409454,Hirawadi,2025-07-08,24.0,µg/m³,20.021503,73.813844,,0.386,,6.31,12.5,64.9,,1.17
3409454,Hirawadi,2025-07-09,35.7,µg/m³,20.021503,73.813844,,0.309,,3.77,16.8,72.8,,1.52
3409454,Hirawadi,2025-07-10,29.4,µg/m³,20.021503,73.813844,,0.298,,3.79,16.7,77.6,,1.69
3409454,Hirawadi,2025-07-11,24.5,µg/m³,20.021503,73.813844,,0.268,,2.18,18.9,68.2,,1.87
3409454,Hirawadi,2025-07-12,22.2,µg/m³,20.021503,73.813844,,0.264,,2.14,20.2,55.6,,1.78
3409454,Hirawadi,2025-07-13,15.6,µg/m³,20.021503,73.813844,,0.285,,1.92,20.4,46.6,,2.01
3409454,Hirawadi,2025-07-14,12.0,µg/m³,20.021503,73.813844,,0.372,,3.91,17.1,29.9,,1.75
3409454,Hirawadi,2025-07-15,20.2,µg/m³,20.021503,73.813844,,0.31,,1.7,18.1,47.7,,1.79
3409454,Hirawadi,2025-07-16,24.8,µg/m³,20.021503,73.813844,,0.294,,0.912,19.7,80.4,,1.78
3409454,Hirawadi,2025-07-17,31.5,µg/m³,20.021503,73.813844,,0.322,,1.7,19.0,103.0,,1.86
3409454,Hirawadi,2025-07-18,26.5,µg/m³,20.021503,73.813844,,0.334,,1.9,18.5,90.1,,2.58
3409454,Hirawadi,2025-07-19,24.2,µg/m³,20.021503,73.813844,,0.371,,2.4,18.4,81.2,,2.33
3409454,Hirawadi,2025-07-20,19.7,µg/m³,20.021503,73.813844,,0.395,,3.12,17.7,65.8,,2.62
3409454,Hirawadi,2025-07-21,13.6,µg/m³,20.021503,73.813844,,0.411,,2.8,18.1,38.6,,2.82
3409454,Hirawadi,2025-07-22,11.3,µg/m³,20.021503,73.813844,,0.382,,1.85,19.8,33.2,,2.92
3409454,Hirawadi,2025-07-23,13.1,µg/m³,20.021503,73.813844,,0.415,,1.66,20.8,35.8,,2.45
3409454,Hirawadi,2025-07-24,19.2,µg/m³,20.021503,73.813844,,0.465,,2.29,18.5,43.3,,2.7
3409454,Hirawadi,2025-07-25,10.8,µg/m³,20.021503,73.813844,,0.499,,2.85,14.9,23.9,,2.6
3409454,Hirawadi,2025-07-26,10.1,µg/m³,20.021503,73.813844,,0.453,,1.43,19.6,25.9,,2.59
3409454,Hirawadi,2025-07-27,17.7,µg/m³,20.021503,73.813844,,0.451,,1.5,21.9,45.6,,2.87
3409454,Hirawadi,2025-07-28,16.8,µg/m³,20.021503,73.813844,,0.481,,1.69,21.3,31.5,,2.55
3409454,Hirawadi,2025-07-29,14.6,µg/m³,20.021503,73.813844,,0.484,,1.25,22.8,39.5,,2.36
3409454,Hirawadi,2025-07-30,20.5,µg/m³,20.021503,73.813844,,0.542,,2.27,19.2,46.6,,2.67
3409454,Hirawadi,2025-07-31,23.7,µg/m³,20.021503,73.813844,,0.564,,2.19,19.0,65.9,,2.73
3409454,Hirawadi,2025-08-01,23.9,µg/m³,20.021503,73.813844,,0.568,,2.13,15.8,62.4,,2.48
3409454,Hirawadi,2025-08-02,20.5,µg/m³,20.021503,73.813844,,0.571,,1.69,16.5,56.8,,2.67
3409454,Hirawadi,2025-08-03,17.7,µg/m³,20.021503,73.813844,,0.581,,2.27,17.6,62.5,,2.31
3409454,Hirawadi,2025-08-04,19.5,µg/m³,20.021503,73.813844,,0.591,,2.09,16.7,71.8,,2.43
3409454,Hirawadi,2025-08-05,20.6,µg/m³,20.021503,73.813844,,0.622,,1.99,17.1,66.8,,2.95
3409454,Hirawadi,2025-08-06,21.0,µg/m³,20.021503,73.813844,,0.645,,1.97,16.6,66.5,,2.79
3409454,Hirawadi,2025-08-07,15.8,µg/m³,20.021503,73.813844,,0.563,,1.43,24.3,64.3,,21.1
3409454,Hirawadi,2025-08-08,19.5,µg/m³,20.021503,73.813844,,0.25,,2.29,12.9,63.6,,2.72
3409454,Hirawadi,2025-08-09,23.1,µg/m³,20.021503,73.813844,,0.248,,1.72,14.8,65.8,,1.94
3409454,Hirawadi,2025-08-10,21.7,µg/m³,20.021503,73.813844,,0.175,,1.9,14.0,63.2,,1.6
3409454,Hirawadi,2025-08-11,17.9,µg/m³,20.021503,73.813844,,0.186,,2.09,13.4,49.0,,1.98
3409454,Hirawadi,2025-08-12,15.7,µg/m³,20.021503,73.813844,,0.196,,2.24,14.5,53.4,,1.17
3409454,Hirawadi,2025-08-13,11.0,µg/m³,20.021503,73.813844,,0.216,,3.12,12.6,29.7,,2.34
3409454,Hirawadi,2025-08-14,13.7,µg/m³,20.021503,73.813844,,0.265,,4.3,18.6,38.7,,1.9
3409454,Hirawadi,2025-08-15,9.27,µg/m³,20.021503,73.813844,,0.274,,3.38,18.6,27.2,,1.69
3409454,Hirawadi,2025-08-16,11.6,µg/m³,20.021503,73.813844,,0.161,,3.33,17.3,26.3,,2.53
3409454,Hirawadi,2025-08-17,12.1,µg/m³,20.021503,73.813844,,0.176,,3.3,18.0,26.8,,1.97
3409454,Hirawadi,2025-08-18,13.3,µg/m³,20.021503,73.813844,,0.323,,6.18,15.6,24.7,,1.62
3409454,Hirawadi,2025-08-19,7.81,µg/m³,20.021503,73.813844,,0.236,,3.38,17.8,17.2,,1.97
3409454,Hirawadi,2025-08-20,10.1,µg/m³,20.021503,73.813844,,0.305,,4.89,16.2,16.9,,1.71
3409454,Hirawadi,2025-08-21,10.5,µg/m³,20.021503,73.813844,,0.288,,4.33,14.8,19.5,,1.26
3409454,Hirawadi,2025-08-22,13.8,µg/m³,20.021503,73.813844,,0.2,,2.34,17.8,30.3,,2.74
3409454,Hirawadi,2025-08-23,11.5,µg/m³,20.021503,73.813844,,0.177,,2.75,15.9,28.5,,2.66
3409454,Hirawadi,2025-08-24,14.2,µg/m³,20.021503,73.813844,,0.192,,2.38,18.2,33.1,,1.49
3409454,Hirawadi,2025-08-25,11.7,µg/m³,20.021503,73.813844,,0.205,,3.11,18.2,21.2,,2.88
3409454,Hirawadi,2025-08-26,2.2,µg/m³,20.021503,73.813844,,0.159,,1.99,14.8,19.5,,1.66
3409454,Hirawadi,2025-08-27,5.71,µg/m³,20.021503,73.813844,,0.101,,2.14,14.8,19.2,,2.82
3409454,Hirawadi,2025-08-28,17.6,µg/m³,20.021503,73.813844,,0.184,,2.44,15.0,43.2,,2.17
3409454,Hirawadi,2025-08-29,16.7,µg/m³,20.021503,73.813844,,0.215,,2.68,16.1,35.7,,1.78
3409454,Hirawadi,2025-08-30,17.8,µg/m³,20.021503,73.813844,,0.265,,3.2,16.2,40.8,,2.56
3409454,Hirawadi,2025-08-31,14.7,µg/m³,20.021503,73.813844,,0.216,,2.59,15.1,42.9,,1.52
3409454,Hirawadi,2025-09-02,20.8,µg/m³,20.021503,73.813844,,0.148,,2.41,17.7,39.1,,1.09
3409454,Hirawadi,2025-09-04,11.8,µg/m³,20.021503,73.813844,,0.183,,2.56,21.9,32.0,,0.995
3409454,Hirawadi,2025-09-05,12.5,µg/m³,20.021503,73.813844,,,,,,22.9,,
3409454,Hirawadi,2025-09-11,22.5,µg/m³,20.021503,73.813844,,0.19,,2.1,12.8,92.6,,2.63
3409454,Hirawadi,2025-09-15,31.9,µg/m³,20.021503,73.813844,,0.34,,3.45,29.2,67.3,,3.5
3409454,Hirawadi,2025-09-17,9.25,µg/m³,20.021503,73.813844,,0.27,,0.05,17.1,35.3,,0.0
3409454,Hirawadi,2025-09-18,15.9,µg/m³,20.021503,73.813844,,0.365,,2.3,30.4,41.8,,2.81
3409454,Hirawadi,2025-09-19,9.49,µg/m³,20.021503,73.813844,,0.35,,2.02,24.1,32.6,,1.39
3409454,Hirawadi,2025-09-21,20.8,µg/m³,20.021503,73.813844,,0.39,,1.6,29.1,53.7,,2.44
3409454,Hirawadi,2025-09-22,20.0,µg/m³,20.021503,73.813844,,0.42,,1.52,24.9,54.8,,0.0
3409454,Hirawadi,2025-09-23,12.5,µg/m³,20.021503,73.813844,,0.39,,1.13,19.1,26.6,,0.13
3409454,Hirawadi,2025-09-24,15.1,µg/m³,20.021503,73.813844,,0.455,,0.93,19.3,38.4,,3.41
3409454,Hirawadi,2025-09-25,9.43,µg/m³,20.021503,73.813844,,0.61,,8.63,12.1,40.8,,2.43
3409454,Hirawadi,2025-09-26,14.4,µg/m³,20.021503,73.813844,,0.522,,2.39,18.9,47.1,,2.04
3409454,Hirawadi,2025-09-27,22.4,µg/m³,20.021503,73.813844,,0.543,,2.52,36.6,57.6,,2.25
3409454,Hirawadi,2025-09-28,10.8,µg/m³,20.021503,73.813844,,0.683,,5.17,28.7,17.6,,0.793
3409454,Hirawadi,2025-09-29,8.1,µg/m³,20.021503,73.813844,,0.731,,6.49,28.9,20.3,,0.797
3409454,Hirawadi,2025-09-30,19.6,µg/m³,20.021503,73.813844,,0.56,,2.73,26.9,37.7,,2.54
3409454,Hirawadi,2025-10-01,16.9,µg/m³,20.021503,73.813844,,0.753,,5.15,18.6,48.5,,1.36
3409454,Hirawadi,2025-10-02,11.6,µg/m³,20.021503,73.813844,,0.614,,2.76,21.5,39.2,,1.78
3409454,Hirawadi,2025-10-03,6.73,µg/m³,20.021503,73.813844,,0.785,,5.39,29.7,43.6,,0.015
3409454,Hirawadi,2025-10-04,9.94,µg/m³,20.021503,73.813844,,0.61,,1.11,26.2,47.0,,1.18
3409454,Hirawadi,2025-10-05,12.2,µg/m³,20.021503,73.813844,,0.59,,3.6,6.92,48.7,,0.225
3409454,Hirawadi,2025-10-06,18.3,µg/m³,20.021503,73.813844,,0.72,,1.98,20.2,48.9,,1.78
3409454,Hirawadi,2025-10-08,29.8,µg/m³,20.021503,73.813844,,0.76,,4.49,26.4,84.9,,6.58
3409454,Hirawadi,2025-10-09,53.0,µg/m³,20.021503,73.813844,,0.845,,7.0,31.0,169.0,,7.15
3409454,Hirawadi,2025-10-10,57.0,µg/m³,20.021503,73.813844,,0.827,,4.83,44.6,209.0,,8.52
3409454,Hirawadi,2025-10-11,56.0,µg/m³,20.021503,73.813844,,0.84,,5.44,10.4,230.0,,7.12
3409454,Hirawadi,2025-10-12,54.2,µg/m³,20.021503,73.813844,,0.89,,1.94,30.0,193.0,,8.8
3409454,Hirawadi,2025-10-13,46.9,µg/m³,20.021503,73.813844,,1.65,,21.2,0.7,186.0,,17.0
3409454,Hirawadi,2025-10-14,44.4,µg/m³,20.021503,73.813844,,1.01,,7.48,42.3,104.0,,15.7
3409454,Hirawadi,2025-10-15,50.9,µg/m³,20.021503,73.813844,,1.03,,7.42,34.0,116.0,,15.0
3409454,Hirawadi,2025-10-16,31.3,µg/m³,20.021503,73.813844,,0.983,,6.43,30.8,68.2,,23.5
3409454,Hirawadi,2025-10-17,41.5,µg/m³,20.021503,73.813844,,1.12,,7.99,24.7,81.8,,21.7
3409454,Hirawadi,2025-10-18,54.2,µg/m³,20.021503,73.813844,,0.993,,7.26,26.1,97.2,,25.0
3409454,Hirawadi,2025-10-19,67.3,µg/m³,20.021503,73.813844,,1.16,,8.73,47.7,138.0,,26.0
3409454,Hirawadi,2025-10-20,82.4,µg/m³,20.021503,73.813844,,1.28,,14.2,50.9,173.0,,28.2
3409454,Hirawadi,2025-10-21,79.4,µg/m³,20.021503,73.813844,,1.17,,5.16,58.4,153.0,,27.8
3409454,Hirawadi,2025-10-22,39.0,µg/m³,20.021503,73.813844,,0.988,,3.78,23.9,56.1,,31.3
3409454,Hirawadi,2025-10-23,25.0,µg/m³,20.021503,73.813844,,1.0,,4.53,29.5,55.4,,26.5
3409454,Hirawadi,2025-10-24,26.7,µg/m³,20.021503,73.813844,,1.03,,2.47,30.9,51.4,,27.5
3409454,Hirawadi,2025-10-25,16.3,µg/m³,20.021503,73.813844,,0.98,,2.59,15.3,38.2,,25.5
3409454,Hirawadi,2025-10-26,8.46,µg/m³,20.021503,73.813844,,,,,,21.9,,
3409454,Hirawadi,2025-10-27,17.7,µg/m³,20.021503,73.813844,,1.09,,4.21,15.9,61.7,,8.93
3409454,Hirawadi,2025-10-28,12.6,µg/m³,20.021503,73.813844,,0.638,,3.04,25.3,32.4,,3.45
3409454,Hirawadi,2025-10-29,17.1,µg/m³,20.021503,73.813844,,0.33,,6.88,20.7,63.3,,15.0
3409454,Hirawadi,2025-10-30,35.6,µg/m³,20.021503,73.813844,,0.351,,4.86,28.7,67.2,,5.52
3409454,Hirawadi,2025-10-31,29.1,µg/m³,20.021503,73.813844,,0.405,,7.98,18.2,78.0,,0.675
3409454,Hirawadi,2025-11-01,9.81,µg/m³,20.021503,73.813844,,0.35,,4.92,29.1,22.0,,4.99
3409454,Hirawadi,2025-11-02,16.4,µg/m³,20.021503,73.813844,,0.313,,3.52,27.9,27.0,,4.7
3409454,Hirawadi,2025-11-03,13.3,µg/m³,20.021503,73.813844,,0.3,,2.15,32.3,20.7,,6.1
3409454,Hirawadi,2025-11-04,17.4,µg/m³,20.021503,73.813844,,0.248,,2.8,36.7,48.6,,8.44
3409454,Hirawadi,2025-11-05,22.4,µg/m³,20.021503,73.813844,,0.363,,5.15,25.8,53.1,,8.93
3409454,Hirawadi,2025-11-06,28.0,µg/m³,20.021503,73.813844,,0.485,,9.4,25.4,79.9,,10.9
3409454,Hirawadi,2025-11-07,25.2,µg/m³,20.021503,73.813844,,0.443,,9.83,30.2,79.0,,2.76
3409454,Hirawadi,2025-11-08,49.7,µg/m³,20.021503,73.813844,,0.486,,8.39,45.1,130.0,,10.7
3409454,Hirawadi,2025-11-09,40.9,µg/m³,20.021503,73.813844,,0.465,,8.28,32.3,112.0,,0.225
3409454,Hirawadi,2025-11-10,56.2,µg/m³,20.021503,73.813844,,0.88,,24.0,34.1,138.0,,0.19
3409454,Hirawadi,2025-11-11,62.2,µg/m³,20.021503,73.813844,,1.02,,21.5,43.0,140.0,,3.4
3409454,Hirawadi,2025-11-12,69.7,µg/m³,20.021503,73.813844,,0.935,,20.0,46.5,152.0,,6.99
3409454,Hirawadi,2025-11-13,66.1,µg/m³,20.021503,73.813844,,0.677,,11.6,49.2,122.0,,4.72
3409454,Hirawadi,2025-11-14,73.6,µg/m³,20.021503,73.813844,,0.76,,15.3,65.8,146.0,,20.4
3409454,Hirawadi,2025-11-15,84.9,µg/m³,20.021503,73.813844,,0.818,,16.3,59.7,152.0,,6.78
3409454,Hirawadi,2025-11-16,64.1,µg/m³,20.021503,73.813844,,0.99,,18.4,50.4,137.0,,0.32
3409454,Hirawadi,2025-11-17,68.9,µg/m³,20.021503,73.813844,,0.873,,12.6,63.6,131.0,,9.23
3409454,Hirawadi,2025-11-18,79.7,µg/m³,20.021503,73.813844,,,,,,141.0,,
3409454,Hirawadi,2025-11-19,91.4,µg/m³,20.021503,73.813844,,1.25,,22.9,54.1,159.0,,2.06
3409454,Hirawadi,2025-11-20,93.3,µg/m³,20.021503,73.813844,,0.974,,13.7,74.6,168.0,,14.1
3409454,Hirawadi,2025-11-21,93.5,µg/m³,20.021503,73.813844,,1.28,,21.0,41.0,163.0,,-2.94
3409454,Hirawadi,2025-11-22,85.1,µg/m³,20.021503,73.813844,,1.53,,27.0,6.79,132.0,,0.76
3409454,Hirawadi,2025-11-23,57.8,µg/m³,20.021503,73.813844,,0.947,,14.6,51.5,116.0,,2.97
3409454,Hirawadi,2025-11-24,62.2,µg/m³,20.021503,73.813844,,1.24,,18.7,33.2,129.0,,36.8
3409454,Hirawadi,2025-11-25,49.3,µg/m³,20.021503,73.813844,,0.763,,7.06,46.0,104.0,,9.32
3409454,Hirawadi,2025-11-26,50.2,µg/m³,20.021503,73.813844,,0.908,,10.1,37.1,105.0,,4.7
3409454,Hirawadi,2025-11-27,53.0,µg/m³,20.021503,73.813844,,,,,,118.0,,
3409454,Hirawadi,2025-11-28,87.9,µg/m³,20.021503,73.813844,,1.13,,13.6,46.0,150.0,,2.44
3409454,Hirawadi,2025-11-29,51.2,µg/m³,20.021503,73.813844,,0.893,,10.1,54.6,102.0,,5.57
3409454,Hirawadi,2025-11-30,47.7,µg/m³,20.021503,73.813844,,1.02,,16.5,40.6,96.1,,-0.95
3409454,Hirawadi,2025-12-01,60.9,µg/m³,20.021503,73.813844,,0.875,,10.6,45.7,130.0,,-6.37
3409454,Hirawadi,2025-12-02,61.7,µg/m³,20.021503,73.813844,,0.915,,13.9,41.3,132.0,,7.15
3409454,Hirawadi,2025-12-03,71.6,µg/m³,20.021503,73.813844,,1.01,,11.8,69.0,141.0,,
3409454,Hirawadi,2025-12-04,73.2,µg/m³,20.021503,73.813844,,1.22,,22.2,41.7,140.0,,2.83
3409454,Hirawadi,2025-12-05,64.5,µg/m³,20.021503,73.813844,,1.19,,23.7,49.6,125.0,,22.4
3409454,Hirawadi,2025-12-06,60.7,µg/m³,20.021503,73.813844,,1.21,,21.8,31.8,128.0,,11.8
3409454,Hirawadi,2025-12-07,54.0,µg/m³,20.021503,73.813844,,1.04,,11.2,63.1,109.0,,0.963
3409454,Hirawadi,2025-12-08,47.2,µg/m³,20.021503,73.813844,,1.19,,21.5,43.2,101.0,,4.2
3409454,Hirawadi,2025-12-09,42.9,µg/m³,20.021503,73.813844,,0.678,,11.9,78.1,104.0,,16.9
3409454,Hirawadi,2025-12-10,42.0,µg/m³,20.021503,73.813844,,0.393,,4.12,61.5,109.0,,7.17
3409454,Hirawadi,2025-12-11,47.7,µg/m³,20.021503,73.813844,,0.612,,13.7,40.7,95.6,,5.37
3409454,Hirawadi,2025-12-12,56.1,µg/m³,20.021503,73.813844,,0.6,,12.5,28.8,114.0,,1.13
3409454,Hirawadi,2025-12-13,58.3,µg/m³,20.021503,73.813844,,0.903,,12.7,42.0,106.0,,9.12
3409454,Hirawadi,2025-12-14,55.5,µg/m³,20.021503,73.813844,,0.98,,20.2,18.6,111.0,,6.18
3409454,Hirawadi,2025-12-15,59.2,µg/m³,20.021503,73.813844,,,,,,108.0,,
3409454,Hirawadi,2025-12-16,62.0,µg/m³,20.021503,73.813844,,,,,,147.0,,
3409454,Hirawadi,2025-12-17,74.3,µg/m³,20.021503,73.813844,,1.08,,10.1,68.1,135.0,,29.2
3409454,Hirawadi,2025-12-18,64.3,µg/m³,20.021503,73.813844,,0.787,,6.4,58.8,116.0,,17.6
3409454,Hirawadi,2025-12-19,44.5,µg/m³,20.021503,73.813844,,,,,,82.0,,
3409454,Hirawadi,2025-12-20,34.1,µg/m³,20.021503,73.813844,,0.827,,10.2,36.7,65.8,,4.59
3409454,Hirawadi,2025-12-21,41.2,µg/m³,20.021503,73.813844,,0.86,,7.98,40.1,93.8,,9.82
3409454,Hirawadi,2025-12-22,47.5,µg/m³,20.021503,73.813844,,0.79,,4.46,71.1,108.0,,18.8
3409454,Hirawadi,2025-12-23,35.4,µg/m³,20.021503,73.813844,,0.975,,8.09,48.7,79.1,,11.9
3409454,Hirawadi,2025-12-24,36.9,µg/m³,20.021503,73.813844,,0.935,,10.9,34.5,116.0,,14.3
3409454,Hirawadi,2025-12-25,49.7,µg/m³,20.021503,73.813844,,1.02,,11.5,28.4,121.0,,17.3
3409454,Hirawadi,2025-12-26,56.7,µg/m³,20.021503,73.813844,,1.14,,14.3,42.0,112.0,,16.1
3409454,Hirawadi,2025-12-27,50.3,µg/m³,20.021503,73.813844,,1.18,,10.2,49.9,118.0,,31.1
3409454,Hirawadi,2025-12-28,55.7,µg/m³,20.021503,73.813844,,1.39,,18.3,36.3,132.0,,17.7
3409454,Hirawadi,2025-12-29,57.6,µg/m³,20.021503,73.813844,,1.38,,16.5,21.1,111.0,,12.9
3409454,Hirawadi,2025-12-30,64.1,µg/m³,20.021503,73.813844,,1.26,,8.85,71.3,102.0,,39.8
3409454,Hirawadi,2025-12-31,63.4,µg/m³,20.021503,73.813844,,1.34,,14.9,17.6,88.4,,14.2
3409453,MIDC Ambad,2025-02-19,33.9,µg/m³,19.95022,73.73148,,0.594,,6.59,46.1,102.0,,13.6
3409453,MIDC Ambad,2025-02-20,42.1,µg/m³,19.95022,73.73148,,0.655,,13.7,36.2,117.0,,19.0
3409453,MIDC Ambad,2025-02-21,46.9,µg/m³,19.95022,73.73148,,0.601,,10.8,40.6,117.0,,17.6
3409453,MIDC Ambad,2025-02-22,45.6,µg/m³,19.95022,73.73148,,0.653,,13.9,21.4,125.0,,16.4
3409453,MIDC Ambad,2025-02-23,51.2,µg/m³,19.95022,73.73148,,0.888,,14.8,37.5,151.0,,21.1
3409453,MIDC Ambad,2025-02-24,53.0,µg/m³,19.95022,73.73148,,0.64,,13.8,37.4,135.0,,33.7
3409453,MIDC Ambad,2025-02-25,38.8,µg/m³,19.95022,73.73148,,0.689,,12.5,51.0,115.0,,24.2
3409453,MIDC Ambad,2025-02-26,69.4,µg/m³,19.95022,73.73148,,0.872,,18.0,42.7,173.0,,24.3
3409453,MIDC Ambad,2025-02-27,57.3,µg/m³,19.95022,73.73148,,0.353,,10.8,60.4,136.0,,18.3
3409453,MIDC Ambad,2025-02-28,63.7,µg/m³,19.95022,73.73148,,0.48,,10.7,66.3,158.0,,17.0
3409453,MIDC Ambad,2025-03-01,74.4,µg/m³,19.95022,73.73148,,0.481,,8.89,72.4,185.0,,19.3
3409453,MIDC Ambad,2025-03-02,41.3,µg/m³,19.95022,73.73148,,0.272,,6.64,66.7,113.0,,14.5
3409453,MIDC Ambad,2025-03-03,50.0,µg/m³,19.95022,73.73148,,0.247,,10.1,50.2,149.0,,18.9
3409453,MIDC Ambad,2025-03-04,41.6,µg/m³,19.95022,73.73148,,0.245,,5.86,59.2,118.0,,14.3
3409453,MIDC Ambad,2025-03-05,46.5,µg/m³,19.95022,73.73148,,0.41,,10.9,43.4,147.0,,32.4
3409453,MIDC Ambad,2025-03-06,35.6,µg/m³,19.95022,73.73148,,0.39,,15.1,59.5,129.0,,17.9
3409453,MIDC Ambad,2025-03-07,105.0,µg/m³,19.95022,73.73148,,0.684,,26.2,44.0,254.0,,32.0
3409453,MIDC Ambad,2025-03-08,54.0,µg/m³,19.95022,73.73148,,0.3,,6.98,64.1,114.0,,19.6
3409453,MIDC Ambad,2025-03-09,53.8,µg/m³,19.95022,73.73148,,0.798,,12.3,52.6,138.0,,27.6
3409453,MIDC Ambad,2025-03-10,59.5,µg/m³,19.95022,73.73148,,0.595,,14.0,51.5,144.0,,11.9
3409453,MIDC Ambad,2025-03-11,78.7,µg/m³,19.95022,73.73148,,0.836,,15.7,56.8,187.0,,9.33
3409453,MIDC Ambad,2025-03-12,74.1,µg/m³,19.95022,73.73148,,0.913,,15.9,55.2,175.0,,9.2
3409453,MIDC Ambad,2025-03-13,69.2,µg/m³,19.95022,73.73148,,0.578,,11.5,56.7,170.0,,9.89
3409453,MIDC Ambad,2025-03-14,36.7,µg/m³,19.95022,73.73148,,0.237,,6.83,50.4,97.7,,9.49
3409453,MIDC Ambad,2025-03-15,29.0,µg/m³,19.95022,73.73148,,0.148,,4.83,54.7,72.1,,5.75
3409453,MIDC Ambad,2025-03-16,29.5,µg/m³,19.95022,73.73148,,0.254,,5.39,48.7,82.9,,6.0
3409453,MIDC Ambad,2025-03-17,38.4,µg/m³,19.95022,73.73148,,0.585,,9.23,42.1,113.0,,8.9
3409453,MIDC Ambad,2025-03-18,57.7,µg/m³,19.95022,73.73148,,0.788,,9.51,55.3,146.0,,9.47
3409453,MIDC Ambad,2025-03-19,55.4,µg/m³,19.95022,73.73148,,0.64,,4.6,47.1,137.0,,11.4
3409453,MIDC Ambad,2025-03-20,39.3,µg/m³,19.95022,73.73148,,0.537,,8.35,47.4,113.0,,10.1
3409453,MIDC Ambad,2025-03-21,31.0,µg/m³,19.95022,73.73148,,0.498,,7.26,54.9,99.2,,7.71
3409453,MIDC Ambad,2025-03-22,37.4,µg/m³,19.95022,73.73148,,0.762,,22.2,58.5,108.0,,7.14
3409453,MIDC Ambad,2025-03-23,47.2,µg/m³,19.95022,73.73148,,0.547,,8.51,63.1,136.0,,10.5
3409453,MIDC Ambad,2025-03-24,47.9,µg/m³,19.95022,73.73148,,0.589,,10.1,57.1,152.0,,11.6
3409453,MIDC Ambad,2025-03-25,67.4,µg/m³,19.95022,73.73148,,0.726,,10.8,62.6,165.0,,12.3
3409453,MIDC Ambad,2025-03-26,48.7,µg/m³,19.95022,73.73148,,0.593,,7.92,63.8,121.0,,10.0
3409453,MIDC Ambad,2025-03-27,29.7,µg/m³,19.95022,73.73148,,0.277,,5.11,45.9,74.2,,5.76
3409453,MIDC Ambad,2025-03-28,36.4,µg/m³,19.95022,73.73148,,0.502,,7.05,56.2,95.0,,7.82
3409453,MIDC Ambad,2025-03-29,59.2,µg/m³,19.95022,73.73148,,0.658,,9.98,68.7,171.0,,14.6
3409453,MIDC Ambad,2025-03-30,58.7,µg/m³,19.95022,73.73148,,0.454,,9.33,47.9,151.0,,12.0
3409453,MIDC Ambad,2025-03-31,66.0,µg/m³,19.95022,73.73148,,0.629,,10.1,60.0,163.0,,18.4
3409453,MIDC Ambad,2025-04-01,55.9,µg/m³,19.95022,73.73148,,0.742,,13.0,43.2,162.0,,18.1
3409453,MIDC Ambad,2025-04-02,42.2,µg/m³,19.95022,73.73148,,0.459,,10.9,44.1,131.0,,7.7
3409453,MIDC Ambad,2025-04-03,57.8,µg/m³,19.95022,73.73148,,0.585,,11.3,48.6,117.0,,2.84
3409453,MIDC Ambad,2025-04-04,63.6,µg/m³,19.95022,73.73148,,0.412,,7.64,41.4,128.0,,4.9
3409453,MIDC Ambad,2025-04-05,41.0,µg/m³,19.95022,73.73148,,0.425,,7.7,51.8,94.0,,7.56
3409453,MIDC Ambad,2025-04-06,42.7,µg/m³,19.95022,73.73148,,0.354,,7.92,51.7,110.0,,10.5
3409453,MIDC Ambad,2025-04-07,25.8,µg/m³,19.95022,73.73148,,0.652,,7.61,67.3,89.0,,11.1
3409453,MIDC Ambad,2025-04-08,33.7,µg/m³,19.95022,73.73148,,0.338,,7.55,49.6,111.0,,17.5
3409453,MIDC Ambad,2025-04-09,44.4,µg/m³,19.95022,73.73148,,0.273,,7.04,41.6,109.0,,18.7
3409453,MIDC Ambad,2025-04-11,38.7,µg/m³,19.95022,73.73148,,0.197,,5.14,36.2,103.0,,5.96
3409453,MIDC Ambad,2025-04-12,39.5,µg/m³,19.95022,73.73148,,0.317,,6.33,29.8,92.0,,3.2
3409453,MIDC Ambad,2025-04-13,36.7,µg/m³,19.95022,73.73148,,0.276,,6.41,35.4,88.9,,2.17
3409453,MIDC Ambad,2025-04-14,31.7,µg/m³,19.95022,73.73148,,0.296,,4.17,36.5,85.3,,4.94
3409453,MIDC Ambad,2025-04-15,22.5,µg/m³,19.95022,73.73148,,0.205,,5.47,49.9,78.5,,9.19
3409453,MIDC Ambad,2025-04-16,28.5,µg/m³,19.95022,73.73148,,0.118,,7.09,54.1,101.0,,7.97
3409453,MIDC Ambad,2025-04-17,38.2,µg/m³,19.95022,73.73148,,0.242,,7.7,40.9,104.0,,5.48
3409453,MIDC Ambad,2025-04-18,40.9,µg/m³,19.95022,73.73148,,0.225,,6.23,38.2,95.4,,5.11
3409453,MIDC Ambad,2025-04-19,36.6,µg/m³,19.95022,73.73148,,0.227,,6.24,43.9,80.1,,5.09
3409453,MIDC Ambad,2025-04-20,44.5,µg/m³,19.95022,73.73148,,0.24,,7.49,38.2,148.0,,5.18
3409453,MIDC Ambad,2025-04-21,42.8,µg/m³,19.95022,73.73148,,0.458,,7.5,43.3,128.0,,6.64
3409453,MIDC Ambad,2025-04-22,40.6,µg/m³,19.95022,73.73148,,0.413,,7.23,52.9,132.0,,8.21
3409453,MIDC Ambad,2025-04-23,41.9,µg/m³,19.95022,73.73148,,0.416,,9.05,52.6,118.0,,14.6
3409453,MIDC Ambad,2025-04-24,45.5,µg/m³,19.95022,73.73148,,0.391,,7.81,49.5,113.0,,11.7
3409453,MIDC Ambad,2025-04-25,37.9,µg/m³,19.95022,73.73148,,0.356,,6.72,42.2,95.5,,5.67
3409453,MIDC Ambad,2025-04-26,39.6,µg/m³,19.95022,73.73148,,0.406,,7.88,31.0,92.7,,8.17
3409453,MIDC Ambad,2025-04-27,33.5,µg/m³,19.95022,73.73148,,0.35,,8.06,40.2,91.5,,7.91
3409453,MIDC Ambad,2025-04-28,45.7,µg/m³,19.95022,73.73148,,0.321,,8.74,45.8,118.0,,9.49
3409453,MIDC Ambad,2025-04-29,41.8,µg/m³,19.95022,73.73148,,0.329,,8.54,39.9,113.0,,4.86
3409453,MIDC Ambad,2025-04-30,33.7,µg/m³,19.95022,73.73148,,0.283,,8.07,37.7,92.7,,5.31
3409453,MIDC Ambad,2025-05-01,30.9,µg/m³,19.95022,73.73148,,0.286,,5.57,44.5,82.7,,6.77
3409453,MIDC Ambad,2025-05-02,24.7,µg/m³,19.95022,73.73148,,0.285,,6.46,46.0,77.2,,6.62
3409453,MIDC Ambad,2025-05-03,23.3,µg/m³,19.95022,73.73148,,0.247,,4.45,45.7,65.5,,4.25
3409453,MIDC Ambad,2025-05-04,30.3,µg/m³,19.95022,73.73148,,0.428,,4.84,29.9,86.1,,2.96
3409453,MIDC Ambad,2025-05-05,36.4,µg/m³,19.95022,73.73148,,0.403,,5.78,28.5,92.5,,4.84
3409453,MIDC Ambad,2025-05-06,34.7,µg/m³,19.95022,73.73148,,0.414,,6.64,26.6,110.0,,4.43
3409453,MIDC Ambad,2025-05-07,19.2,µg/m³,19.95022,73.73148,,0.378,,8.93,30.6,41.9,,5.83
3409453,MIDC Ambad,2025-05-08,19.5,µg/m³,19.95022,73.73148,,0.392,,6.21,36.2,43.7,,5.06
3409453,MIDC Ambad,2025-05-09,22.7,µg/m³,19.95022,73.73148,,0.383,,7.61,32.1,59.0,,4.26
3409453,MIDC Ambad,2025-05-10,31.4,µg/m³,19.95022,73.73148,,0.486,,3.68,20.0,55.2,,3.39
3409453,MIDC Ambad,2025-05-11,23.7,µg/m³,19.95022,73.73148,,0.471,,14.8,24.4,55.8,,5.52
3409453,MIDC Ambad,2025-05-12,39.0,µg/m³,19.95022,73.73148,,0.434,,11.7,27.3,68.3,,2.62
3409453,MIDC Ambad,2025-05-13,38.6,µg/m³,19.95022,73.73148,,0.879,,8.18,19.7,72.9,,2.25
3409453,MIDC Ambad,2025-05-14,50.8,µg/m³,19.95022,73.73148,,0.37,,7.74,18.9,106.0,,3.39
3409453,MIDC Ambad,2025-05-15,41.2,µg/m³,19.95022,73.73148,,0.301,,8.94,17.8,100.0,,2.94
3409453,MIDC Ambad,2025-05-16,34.3,µg/m³,19.95022,73.73148,,0.432,,7.12,26.3,82.2,,1.39
3409453,MIDC Ambad,2025-05-17,36.7,µg/m³,19.95022,73.73148,,0.298,,4.61,16.9,76.2,,1.17
3409453,MIDC Ambad,2025-05-18,34.3,µg/m³,19.95022,73.73148,,0.252,,6.03,21.4,77.1,,0.933
3409453,MIDC Ambad,2025-05-19,40.6,µg/m³,19.95022,73.73148,,0.456,,12.0,23.2,85.9,,2.59
3409453,MIDC Ambad,2025-05-20,55.3,µg/m³,19.95022,73.73148,,0.413,,13.5,24.6,115.0,,3.27
3409453,MIDC Ambad,2025-05-21,33.0,µg/m³,19.95022,73.73148,,0.356,,16.2,38.0,76.5,,4.02
3409453,MIDC Ambad,2025-05-22,30.1,µg/m³,19.95022,73.73148,,0.336,,18.1,26.3,81.4,,2.78
3409453,MIDC Ambad,2025-05-23,24.3,µg/m³,19.95022,73.73148,,0.443,,18.4,18.0,83.0,,2.03
3409453,MIDC Ambad,2025-05-24,38.8,µg/m³,19.95022,73.73148,,0.33,,13.9,22.8,65.0,,2.05
3409453,MIDC Ambad,2025-05-25,46.1,µg/m³,19.95022,73.73148,,0.399,,9.21,27.2,102.0,,4.25
3409453,MIDC Ambad,2025-05-26,42.5,µg/m³,19.95022,73.73148,,0.325,,10.2,27.8,107.0,,3.23
3409453,MIDC Ambad,2025-05-27,33.6,µg/m³,19.95022,73.73148,,0.332,,22.8,31.1,84.8,,3.57
3409453,MIDC Ambad,2025-05-28,35.9,µg/m³,19.95022,73.73148,,0.409,,15.0,27.8,88.4,,3.75
3409453,MIDC Ambad,2025-05-29,31.6,µg/m³,19.95022,73.73148,,0.319,,11.4,26.4,120.0,,3.03
3409453,MIDC Ambad,2025-05-30,41.5,µg/m³,19.95022,73.73148,,0.165,,7.62,37.7,139.0,,3.84
3409453,MIDC Ambad,2025-05-31,37.5,µg/m³,19.95022,73.73148,,0.171,,6.28,41.5,116.0,,2.46
3409453,MIDC Ambad,2025-06-01,41.8,µg/m³,19.95022,73.73148,,0.161,,5.97,28.5,106.0,,4.16
3409453,MIDC Ambad,2025-06-02,36.4,µg/m³,19.95022,73.73148,,0.246,,5.86,37.5,99.3,,3.16
3409453,MIDC Ambad,2025-06-03,35.6,µg/m³,19.95022,73.73148,,0.274,,5.38,37.3,98.0,,4.99
3409453,MIDC Ambad,2025-06-06,43.4,µg/m³,19.95022,73.73148,,0.34,,11.1,34.7,92.9,,6.74
3409453,MIDC Ambad,2025-06-07,42.6,µg/m³,19.95022,73.73148,,0.237,,6.24,19.4,82.8,,6.27
3409453,MIDC Ambad,2025-06-08,32.8,µg/m³,19.95022,73.73148,,0.376,,5.43,26.1,84.4,,1.53
3409453,MIDC Ambad,2025-06-09,31.7,µg/m³,19.95022,73.73148,,0.382,,4.84,23.0,96.4,,1.99
3409453,MIDC Ambad,2025-06-10,29.5,µg/m³,19.95022,73.73148,,0.385,,2.33,33.0,86.6,,2.2
3409453,MIDC Ambad,2025-06-11,29.5,µg/m³,19.95022,73.73148,,0.365,,2.36,36.6,77.3,,1.71
3409453,MIDC Ambad,2025-06-12,37.2,µg/m³,19.95022,73.73148,,0.436,,2.65,40.1,81.3,,1.3
3409453,MIDC Ambad,2025-06-13,33.6,µg/m³,19.95022,73.73148,,0.356,,2.47,19.6,63.6,,2.92
3409453,MIDC Ambad,2025-06-14,39.5,µg/m³,19.95022,73.73148,,0.372,,3.16,22.2,76.3,,2.27
3409453,MIDC Ambad,2025-06-15,42.8,µg/m³,19.95022,73.73148,,0.37,,3.11,22.1,54.9,,1.43
3409453,MIDC Ambad,2025-06-16,43.4,µg/m³,19.95022,73.73148,,0.437,,3.42,29.7,44.4,,1.87
3409453,MIDC Ambad,2025-06-17,28.9,µg/m³,19.95022,73.73148,,0.411,,2.51,32.3,82.5,,1.34
3409453,MIDC Ambad,2025-06-18,23.0,µg/m³,19.95022,73.73148,,0.511,,3.18,32.2,44.5,,1.67
3409453,MIDC Ambad,2025-06-19,21.8,µg/m³,19.95022,73.73148,,0.484,,3.08,23.0,38.9,,2.13
3409453,MIDC Ambad,2025-06-20,25.9,µg/m³,19.95022,73.73148,,0.447,,1.91,24.1,67.2,,2.21
3409453,MIDC Ambad,2025-06-21,21.6,µg/m³,19.95022,73.73148,,0.219,,0.988,20.6,59.9,,2.21
3409453,MIDC Ambad,2025-06-22,25.6,µg/m³,19.95022,73.73148,,0.317,,1.48,20.1,62.6,,2.86
3409453,MIDC Ambad,2025-06-23,25.6,µg/m³,19.95022,73.73148,,0.332,,1.84,22.9,57.8,,2.84
3409453,MIDC Ambad,2025-06-24,30.8,µg/m³,19.95022,73.73148,,0.298,,1.67,28.4,60.2,,2.99
3409453,MIDC Ambad,2025-06-25,39.6,µg/m³,19.95022,73.73148,,0.338,,1.87,24.9,85.7,,2.52
3409453,MIDC Ambad,2025-06-26,35.4,µg/m³,19.95022,73.73148,,0.327,,2.4,19.8,85.3,,2.32
3409453,MIDC Ambad,2025-06-27,37.8,µg/m³,19.95022,73.73148,,0.261,,2.39,19.5,68.2,,3.0
3409453,MIDC Ambad,2025-06-28,34.2,µg/m³,19.95022,73.73148,,0.266,,1.63,29.1,81.4,,3.08
3409453,MIDC Ambad,2025-06-29,25.4,µg/m³,19.95022,73.73148,,0.27,,1.26,24.2,55.2,,3.87
3409453,MIDC Ambad,2025-06-30,27.5,µg/m³,19.95022,73.73148,,0.288,,2.16,24.8,62.0,,3.8
3409453,MIDC Ambad,2025-07-01,23.5,µg/m³,19.95022,73.73148,,0.267,,7.25,20.0,52.4,,2.69
3409453,MIDC Ambad,2025-07-02,20.2,µg/m³,19.95022,73.73148,,0.27,,2.4,18.3,47.1,,1.93
3409453,MIDC Ambad,2025-07-03,13.5,µg/m³,19.95022,73.73148,,0.257,,2.74,20.2,45.4,,3.47
3409453,MIDC Ambad,2025-07-04,14.9,µg/m³,19.95022,73.73148,,0.265,,1.95,21.7,48.7,,2.94
3409453,MIDC Ambad,2025-07-05,27.4,µg/m³,19.95022,73.73148,,0.274,,2.03,18.4,43.5,,2.43
3409453,MIDC Ambad,2025-07-07,33.9,µg/m³,19.95022,73.73148,,0.252,,2.01,29.1,68.2,,1.29
3409453,MIDC Ambad,2025-07-08,31.2,µg/m³,19.95022,73.73148,,0.258,,4.43,20.8,95.0,,5.88
3409453,MIDC Ambad,2025-07-09,37.0,µg/m³,19.95022,73.73148,,0.259,,9.61,21.4,92.7,,7.43
3409453,MIDC Ambad,2025-07-10,37.4,µg/m³,19.95022,73.73148,,0.257,,9.16,23.4,101.0,,7.72
3409453,MIDC Ambad,2025-07-11,30.8,µg/m³,19.95022,73.73148,,0.258,,9.73,22.3,86.0,,6.63
3409453,MIDC Ambad,2025-07-12,24.0,µg/m³,19.95022,73.73148,,0.26,,8.92,20.3,62.6,,5.02
3409453,MIDC Ambad,2025-07-13,25.9,µg/m³,19.95022,73.73148,,0.264,,11.1,20.8,59.8,,4.04
3409453,MIDC Ambad,2025-07-14,20.3,µg/m³,19.95022,73.73148,,0.256,,11.3,17.9,38.9,,2.91
3409453,MIDC Ambad,2025-07-15,19.6,µg/m³,19.95022,73.73148,,0.265,,13.4,12.6,46.8,,1.75
3409453,MIDC Ambad,2025-07-16,39.5,µg/m³,19.95022,73.73148,,0.256,,11.2,22.5,128.0,,4.15
3409453,MIDC Ambad,2025-07-17,28.9,µg/m³,19.95022,73.73148,,0.255,,11.6,12.9,95.1,,3.23
3409453,MIDC Ambad,2025-07-19,28.9,µg/m³,19.95022,73.73148,,0.253,,9.38,19.0,70.7,,3.38
3409453,MIDC Ambad,2025-07-20,28.1,µg/m³,19.95022,73.73148,,0.253,,10.6,19.9,81.4,,3.17
3409453,MIDC Ambad,2025-07-21,26.6,µg/m³,19.95022,73.73148,,0.265,,13.6,19.0,67.5,,3.47
3409453,MIDC Ambad,2025-07-22,25.9,µg/m³,19.95022,73.73148,,0.26,,12.9,16.5,76.2,,3.63
3409453,MIDC Ambad,2025-07-23,20.1,µg/m³,19.95022,73.73148,,0.253,,12.1,20.3,52.6,,4.18
3409453,MIDC Ambad,2025-07-24,24.3,µg/m³,19.95022,73.73148,,0.258,,10.6,19.6,54.5,,4.4
3409453,MIDC Ambad,2025-07-25,22.4,µg/m³,19.95022,73.73148,,0.257,,13.2,13.1,37.2,,3.59
3409453,MIDC Ambad,2025-07-26,17.2,µg/m³,19.95022,73.73148,,0.256,,7.49,17.2,34.7,,4.29
3409453,MIDC Ambad,2025-07-27,18.5,µg/m³,19.95022,73.73148,,0.257,,7.62,19.2,47.8,,4.04
3409453,MIDC Ambad,2025-07-28,15.7,µg/m³,19.95022,73.73148,,0.259,,7.25,25.1,40.9,,3.86
3409453,MIDC Ambad,2025-07-29,19.2,µg/m³,19.95022,73.73148,,0.257,,10.4,24.9,48.2,,4.16
3409453,MIDC Ambad,2025-07-30,22.7,µg/m³,19.95022,73.73148,,0.258,,8.28,23.4,62.6,,3.53
3409453,MIDC Ambad,2025-07-31,27.5,µg/m³,19.95022,73.73148,,0.257,,8.12,22.1,86.5,,3.83
3409453,MIDC Ambad,2025-08-01,32.8,µg/m³,19.95022,73.73148,,0.263,,9.59,18.0,86.6,,3.82
3409453,MIDC Ambad,2025-08-02,27.9,µg/m³,19.95022,73.73148,,0.252,,8.07,15.5,62.8,,3.48
3409453,MIDC Ambad,2025-08-03,23.2,µg/m³,19.95022,73.73148,,0.26,,9.53,18.6,84.6,,3.58
3409453,MIDC Ambad,2025-08-04,29.9,µg/m³,19.95022,73.73148,,0.255,,9.95,17.7,109.0,,4.25
3409453,MIDC Ambad,2025-08-05,28.9,µg/m³,19.95022,73.73148,,0.257,,9.69,14.2,88.8,,4.18
3409453,MIDC Ambad,2025-08-06,31.4,µg/m³,19.95022,73.73148,,0.253,,8.79,13.6,105.0,,2.51
3409453,MIDC Ambad,2025-08-07,26.2,µg/m³,19.95022,73.73148,,0.274,,8.15,14.7,89.8,,4.13
3409453,MIDC Ambad,2025-08-08,29.9,µg/m³,19.95022,73.73148,,0.258,,9.44,11.4,89.9,,4.23
3409453,MIDC Ambad,2025-08-09,31.5,µg/m³,19.95022,73.73148,,0.264,,6.19,10.7,67.1,,0.343
3409453,MIDC Ambad,2025-08-10,35.4,µg/m³,19.95022,73.73148,,0.265,,6.01,10.2,75.5,,0.0275
3409453,MIDC Ambad,2025-08-11,30.0,µg/m³,19.95022,73.73148,,0.257,,9.04,11.6,69.0,,5.06
3409453,MIDC Ambad,2025-08-12,25.0,µg/m³,19.95022,73.73148,,0.26,,7.9,13.4,73.9,,0.434
3409453,MIDC Ambad,2025-08-13,28.1,µg/m³,19.95022,73.73148,,0.253,,8.15,10.6,54.6,,0.288
3409453,MIDC Ambad,2025-08-14,28.5,µg/m³,19.95022,73.73148,,0.26,,10.7,17.3,64.2,,0.362
3409453,MIDC Ambad,2025-08-15,25.0,µg/m³,19.95022,73.73148,,0.258,,6.57,13.1,33.8,,2.36
3409453,MIDC Ambad,2025-08-16,10.8,µg/m³,19.95022,73.73148,,0.257,,6.11,16.1,31.2,,0.197
3409453,MIDC Ambad,2025-08-17,1.59,µg/m³,19.95022,73.73148,,0.259,,7.56,19.6,44.0,,0.348
3409453,MIDC Ambad,2025-08-18,7.53,µg/m³,19.95022,73.73148,,0.257,,8.85,18.7,38.7,,0.335
3409453,MIDC Ambad,2025-08-19,15.8,µg/m³,19.95022,73.73148,,0.256,,8.5,17.0,32.2,,1.88
3409453,MIDC Ambad,2025-08-20,12.3,µg/m³,19.95022,73.73148,,0.212,,6.57,21.4,21.5,,3.51
3409453,MIDC Ambad,2025-08-21,14.6,µg/m³,19.95022,73.73148,,0.17,,5.58,22.7,29.0,,3.16
3409453,MIDC Ambad,2025-08-22,17.3,µg/m³,19.95022,73.73148,,0.188,,5.72,23.9,38.5,,3.95
3409453,MIDC Ambad,2025-08-23,12.7,µg/m³,19.95022,73.73148,,0.269,,5.15,23.9,27.0,,3.79
3409453,MIDC Ambad,2025-08-24,12.5,µg/m³,19.95022,73.73148,,0.28,,4.82,22.3,36.7,,4.3
3409453,MIDC Ambad,2025-08-25,17.8,µg/m³,19.95022,73.73148,,0.278,,7.2,18.9,40.7,,3.96
3409453,MIDC Ambad,2025-08-26,23.4,µg/m³,19.95022,73.73148,,0.272,,7.64,10.8,36.2,,2.57
3409453,MIDC Ambad,2025-08-27,20.1,µg/m³,19.95022,73.73148,,0.274,,5.39,12.4,38.9,,3.08
3409453,MIDC Ambad,2025-08-28,27.7,µg/m³,19.95022,73.73148,,0.287,,9.14,13.3,58.3,,3.64
3409453,MIDC Ambad,2025-08-29,25.3,µg/m³,19.95022,73.73148,,0.303,,9.79,14.2,48.2,,3.76
3409453,MIDC Ambad,2025-09-02,21.1,µg/m³,19.95022,73.73148,,0.312,,8.44,18.8,59.7,,2.29
3409453,MIDC Ambad,2025-09-03,24.4,µg/m³,19.95022,73.73148,,0.315,,6.74,21.4,70.7,,2.93
3409453,MIDC Ambad,2025-09-04,22.9,µg/m³,19.95022,73.73148,,0.268,,9.69,23.9,51.1,,2.96
3409453,MIDC Ambad,2025-09-05,23.1,µg/m³,19.95022,73.73148,,0.253,,11.7,29.2,43.5,,3.93
3409453,MIDC Ambad,2025-09-06,16.4,µg/m³,19.95022,73.73148,,0.25,,5.94,25.4,25.5,,2.16
3409453,MIDC Ambad,2025-09-07,16.0,µg/m³,19.95022,73.73148,,0.243,,7.94,19.7,29.0,,2.24
3409453,MIDC Ambad,2025-09-08,23.5,µg/m³,19.95022,73.73148,,0.248,,10.5,36.6,55.9,,3.43
3409453,MIDC Ambad,2025-09-09,34.4,µg/m³,19.95022,73.73148,,0.295,,6.82,15.0,99.3,,4.6
3409453,MIDC Ambad,2025-09-10,35.0,µg/m³,19.95022,73.73148,,0.295,,6.55,13.6,103.0,,5.74
3409453,MIDC Ambad,2025-09-11,27.0,µg/m³,19.95022,73.73148,,0.293,,6.29,19.1,97.7,,6.48
3409453,MIDC Ambad,2025-09-12,26.9,µg/m³,19.95022,73.73148,,0.293,,9.53,12.9,60.7,,7.92
3409453,MIDC Ambad,2025-09-13,18.0,µg/m³,19.95022,73.73148,,0.292,,6.06,19.9,56.0,,7.41
3409453,MIDC Ambad,2025-09-14,21.5,µg/m³,19.95022,73.73148,,0.299,,4.1,25.1,70.8,,8.74
3409453,MIDC Ambad,2025-09-15,42.7,µg/m³,19.95022,73.73148,,0.292,,4.57,20.7,69.6,,8.06
3409453,MIDC Ambad,2025-09-16,30.7,µg/m³,19.95022,73.73148,,0.233,,6.34,11.0,49.6,,7.74
3409453,MIDC Ambad,2025-09-17,39.7,µg/m³,19.95022,73.73148,,0.245,,7.46,12.9,66.0,,7.52
3409453,MIDC Ambad,2025-09-18,33.1,µg/m³,19.95022,73.73148,,0.429,,7.43,16.2,59.2,,7.89
3409453,MIDC Ambad,2025-09-19,29.1,µg/m³,19.95022,73.73148,,0.633,,7.82,13.9,46.7,,7.75
3409453,MIDC Ambad,2025-09-20,25.5,µg/m³,19.95022,73.73148,,0.357,,5.37,14.7,44.2,,6.77
3409453,MIDC Ambad,2025-09-21,28.5,µg/m³,19.95022,73.73148,,1.07,,6.03,22.7,68.4,,6.75
3409453,MIDC Ambad,2025-09-22,27.8,µg/m³,19.95022,73.73148,,0.286,,5.82,20.4,59.1,,7.19
3409453,MIDC Ambad,2025-09-23,23.1,µg/m³,19.95022,73.73148,,0.301,,7.11,13.5,45.8,,6.2
3409453,MIDC Ambad,2025-09-24,23.5,µg/m³,19.95022,73.73148,,0.22,,6.53,17.3,63.6,,6.4
3409453,MIDC Ambad,2025-09-25,27.0,µg/m³,19.95022,73.73148,,0.573,,7.39,17.1,64.2,,7.3
3409453,MIDC Ambad,2025-09-26,30.3,µg/m³,19.95022,73.73148,,0.33,,8.82,18.0,59.4,,8.02
3409453,MIDC Ambad,2025-09-27,22.4,µg/m³,19.95022,73.73148,,0.241,,5.97,31.7,53.6,,10.2
3409453,MIDC Ambad,2025-09-28,18.9,µg/m³,19.95022,73.73148,,0.186,,9.6,38.6,31.0,,8.73
3409453,MIDC Ambad,2025-09-29,20.2,µg/m³,19.95022,73.73148,,0.238,,9.5,31.5,36.8,,9.03
3409453,MIDC Ambad,2025-09-30,20.7,µg/m³,19.95022,73.73148,,0.282,,7.98,20.9,45.1,,8.94
3409453,MIDC Ambad,2025-10-01,22.9,µg/m³,19.95022,73.73148,,0.266,,9.3,21.3,55.0,,9.26
3409453,MIDC Ambad,2025-10-02,21.8,µg/m³,19.95022,73.73148,,0.251,,6.25,20.3,36.9,,10.2
3409453,MIDC Ambad,2025-10-03,17.6,µg/m³,19.95022,73.73148,,0.247,,5.57,18.5,46.5,,10.1
3409453,MIDC Ambad,2025-10-04,23.1,µg/m³,19.95022,73.73148,,0.251,,6.16,19.9,55.8,,5.41
3409453,MIDC Ambad,2025-10-05,23.8,µg/m³,19.95022,73.73148,,0.253,,7.99,22.1,61.2,,5.16
3409453,MIDC Ambad,2025-10-06,27.8,µg/m³,19.95022,73.73148,,0.28,,6.16,39.3,68.9,,9.66
3409453,MIDC Ambad,2025-10-07,25.5,µg/m³,19.95022,73.73148,,0.416,,7.25,14.7,57.8,,5.31
3409453,MIDC Ambad,2025-10-08,35.2,µg/m³,19.95022,73.73148,,0.29,,9.98,22.0,97.7,,7.21
3409453,MIDC Ambad,2025-10-09,48.3,µg/m³,19.95022,73.73148,,0.306,,13.3,30.4,146.0,,7.19
3409453,MIDC Ambad,2025-10-10,55.2,µg/m³,19.95022,73.73148,,0.303,,14.6,31.5,162.0,,6.6
3409453,MIDC Ambad,2025-10-11,54.6,µg/m³,19.95022,73.73148,,0.305,,13.3,42.8,163.0,,6.36
3409453,MIDC Ambad,2025-10-12,28.9,µg/m³,19.95022,73.73148,,0.315,,13.5,52.3,137.0,,7.01
3409453,MIDC Ambad,2025-10-13,45.5,µg/m³,19.95022,73.73148,,0.297,,20.8,39.6,135.0,,9.35
3409453,MIDC Ambad,2025-10-14,58.2,µg/m³,19.95022,73.73148,,0.32,,26.2,46.2,155.0,,10.1
3409453,MIDC Ambad,2025-10-15,61.9,µg/m³,19.95022,73.73148,,0.364,,21.2,46.6,119.0,,11.0
3409453,MIDC Ambad,2025-10-16,47.1,µg/m³,19.95022,73.73148,,0.351,,20.7,23.7,102.0,,11.9
3409453,MIDC Ambad,2025-10-17,44.5,µg/m³,19.95022,73.73148,,0.292,,16.5,38.7,96.9,,11.3
3409453,MIDC Ambad,2025-10-18,55.7,µg/m³,19.95022,73.73148,,0.3,,12.2,43.6,95.0,,13.5
3409453,MIDC Ambad,2025-10-19,67.8,µg/m³,19.95022,73.73148,,0.3,,19.7,47.2,137.0,,12.9
3409453,MIDC Ambad,2025-10-20,89.1,µg/m³,19.95022,73.73148,,0.304,,19.2,53.5,178.0,,13.5
3409453,MIDC Ambad,2025-10-21,75.3,µg/m³,19.95022,73.73148,,0.301,,9.46,64.7,134.0,,16.8
3409453,MIDC Ambad,2025-10-22,49.1,µg/m³,19.95022,73.73148,,0.34,,8.23,25.7,72.3,,14.5
3409453,MIDC Ambad,2025-10-23,32.4,µg/m³,19.95022,73.73148,,0.325,,10.1,31.8,62.2,,13.3
3409453,MIDC Ambad,2025-10-24,23.8,µg/m³,19.95022,73.73148,,0.318,,7.83,38.8,46.7,,13.6
3409453,MIDC Ambad,2025-10-25,17.1,µg/m³,19.95022,73.73148,,0.32,,6.63,22.9,32.9,,13.5
3409453,MIDC Ambad,2025-10-26,17.8,µg/m³,19.95022,73.73148,,0.343,,9.51,19.8,25.4,,8.61
3409453,MIDC Ambad,2025-10-27,13.6,µg/m³,19.95022,73.73148,,0.316,,7.0,19.0,20.3,,2.98
3409453,MIDC Ambad,2025-10-28,18.5,µg/m³,19.95022,73.73148,,0.329,,11.6,17.4,36.5,,1.92
3409453,MIDC Ambad,2025-10-29,25.8,µg/m³,19.95022,73.73148,,0.323,,15.1,11.5,60.3,,2.28
3409453,MIDC Ambad,2025-10-30,35.4,µg/m³,19.95022,73.73148,,0.323,,9.67,33.6,83.3,,3.76
3409453,MIDC Ambad,2025-10-31,34.1,µg/m³,19.95022,73.73148,,0.316,,7.13,17.5,75.0,,4.34
3409453,MIDC Ambad,2025-11-01,26.3,µg/m³,19.95022,73.73148,,0.298,,8.59,22.4,36.5,,4.5
3409453,MIDC Ambad,2025-11-02,22.8,µg/m³,19.95022,73.73148,,0.284,,4.32,26.3,42.6,,3.17
3409453,MIDC Ambad,2025-11-03,27.1,µg/m³,19.95022,73.73148,,0.281,,8.53,25.3,55.5,,3.38
3409453,MIDC Ambad,2025-11-04,29.2,µg/m³,19.95022,73.73148,,0.279,,10.0,29.9,68.8,,4.13
3409453,MIDC Ambad,2025-11-05,30.8,µg/m³,19.95022,73.73148,,0.283,,9.6,30.0,71.9,,4.42
3409453,MIDC Ambad,2025-11-06,33.1,µg/m³,19.95022,73.73148,,0.281,,17.4,34.1,97.2,,6.29
3409453,MIDC Ambad,2025-11-07,28.2,µg/m³,19.95022,73.73148,,0.281,,18.6,41.4,97.2,,17.4
3409453,MIDC Ambad,2025-11-08,22.4,µg/m³,19.95022,73.73148,,0.282,,12.8,47.1,88.0,,5.85
3409453,MIDC Ambad,2025-11-09,26.5,µg/m³,19.95022,73.73148,,0.285,,24.0,52.5,102.0,,7.05
3409453,MIDC Ambad,2025-11-10,41.2,µg/m³,19.95022,73.73148,,0.278,,42.2,32.7,170.0,,8.92
3409453,MIDC Ambad,2025-11-11,46.7,µg/m³,19.95022,73.73148,,0.278,,31.0,58.7,128.0,,9.55
3409453,MIDC Ambad,2025-11-12,39.9,µg/m³,19.95022,73.73148,,0.28,,35.8,52.5,151.0,,11.3
3409453,MIDC Ambad,2025-11-13,48.2,µg/m³,19.95022,73.73148,,0.286,,39.5,56.5,176.0,,13.5
3409453,MIDC Ambad,2025-11-14,62.5,µg/m³,19.95022,73.73148,,0.275,,34.9,51.9,146.0,,14.3
3409453,MIDC Ambad,2025-11-15,56.9,µg/m³,19.95022,73.73148,,0.278,,21.9,48.1,125.0,,14.3
3409453,MIDC Ambad,2025-11-16,50.1,µg/m³,19.95022,73.73148,,0.281,,29.1,55.1,141.0,,15.9
3409453,MIDC Ambad,2025-11-17,55.4,µg/m³,19.95022,73.73148,,0.284,,23.2,67.9,133.0,,17.6
3409453,MIDC Ambad,2025-11-18,55.4,µg/m³,19.95022,73.73148,,0.284,,31.1,55.3,147.0,,18.3
3409453,MIDC Ambad,2025-11-19,61.1,µg/m³,19.95022,73.73148,,0.286,,40.1,51.3,175.0,,10.5
3409453,MIDC Ambad,2025-11-20,61.5,µg/m³,19.95022,73.73148,,0.304,,35.2,51.0,178.0,,6.62
3409453,MIDC Ambad,2025-11-21,70.9,µg/m³,19.95022,73.73148,,0.341,,44.8,47.5,210.0,,7.19
3409453,MIDC Ambad,2025-11-22,52.0,µg/m³,19.95022,73.73148,,0.332,,24.1,55.7,135.0,,6.57
3409453,MIDC Ambad,2025-11-23,50.3,µg/m³,19.95022,73.73148,,0.333,,24.2,55.0,152.0,,5.57
3409453,MIDC Ambad,2025-11-24,55.7,µg/m³,19.95022,73.73148,,0.336,,26.8,40.6,151.0,,7.35
3409453,MIDC Ambad,2025-11-25,47.3,µg/m³,19.95022,73.73148,,0.333,,23.5,39.7,115.0,,6.8
3409453,MIDC Ambad,2025-11-26,48.9,µg/m³,19.95022,73.73148,,0.335,,26.5,48.7,127.0,,4.49
3409453,MIDC Ambad,2025-11-27,50.9,µg/m³,19.95022,73.73148,,0.332,,27.2,47.0,118.0,,6.41
3409453,MIDC Ambad,2025-11-28,60.8,µg/m³,19.95022,73.73148,,0.336,,30.3,43.8,152.0,,6.46
3409453,MIDC Ambad,2025-11-29,51.0,µg/m³,19.95022,73.73148,,0.336,,29.1,50.7,102.0,,10.2
3409453,MIDC Ambad,2025-11-30,51.5,µg/m³,19.95022,73.73148,,0.343,,32.0,50.9,100.0,,10.3
3409453,MIDC Ambad,2025-12-01,58.3,µg/m³,19.95022,73.73148,,0.335,,33.1,60.9,128.0,,10.4
3409453,MIDC Ambad,2025-12-02,69.2,µg/m³,19.95022,73.73148,,0.338,,36.2,48.6,164.0,,12.8
3409453,MIDC Ambad,2025-12-03,67.5,µg/m³,19.95022,73.73148,,0.339,,30.8,60.1,147.0,,10.2
3409453,MIDC Ambad,2025-12-04,70.6,µg/m³,19.95022,73.73148,,0.335,,37.8,49.5,161.0,,11.1
3409453,MIDC Ambad,2025-12-05,65.2,µg/m³,19.95022,73.73148,,0.335,,30.8,55.6,137.0,,7.85
3409453,MIDC Ambad,2025-12-06,60.1,µg/m³,19.95022,73.73148,,0.339,,26.9,48.0,122.0,,9.26
3409453,MIDC Ambad,2025-12-07,59.3,µg/m³,19.95022,73.73148,,0.333,,27.1,53.4,121.0,,8.55
3409453,MIDC Ambad,2025-12-08,51.1,µg/m³,19.95022,73.73148,,0.336,,32.7,54.3,124.0,,10.4
3409453,MIDC Ambad,2025-12-09,57.9,µg/m³,19.95022,73.73148,,0.339,,29.9,54.3,117.0,,11.4
3409453,MIDC Ambad,2025-12-10,49.7,µg/m³,19.95022,73.73148,,0.334,,25.8,52.7,97.5,,9.17
3409453,MIDC Ambad,2025-12-11,55.2,µg/m³,19.95022,73.73148,,0.351,,32.5,51.3,126.0,,9.48
3409453,MIDC Ambad,2025-12-12,64.1,µg/m³,19.95022,73.73148,,0.427,,41.4,48.7,139.0,,14.2
3409453,MIDC Ambad,2025-12-13,65.2,µg/m³,19.95022,73.73148,,0.521,,40.1,41.5,108.0,,14.6
3409453,MIDC Ambad,2025-12-14,48.5,µg/m³,19.95022,73.73148,,0.592,,37.7,45.7,119.0,,13.1
3409453,MIDC Ambad,2025-12-15,58.7,µg/m³,19.95022,73.73148,,0.524,,38.7,40.7,131.0,,15.4
3409453,MIDC Ambad,2025-12-16,51.1,µg/m³,19.95022,73.73148,,0.522,,35.6,55.1,124.0,,15.3
3409453,MIDC Ambad,2025-12-17,64.3,µg/m³,19.95022,73.73148,,0.529,,41.7,44.3,160.0,,17.0
3409453,MIDC Ambad,2025-12-18,57.0,µg/m³,19.95022,73.73148,,0.517,,43.6,33.0,121.0,,14.7
3409453,MIDC Ambad,2025-12-19,54.0,µg/m³,19.95022,73.73148,,0.522,,41.4,28.2,122.0,,18.4
3409453,MIDC Ambad,2025-12-20,56.0,µg/m³,19.95022,73.73148,,0.519,,41.3,33.3,102.0,,27.5
3409453,MIDC Ambad,2025-12-21,45.9,µg/m³,19.95022,73.73148,,0.527,,26.3,44.9,83.8,,16.0
3409453,MIDC Ambad,2025-12-22,58.5,µg/m³,19.95022,73.73148,,0.514,,50.8,44.7,146.0,,18.1
3409453,MIDC Ambad,2025-12-23,49.3,µg/m³,19.95022,73.73148,,0.524,,39.5,31.0,95.5,,26.7
3409453,MIDC Ambad,2025-12-24,38.0,µg/m³,19.95022,73.73148,,0.527,,29.6,42.1,80.0,,15.7
3409453,MIDC Ambad,2025-12-25,46.4,µg/m³,19.95022,73.73148,,0.526,,32.2,50.5,123.0,,16.8
3409453,MIDC Ambad,2025-12-26,59.4,µg/m³,19.95022,73.73148,,0.529,,57.4,53.9,144.0,,19.9
3409453,MIDC Ambad,2025-12-27,52.3,µg/m³,19.95022,73.73148,,0.52,,36.7,58.2,112.0,,17.7
3409453,MIDC Ambad,2025-12-28,53.3,µg/m³,19.95022,73.73148,,0.519,,37.9,51.1,131.0,,18.5
3409453,MIDC Ambad,2025-12-29,66.1,µg/m³,19.95022,73.73148,,0.515,,52.5,34.4,186.0,,19.5
3409453,MIDC Ambad,2025-12-30,56.2,µg/m³,19.95022,73.73148,,0.521,,33.9,56.0,135.0,,18.0
3409453,MIDC Ambad,2025-12-31,58.0,µg/m³,19.95022,73.73148,,0.521,,32.7,47.8,127.0,,17.5
3409451,Pandav Nagari,2025-02-19,52.0,µg/m³,19.9591346,73.7788008,,0.404,,7.69,47.5,79.7,,17.1
3409451,Pandav Nagari,2025-02-20,51.8,µg/m³,19.9591346,73.7788008,,0.528,,12.5,38.2,84.9,,15.5
3409451,Pandav Nagari,2025-02-21,30.3,µg/m³,19.9591346,73.7788008,,0.7,,18.5,25.5,94.2,,8.01
3409451,Pandav Nagari,2025-02-22,49.1,µg/m³,19.9591346,73.7788008,,,,20.3,,98.1,,
3409451,Pandav Nagari,2025-02-24,107.0,µg/m³,19.9591346,73.7788008,,0.577,,21.2,31.2,114.0,,13.6
3409451,Pandav Nagari,2025-02-25,70.0,µg/m³,19.9591346,73.7788008,,0.285,,7.75,49.0,96.3,,13.7
3409451,Pandav Nagari,2025-02-26,67.7,µg/m³,19.9591346,73.7788008,,0.66,,22.7,33.9,131.0,,16.7
3409451,Pandav Nagari,2025-02-27,72.8,µg/m³,19.9591346,73.7788008,,0.447,,12.7,39.6,119.0,,10.6
3409451,Pandav Nagari,2025-02-28,68.0,µg/m³,19.9591346,73.7788008,,0.547,,10.7,75.4,124.0,,9.89
3409451,Pandav Nagari,2025-03-01,72.9,µg/m³,19.9591346,73.7788008,,0.77,,11.1,46.7,139.0,,9.88
3409451,Pandav Nagari,2025-03-02,47.5,µg/m³,19.9591346,73.7788008,,0.37,,6.33,60.1,116.0,,11.0
3409451,Pandav Nagari,2025-03-03,43.3,µg/m³,19.9591346,73.7788008,,0.359,,11.5,45.7,130.0,,51.3
3409451,Pandav Nagari,2025-03-04,38.2,µg/m³,19.9591346,73.7788008,,0.27,,6.8,43.7,101.0,,10.0
3409451,Pandav Nagari,2025-03-05,37.9,µg/m³,19.9591346,73.7788008,,0.31,,8.92,27.8,117.0,,8.72
3409451,Pandav Nagari,2025-03-06,36.7,µg/m³,19.9591346,73.7788008,,0.25,,14.7,24.2,88.1,,7.7
3409451,Pandav Nagari,2025-03-07,53.7,µg/m³,19.9591346,73.7788008,,0.435,,24.4,19.5,95.6,,97.4
3409451,Pandav Nagari,2025-03-08,32.5,µg/m³,19.9591346,73.7788008,,0.263,,8.02,70.1,72.9,,5.65
3409451,Pandav Nagari,2025-03-09,81.9,µg/m³,19.9591346,73.7788008,,0.71,,31.6,11.1,126.0,,7.86
3409451,Pandav Nagari,2025-03-10,67.7,µg/m³,19.9591346,73.7788008,,,,9.5,,145.0,,23.6
3409451,Pandav Nagari,2025-03-11,86.4,µg/m³,19.9591346,73.7788008,,0.525,,15.2,67.7,143.0,,15.2
3409451,Pandav Nagari,2025-03-12,81.8,µg/m³,19.9591346,73.7788008,,0.485,,11.7,49.6,143.0,,6.76
3409451,Pandav Nagari,2025-03-13,92.6,µg/m³,19.9591346,73.7788008,,0.82,,15.2,36.3,154.0,,10.2
3409451,Pandav Nagari,2025-03-14,56.9,µg/m³,19.9591346,73.7788008,,0.38,,9.43,73.4,93.9,,7.17
3409451,Pandav Nagari,2025-03-15,36.8,µg/m³,19.9591346,73.7788008,,0.31,,10.6,58.9,68.4,,3.7
3409451,Pandav Nagari,2025-03-16,39.5,µg/m³,19.9591346,73.7788008,,0.227,,5.82,68.0,68.8,,7.32
3409451,Pandav Nagari,2025-03-17,57.4,µg/m³,19.9591346,73.7788008,,0.284,,9.98,44.2,95.7,,6.65
3409451,Pandav Nagari,2025-03-18,63.9,µg/m³,19.9591346,73.7788008,,0.575,,17.7,44.9,170.0,,10.7
3409451,Pandav Nagari,2025-03-19,64.1,µg/m³,19.9591346,73.7788008,,0.275,,8.46,74.7,98.4,,10.8
3409451,Pandav Nagari,2025-03-20,38.0,µg/m³,19.9591346,73.7788008,,0.257,,7.9,61.5,99.4,,8.77
3409451,Pandav Nagari,2025-03-21,29.1,µg/m³,19.9591346,73.7788008,,0.291,,8.74,41.8,73.9,,6.52
3409451,Pandav Nagari,2025-03-22,39.3,µg/m³,19.9591346,73.7788008,,0.253,,9.92,61.4,89.2,,8.87
3409451,Pandav Nagari,2025-03-23,51.2,µg/m³,19.9591346,73.7788008,,0.295,,11.2,95.7,115.0,,10.4
3409451,Pandav Nagari,2025-03-24,56.2,µg/m³,19.9591346,73.7788008,,0.285,,7.61,116.0,108.0,,8.17
3409451,Pandav Nagari,2025-03-25,77.9,µg/m³,19.9591346,73.7788008,,0.123,,8.69,83.5,126.0,,13.0
3409451,Pandav Nagari,2025-03-26,61.7,µg/m³,19.9591346,73.7788008,,0.413,,10.4,82.0,129.0,,9.07
3409451,Pandav Nagari,2025-03-27,35.7,µg/m³,19.9591346,73.7788008,,0.378,,11.7,35.4,73.7,,5.12
3409451,Pandav Nagari,2025-03-28,35.7,µg/m³,19.9591346,73.7788008,,0.32,,9.14,53.3,101.0,,6.51
3409451,Pandav Nagari,2025-03-29,67.9,µg/m³,19.9591346,73.7788008,,0.51,,12.6,53.0,161.0,,22.0
3409451,Pandav Nagari,2025-03-30,65.3,µg/m³,19.9591346,73.7788008,,0.49,,17.4,40.7,124.0,,9.02
3409451,Pandav Nagari,2025-03-31,76.7,µg/m³,19.9591346,73.7788008,,0.5,,13.7,64.3,135.0,,16.0
3409451,Pandav Nagari,2025-04-01,70.9,µg/m³,19.9591346,73.7788008,,0.527,,14.9,44.5,141.0,,12.4
3409451,Pandav Nagari,2025-04-02,71.0,µg/m³,19.9591346,73.7788008,,0.433,,12.3,37.5,102.0,,6.42
3409451,Pandav Nagari,2025-04-03,65.6,µg/m³,19.9591346,73.7788008,,0.473,,12.0,63.3,86.9,,4.0
3409451,Pandav Nagari,2025-04-04,48.6,µg/m³,19.9591346,73.7788008,,0.288,,10.5,56.8,106.0,,11.8
3409451,Pandav Nagari,2025-04-05,40.3,µg/m³,19.9591346,73.7788008,,0.323,,14.2,45.6,95.6,,4.05
3409451,Pandav Nagari,2025-04-06,34.2,µg/m³,19.9591346,73.7788008,,0.375,,10.7,33.2,88.9,,11.1
3409451,Pandav Nagari,2025-04-07,46.1,µg/m³,19.9591346,73.7788008,,0.396,,12.2,48.2,99.6,,9.46
3409451,Pandav Nagari,2025-04-08,32.6,µg/m³,19.9591346,73.7788008,,0.253,,8.18,64.6,90.1,,13.1
3409451,Pandav Nagari,2025-04-09,43.1,µg/m³,19.9591346,73.7788008,,0.25,,6.0,34.7,85.1,,12.5
3409451,Pandav Nagari,2025-04-11,32.3,µg/m³,19.9591346,73.7788008,,,,,,69.2,,
3409451,Pandav Nagari,2025-04-12,55.3,µg/m³,19.9591346,73.7788008,,0.34,,6.91,32.8,85.1,,2.94
3409451,Pandav Nagari,2025-04-13,32.8,µg/m³,19.9591346,73.7788008,,0.495,,7.85,36.8,81.6,,2.72
3409451,Pandav Nagari,2025-04-14,34.2,µg/m³,19.9591346,73.7788008,,0.25,,6.72,36.8,72.4,,3.51
3409451,Pandav Nagari,2025-04-15,26.5,µg/m³,19.9591346,73.7788008,,0.26,,8.09,63.5,70.1,,7.6
3409451,Pandav Nagari,2025-04-16,33.4,µg/m³,19.9591346,73.7788008,,0.3,,7.86,70.1,101.0,,3.05
3409451,Pandav Nagari,2025-04-17,33.4,µg/m³,19.9591346,73.7788008,,0.343,,8.75,42.1,79.1,,5.06
3409451,Pandav Nagari,2025-04-18,31.7,µg/m³,19.9591346,73.7788008,,0.35,,8.54,51.6,61.6,,3.69
3409451,Pandav Nagari,2025-04-19,24.6,µg/m³,19.9591346,73.7788008,,0.31,,6.5,59.3,55.8,,3.53
3409451,Pandav Nagari,2025-04-20,32.9,µg/m³,19.9591346,73.7788008,,0.425,,14.3,33.2,83.1,,5.45
3409451,Pandav Nagari,2025-04-21,32.1,µg/m³,19.9591346,73.7788008,,0.274,,8.43,57.7,94.6,,3.98
3409451,Pandav Nagari,2025-04-22,38.4,µg/m³,19.9591346,73.7788008,,0.23,,5.94,45.2,112.0,,5.53
3409451,Pandav Nagari,2025-04-23,44.8,µg/m³,19.9591346,73.7788008,,0.415,,7.09,59.4,112.0,,9.15
3409451,Pandav Nagari,2025-04-24,49.4,µg/m³,19.9591346,73.7788008,,0.397,,8.74,52.3,103.0,,4.85
3409451,Pandav Nagari,2025-04-25,37.5,µg/m³,19.9591346,73.7788008,,0.45,,11.3,62.4,92.4,,2.84
3409451,Pandav Nagari,2025-04-26,30.6,µg/m³,19.9591346,73.7788008,,0.3,,7.45,36.7,75.7,,8.47
3409451,Pandav Nagari,2025-04-27,35.4,µg/m³,19.9591346,73.7788008,,0.26,,6.37,20.4,78.3,,7.76
3409451,Pandav Nagari,2025-04-28,39.2,µg/m³,19.9591346,73.7788008,,,,9.83,14.6,90.0,,8.15
3409451,Pandav Nagari,2025-04-29,36.9,µg/m³,19.9591346,73.7788008,,0.34,,6.1,54.0,103.0,,6.12
3409451,Pandav Nagari,2025-04-30,32.6,µg/m³,19.9591346,73.7788008,,0.37,,11.7,44.1,78.3,,5.92
3409451,Pandav Nagari,2025-05-01,32.1,µg/m³,19.9591346,73.7788008,,0.273,,6.36,34.9,65.6,,5.7
3409451,Pandav Nagari,2025-05-02,25.0,µg/m³,19.9591346,73.7788008,,0.27,,7.08,51.0,60.4,,7.08
3409451,Pandav Nagari,2025-05-03,19.0,µg/m³,19.9591346,73.7788008,,0.138,,5.16,35.2,46.0,,4.21
3409451,Pandav Nagari,2025-05-04,21.0,µg/m³,19.9591346,73.7788008,,0.303,,4.06,23.3,50.3,,2.53
3409451,Pandav Nagari,2025-05-05,24.2,µg/m³,19.9591346,73.7788008,,0.19,,4.33,28.2,68.8,,4.9
3409451,Pandav Nagari,2025-05-06,19.3,µg/m³,19.9591346,73.7788008,,0.175,,4.44,31.9,64.0,,3.66
3409451,Pandav Nagari,2025-05-07,17.8,µg/m³,19.9591346,73.7788008,,0.305,,8.68,26.3,35.7,,6.34
3409451,Pandav Nagari,2025-05-08,6.05,µg/m³,19.9591346,73.7788008,,0.212,,3.77,22.7,14.7,,5.8
3409451,Pandav Nagari,2025-05-09,10.0,µg/m³,19.9591346,73.7788008,,0.18,,3.36,27.6,15.6,,1.79
3409451,Pandav Nagari,2025-05-10,16.5,µg/m³,19.9591346,73.7788008,,0.377,,4.52,27.0,26.1,,3.85
3409451,Pandav Nagari,2025-05-11,20.0,µg/m³,19.9591346,73.7788008,,0.453,,7.12,22.4,30.2,,4.58
3409451,Pandav Nagari,2025-05-12,23.5,µg/m³,19.9591346,73.7788008,,0.334,,4.46,28.7,33.2,,3.11
3409451,Pandav Nagari,2025-05-13,28.9,µg/m³,19.9591346,73.7788008,,0.476,,6.03,21.7,53.3,,2.99
3409451,Pandav Nagari,2025-05-14,23.9,µg/m³,19.9591346,73.7788008,,0.371,,5.5,33.2,52.1,,2.06
3409451,Pandav Nagari,2025-05-15,25.2,µg/m³,19.9591346,73.7788008,,0.524,,7.15,20.5,50.0,,1.92
3409451,Pandav Nagari,2025-05-16,24.4,µg/m³,19.9591346,73.7788008,,0.511,,7.47,16.4,49.9,,1.17
3409451,Pandav Nagari,2025-05-17,19.6,µg/m³,19.9591346,73.7788008,,0.305,,4.03,14.2,40.2,,1.2
3409451,Pandav Nagari,2025-05-18,17.2,µg/m³,19.9591346,73.7788008,,0.294,,3.1,18.6,43.2,,0.959
3409451,Pandav Nagari,2025-05-19,21.1,µg/m³,19.9591346,73.7788008,,0.3,,4.09,11.5,48.3,,1.22
3409451,Pandav Nagari,2025-05-20,33.1,µg/m³,19.9591346,73.7788008,,0.458,,4.56,22.8,55.3,,0.653
3409451,Pandav Nagari,2025-05-21,31.4,µg/m³,19.9591346,73.7788008,,0.423,,4.69,31.9,52.1,,1.77
3409451,Pandav Nagari,2025-05-22,28.1,µg/m³,19.9591346,73.7788008,,0.358,,4.51,32.0,50.2,,1.86
3409451,Pandav Nagari,2025-05-23,23.9,µg/m³,19.9591346,73.7788008,,0.5,,4.39,13.2,49.0,,1.18
3409451,Pandav Nagari,2025-05-24,30.0,µg/m³,19.9591346,73.7788008,,0.417,,3.71,23.5,59.4,,1.31
3409451,Pandav Nagari,2025-05-25,34.4,µg/m³,19.9591346,73.7788008,,0.375,,2.92,29.2,58.3,,1.64
3409451,Pandav Nagari,2025-05-26,11.6,µg/m³,19.9591346,73.7788008,,0.355,,2.64,25.3,52.0,,6.78
3409451,Pandav Nagari,2025-05-27,23.6,µg/m³,19.9591346,73.7788008,,0.315,,2.67,25.4,43.7,,6.95
3409451,Pandav Nagari,2025-05-28,18.7,µg/m³,19.9591346,73.7788008,,0.46,,2.49,25.8,40.2,,7.88
3409451,Pandav Nagari,2025-05-29,14.7,µg/m³,19.9591346,73.7788008,,0.263,,2.44,15.3,68.3,,7.63
3409451,Pandav Nagari,2025-05-30,21.4,µg/m³,19.9591346,73.7788008,,0.15,,1.65,19.1,78.7,,7.12
3409451,Pandav Nagari,2025-05-31,30.8,µg/m³,19.9591346,73.7788008,,0.13,,1.66,23.5,69.3,,7.38
3409451,Pandav Nagari,2025-06-01,26.2,µg/m³,19.9591346,73.7788008,,,,2.04,21.0,48.4,,7.58
3409451,Pandav Nagari,2025-06-02,15.1,µg/m³,19.9591346,73.7788008,,0.2,,1.9,25.1,57.8,,7.52
3409451,Pandav Nagari,2025-06-03,11.5,µg/m³,19.9591346,73.7788008,,,,1.71,30.9,52.1,,3.17
3409451,Pandav Nagari,2025-06-04,12.8,µg/m³,19.9591346,73.7788008,,0.275,,1.24,21.2,42.2,,3.48
3409451,Pandav Nagari,2025-06-05,18.8,µg/m³,19.9591346,73.7788008,,0.24,,2.21,29.2,62.4,,6.57
3409451,Pandav Nagari,2025-06-06,23.1,µg/m³,19.9591346,73.7788008,,0.245,,3.03,20.9,55.3,,7.3
3409451,Pandav Nagari,2025-06-07,16.9,µg/m³,19.9591346,73.7788008,,0.3,,2.73,20.7,45.8,,5.67
3409451,Pandav Nagari,2025-06-08,20.1,µg/m³,19.9591346,73.7788008,,0.19,,2.11,24.8,54.0,,4.49
3409451,Pandav Nagari,2025-06-09,20.8,µg/m³,19.9591346,73.7788008,,0.2,,2.1,21.0,55.9,,4.28
3409451,Pandav Nagari,2025-06-10,20.3,µg/m³,19.9591346,73.7788008,,0.195,,1.62,30.2,47.2,,4.11
3409451,Pandav Nagari,2025-06-11,14.9,µg/m³,19.9591346,73.7788008,,0.188,,2.17,29.6,91.3,,4.4
3409451,Pandav Nagari,2025-06-12,20.8,µg/m³,19.9591346,73.7788008,,,,2.64,23.1,63.4,,4.47
3409451,Pandav Nagari,2025-06-13,21.0,µg/m³,19.9591346,73.7788008,,0.32,,3.92,29.5,41.7,,2.86
3409451,Pandav Nagari,2025-06-14,24.7,µg/m³,19.9591346,73.7788008,,0.308,,4.58,24.2,47.1,,0.713
3409451,Pandav Nagari,2025-06-15,21.4,µg/m³,19.9591346,73.7788008,,0.463,,2.79,29.6,28.0,,2.4
3409451,Pandav Nagari,2025-06-16,11.3,µg/m³,19.9591346,73.7788008,,0.406,,3.51,17.8,23.0,,1.91
3409451,Pandav Nagari,2025-06-17,18.5,µg/m³,19.9591346,73.7788008,,0.185,,2.97,32.8,45.7,,1.92
3409451,Pandav Nagari,2025-06-18,12.0,µg/m³,19.9591346,73.7788008,,0.25,,1.89,33.2,21.3,,2.19
3409451,Pandav Nagari,2025-06-19,9.45,µg/m³,19.9591346,73.7788008,,0.235,,1.64,30.4,23.7,,0.72
3409451,Pandav Nagari,2025-06-20,13.5,µg/m³,19.9591346,73.7788008,,0.145,,1.28,24.8,37.8,,1.39
3409451,Pandav Nagari,2025-06-21,13.0,µg/m³,19.9591346,73.7788008,,0.14,,1.63,22.7,29.5,,1.81
3409451,Pandav Nagari,2025-06-22,18.1,µg/m³,19.9591346,73.7788008,,0.2,,1.46,21.3,33.6,,1.63
3409451,Pandav Nagari,2025-06-23,10.9,µg/m³,19.9591346,73.7788008,,0.355,,3.14,19.0,20.8,,1.83
3409451,Pandav Nagari,2025-06-24,13.9,µg/m³,19.9591346,73.7788008,,0.3,,2.08,33.2,29.9,,3.28
3409451,Pandav Nagari,2025-06-25,17.8,µg/m³,19.9591346,73.7788008,,0.21,,1.68,28.5,44.9,,4.06
3409451,Pandav Nagari,2025-06-26,14.3,µg/m³,19.9591346,73.7788008,,,,1.59,22.2,32.7,,4.3
3409451,Pandav Nagari,2025-06-27,13.4,µg/m³,19.9591346,73.7788008,,0.12,,1.61,14.9,31.6,,4.71
3409451,Pandav Nagari,2025-06-28,21.7,µg/m³,19.9591346,73.7788008,,,,,,46.8,,
3409451,Pandav Nagari,2025-06-29,11.5,µg/m³,19.9591346,73.7788008,,0.137,,1.89,22.1,30.1,,4.84
3409451,Pandav Nagari,2025-06-30,12.7,µg/m³,19.9591346,73.7788008,,0.21,,1.57,21.9,39.4,,2.45
3409451,Pandav Nagari,2025-07-01,9.01,µg/m³,19.9591346,73.7788008,,0.223,,2.41,15.8,27.3,,2.54
3409451,Pandav Nagari,2025-07-02,6.62,µg/m³,19.9591346,73.7788008,,0.17,,2.16,18.0,18.1,,3.19
3409451,Pandav Nagari,2025-07-03,7.62,µg/m³,19.9591346,73.7788008,,0.245,,1.83,16.7,18.5,,2.2
3409451,Pandav Nagari,2025-07-04,8.16,µg/m³,19.9591346,73.7788008,,0.2,,1.91,17.2,26.3,,3.44
3409451,Pandav Nagari,2025-07-05,6.06,µg/m³,19.9591346,73.7788008,,0.12,,1.85,17.2,16.6,,4.36
3409451,Pandav Nagari,2025-07-06,10.2,µg/m³,19.9591346,73.7788008,,,,2.05,19.7,16.5,,4.44
3409451,Pandav Nagari,2025-07-07,15.0,µg/m³,19.9591346,73.7788008,,0.11,,2.48,16.7,30.0,,3.35
3409451,Pandav Nagari,2025-07-08,13.8,µg/m³,19.9591346,73.7788008,,0.115,,2.06,18.5,44.4,,4.24
3409451,Pandav Nagari,2025-07-09,19.2,µg/m³,19.9591346,73.7788008,,0.207,,2.54,17.4,49.6,,27.9
3409451,Pandav Nagari,2025-07-10,15.0,µg/m³,19.9591346,73.7788008,,0.16,,2.0,16.8,61.6,,2.29
3409451,Pandav Nagari,2025-07-11,14.8,µg/m³,19.9591346,73.7788008,,0.1,,3.28,15.6,50.5,,2.13
3409451,Pandav Nagari,2025-07-12,10.4,µg/m³,19.9591346,73.7788008,,0.165,,2.24,14.3,34.4,,2.24
3409451,Pandav Nagari,2025-07-13,14.8,µg/m³,19.9591346,73.7788008,,,,,,38.5,,
3409451,Pandav Nagari,2025-07-14,6.57,µg/m³,19.9591346,73.7788008,,0.34,,3.11,16.2,14.9,,4.27
3409451,Pandav Nagari,2025-07-15,11.1,µg/m³,19.9591346,73.7788008,,0.205,,2.94,9.57,31.1,,4.5
3409451,Pandav Nagari,2025-07-16,17.2,µg/m³,19.9591346,73.7788008,,0.17,,2.89,17.0,60.1,,1.87
3409451,Pandav Nagari,2025-07-17,17.4,µg/m³,19.9591346,73.7788008,,,,2.64,18.4,77.8,,2.51
3409451,Pandav Nagari,2025-07-18,17.8,µg/m³,19.9591346,73.7788008,,0.25,,2.74,19.2,68.4,,2.15
3409451,Pandav Nagari,2025-07-19,13.7,µg/m³,19.9591346,73.7788008,,,,2.14,18.0,51.7,,3.06
3409451,Pandav Nagari,2025-07-20,11.1,µg/m³,19.9591346,73.7788008,,0.17,,1.62,20.7,39.8,,2.64
3409451,Pandav Nagari,2025-07-21,9.29,µg/m³,19.9591346,73.7788008,,0.0917,,1.95,19.2,28.1,,2.41
3409451,Pandav Nagari,2025-07-22,9.57,µg/m³,19.9591346,73.7788008,,0.27,,3.18,16.7,30.5,,3.12
3409451,Pandav Nagari,2025-07-23,10.7,µg/m³,19.9591346,73.7788008,,0.22,,2.82,20.2,30.0,,3.0
3409451,Pandav Nagari,2025-07-24,13.5,µg/m³,19.9591346,73.7788008,,0.41,,3.24,18.8,30.3,,2.69
3409451,Pandav Nagari,2025-07-25,7.98,µg/m³,19.9591346,73.7788008,,0.31,,3.15,13.3,13.0,,3.05
3409451,Pandav Nagari,2025-07-26,6.1,µg/m³,19.9591346,73.7788008,,0.16,,3.04,15.0,16.3,,3.31
3409451,Pandav Nagari,2025-07-27,8.75,µg/m³,19.9591346,73.7788008,,0.2,,1.86,20.4,29.9,,3.57
3409451,Pandav Nagari,2025-07-28,8.32,µg/m³,19.9591346,73.7788008,,0.24,,2.01,21.9,19.9,,2.52
3409451,Pandav Nagari,2025-07-29,12.5,µg/m³,19.9591346,73.7788008,,0.07,,2.48,20.9,23.4,,4.03
3409451,Pandav Nagari,2025-07-30,18.1,µg/m³,19.9591346,73.7788008,,0.14,,1.91,20.6,31.4,,4.21
3409451,Pandav Nagari,2025-07-31,21.4,µg/m³,19.9591346,73.7788008,,,,1.61,19.7,45.8,,3.04
3409451,Pandav Nagari,2025-08-01,23.5,µg/m³,19.9591346,73.7788008,,0.218,,2.28,15.8,43.4,,2.93
3409451,Pandav Nagari,2025-08-02,22.7,µg/m³,19.9591346,73.7788008,,0.355,,4.04,14.5,40.6,,3.24
3409451,Pandav Nagari,2025-08-03,22.4,µg/m³,19.9591346,73.7788008,,0.202,,2.17,19.1,45.3,,3.79
3409451,Pandav Nagari,2025-08-04,23.2,µg/m³,19.9591346,73.7788008,,0.16,,2.75,17.5,57.6,,3.39
3409451,Pandav Nagari,2025-08-05,23.4,µg/m³,19.9591346,73.7788008,,0.225,,3.65,14.7,48.8,,3.04
3409451,Pandav Nagari,2025-08-06,25.1,µg/m³,19.9591346,73.7788008,,0.38,,3.35,11.7,58.2,,3.49
3409451,Pandav Nagari,2025-08-07,21.2,µg/m³,19.9591346,73.7788008,,0.32,,3.7,23.9,53.7,,4.07
3409451,Pandav Nagari,2025-08-08,29.8,µg/m³,19.9591346,73.7788008,,0.25,,3.09,14.1,81.0,,3.37
3409451,Pandav Nagari,2025-08-09,28.4,µg/m³,19.9591346,73.7788008,,0.19,,2.78,12.0,72.8,,3.63
3409451,Pandav Nagari,2025-08-10,26.3,µg/m³,19.9591346,73.7788008,,0.235,,2.26,12.0,73.2,,3.13
3409451,Pandav Nagari,2025-08-11,28.6,µg/m³,19.9591346,73.7788008,,0.24,,2.77,14.3,69.4,,2.77
3409451,Pandav Nagari,2025-08-12,25.1,µg/m³,19.9591346,73.7788008,,0.147,,3.02,13.0,70.2,,3.02
3409451,Pandav Nagari,2025-08-13,21.5,µg/m³,19.9591346,73.7788008,,,,3.38,12.5,47.9,,3.29
3409451,Pandav Nagari,2025-08-14,22.1,µg/m³,19.9591346,73.7788008,,0.29,,2.62,14.8,46.9,,2.54
3409451,Pandav Nagari,2025-08-15,20.9,µg/m³,19.9591346,73.7788008,,0.295,,2.8,18.6,41.0,,3.16
3409451,Pandav Nagari,2025-08-16,17.4,µg/m³,19.9591346,73.7788008,,,,2.08,16.8,37.6,,2.34
3409451,Pandav Nagari,2025-08-17,20.7,µg/m³,19.9591346,73.7788008,,0.19,,2.04,24.9,38.5,,3.13
3409451,Pandav Nagari,2025-08-18,19.1,µg/m³,19.9591346,73.7788008,,0.22,,2.3,19.7,37.0,,4.62
3409451,Pandav Nagari,2025-08-19,13.1,µg/m³,19.9591346,73.7788008,,0.26,,2.11,20.3,25.6,,3.08
3409451,Pandav Nagari,2025-08-20,5.37,µg/m³,19.9591346,73.7788008,,0.167,,1.99,23.2,8.96,,3.73
3409451,Pandav Nagari,2025-08-21,5.81,µg/m³,19.9591346,73.7788008,,0.22,,1.29,20.5,12.4,,4.0
3409451,Pandav Nagari,2025-08-22,10.0,µg/m³,19.9591346,73.7788008,,0.197,,1.68,22.2,19.2,,3.77
3409451,Pandav Nagari,2025-08-23,9.71,µg/m³,19.9591346,73.7788008,,0.135,,1.82,22.3,16.0,,2.91
3409451,Pandav Nagari,2025-08-24,9.83,µg/m³,19.9591346,73.7788008,,0.135,,1.62,20.0,20.3,,2.76
3409451,Pandav Nagari,2025-08-25,10.8,µg/m³,19.9591346,73.7788008,,0.14,,1.87,16.7,64.9,,3.2
3409451,Pandav Nagari,2025-08-26,7.52,µg/m³,19.9591346,73.7788008,,0.228,,3.85,9.68,15.3,,2.3
3409451,Pandav Nagari,2025-08-27,9.5,µg/m³,19.9591346,73.7788008,,0.18,,2.38,12.1,21.7,,1.86
3409451,Pandav Nagari,2025-08-28,15.7,µg/m³,19.9591346,73.7788008,,0.233,,3.92,13.2,34.9,,2.0
3409451,Pandav Nagari,2025-08-29,10.8,µg/m³,19.9591346,73.7788008,,0.35,,3.11,17.7,22.6,,4.25
3409451,Pandav Nagari,2025-08-30,9.05,µg/m³,19.9591346,73.7788008,,0.22,,2.72,15.9,21.3,,1.43
3409451,Pandav Nagari,2025-08-31,7.92,µg/m³,19.9591346,73.7788008,,0.213,,2.49,19.8,28.4,,1.62
3409451,Pandav Nagari,2025-09-01,7.43,µg/m³,19.9591346,73.7788008,,0.335,,3.15,13.6,19.7,,2.29
3409451,Pandav Nagari,2025-09-02,12.4,µg/m³,19.9591346,73.7788008,,0.187,,3.28,16.4,30.5,,3.2
3409451,Pandav Nagari,2025-09-03,17.9,µg/m³,19.9591346,73.7788008,,0.196,,2.92,16.5,40.1,,3.58
3409451,Pandav Nagari,2025-09-04,15.7,µg/m³,19.9591346,73.7788008,,0.18,,2.97,21.9,30.8,,3.16
3409451,Pandav Nagari,2025-09-05,11.6,µg/m³,19.9591346,73.7788008,,0.159,,2.51,25.9,27.0,,2.68
3409451,Pandav Nagari,2025-09-06,8.8,µg/m³,19.9591346,73.7788008,,0.255,,2.11,20.1,13.1,,3.5
3409451,Pandav Nagari,2025-09-07,5.63,µg/m³,19.9591346,73.7788008,,0.178,,2.31,17.2,17.2,,3.47
3409451,Pandav Nagari,2025-09-08,10.6,µg/m³,19.9591346,73.7788008,,0.119,,2.73,16.6,28.2,,3.47
3409451,Pandav Nagari,2025-09-09,19.2,µg/m³,19.9591346,73.7788008,,0.24,,3.46,14.7,59.0,,2.94
3409451,Pandav Nagari,2025-09-10,28.7,µg/m³,19.9591346,73.7788008,,0.143,,4.79,22.2,61.7,,20.4
3409451,Pandav Nagari,2025-09-11,23.8,µg/m³,19.9591346,73.7788008,,0.21,,2.88,19.2,62.5,,2.8
3409451,Pandav Nagari,2025-09-12,20.9,µg/m³,19.9591346,73.7788008,,0.233,,3.08,15.7,49.4,,2.6
3409451,Pandav Nagari,2025-09-13,28.2,µg/m³,19.9591346,73.7788008,,0.235,,3.05,19.4,49.0,,3.96
3409451,Pandav Nagari,2025-09-14,39.9,µg/m³,19.9591346,73.7788008,,0.285,,2.12,34.1,46.0,,4.34
3409451,Pandav Nagari,2025-09-15,54.4,µg/m³,19.9591346,73.7788008,,0.161,,2.73,20.7,117.0,,3.86
3409451,Pandav Nagari,2025-09-16,17.4,µg/m³,19.9591346,73.7788008,,0.326,,3.3,13.2,33.4,,2.94
3409451,Pandav Nagari,2025-09-17,12.5,µg/m³,19.9591346,73.7788008,,0.196,,2.83,13.2,30.5,,2.61
3409451,Pandav Nagari,2025-09-18,17.3,µg/m³,19.9591346,73.7788008,,0.19,,3.17,19.2,29.5,,3.17
3409451,Pandav Nagari,2025-09-19,19.7,µg/m³,19.9591346,73.7788008,,0.25,,3.94,15.8,32.1,,6.75
3409451,Pandav Nagari,2025-09-20,10.6,µg/m³,19.9591346,73.7788008,,0.16,,2.29,13.3,36.3,,4.84
3409451,Pandav Nagari,2025-09-21,23.5,µg/m³,19.9591346,73.7788008,,0.16,,2.56,12.9,50.5,,4.23
3409451,Pandav Nagari,2025-09-22,12.9,µg/m³,19.9591346,73.7788008,,,,0.82,22.8,37.1,,4.97
3409451,Pandav Nagari,2025-09-23,11.4,µg/m³,19.9591346,73.7788008,,0.277,,2.55,14.1,25.0,,3.45
3409451,Pandav Nagari,2025-09-24,16.2,µg/m³,19.9591346,73.7788008,,0.136,,2.88,17.5,39.4,,3.28
3409451,Pandav Nagari,2025-09-25,15.0,µg/m³,19.9591346,73.7788008,,0.15,,2.8,19.9,37.9,,1.78
3409451,Pandav Nagari,2025-09-26,20.8,µg/m³,19.9591346,73.7788008,,0.245,,3.21,18.8,36.7,,1.84
3409451,Pandav Nagari,2025-09-27,23.2,µg/m³,19.9591346,73.7788008,,0.168,,2.14,29.8,45.0,,4.11
3409451,Pandav Nagari,2025-09-28,7.01,µg/m³,19.9591346,73.7788008,,0.171,,2.61,28.4,12.6,,2.64
3409451,Pandav Nagari,2025-09-29,6.78,µg/m³,19.9591346,73.7788008,,0.122,,2.49,32.1,14.5,,4.73
3409451,Pandav Nagari,2025-09-30,9.77,µg/m³,19.9591346,73.7788008,,0.125,,1.97,20.9,24.4,,4.35
3409451,Pandav Nagari,2025-10-01,9.64,µg/m³,19.9591346,73.7788008,,0.105,,2.0,17.3,28.7,,2.92
3409451,Pandav Nagari,2025-10-02,9.8,µg/m³,19.9591346,73.7788008,,0.182,,2.12,19.6,20.2,,2.62
3409451,Pandav Nagari,2025-10-03,10.5,µg/m³,19.9591346,73.7788008,,0.222,,1.98,17.9,28.6,,3.27
3409451,Pandav Nagari,2025-10-04,19.6,µg/m³,19.9591346,73.7788008,,0.198,,2.73,15.7,39.5,,4.16
3409451,Pandav Nagari,2025-10-05,17.0,µg/m³,19.9591346,73.7788008,,0.197,,2.23,16.3,33.4,,4.53
3409451,Pandav Nagari,2025-10-06,10.5,µg/m³,19.9591346,73.7788008,,0.233,,2.54,15.2,35.5,,3.98
3409451,Pandav Nagari,2025-10-07,16.6,µg/m³,19.9591346,73.7788008,,0.322,,4.52,11.6,35.9,,29.4
3409451,Pandav Nagari,2025-10-08,29.2,µg/m³,19.9591346,73.7788008,,0.479,,5.51,14.8,72.0,,3.42
3409451,Pandav Nagari,2025-10-09,41.5,µg/m³,19.9591346,73.7788008,,0.483,,5.32,27.0,111.0,,3.44
3409451,Pandav Nagari,2025-10-10,50.4,µg/m³,19.9591346,73.7788008,,0.419,,5.03,28.0,131.0,,2.82
3409451,Pandav Nagari,2025-10-11,54.5,µg/m³,19.9591346,73.7788008,,0.48,,6.7,33.5,168.0,,4.71
3409451,Pandav Nagari,2025-10-12,55.1,µg/m³,19.9591346,73.7788008,,0.623,,8.43,37.5,143.0,,5.19
3409451,Pandav Nagari,2025-10-13,49.6,µg/m³,19.9591346,73.7788008,,0.397,,8.84,41.2,134.0,,6.3
3409451,Pandav Nagari,2025-10-14,56.9,µg/m³,19.9591346,73.7788008,,0.527,,10.5,34.2,140.0,,4.8
3409451,Pandav Nagari,2025-10-15,70.3,µg/m³,19.9591346,73.7788008,,0.753,,12.3,18.2,128.0,,5.36
3409451,Pandav Nagari,2025-10-16,36.9,µg/m³,19.9591346,73.7788008,,0.413,,4.78,27.4,61.7,,5.54
3409451,Pandav Nagari,2025-10-17,52.2,µg/m³,19.9591346,73.7788008,,0.543,,6.13,23.8,92.5,,6.6
3409451,Pandav Nagari,2025-10-18,67.4,µg/m³,19.9591346,73.7788008,,0.53,,5.56,39.7,85.0,,5.59
3409451,Pandav Nagari,2025-10-19,87.0,µg/m³,19.9591346,73.7788008,,0.549,,4.94,40.9,89.4,,5.36
3409451,Pandav Nagari,2025-10-20,93.2,µg/m³,19.9591346,73.7788008,,0.629,,4.8,38.0,108.0,,5.48
3409451,Pandav Nagari,2025-10-21,144.0,µg/m³,19.9591346,73.7788008,,0.525,,5.46,43.9,192.0,,10.6
3409451,Pandav Nagari,2025-10-22,59.1,µg/m³,19.9591346,73.7788008,,0.313,,3.52,20.6,107.0,,10.2
3409451,Pandav Nagari,2025-10-23,40.9,µg/m³,19.9591346,73.7788008,,0.299,,2.4,27.5,67.0,,7.94
3409451,Pandav Nagari,2025-10-24,23.7,µg/m³,19.9591346,73.7788008,,0.24,,2.51,27.2,38.5,,5.67
3409451,Pandav Nagari,2025-10-25,14.8,µg/m³,19.9591346,73.7788008,,0.193,,1.88,18.3,25.2,,5.78
3409451,Pandav Nagari,2025-10-26,10.7,µg/m³,19.9591346,73.7788008,,0.288,,1.4,17.4,20.0,,7.97
3409451,Pandav Nagari,2025-10-27,7.51,µg/m³,19.9591346,73.7788008,,0.213,,2.22,13.8,16.7,,6.33
3409451,Pandav Nagari,2025-10-28,12.5,µg/m³,19.9591346,73.7788008,,0.303,,3.44,16.3,27.6,,6.56
3409451,Pandav Nagari,2025-10-29,19.6,µg/m³,19.9591346,73.7788008,,0.26,,3.46,13.5,37.9,,7.21
3409451,Pandav Nagari,2025-10-30,18.1,µg/m³,19.9591346,73.7788008,,0.343,,2.92,29.5,41.0,,5.55
3409451,Pandav Nagari,2025-10-31,18.8,µg/m³,19.9591346,73.7788008,,0.323,,3.13,14.7,42.6,,6.06
3409451,Pandav Nagari,2025-11-01,6.18,µg/m³,19.9591346,73.7788008,,0.356,,3.7,12.7,15.7,,5.18
3409451,Pandav Nagari,2025-11-02,8.04,µg/m³,19.9591346,73.7788008,,0.284,,1.65,20.3,21.9,,5.54
3409451,Pandav Nagari,2025-11-03,13.9,µg/m³,19.9591346,73.7788008,,0.343,,3.45,20.9,30.0,,3.48
3409451,Pandav Nagari,2025-11-04,24.0,µg/m³,19.9591346,73.7788008,,0.346,,6.63,25.7,56.0,,4.6
3409451,Pandav Nagari,2025-11-05,22.8,µg/m³,19.9591346,73.7788008,,0.348,,5.38,25.8,50.8,,5.0
3409451,Pandav Nagari,2025-11-06,25.1,µg/m³,19.9591346,73.7788008,,0.342,,6.77,17.7,66.3,,54.3
3409451,Pandav Nagari,2025-11-07,37.9,µg/m³,19.9591346,73.7788008,,0.31,,10.2,30.7,76.6,,6.26
3409451,Pandav Nagari,2025-11-08,50.1,µg/m³,19.9591346,73.7788008,,0.603,,11.6,31.4,93.2,,4.88
3409451,Pandav Nagari,2025-11-09,56.1,µg/m³,19.9591346,73.7788008,,0.472,,10.2,30.4,93.2,,3.98
3409451,Pandav Nagari,2025-11-10,73.1,µg/m³,19.9591346,73.7788008,,,,31.3,34.9,163.0,,4.75
3409451,Pandav Nagari,2025-11-11,81.1,µg/m³,19.9591346,73.7788008,,0.67,,17.8,29.6,147.0,,4.18
3409451,Pandav Nagari,2025-11-12,88.6,µg/m³,19.9591346,73.7788008,,0.815,,19.7,22.0,155.0,,3.26
3409451,Pandav Nagari,2025-11-13,90.4,µg/m³,19.9591346,73.7788008,,0.91,,17.6,20.0,145.0,,4.77
3409451,Pandav Nagari,2025-11-14,77.5,µg/m³,19.9591346,73.7788008,,0.599,,13.7,42.1,123.0,,3.9
3409451,Pandav Nagari,2025-11-15,81.6,µg/m³,19.9591346,73.7788008,,0.623,,13.7,37.8,120.0,,3.64
3409451,Pandav Nagari,2025-11-16,83.5,µg/m³,19.9591346,73.7788008,,0.599,,11.7,45.9,116.0,,3.7
3409451,Pandav Nagari,2025-11-17,72.3,µg/m³,19.9591346,73.7788008,,0.462,,11.6,57.0,105.0,,4.69
3409451,Pandav Nagari,2025-11-18,82.3,µg/m³,19.9591346,73.7788008,,0.723,,12.2,47.4,129.0,,2.41
3409451,Pandav Nagari,2025-11-19,64.4,µg/m³,19.9591346,73.7788008,,0.63,,13.4,48.5,142.0,,3.99
3409451,Pandav Nagari,2025-11-20,71.8,µg/m³,19.9591346,73.7788008,,0.828,,18.9,36.0,154.0,,6.85
3409451,Pandav Nagari,2025-11-21,79.4,µg/m³,19.9591346,73.7788008,,1.23,,16.1,40.4,157.0,,4.19
3409451,Pandav Nagari,2025-11-22,69.7,µg/m³,19.9591346,73.7788008,,0.607,,13.0,37.2,143.0,,4.67
3409451,Pandav Nagari,2025-11-23,54.8,µg/m³,19.9591346,73.7788008,,0.815,,18.7,11.6,114.0,,3.09
3409451,Pandav Nagari,2025-11-24,57.4,µg/m³,19.9591346,73.7788008,,0.633,,15.0,33.5,115.0,,2.53
3409451,Pandav Nagari,2025-11-25,39.2,µg/m³,19.9591346,73.7788008,,0.32,,9.48,33.3,82.0,,2.98
3409451,Pandav Nagari,2025-11-26,47.1,µg/m³,19.9591346,73.7788008,,0.617,,13.7,26.0,91.7,,4.01
3409451,Pandav Nagari,2025-11-27,56.6,µg/m³,19.9591346,73.7788008,,0.459,,9.5,30.7,102.0,,4.44
3409451,Pandav Nagari,2025-11-28,88.4,µg/m³,19.9591346,73.7788008,,0.579,,9.89,38.8,149.0,,3.59
3409451,Pandav Nagari,2025-11-29,62.9,µg/m³,19.9591346,73.7788008,,0.43,,10.0,43.9,119.0,,11.8
3409451,Pandav Nagari,2025-11-30,60.6,µg/m³,19.9591346,73.7788008,,0.625,,12.6,38.8,113.0,,7.41
3409451,Pandav Nagari,2025-12-01,61.8,µg/m³,19.9591346,73.7788008,,0.468,,13.9,44.8,117.0,,7.52
3409451,Pandav Nagari,2025-12-02,68.9,µg/m³,19.9591346,73.7788008,,0.837,,15.9,35.4,137.0,,17.9
3409451,Pandav Nagari,2025-12-03,74.6,µg/m³,19.9591346,73.7788008,,0.613,,14.4,44.1,131.0,,6.23
3409451,Pandav Nagari,2025-12-04,77.4,µg/m³,19.9591346,73.7788008,,0.563,,14.8,45.7,132.0,,5.43
3409451,Pandav Nagari,2025-12-05,64.3,µg/m³,19.9591346,73.7788008,,0.527,,15.0,47.2,116.0,,6.14
3409451,Pandav Nagari,2025-12-06,58.4,µg/m³,19.9591346,73.7788008,,0.549,,16.9,39.7,101.0,,3.47
3409451,Pandav Nagari,2025-12-07,55.1,µg/m³,19.9591346,73.7788008,,0.449,,18.5,45.6,101.0,,3.54
3409451,Pandav Nagari,2025-12-08,47.4,µg/m³,19.9591346,73.7788008,,0.435,,17.1,28.7,99.3,,25.4
3409451,Pandav Nagari,2025-12-09,43.8,µg/m³,19.9591346,73.7788008,,0.454,,10.2,37.8,88.2,,4.02
3409451,Pandav Nagari,2025-12-10,38.7,µg/m³,19.9591346,73.7788008,,0.477,,11.6,32.1,78.5,,2.97
3409451,Pandav Nagari,2025-12-11,50.2,µg/m³,19.9591346,73.7788008,,0.821,,22.0,24.3,86.7,,2.34
3409451,Pandav Nagari,2025-12-12,40.7,µg/m³,19.9591346,73.7788008,,0.702,,16.0,23.3,101.0,,1.64
3409451,Pandav Nagari,2025-12-13,48.3,µg/m³,19.9591346,73.7788008,,0.568,,22.4,46.3,127.0,,9.26
3409451,Pandav Nagari,2025-12-14,45.8,µg/m³,19.9591346,73.7788008,,0.789,,13.4,15.8,89.7,,2.22
3409451,Pandav Nagari,2025-12-15,51.1,µg/m³,19.9591346,73.7788008,,0.57,,13.9,19.6,98.7,,3.81
3409451,Pandav Nagari,2025-12-16,55.4,µg/m³,19.9591346,73.7788008,,0.633,,14.7,37.4,118.0,,3.0
3409451,Pandav Nagari,2025-12-17,70.6,µg/m³,19.9591346,73.7788008,,0.68,,11.1,49.2,136.0,,4.84
3409451,Pandav Nagari,2025-12-18,72.5,µg/m³,19.9591346,73.7788008,,0.638,,15.5,30.9,116.0,,4.34
3409451,Pandav Nagari,2025-12-19,46.2,µg/m³,19.9591346,73.7788008,,0.643,,20.7,18.9,86.8,,10.1
3409451,Pandav Nagari,2025-12-20,52.2,µg/m³,19.9591346,73.7788008,,0.644,,18.9,16.2,96.7,,9.38
3409451,Pandav Nagari,2025-12-21,45.0,µg/m³,19.9591346,73.7788008,,0.5,,13.9,21.1,77.7,,4.91
3409451,Pandav Nagari,2025-12-22,64.2,µg/m³,19.9591346,73.7788008,,0.48,,18.4,30.6,102.0,,6.57
3409451,Pandav Nagari,2025-12-23,47.1,µg/m³,19.9591346,73.7788008,,0.598,,17.9,20.7,95.6,,13.3
3409451,Pandav Nagari,2025-12-24,31.8,µg/m³,19.9591346,73.7788008,,0.41,,12.9,25.3,68.0,,5.32
3409451,Pandav Nagari,2025-12-25,51.9,µg/m³,19.9591346,73.7788008,,0.723,,13.3,34.1,89.5,,5.19
3409451,Pandav Nagari,2025-12-26,77.2,µg/m³,19.9591346,73.7788008,,1.6,,21.7,15.0,115.0,,4.31
3409451,Pandav Nagari,2025-12-27,60.7,µg/m³,19.9591346,73.7788008,,0.405,,18.4,32.8,111.0,,6.77
3409451,Pandav Nagari,2025-12-28,60.6,µg/m³,19.9591346,73.7788008,,0.583,,10.9,20.1,109.0,,4.58
3409451,Pandav Nagari,2025-12-29,65.7,µg/m³,19.9591346,73.7788008,,0.683,,18.0,32.6,129.0,,8.47
3409451,Pandav Nagari,2025-12-30,62.4,µg/m³,19.9591346,73.7788008,,0.767,,15.6,34.1,125.0,,4.81
3409451,Pandav Nagari,2025-12-31,60.8,µg/m³,19.9591346,73.7788008,,0.801,,17.5,29.6,126.0,,3.66
