station_id,station_name,sensor_id,parameter,unit,date_local,value,latitude,longitude,quality_flag
5592,Gangapur Road,14868,co,µg/m³,2019-01-03,4310.0,20.0073285,73.7762427,check_required
5592,Gangapur Road,14868,co,µg/m³,2019-02-13,755.0,20.0073285,73.7762427,check_required
5592,Gangapur Road,14868,co,µg/m³,2019-02-14,796.0,20.0073285,73.7762427,check_required
5592,Gangapur Road,14868,co,µg/m³,2019-04-27,362.0,20.0073285,73.7762427,check_required
5592,Gangapur Road,14868,co,µg/m³,2019-04-28,372.0,20.0073285,73.7762427,check_required
5592,Gangapur Road,14868,co,µg/m³,2019-04-29,798.0,20.0073285,73.7762427,check_required
5592,Gangapur Road,14868,co,µg/m³,2019-04-30,416.0,20.0073285,73.7762427,check_required
5592,Gangapur Road,14868,co,µg/m³,2019-05-01,392.0,20.0073285,73.7762427,check_required
5592,Gangapur Road,14868,co,µg/m³,2019-05-02,450.0,20.0073285,73.7762427,check_required
5592,Gangapur Road,14868,co,µg/m³,2019-05-03,460.0,20.0073285,73.7762427,check_required
5592,Gangapur Road,14868,co,µg/m³,2019-06-19,381.0,20.0073285,73.7762427,check_required
5592,Gangapur Road,14868,co,µg/m³,2019-06-20,330.0,20.0073285,73.7762427,check_required
5592,Gangapur Road,14868,co,µg/m³,2019-06-21,303.0,20.0073285,73.7762427,check_required
5592,Gangapur Road,14868,co,µg/m³,2019-06-22,335.0,20.0073285,73.7762427,check_required
5592,Gangapur Road,14868,co,µg/m³,2019-06-23,338.0,20.0073285,73.7762427,check_required
5592,Gangapur Road,14868,co,µg/m³,2019-06-24,466.0,20.0073285,73.7762427,check_required
5592,Gangapur Road,14868,co,µg/m³,2019-06-25,501.0,20.0073285,73.7762427,check_required
5592,Gangapur Road,14868,co,µg/m³,2019-06-26,470.0,20.0073285,73.7762427,check_required
5592,Gangapur Road,14868,co,µg/m³,2019-06-27,552.0,20.0073285,73.7762427,check_required
5592,Gangapur Road,14868,co,µg/m³,2019-06-28,862.0,20.0073285,73.7762427,check_required
5592,Gangapur Road,14868,co,µg/m³,2019-06-29,1300.0,20.0073285,73.7762427,check_required
5592,Gangapur Road,14868,co,µg/m³,2019-07-01,1730.0,20.0073285,73.7762427,check_required
5592,Gangapur Road,14868,co,µg/m³,2019-07-08,753.0,20.0073285,73.7762427,check_required
5592,Gangapur Road,14868,co,µg/m³,2019-07-09,674.0,20.0073285,73.7762427,check_required
5592,Gangapur Road,14868,co,µg/m³,2019-07-10,680.0,20.0073285,73.7762427,check_required
5592,Gangapur Road,14868,co,µg/m³,2019-07-11,595.0,20.0073285,73.7762427,check_required
5592,Gangapur Road,14868,co,µg/m³,2019-07-12,430.0,20.0073285,73.7762427,check_required
5592,Gangapur Road,14868,co,µg/m³,2019-07-13,636.0,20.0073285,73.7762427,check_required
5592,Gangapur Road,14868,co,µg/m³,2019-07-14,541.0,20.0073285,73.7762427,check_required
5592,Gangapur Road,14868,co,µg/m³,2019-07-15,518.0,20.0073285,73.7762427,check_required
5592,Gangapur Road,14868,co,µg/m³,2019-07-16,513.0,20.0073285,73.7762427,check_required
5592,Gangapur Road,14868,co,µg/m³,2019-07-17,477.0,20.0073285,73.7762427,check_required
5592,Gangapur Road,14868,co,µg/m³,2019-07-18,492.0,20.0073285,73.7762427,check_required
5592,Gangapur Road,14868,co,µg/m³,2019-07-19,396.0,20.0073285,73.7762427,check_required
5592,Gangapur Road,14868,co,µg/m³,2019-07-20,698.0,20.0073285,73.7762427,check_required
5592,Gangapur Road,14868,co,µg/m³,2019-07-21,595.0,20.0073285,73.7762427,check_required
5592,Gangapur Road,14868,co,µg/m³,2019-07-22,722.0,20.0073285,73.7762427,check_required
5592,Gangapur Road,14868,co,µg/m³,2019-07-23,755.0,20.0073285,73.7762427,check_required
5592,Gangapur Road,14868,co,µg/m³,2019-07-24,690.0,20.0073285,73.7762427,check_required
5592,Gangapur Road,14868,co,µg/m³,2019-07-25,599.0,20.0073285,73.7762427,check_required
5592,Gangapur Road,14868,co,µg/m³,2019-07-26,512.0,20.0073285,73.7762427,check_required
5592,Gangapur Road,14868,co,µg/m³,2019-07-27,476.0,20.0073285,73.7762427,check_required
5592,Gangapur Road,14868,co,µg/m³,2019-07-28,422.0,20.0073285,73.7762427,check_required
5592,Gangapur Road,14868,co,µg/m³,2019-07-29,477.0,20.0073285,73.7762427,check_required
5592,Gangapur Road,14868,co,µg/m³,2019-07-30,468.0,20.0073285,73.7762427,check_required
5592,Gangapur Road,14868,co,µg/m³,2019-07-31,463.0,20.0073285,73.7762427,check_required
5592,Gangapur Road,14868,co,µg/m³,2019-08-01,484.0,20.0073285,73.7762427,check_required
5592,Gangapur Road,14868,co,µg/m³,2019-08-02,556.0,20.0073285,73.7762427,check_required
5592,Gangapur Road,14868,co,µg/m³,2019-08-03,646.0,20.0073285,73.7762427,check_required
5592,Gangapur Road,14868,co,µg/m³,2019-08-04,210.0,20.0073285,73.7762427,check_required
5592,Gangapur Road,14868,co,µg/m³,2019-08-05,443.0,20.0073285,73.7762427,check_required
5592,Gangapur Road,14868,co,µg/m³,2019-08-06,448.0,20.0073285,73.7762427,check_required
5592,Gangapur Road,14868,co,µg/m³,2019-08-07,436.0,20.0073285,73.7762427,check_required
5592,Gangapur Road,14868,co,µg/m³,2019-08-08,444.0,20.0073285,73.7762427,check_required
5592,Gangapur Road,14868,co,µg/m³,2019-08-09,536.0,20.0073285,73.7762427,check_required
5592,Gangapur Road,14868,co,µg/m³,2019-08-10,527.0,20.0073285,73.7762427,check_required
5592,Gangapur Road,14868,co,µg/m³,2019-08-11,359.0,20.0073285,73.7762427,check_required
5592,Gangapur Road,14868,co,µg/m³,2019-08-12,647.0,20.0073285,73.7762427,check_required
5592,Gangapur Road,14868,co,µg/m³,2019-08-13,499.0,20.0073285,73.7762427,check_required
5592,Gangapur Road,14868,co,µg/m³,2019-08-14,461.0,20.0073285,73.7762427,check_required
5592,Gangapur Road,14868,co,µg/m³,2019-08-15,404.0,20.0073285,73.7762427,check_required
5592,Gangapur Road,14868,co,µg/m³,2019-08-16,510.0,20.0073285,73.7762427,check_required
5592,Gangapur Road,14868,co,µg/m³,2019-08-17,514.0,20.0073285,73.7762427,check_required
5592,Gangapur Road,14868,co,µg/m³,2019-08-18,467.0,20.0073285,73.7762427,check_required
5592,Gangapur Road,14868,co,µg/m³,2019-08-19,437.0,20.0073285,73.7762427,check_required
5592,Gangapur Road,14868,co,µg/m³,2019-08-20,641.0,20.0073285,73.7762427,check_required
5592,Gangapur Road,14868,co,µg/m³,2019-08-21,538.0,20.0073285,73.7762427,check_required
5592,Gangapur Road,14868,co,µg/m³,2019-08-22,493.0,20.0073285,73.7762427,check_required
5592,Gangapur Road,14868,co,µg/m³,2019-08-23,435.0,20.0073285,73.7762427,check_required
5592,Gangapur Road,14868,co,µg/m³,2019-08-24,694.0,20.0073285,73.7762427,check_required
5592,Gangapur Road,14868,co,µg/m³,2019-08-25,426.0,20.0073285,73.7762427,check_required
5592,Gangapur Road,14868,co,µg/m³,2019-08-26,384.0,20.0073285,73.7762427,check_required
5592,Gangapur Road,14868,co,µg/m³,2019-08-27,632.0,20.0073285,73.7762427,check_required
5592,Gangapur Road,14868,co,µg/m³,2019-08-28,544.0,20.0073285,73.7762427,check_required
5592,Gangapur Road,14868,co,µg/m³,2019-08-29,650.0,20.0073285,73.7762427,check_required
5592,Gangapur Road,14868,co,µg/m³,2019-08-30,528.0,20.0073285,73.7762427,check_required
5592,Gangapur Road,14868,co,µg/m³,2019-08-31,532.0,20.0073285,73.7762427,check_required
5592,Gangapur Road,14868,co,µg/m³,2019-09-01,563.0,20.0073285,73.7762427,check_required
5592,Gangapur Road,14868,co,µg/m³,2019-09-02,522.0,20.0073285,73.7762427,check_required
5592,Gangapur Road,14868,co,µg/m³,2019-09-03,605.0,20.0073285,73.7762427,check_required
5592,Gangapur Road,14868,co,µg/m³,2019-09-04,568.0,20.0073285,73.7762427,check_required
5592,Gangapur Road,14868,co,µg/m³,2019-09-05,689.0,20.0073285,73.7762427,check_required
5592,Gangapur Road,14868,co,µg/m³,2019-09-06,605.0,20.0073285,73.7762427,check_required
5592,Gangapur Road,14868,co,µg/m³,2019-09-07,623.0,20.0073285,73.7762427,check_required
5592,Gangapur Road,14868,co,µg/m³,2019-09-08,528.0,20.0073285,73.7762427,check_required
5592,Gangapur Road,14868,co,µg/m³,2019-09-09,606.0,20.0073285,73.7762427,check_required
5592,Gangapur Road,14868,co,µg/m³,2019-09-10,496.0,20.0073285,73.7762427,check_required
5592,Gangapur Road,14868,co,µg/m³,2019-09-11,570.0,20.0073285,73.7762427,check_required
5592,Gangapur Road,14868,co,µg/m³,2019-09-12,497.0,20.0073285,73.7762427,check_required
5592,Gangapur Road,14868,co,µg/m³,2019-09-13,452.0,20.0073285,73.7762427,check_required
5592,Gangapur Road,14868,co,µg/m³,2019-09-14,506.0,20.0073285,73.7762427,check_required
5592,Gangapur Road,14868,co,µg/m³,2019-09-15,523.0,20.0073285,73.7762427,check_required
5592,Gangapur Road,14868,co,µg/m³,2019-09-16,417.0,20.0073285,73.7762427,check_required
5592,Gangapur Road,14868,co,µg/m³,2019-09-17,422.0,20.0073285,73.7762427,check_required
5592,Gangapur Road,14868,co,µg/m³,2019-09-18,560.0,20.0073285,73.7762427,check_required
5592,Gangapur Road,14868,co,µg/m³,2019-09-19,781.0,20.0073285,73.7762427,check_required
5592,Gangapur Road,14868,co,µg/m³,2019-09-20,640.0,20.0073285,73.7762427,check_required
5592,Gangapur Road,14868,co,µg/m³,2019-09-21,573.0,20.0073285,73.7762427,check_required
5592,Gangapur Road,14868,co,µg/m³,2019-09-22,568.0,20.0073285,73.7762427,check_required
5592,Gangapur Road,14868,co,µg/m³,2019-09-23,472.0,20.0073285,73.7762427,check_required
5592,Gangapur Road,14868,co,µg/m³,2019-09-24,731.0,20.0073285,73.7762427,check_required
5592,Gangapur Road,14868,co,µg/m³,2019-09-25,705.0,20.0073285,73.7762427,check_required
5592,Gangapur Road,14868,co,µg/m³,2019-09-26,664.0,20.0073285,73.7762427,check_required
5592,Gangapur Road,14868,co,µg/m³,2019-09-27,964.0,20.0073285,73.7762427,check_required
5592,Gangapur Road,14868,co,µg/m³,2019-09-28,678.0,20.0073285,73.7762427,check_required
5592,Gangapur Road,14868,co,µg/m³,2019-09-29,587.0,20.0073285,73.7762427,check_required
5592,Gangapur Road,14868,co,µg/m³,2019-09-30,596.0,20.0073285,73.7762427,check_required
5592,Gangapur Road,14868,co,µg/m³,2019-10-01,641.0,20.0073285,73.7762427,check_required
5592,Gangapur Road,14868,co,µg/m³,2019-10-02,469.0,20.0073285,73.7762427,check_required
5592,Gangapur Road,14868,co,µg/m³,2019-10-03,490.0,20.0073285,73.7762427,check_required
5592,Gangapur Road,14868,co,µg/m³,2019-10-04,830.0,20.0073285,73.7762427,check_required
5592,Gangapur Road,14868,co,µg/m³,2019-10-05,721.0,20.0073285,73.7762427,check_required
5592,Gangapur Road,14868,co,µg/m³,2019-10-06,778.0,20.0073285,73.7762427,check_required
5592,Gangapur Road,14868,co,µg/m³,2019-10-07,904.0,20.0073285,73.7762427,check_required
5592,Gangapur Road,14868,co,µg/m³,2019-10-08,822.0,20.0073285,73.7762427,check_required
5592,Gangapur Road,14868,co,µg/m³,2019-10-09,853.0,20.0073285,73.7762427,check_required
5592,Gangapur Road,14868,co,µg/m³,2019-10-10,732.0,20.0073285,73.7762427,check_required
5592,Gangapur Road,14868,co,µg/m³,2019-10-11,799.0,20.0073285,73.7762427,check_required
5592,Gangapur Road,14868,co,µg/m³,2019-10-12,708.0,20.0073285,73.7762427,check_required
5592,Gangapur Road,14868,co,µg/m³,2019-10-13,579.0,20.0073285,73.7762427,check_required
5592,Gangapur Road,14868,co,µg/m³,2019-10-14,692.0,20.0073285,73.7762427,check_required
5592,Gangapur Road,14868,co,µg/m³,2019-10-15,821.0,20.0073285,73.7762427,check_required
5592,Gangapur Road,14868,co,µg/m³,2019-10-16,824.0,20.0073285,73.7762427,check_required
5592,Gangapur Road,14868,co,µg/m³,2019-10-17,1070.0,20.0073285,73.7762427,check_required
5592,Gangapur Road,14868,co,µg/m³,2019-10-18,790.0,20.0073285,73.7762427,check_required
5592,Gangapur Road,14868,co,µg/m³,2019-10-19,437.0,20.0073285,73.7762427,check_required
5592,Gangapur Road,14868,co,µg/m³,2019-10-20,669.0,20.0073285,73.7762427,check_required
5592,Gangapur Road,14868,co,µg/m³,2019-10-21,655.0,20.0073285,73.7762427,check_required
5592,Gangapur Road,14868,co,µg/m³,2019-10-22,606.0,20.0073285,73.7762427,check_required
5592,Gangapur Road,14868,co,µg/m³,2019-10-23,642.0,20.0073285,73.7762427,check_required
5592,Gangapur Road,14868,co,µg/m³,2019-10-24,700.0,20.0073285,73.7762427,check_required
5592,Gangapur Road,14868,co,µg/m³,2019-10-25,630.0,20.0073285,73.7762427,check_required
5592,Gangapur Road,14868,co,µg/m³,2019-10-26,1210.0,20.0073285,73.7762427,check_required
5592,Gangapur Road,14868,co,µg/m³,2019-10-27,743.0,20.0073285,73.7762427,check_required
5592,Gangapur Road,14868,co,µg/m³,2019-10-28,563.0,20.0073285,73.7762427,check_required
5592,Gangapur Road,14868,co,µg/m³,2019-10-29,709.0,20.0073285,73.7762427,check_required
5592,Gangapur Road,14868,co,µg/m³,2019-10-30,616.0,20.0073285,73.7762427,check_required
5592,Gangapur Road,14868,co,µg/m³,2019-11-11,1450.0,20.0073285,73.7762427,check_required
5592,Gangapur Road,14868,co,µg/m³,2019-11-12,1540.0,20.0073285,73.7762427,check_required
5592,Gangapur Road,14868,co,µg/m³,2019-11-13,1070.0,20.0073285,73.7762427,check_required
5592,Gangapur Road,14868,co,µg/m³,2019-11-14,1150.0,20.0073285,73.7762427,check_required
5592,Gangapur Road,14868,co,µg/m³,2019-11-15,1030.0,20.0073285,73.7762427,check_required
5592,Gangapur Road,14868,co,µg/m³,2019-11-16,807.0,20.0073285,73.7762427,check_required
5592,Gangapur Road,14868,co,µg/m³,2019-11-17,747.0,20.0073285,73.7762427,check_required
5592,Gangapur Road,14868,co,µg/m³,2019-11-18,1060.0,20.0073285,73.7762427,check_required
5592,Gangapur Road,14868,co,µg/m³,2019-11-19,1530.0,20.0073285,73.7762427,check_required
5592,Gangapur Road,14868,co,µg/m³,2019-11-20,1320.0,20.0073285,73.7762427,check_required
5592,Gangapur Road,14868,co,µg/m³,2019-11-21,1150.0,20.0073285,73.7762427,check_required
5592,Gangapur Road,14868,co,µg/m³,2019-11-22,1190.0,20.0073285,73.7762427,check_required
5592,Gangapur Road,14868,co,µg/m³,2019-11-23,1430.0,20.0073285,73.7762427,check_required
5592,Gangapur Road,14868,co,µg/m³,2019-11-24,1200.0,20.0073285,73.7762427,check_required
5592,Gangapur Road,14868,co,µg/m³,2019-11-25,1240.0,20.0073285,73.7762427,check_required
5592,Gangapur Road,14868,co,µg/m³,2019-11-26,1110.0,20.0073285,73.7762427,check_required
5592,Gangapur Road,14868,co,µg/m³,2019-11-27,1040.0,20.0073285,73.7762427,check_required
5592,Gangapur Road,14868,co,µg/m³,2019-11-28,1390.0,20.0073285,73.7762427,check_required
5592,Gangapur Road,14868,co,µg/m³,2019-11-29,1320.0,20.0073285,73.7762427,check_required
5592,Gangapur Road,14868,co,µg/m³,2019-11-30,1040.0,20.0073285,73.7762427,check_required
5592,Gangapur Road,14868,co,µg/m³,2019-12-01,1020.0,20.0073285,73.7762427,check_required
5592,Gangapur Road,14868,co,µg/m³,2019-12-02,927.0,20.0073285,73.7762427,check_required
5592,Gangapur Road,14868,co,µg/m³,2019-12-03,817.0,20.0073285,73.7762427,check_required
5592,Gangapur Road,14868,co,µg/m³,2019-12-04,990.0,20.0073285,73.7762427,check_required
5592,Gangapur Road,14868,co,µg/m³,2019-12-05,988.0,20.0073285,73.7762427,check_required
5592,Gangapur Road,14868,co,µg/m³,2019-12-06,719.0,20.0073285,73.7762427,check_required
5592,Gangapur Road,14868,co,µg/m³,2019-12-07,1040.0,20.0073285,73.7762427,check_required
5592,Gangapur Road,14868,co,µg/m³,2019-12-08,678.0,20.0073285,73.7762427,check_required
5592,Gangapur Road,14868,co,µg/m³,2019-12-10,1570.0,20.0073285,73.7762427,check_required
5592,Gangapur Road,14868,co,µg/m³,2019-12-11,1070.0,20.0073285,73.7762427,check_required
5592,Gangapur Road,14868,co,µg/m³,2019-12-12,1000.0,20.0073285,73.7762427,check_required
5592,Gangapur Road,14868,co,µg/m³,2019-12-13,708.0,20.0073285,73.7762427,check_required
5592,Gangapur Road,14868,co,µg/m³,2019-12-14,1040.0,20.0073285,73.7762427,check_required
5592,Gangapur Road,14868,co,µg/m³,2019-12-15,1050.0,20.0073285,73.7762427,check_required
5592,Gangapur Road,14868,co,µg/m³,2019-12-16,886.0,20.0073285,73.7762427,check_required
5592,Gangapur Road,14868,co,µg/m³,2019-12-17,767.0,20.0073285,73.7762427,check_required
5592,Gangapur Road,14868,co,µg/m³,2019-12-18,1380.0,20.0073285,73.7762427,check_required
5592,Gangapur Road,14868,co,µg/m³,2019-12-19,1560.0,20.0073285,73.7762427,check_required
5592,Gangapur Road,14868,co,µg/m³,2019-12-20,1400.0,20.0073285,73.7762427,check_required
5592,Gangapur Road,14868,co,µg/m³,2019-12-21,1660.0,20.0073285,73.7762427,check_required
5592,Gangapur Road,14868,co,µg/m³,2019-12-22,1320.0,20.0073285,73.7762427,check_required
5592,Gangapur Road,14868,co,µg/m³,2019-12-23,1570.0,20.0073285,73.7762427,check_required
5592,Gangapur Road,14868,co,µg/m³,2019-12-24,1170.0,20.0073285,73.7762427,check_required
5592,Gangapur Road,14868,co,µg/m³,2019-12-25,901.0,20.0073285,73.7762427,check_required
5592,Gangapur Road,14868,co,µg/m³,2019-12-26,834.0,20.0073285,73.7762427,check_required
5592,Gangapur Road,14868,co,µg/m³,2019-12-27,746.0,20.0073285,73.7762427,check_required
5592,Gangapur Road,14868,co,µg/m³,2019-12-28,645.0,20.0073285,73.7762427,check_required
5592,Gangapur Road,14868,co,µg/m³,2019-12-29,730.0,20.0073285,73.7762427,check_required
5592,Gangapur Road,14868,co,µg/m³,2019-12-30,907.0,20.0073285,73.7762427,check_required
5592,Gangapur Road,14868,co,µg/m³,2019-12-31,940.0,20.0073285,73.7762427,check_required
5592,Gangapur Road,14868,co,µg/m³,2020-01-01,1020.0,20.0073285,73.7762427,check_required
5592,Gangapur Road,14868,co,µg/m³,2020-01-02,944.0,20.0073285,73.7762427,check_required
5592,Gangapur Road,14868,co,µg/m³,2020-01-03,800.0,20.0073285,73.7762427,check_required
5592,Gangapur Road,14868,co,µg/m³,2020-01-04,1210.0,20.0073285,73.7762427,check_required
5592,Gangapur Road,14868,co,µg/m³,2020-01-05,912.0,20.0073285,73.7762427,check_required
5592,Gangapur Road,14868,co,µg/m³,2020-01-06,1230.0,20.0073285,73.7762427,check_required
5592,Gangapur Road,14868,co,µg/m³,2020-01-07,1220.0,20.0073285,73.7762427,check_required
5592,Gangapur Road,14868,co,µg/m³,2020-01-08,716.0,20.0073285,73.7762427,check_required
5592,Gangapur Road,14868,co,µg/m³,2020-01-09,777.0,20.0073285,73.7762427,check_required
5592,Gangapur Road,14868,co,µg/m³,2020-01-10,829.0,20.0073285,73.7762427,check_required
5592,Gangapur Road,14868,co,µg/m³,2020-01-11,1310.0,20.0073285,73.7762427,check_required
5592,Gangapur Road,14868,co,µg/m³,2020-01-12,1340.0,20.0073285,73.7762427,check_required
5592,Gangapur Road,14868,co,µg/m³,2020-01-13,798.0,20.0073285,73.7762427,check_required
5592,Gangapur Road,14868,co,µg/m³,2020-01-14,513.0,20.0073285,73.7762427,check_required
5592,Gangapur Road,14868,co,µg/m³,2020-01-15,562.0,20.0073285,73.7762427,check_required
5592,Gangapur Road,14868,co,µg/m³,2020-01-16,447.0,20.0073285,73.7762427,check_required
5592,Gangapur Road,14868,co,µg/m³,2020-01-17,894.0,20.0073285,73.7762427,check_required
5592,Gangapur Road,14868,co,µg/m³,2020-01-18,1430.0,20.0073285,73.7762427,check_required
5592,Gangapur Road,14868,co,µg/m³,2020-01-19,1380.0,20.0073285,73.7762427,check_required
5592,Gangapur Road,14868,co,µg/m³,2020-01-20,1270.0,20.0073285,73.7762427,check_required
5592,Gangapur Road,14868,co,µg/m³,2020-01-21,950.0,20.0073285,73.7762427,check_required
5592,Gangapur Road,14868,co,µg/m³,2020-01-22,822.0,20.0073285,73.7762427,check_required
5592,Gangapur Road,14868,co,µg/m³,2020-01-23,1270.0,20.0073285,73.7762427,check_required
5592,Gangapur Road,14868,co,µg/m³,2020-01-24,1280.0,20.0073285,73.7762427,check_required
5592,Gangapur Road,14868,co,µg/m³,2020-01-25,1140.0,20.0073285,73.7762427,check_required
5592,Gangapur Road,14868,co,µg/m³,2020-01-26,1050.0,20.0073285,73.7762427,check_required
5592,Gangapur Road,14868,co,µg/m³,2020-01-27,830.0,20.0073285,73.7762427,check_required
5592,Gangapur Road,14868,co,µg/m³,2020-01-28,467.0,20.0073285,73.7762427,check_required
5592,Gangapur Road,14868,co,µg/m³,2020-01-29,531.0,20.0073285,73.7762427,check_required
5592,Gangapur Road,14868,co,µg/m³,2020-01-30,933.0,20.0073285,73.7762427,check_required
5592,Gangapur Road,14868,co,µg/m³,2020-01-31,852.0,20.0073285,73.7762427,check_required
5592,Gangapur Road,14868,co,µg/m³,2020-02-01,761.0,20.0073285,73.7762427,check_required
5592,Gangapur Road,14868,co,µg/m³,2020-02-02,747.0,20.0073285,73.7762427,check_required
5592,Gangapur Road,14868,co,µg/m³,2020-02-03,938.0,20.0073285,73.7762427,check_required
5592,Gangapur Road,14868,co,µg/m³,2020-02-04,727.0,20.0073285,73.7762427,check_required
5592,Gangapur Road,14868,co,µg/m³,2020-02-05,828.0,20.0073285,73.7762427,check_required
5592,Gangapur Road,14868,co,µg/m³,2020-02-06,656.0,20.0073285,73.7762427,check_required
5592,Gangapur Road,14868,co,µg/m³,2020-02-07,528.0,20.0073285,73.7762427,check_required
5592,Gangapur Road,14868,co,µg/m³,2020-02-08,734.0,20.0073285,73.7762427,check_required
5592,Gangapur Road,14868,co,µg/m³,2020-02-09,632.0,20.0073285,73.7762427,check_required
5592,Gangapur Road,14868,co,µg/m³,2020-02-10,776.0,20.0073285,73.7762427,check_required
5592,Gangapur Road,14868,co,µg/m³,2020-02-11,1040.0,20.0073285,73.7762427,check_required
5592,Gangapur Road,14868,co,µg/m³,2020-02-12,792.0,20.0073285,73.7762427,check_required
5592,Gangapur Road,14868,co,µg/m³,2020-02-13,743.0,20.0073285,73.7762427,check_required
5592,Gangapur Road,14868,co,µg/m³,2020-02-14,536.0,20.0073285,73.7762427,check_required
5592,Gangapur Road,14868,co,µg/m³,2020-02-15,646.0,20.0073285,73.7762427,check_required
5592,Gangapur Road,14868,co,µg/m³,2020-02-16,877.0,20.0073285,73.7762427,check_required
5592,Gangapur Road,14868,co,µg/m³,2020-02-17,1160.0,20.0073285,73.7762427,check_required
5592,Gangapur Road,14868,co,µg/m³,2020-02-18,779.0,20.0073285,73.7762427,check_required
5592,Gangapur Road,14868,co,µg/m³,2020-02-19,626.0,20.0073285,73.7762427,check_required
5592,Gangapur Road,14868,co,µg/m³,2020-02-20,612.0,20.0073285,73.7762427,check_required
5592,Gangapur Road,14868,co,µg/m³,2020-02-21,694.0,20.0073285,73.7762427,check_required
5592,Gangapur Road,14868,co,µg/m³,2020-02-22,685.0,20.0073285,73.7762427,check_required
5592,Gangapur Road,14868,co,µg/m³,2020-02-23,661.0,20.0073285,73.7762427,check_required
5592,Gangapur Road,14868,co,µg/m³,2020-02-24,560.0,20.0073285,73.7762427,check_required
5592,Gangapur Road,14868,co,µg/m³,2020-02-25,608.0,20.0073285,73.7762427,check_required
5592,Gangapur Road,14868,co,µg/m³,2020-02-26,875.0,20.0073285,73.7762427,check_required
5592,Gangapur Road,14868,co,µg/m³,2020-02-27,1040.0,20.0073285,73.7762427,check_required
5592,Gangapur Road,14868,co,µg/m³,2020-02-28,830.0,20.0073285,73.7762427,check_required
5592,Gangapur Road,14868,co,µg/m³,2020-02-29,630.0,20.0073285,73.7762427,check_required
5592,Gangapur Road,14868,co,µg/m³,2020-03-01,485.0,20.0073285,73.7762427,check_required
5592,Gangapur Road,14868,co,µg/m³,2020-03-02,656.0,20.0073285,73.7762427,check_required
5592,Gangapur Road,14868,co,µg/m³,2020-03-03,464.0,20.0073285,73.7762427,check_required
5592,Gangapur Road,14868,co,µg/m³,2020-03-04,455.0,20.0073285,73.7762427,check_required
5592,Gangapur Road,14868,co,µg/m³,2020-03-05,430.0,20.0073285,73.7762427,check_required
5592,Gangapur Road,14868,co,µg/m³,2020-03-06,431.0,20.0073285,73.7762427,check_required
5592,Gangapur Road,14868,co,µg/m³,2020-03-07,403.0,20.0073285,73.7762427,check_required
5592,Gangapur Road,14868,co,µg/m³,2020-03-08,435.0,20.0073285,73.7762427,check_required
5592,Gangapur Road,14868,co,µg/m³,2020-03-09,534.0,20.0073285,73.7762427,check_required
5592,Gangapur Road,14868,co,µg/m³,2020-03-10,541.0,20.0073285,73.7762427,check_required
5592,Gangapur Road,14868,co,µg/m³,2020-03-11,363.0,20.0073285,73.7762427,check_required
5592,Gangapur Road,14868,co,µg/m³,2020-03-12,397.0,20.0073285,73.7762427,check_required
5592,Gangapur Road,14868,co,µg/m³,2020-03-13,351.0,20.0073285,73.7762427,check_required
5592,Gangapur Road,14868,co,µg/m³,2020-03-14,856.0,20.0073285,73.7762427,check_required
5592,Gangapur Road,14868,co,µg/m³,2020-03-15,654.0,20.0073285,73.7762427,check_required
5592,Gangapur Road,14868,co,µg/m³,2020-03-16,728.0,20.0073285,73.7762427,check_required
5592,Gangapur Road,14868,co,µg/m³,2020-03-17,596.0,20.0073285,73.7762427,check_required
5592,Gangapur Road,14868,co,µg/m³,2020-03-18,568.0,20.0073285,73.7762427,check_required
5592,Gangapur Road,14868,co,µg/m³,2020-03-19,400.0,20.0073285,73.7762427,check_required
5592,Gangapur Road,14868,co,µg/m³,2020-03-20,346.0,20.0073285,73.7762427,check_required
5592,Gangapur Road,14868,co,µg/m³,2020-03-21,379.0,20.0073285,73.7762427,check_required
5592,Gangapur Road,14868,co,µg/m³,2020-03-22,415.0,20.0073285,73.7762427,check_required
5592,Gangapur Road,14868,co,µg/m³,2020-03-23,454.0,20.0073285,73.7762427,check_required
5592,Gangapur Road,14868,co,µg/m³,2020-03-24,443.0,20.0073285,73.7762427,check_required
5592,Gangapur Road,14868,co,µg/m³,2020-03-25,412.0,20.0073285,73.7762427,check_required
5592,Gangapur Road,14868,co,µg/m³,2020-03-26,399.0,20.0073285,73.7762427,check_required
5592,Gangapur Road,14868,co,µg/m³,2020-03-27,455.0,20.0073285,73.7762427,check_required
5592,Gangapur Road,14868,co,µg/m³,2020-03-28,401.0,20.0073285,73.7762427,check_required
5592,Gangapur Road,14868,co,µg/m³,2020-03-29,401.0,20.0073285,73.7762427,check_required
5592,Gangapur Road,14868,co,µg/m³,2020-03-30,414.0,20.0073285,73.7762427,check_required
5592,Gangapur Road,14868,co,µg/m³,2020-03-31,412.0,20.0073285,73.7762427,check_required
5592,Gangapur Road,14868,co,µg/m³,2020-04-01,366.0,20.0073285,73.7762427,check_required
5592,Gangapur Road,14868,co,µg/m³,2020-04-02,392.0,20.0073285,73.7762427,check_required
5592,Gangapur Road,14868,co,µg/m³,2020-04-03,388.0,20.0073285,73.7762427,check_required
5592,Gangapur Road,14868,co,µg/m³,2020-04-04,435.0,20.0073285,73.7762427,check_required
5592,Gangapur Road,14868,co,µg/m³,2020-04-05,449.0,20.0073285,73.7762427,check_required
5592,Gangapur Road,14868,co,µg/m³,2020-04-06,443.0,20.0073285,73.7762427,check_required
5592,Gangapur Road,14868,co,µg/m³,2020-04-07,447.0,20.0073285,73.7762427,check_required
5592,Gangapur Road,14868,co,µg/m³,2020-04-08,342.0,20.0073285,73.7762427,check_required
5592,Gangapur Road,14868,co,µg/m³,2020-04-09,362.0,20.0073285,73.7762427,check_required
5592,Gangapur Road,14868,co,µg/m³,2020-04-10,397.0,20.0073285,73.7762427,check_required
5592,Gangapur Road,14868,co,µg/m³,2020-04-11,394.0,20.0073285,73.7762427,check_required
5592,Gangapur Road,14868,co,µg/m³,2020-04-12,427.0,20.0073285,73.7762427,check_required
5592,Gangapur Road,14868,co,µg/m³,2020-04-13,434.0,20.0073285,73.7762427,check_required
5592,Gangapur Road,14868,co,µg/m³,2020-04-14,421.0,20.0073285,73.7762427,check_required
5592,Gangapur Road,14868,co,µg/m³,2020-04-15,455.0,20.0073285,73.7762427,check_required
5592,Gangapur Road,14868,co,µg/m³,2020-04-16,449.0,20.0073285,73.7762427,check_required
5592,Gangapur Road,14868,co,µg/m³,2020-04-17,457.0,20.0073285,73.7762427,check_required
5592,Gangapur Road,14868,co,µg/m³,2020-04-18,389.0,20.0073285,73.7762427,check_required
5592,Gangapur Road,14868,co,µg/m³,2020-04-19,406.0,20.0073285,73.7762427,check_required
5592,Gangapur Road,14868,co,µg/m³,2020-04-20,381.0,20.0073285,73.7762427,check_required
5592,Gangapur Road,14868,co,µg/m³,2020-04-21,371.0,20.0073285,73.7762427,check_required
5592,Gangapur Road,14868,co,µg/m³,2020-04-22,356.0,20.0073285,73.7762427,check_required
5592,Gangapur Road,14868,co,µg/m³,2020-04-23,374.0,20.0073285,73.7762427,check_required
5592,Gangapur Road,14868,co,µg/m³,2020-04-24,331.0,20.0073285,73.7762427,check_required
5592,Gangapur Road,14868,co,µg/m³,2020-04-26,340.0,20.0073285,73.7762427,check_required
5592,Gangapur Road,14868,co,µg/m³,2020-04-27,366.0,20.0073285,73.7762427,check_required
5592,Gangapur Road,14868,co,µg/m³,2020-04-28,350.0,20.0073285,73.7762427,check_required
5592,Gangapur Road,14868,co,µg/m³,2020-04-29,467.0,20.0073285,73.7762427,check_required
5592,Gangapur Road,14868,co,µg/m³,2020-04-30,389.0,20.0073285,73.7762427,check_required
5592,Gangapur Road,14868,co,µg/m³,2020-05-01,411.0,20.0073285,73.7762427,check_required
5592,Gangapur Road,14868,co,µg/m³,2020-05-02,336.0,20.0073285,73.7762427,check_required
5592,Gangapur Road,14868,co,µg/m³,2020-05-03,307.0,20.0073285,73.7762427,check_required
5592,Gangapur Road,14868,co,µg/m³,2020-05-04,322.0,20.0073285,73.7762427,check_required
5592,Gangapur Road,14868,co,µg/m³,2020-05-05,328.0,20.0073285,73.7762427,check_required
5592,Gangapur Road,14868,co,µg/m³,2020-05-06,412.0,20.0073285,73.7762427,check_required
5592,Gangapur Road,14868,co,µg/m³,2020-05-07,366.0,20.0073285,73.7762427,check_required
5592,Gangapur Road,14868,co,µg/m³,2020-05-08,332.0,20.0073285,73.7762427,check_required
5592,Gangapur Road,14868,co,µg/m³,2020-05-09,283.0,20.0073285,73.7762427,check_required
5592,Gangapur Road,14868,co,µg/m³,2020-05-10,329.0,20.0073285,73.7762427,check_required
5592,Gangapur Road,14868,co,µg/m³,2020-05-11,372.0,20.0073285,73.7762427,check_required
5592,Gangapur Road,14868,co,µg/m³,2020-05-12,296.0,20.0073285,73.7762427,check_required
5592,Gangapur Road,14868,co,µg/m³,2020-05-13,420.0,20.0073285,73.7762427,check_required
5592,Gangapur Road,14868,co,µg/m³,2020-05-14,438.0,20.0073285,73.7762427,check_required
5592,Gangapur Road,14868,co,µg/m³,2020-05-15,464.0,20.0073285,73.7762427,check_required
5592,Gangapur Road,14868,co,µg/m³,2020-05-16,454.0,20.0073285,73.7762427,check_required
5592,Gangapur Road,14868,co,µg/m³,2020-05-17,428.0,20.0073285,73.7762427,check_required
5592,Gangapur Road,14868,co,µg/m³,2020-05-18,820.0,20.0073285,73.7762427,check_required
5592,Gangapur Road,14868,co,µg/m³,2020-05-19,279.0,20.0073285,73.7762427,check_required
5592,Gangapur Road,14868,co,µg/m³,2020-05-20,286.0,20.0073285,73.7762427,check_required
5592,Gangapur Road,14868,co,µg/m³,2020-05-21,334.0,20.0073285,73.7762427,check_required
5592,Gangapur Road,14868,co,µg/m³,2020-05-22,317.0,20.0073285,73.7762427,check_required
5592,Gangapur Road,14868,co,µg/m³,2020-05-23,350.0,20.0073285,73.7762427,check_required
5592,Gangapur Road,14868,co,µg/m³,2020-05-24,349.0,20.0073285,73.7762427,check_required
5592,Gangapur Road,14868,co,µg/m³,2020-05-25,341.0,20.0073285,73.7762427,check_required
5592,Gangapur Road,14868,co,µg/m³,2020-05-26,340.0,20.0073285,73.7762427,check_required
5592,Gangapur Road,14868,co,µg/m³,2020-05-27,297.0,20.0073285,73.7762427,check_required
5592,Gangapur Road,14868,co,µg/m³,2020-05-28,302.0,20.0073285,73.7762427,check_required
5592,Gangapur Road,14868,co,µg/m³,2020-05-29,288.0,20.0073285,73.7762427,check_required
5592,Gangapur Road,14868,co,µg/m³,2020-05-30,300.0,20.0073285,73.7762427,check_required
5592,Gangapur Road,14868,co,µg/m³,2020-05-31,286.0,20.0073285,73.7762427,check_required
5592,Gangapur Road,14868,co,µg/m³,2020-06-01,347.0,20.0073285,73.7762427,check_required
5592,Gangapur Road,14868,co,µg/m³,2020-06-04,283.0,20.0073285,73.7762427,check_required
5592,Gangapur Road,14868,co,µg/m³,2020-06-05,999.0,20.0073285,73.7762427,check_required
5592,Gangapur Road,14868,co,µg/m³,2020-06-06,284.0,20.0073285,73.7762427,check_required
5592,Gangapur Road,14868,co,µg/m³,2020-06-07,398.0,20.0073285,73.7762427,check_required
5592,Gangapur Road,14868,co,µg/m³,2020-06-08,359.0,20.0073285,73.7762427,check_required
5592,Gangapur Road,14868,co,µg/m³,2020-06-09,390.0,20.0073285,73.7762427,check_required
5592,Gangapur Road,14868,co,µg/m³,2020-06-10,398.0,20.0073285,73.7762427,check_required
5592,Gangapur Road,14868,co,µg/m³,2020-06-11,464.0,20.0073285,73.7762427,check_required
5592,Gangapur Road,14868,co,µg/m³,2020-06-12,391.0,20.0073285,73.7762427,check_required
5592,Gangapur Road,14868,co,µg/m³,2020-06-13,426.0,20.0073285,73.7762427,check_required
5592,Gangapur Road,14868,co,µg/m³,2020-06-14,468.0,20.0073285,73.7762427,check_required
5592,Gangapur Road,14868,co,µg/m³,2020-06-15,436.0,20.0073285,73.7762427,check_required
5592,Gangapur Road,14868,co,µg/m³,2020-06-16,435.0,20.0073285,73.7762427,check_required
5592,Gangapur Road,14868,co,µg/m³,2020-06-17,388.0,20.0073285,73.7762427,check_required
5592,Gangapur Road,14868,co,µg/m³,2020-06-18,389.0,20.0073285,73.7762427,check_required
5592,Gangapur Road,14868,co,µg/m³,2020-06-19,364.0,20.0073285,73.7762427,check_required
5592,Gangapur Road,14868,co,µg/m³,2020-06-20,333.0,20.0073285,73.7762427,check_required
5592,Gangapur Road,14868,co,µg/m³,2020-06-21,308.0,20.0073285,73.7762427,check_required
5592,Gangapur Road,14868,co,µg/m³,2020-06-22,310.0,20.0073285,73.7762427,check_required
5592,Gangapur Road,14868,co,µg/m³,2020-06-23,374.0,20.0073285,73.7762427,check_required
5592,Gangapur Road,14868,co,µg/m³,2020-06-24,478.0,20.0073285,73.7762427,check_required
5592,Gangapur Road,14868,co,µg/m³,2020-06-25,416.0,20.0073285,73.7762427,check_required
5592,Gangapur Road,14868,co,µg/m³,2020-06-26,439.0,20.0073285,73.7762427,check_required
5592,Gangapur Road,14868,co,µg/m³,2020-06-27,414.0,20.0073285,73.7762427,check_required
5592,Gangapur Road,14868,co,µg/m³,2020-06-28,369.0,20.0073285,73.7762427,check_required
5592,Gangapur Road,14868,co,µg/m³,2020-06-29,540.0,20.0073285,73.7762427,check_required
5592,Gangapur Road,14868,co,µg/m³,2020-06-30,509.0,20.0073285,73.7762427,check_required
5592,Gangapur Road,14868,co,µg/m³,2020-07-01,388.0,20.0073285,73.7762427,check_required
5592,Gangapur Road,14868,co,µg/m³,2020-07-02,387.0,20.0073285,73.7762427,check_required
5592,Gangapur Road,14868,co,µg/m³,2020-07-03,337.0,20.0073285,73.7762427,check_required
5592,Gangapur Road,14868,co,µg/m³,2020-07-04,440.0,20.0073285,73.7762427,check_required
5592,Gangapur Road,14868,co,µg/m³,2020-07-05,423.0,20.0073285,73.7762427,check_required
5592,Gangapur Road,14868,co,µg/m³,2020-07-06,337.0,20.0073285,73.7762427,check_required
5592,Gangapur Road,14868,co,µg/m³,2020-07-07,513.0,20.0073285,73.7762427,check_required
5592,Gangapur Road,14868,co,µg/m³,2020-07-08,507.0,20.0073285,73.7762427,check_required
5592,Gangapur Road,14868,co,µg/m³,2020-07-09,491.0,20.0073285,73.7762427,check_required
5592,Gangapur Road,14868,co,µg/m³,2020-07-10,480.0,20.0073285,73.7762427,check_required
5592,Gangapur Road,14868,co,µg/m³,2020-07-11,413.0,20.0073285,73.7762427,check_required
5592,Gangapur Road,14868,co,µg/m³,2020-07-12,410.0,20.0073285,73.7762427,check_required
5592,Gangapur Road,14868,co,µg/m³,2020-07-13,483.0,20.0073285,73.7762427,check_required
5592,Gangapur Road,14868,co,µg/m³,2020-07-14,448.0,20.0073285,73.7762427,check_required
5592,Gangapur Road,14868,co,µg/m³,2020-07-15,533.0,20.0073285,73.7762427,check_required
5592,Gangapur Road,14868,co,µg/m³,2020-07-16,422.0,20.0073285,73.7762427,check_required
5592,Gangapur Road,14868,co,µg/m³,2020-07-17,401.0,20.0073285,73.7762427,check_required
5592,Gangapur Road,14868,co,µg/m³,2020-07-18,428.0,20.0073285,73.7762427,check_required
5592,Gangapur Road,14868,co,µg/m³,2020-07-19,414.0,20.0073285,73.7762427,check_required
5592,Gangapur Road,14868,co,µg/m³,2020-07-20,376.0,20.0073285,73.7762427,check_required
5592,Gangapur Road,14868,co,µg/m³,2020-07-21,448.0,20.0073285,73.7762427,check_required
5592,Gangapur Road,14868,co,µg/m³,2020-07-22,569.0,20.0073285,73.7762427,check_required
5592,Gangapur Road,14868,co,µg/m³,2020-07-23,472.0,20.0073285,73.7762427,check_required
5592,Gangapur Road,14868,co,µg/m³,2020-07-24,536.0,20.0073285,73.7762427,check_required
5592,Gangapur Road,14868,co,µg/m³,2020-07-25,536.0,20.0073285,73.7762427,check_required
5592,Gangapur Road,14868,co,µg/m³,2020-07-26,364.0,20.0073285,73.7762427,check_required
5592,Gangapur Road,14868,co,µg/m³,2020-07-27,430.0,20.0073285,73.7762427,check_required
5592,Gangapur Road,14868,co,µg/m³,2020-07-28,412.0,20.0073285,73.7762427,check_required
5592,Gangapur Road,14868,co,µg/m³,2020-07-29,433.0,20.0073285,73.7762427,check_required
5592,Gangapur Road,14868,co,µg/m³,2020-07-30,426.0,20.0073285,73.7762427,check_required
5592,Gangapur Road,14868,co,µg/m³,2020-07-31,414.0,20.0073285,73.7762427,check_required
5592,Gangapur Road,14868,co,µg/m³,2020-08-04,401.0,20.0073285,73.7762427,check_required
5592,Gangapur Road,14868,co,µg/m³,2020-08-05,373.0,20.0073285,73.7762427,check_required
5592,Gangapur Road,14868,co,µg/m³,2020-08-06,539.0,20.0073285,73.7762427,check_required
5592,Gangapur Road,14868,co,µg/m³,2020-08-07,400.0,20.0073285,73.7762427,check_required
5592,Gangapur Road,14868,co,µg/m³,2020-08-08,366.0,20.0073285,73.7762427,check_required
5592,Gangapur Road,14868,co,µg/m³,2020-08-09,385.0,20.0073285,73.7762427,check_required
5592,Gangapur Road,14868,co,µg/m³,2020-08-10,557.0,20.0073285,73.7762427,check_required
5592,Gangapur Road,14868,co,µg/m³,2020-08-11,672.0,20.0073285,73.7762427,check_required
5592,Gangapur Road,14868,co,µg/m³,2020-08-12,396.0,20.0073285,73.7762427,check_required
5592,Gangapur Road,14868,co,µg/m³,2020-08-13,461.0,20.0073285,73.7762427,check_required
5592,Gangapur Road,14868,co,µg/m³,2020-08-14,461.0,20.0073285,73.7762427,check_required
5592,Gangapur Road,14868,co,µg/m³,2020-08-16,392.0,20.0073285,73.7762427,check_required
5592,Gangapur Road,14868,co,µg/m³,2020-08-17,683.0,20.0073285,73.7762427,check_required
5592,Gangapur Road,14868,co,µg/m³,2020-08-18,357.0,20.0073285,73.7762427,check_required
5592,Gangapur Road,14868,co,µg/m³,2020-08-19,620.0,20.0073285,73.7762427,check_required
5592,Gangapur Road,14868,co,µg/m³,2020-08-22,785.0,20.0073285,73.7762427,check_required
5592,Gangapur Road,14868,co,µg/m³,2020-08-23,460.0,20.0073285,73.7762427,check_required
5592,Gangapur Road,14868,co,µg/m³,2020-08-24,550.0,20.0073285,73.7762427,check_required
5592,Gangapur Road,14868,co,µg/m³,2020-08-25,484.0,20.0073285,73.7762427,check_required
5592,Gangapur Road,14868,co,µg/m³,2020-08-26,620.0,20.0073285,73.7762427,check_required
5592,Gangapur Road,14868,co,µg/m³,2020-08-27,500.0,20.0073285,73.7762427,check_required
5592,Gangapur Road,14868,co,µg/m³,2020-08-28,460.0,20.0073285,73.7762427,check_required
5592,Gangapur Road,14868,co,µg/m³,2020-08-30,400.0,20.0073285,73.7762427,check_required
5592,Gangapur Road,14868,co,µg/m³,2020-08-31,538.0,20.0073285,73.7762427,check_required
5592,Gangapur Road,14868,co,µg/m³,2020-09-01,330.0,20.0073285,73.7762427,check_required
5592,Gangapur Road,14868,co,µg/m³,2020-09-03,461.0,20.0073285,73.7762427,check_required
5592,Gangapur Road,14868,co,µg/m³,2020-09-04,541.0,20.0073285,73.7762427,check_required
5592,Gangapur Road,14868,co,µg/m³,2020-09-06,550.0,20.0073285,73.7762427,check_required
5592,Gangapur Road,14868,co,µg/m³,2020-09-07,430.0,20.0073285,73.7762427,check_required
5592,Gangapur Road,14868,co,µg/m³,2020-09-09,1020.0,20.0073285,73.7762427,check_required
5592,Gangapur Road,14868,co,µg/m³,2020-09-10,530.0,20.0073285,73.7762427,check_required
5592,Gangapur Road,14868,co,µg/m³,2020-09-11,560.0,20.0073285,73.7762427,check_required
5592,Gangapur Road,14868,co,µg/m³,2020-09-12,190.0,20.0073285,73.7762427,check_required
5592,Gangapur Road,14868,co,µg/m³,2020-09-13,334.0,20.0073285,73.7762427,check_required
5592,Gangapur Road,14868,co,µg/m³,2020-09-14,412.0,20.0073285,73.7762427,check_required
5592,Gangapur Road,14868,co,µg/m³,2020-09-15,313.0,20.0073285,73.7762427,check_required
5592,Gangapur Road,14868,co,µg/m³,2020-09-16,320.0,20.0073285,73.7762427,check_required
5592,Gangapur Road,14868,co,µg/m³,2020-09-17,368.0,20.0073285,73.7762427,check_required
5592,Gangapur Road,14868,co,µg/m³,2020-09-18,340.0,20.0073285,73.7762427,check_required
5592,Gangapur Road,14868,co,µg/m³,2020-09-19,432.0,20.0073285,73.7762427,check_required
5592,Gangapur Road,14868,co,µg/m³,2020-09-20,451.0,20.0073285,73.7762427,check_required
5592,Gangapur Road,14868,co,µg/m³,2020-09-21,503.0,20.0073285,73.7762427,check_required
5592,Gangapur Road,14868,co,µg/m³,2020-09-22,530.0,20.0073285,73.7762427,check_required
5592,Gangapur Road,14868,co,µg/m³,2020-09-23,390.0,20.0073285,73.7762427,check_required
5592,Gangapur Road,14868,co,µg/m³,2020-09-24,409.0,20.0073285,73.7762427,check_required
5592,Gangapur Road,14868,co,µg/m³,2020-09-25,378.0,20.0073285,73.7762427,check_required
5592,Gangapur Road,14868,co,µg/m³,2020-09-26,338.0,20.0073285,73.7762427,check_required
5592,Gangapur Road,14868,co,µg/m³,2020-09-27,349.0,20.0073285,73.7762427,check_required
5592,Gangapur Road,14868,co,µg/m³,2020-09-28,392.0,20.0073285,73.7762427,check_required
5592,Gangapur Road,14868,co,µg/m³,2020-09-29,349.0,20.0073285,73.7762427,check_required
5592,Gangapur Road,14868,co,µg/m³,2020-09-30,379.0,20.0073285,73.7762427,check_required
5592,Gangapur Road,14868,co,µg/m³,2020-10-01,361.0,20.0073285,73.7762427,check_required
5592,Gangapur Road,14868,co,µg/m³,2020-10-02,391.0,20.0073285,73.7762427,check_required
5592,Gangapur Road,14868,co,µg/m³,2020-10-03,476.0,20.0073285,73.7762427,check_required
5592,Gangapur Road,14868,co,µg/m³,2020-10-04,318.0,20.0073285,73.7762427,check_required
5592,Gangapur Road,14868,co,µg/m³,2020-10-05,345.0,20.0073285,73.7762427,check_required
5592,Gangapur Road,14868,co,µg/m³,2020-10-06,396.0,20.0073285,73.7762427,check_required
5592,Gangapur Road,14868,co,µg/m³,2020-10-07,378.0,20.0073285,73.7762427,check_required
5592,Gangapur Road,14868,co,µg/m³,2020-10-08,531.0,20.0073285,73.7762427,check_required
5592,Gangapur Road,14868,co,µg/m³,2020-10-09,694.0,20.0073285,73.7762427,check_required
5592,Gangapur Road,14868,co,µg/m³,2020-10-10,709.0,20.0073285,73.7762427,check_required
5592,Gangapur Road,14868,co,µg/m³,2020-10-11,507.0,20.0073285,73.7762427,check_required
5592,Gangapur Road,14868,co,µg/m³,2020-10-12,835.0,20.0073285,73.7762427,check_required
5592,Gangapur Road,14868,co,µg/m³,2020-10-13,671.0,20.0073285,73.7762427,check_required
5592,Gangapur Road,14868,co,µg/m³,2020-10-14,380.0,20.0073285,73.7762427,check_required
5592,Gangapur Road,14868,co,µg/m³,2020-10-15,415.0,20.0073285,73.7762427,check_required
5592,Gangapur Road,14868,co,µg/m³,2020-10-16,531.0,20.0073285,73.7762427,check_required
5592,Gangapur Road,14868,co,µg/m³,2020-10-17,360.0,20.0073285,73.7762427,check_required
5592,Gangapur Road,14868,co,µg/m³,2020-10-18,425.0,20.0073285,73.7762427,check_required
5592,Gangapur Road,14868,co,µg/m³,2020-10-19,450.0,20.0073285,73.7762427,check_required
5592,Gangapur Road,14868,co,µg/m³,2020-10-20,497.0,20.0073285,73.7762427,check_required
5592,Gangapur Road,14868,co,µg/m³,2020-10-21,470.0,20.0073285,73.7762427,check_required
5592,Gangapur Road,14868,co,µg/m³,2020-10-22,466.0,20.0073285,73.7762427,check_required
5592,Gangapur Road,14868,co,µg/m³,2020-10-23,1090.0,20.0073285,73.7762427,check_required
5592,Gangapur Road,14868,co,µg/m³,2020-10-24,827.0,20.0073285,73.7762427,check_required
5592,Gangapur Road,14868,co,µg/m³,2020-10-25,779.0,20.0073285,73.7762427,check_required
5592,Gangapur Road,14868,co,µg/m³,2020-10-26,554.0,20.0073285,73.7762427,check_required
5592,Gangapur Road,14868,co,µg/m³,2020-10-27,658.0,20.0073285,73.7762427,check_required
5592,Gangapur Road,14868,co,µg/m³,2020-10-28,763.0,20.0073285,73.7762427,check_required
5592,Gangapur Road,14868,co,µg/m³,2020-10-29,414.0,20.0073285,73.7762427,check_required
5592,Gangapur Road,14868,co,µg/m³,2020-10-30,627.0,20.0073285,73.7762427,check_required
5592,Gangapur Road,14868,co,µg/m³,2020-10-31,586.0,20.0073285,73.7762427,check_required
5592,Gangapur Road,14868,co,µg/m³,2020-11-01,620.0,20.0073285,73.7762427,check_required
5592,Gangapur Road,14868,co,µg/m³,2020-11-02,1190.0,20.0073285,73.7762427,check_required
5592,Gangapur Road,14868,co,µg/m³,2020-11-03,752.0,20.0073285,73.7762427,check_required
5592,Gangapur Road,14868,co,µg/m³,2020-11-04,1060.0,20.0073285,73.7762427,check_required
5592,Gangapur Road,14868,co,µg/m³,2020-11-05,1130.0,20.0073285,73.7762427,check_required
5592,Gangapur Road,14868,co,µg/m³,2020-11-06,568.0,20.0073285,73.7762427,check_required
5592,Gangapur Road,14868,co,µg/m³,2020-11-07,860.0,20.0073285,73.7762427,check_required
5592,Gangapur Road,14868,co,µg/m³,2020-11-08,1440.0,20.0073285,73.7762427,check_required
5592,Gangapur Road,14868,co,µg/m³,2020-11-09,1650.0,20.0073285,73.7762427,check_required
5592,Gangapur Road,14868,co,µg/m³,2020-11-10,1120.0,20.0073285,73.7762427,check_required
5592,Gangapur Road,14868,co,µg/m³,2020-11-11,813.0,20.0073285,73.7762427,check_required
5592,Gangapur Road,14868,co,µg/m³,2020-11-12,757.0,20.0073285,73.7762427,check_required
5592,Gangapur Road,14868,co,µg/m³,2020-11-13,796.0,20.0073285,73.7762427,check_required
5592,Gangapur Road,14868,co,µg/m³,2020-11-14,285.0,20.0073285,73.7762427,check_required
5592,Gangapur Road,14868,co,µg/m³,2020-11-15,518.0,20.0073285,73.7762427,check_required
5592,Gangapur Road,14868,co,µg/m³,2020-11-16,661.0,20.0073285,73.7762427,check_required
5592,Gangapur Road,14868,co,µg/m³,2020-11-17,475.0,20.0073285,73.7762427,check_required
5592,Gangapur Road,14868,co,µg/m³,2020-11-18,250.0,20.0073285,73.7762427,check_required
5592,Gangapur Road,14868,co,µg/m³,2020-11-19,352.0,20.0073285,73.7762427,check_required
5592,Gangapur Road,14868,co,µg/m³,2020-11-20,314.0,20.0073285,73.7762427,check_required
5592,Gangapur Road,14868,co,µg/m³,2020-11-21,642.0,20.0073285,73.7762427,check_required
5592,Gangapur Road,14868,co,µg/m³,2020-11-22,149.0,20.0073285,73.7762427,check_required
5592,Gangapur Road,14868,co,µg/m³,2020-11-23,378.0,20.0073285,73.7762427,check_required
5592,Gangapur Road,14868,co,µg/m³,2020-11-24,316.0,20.0073285,73.7762427,check_required
5592,Gangapur Road,14868,co,µg/m³,2020-11-25,110.0,20.0073285,73.7762427,check_required
5592,Gangapur Road,14868,co,µg/m³,2020-11-26,215.0,20.0073285,73.7762427,check_required
5592,Gangapur Road,14868,co,µg/m³,2020-11-27,263.0,20.0073285,73.7762427,check_required
5592,Gangapur Road,14868,co,µg/m³,2020-11-28,355.0,20.0073285,73.7762427,check_required
5592,Gangapur Road,14868,co,µg/m³,2020-11-29,376.0,20.0073285,73.7762427,check_required
5592,Gangapur Road,14868,co,µg/m³,2020-11-30,559.0,20.0073285,73.7762427,check_required
5592,Gangapur Road,14868,co,µg/m³,2020-12-01,1440.0,20.0073285,73.7762427,check_required
5592,Gangapur Road,14868,co,µg/m³,2020-12-02,95.8,20.0073285,73.7762427,check_required
5592,Gangapur Road,14868,co,µg/m³,2020-12-03,184.0,20.0073285,73.7762427,check_required
5592,Gangapur Road,14868,co,µg/m³,2020-12-04,1100.0,20.0073285,73.7762427,check_required
5592,Gangapur Road,14868,co,µg/m³,2020-12-05,434.0,20.0073285,73.7762427,check_required
5592,Gangapur Road,14868,co,µg/m³,2020-12-06,832.0,20.0073285,73.7762427,check_required
5592,Gangapur Road,14868,co,µg/m³,2020-12-07,759.0,20.0073285,73.7762427,check_required
5592,Gangapur Road,14868,co,µg/m³,2020-12-08,666.0,20.0073285,73.7762427,check_required
5592,Gangapur Road,14868,co,µg/m³,2020-12-09,947.0,20.0073285,73.7762427,check_required
5592,Gangapur Road,14868,co,µg/m³,2020-12-10,647.0,20.0073285,73.7762427,check_required
5592,Gangapur Road,14868,co,µg/m³,2020-12-11,288.0,20.0073285,73.7762427,check_required
5592,Gangapur Road,14868,co,µg/m³,2020-12-14,532.0,20.0073285,73.7762427,check_required
5592,Gangapur Road,14868,co,µg/m³,2020-12-15,305.0,20.0073285,73.7762427,check_required
5592,Gangapur Road,14868,co,µg/m³,2020-12-16,147.0,20.0073285,73.7762427,check_required
5592,Gangapur Road,14868,co,µg/m³,2020-12-17,957.0,20.0073285,73.7762427,check_required
5592,Gangapur Road,14868,co,µg/m³,2020-12-18,303.0,20.0073285,73.7762427,check_required
5592,Gangapur Road,14868,co,µg/m³,2020-12-19,523.0,20.0073285,73.7762427,check_required
5592,Gangapur Road,14868,co,µg/m³,2020-12-20,178.0,20.0073285,73.7762427,check_required
5592,Gangapur Road,14868,co,µg/m³,2020-12-21,342.0,20.0073285,73.7762427,check_required
5592,Gangapur Road,14868,co,µg/m³,2020-12-22,2440.0,20.0073285,73.7762427,check_required
5592,Gangapur Road,14868,co,µg/m³,2020-12-23,0.0,20.0073285,73.7762427,check_required
5592,Gangapur Road,14868,co,µg/m³,2020-12-24,798.0,20.0073285,73.7762427,check_required
5592,Gangapur Road,14868,co,µg/m³,2020-12-25,831.0,20.0073285,73.7762427,check_required
5592,Gangapur Road,14868,co,µg/m³,2020-12-26,884.0,20.0073285,73.7762427,check_required
5592,Gangapur Road,14868,co,µg/m³,2020-12-27,115.0,20.0073285,73.7762427,check_required
5592,Gangapur Road,14868,co,µg/m³,2020-12-28,1290.0,20.0073285,73.7762427,check_required
5592,Gangapur Road,14868,co,µg/m³,2020-12-29,491.0,20.0073285,73.7762427,check_required
5592,Gangapur Road,14868,co,µg/m³,2020-12-31,125.0,20.0073285,73.7762427,check_required
5592,Gangapur Road,14868,co,µg/m³,2021-01-01,129.0,20.0073285,73.7762427,check_required
5592,Gangapur Road,14868,co,µg/m³,2021-01-02,420.0,20.0073285,73.7762427,check_required
5592,Gangapur Road,14868,co,µg/m³,2021-01-03,156.0,20.0073285,73.7762427,check_required
5592,Gangapur Road,14868,co,µg/m³,2021-01-04,193.0,20.0073285,73.7762427,check_required
5592,Gangapur Road,14868,co,µg/m³,2021-01-05,268.0,20.0073285,73.7762427,check_required
5592,Gangapur Road,14868,co,µg/m³,2021-01-06,217.0,20.0073285,73.7762427,check_required
5592,Gangapur Road,14868,co,µg/m³,2021-01-07,222.0,20.0073285,73.7762427,check_required
5592,Gangapur Road,14868,co,µg/m³,2021-01-08,262.0,20.0073285,73.7762427,check_required
5592,Gangapur Road,14868,co,µg/m³,2021-01-09,201.0,20.0073285,73.7762427,check_required
5592,Gangapur Road,14868,co,µg/m³,2021-01-10,185.0,20.0073285,73.7762427,check_required
5592,Gangapur Road,14868,co,µg/m³,2021-01-11,691.0,20.0073285,73.7762427,check_required
5592,Gangapur Road,14868,co,µg/m³,2021-01-12,580.0,20.0073285,73.7762427,check_required
5592,Gangapur Road,14868,co,µg/m³,2021-01-13,213.0,20.0073285,73.7762427,check_required
5592,Gangapur Road,14868,co,µg/m³,2021-01-14,34.3,20.0073285,73.7762427,check_required
5592,Gangapur Road,14868,co,µg/m³,2021-01-15,384.0,20.0073285,73.7762427,check_required
5592,Gangapur Road,14868,co,µg/m³,2021-01-16,236.0,20.0073285,73.7762427,check_required
5592,Gangapur Road,14868,co,µg/m³,2021-01-17,242.0,20.0073285,73.7762427,check_required
5592,Gangapur Road,14868,co,µg/m³,2021-01-18,217.0,20.0073285,73.7762427,check_required
5592,Gangapur Road,14868,co,µg/m³,2021-01-19,241.0,20.0073285,73.7762427,check_required
5592,Gangapur Road,14868,co,µg/m³,2021-01-20,119.0,20.0073285,73.7762427,check_required
5592,Gangapur Road,14868,co,µg/m³,2021-01-21,167.0,20.0073285,73.7762427,check_required
5592,Gangapur Road,14868,co,µg/m³,2021-01-22,1550.0,20.0073285,73.7762427,check_required
5592,Gangapur Road,14868,co,µg/m³,2021-01-23,229.0,20.0073285,73.7762427,check_required
5592,Gangapur Road,14868,co,µg/m³,2021-01-24,171.0,20.0073285,73.7762427,check_required
5592,Gangapur Road,14868,co,µg/m³,2021-01-25,242.0,20.0073285,73.7762427,check_required
5592,Gangapur Road,14868,co,µg/m³,2021-01-26,161.0,20.0073285,73.7762427,check_required
5592,Gangapur Road,14868,co,µg/m³,2021-01-27,0.0,20.0073285,73.7762427,check_required
5592,Gangapur Road,14868,co,µg/m³,2021-02-05,203.0,20.0073285,73.7762427,check_required
5592,Gangapur Road,14868,co,µg/m³,2021-02-06,300.0,20.0073285,73.7762427,check_required
5592,Gangapur Road,14868,co,µg/m³,2021-02-07,501.0,20.0073285,73.7762427,check_required
5592,Gangapur Road,14868,co,µg/m³,2021-02-08,534.0,20.0073285,73.7762427,check_required
5592,Gangapur Road,14868,co,µg/m³,2021-02-09,437.0,20.0073285,73.7762427,check_required
5592,Gangapur Road,14868,co,µg/m³,2021-02-10,5.0,20.0073285,73.7762427,check_required
5592,Gangapur Road,14868,co,µg/m³,2021-02-11,223.0,20.0073285,73.7762427,check_required
5592,Gangapur Road,14868,co,µg/m³,2021-02-12,65.0,20.0073285,73.7762427,check_required
5592,Gangapur Road,14868,co,µg/m³,2021-02-13,5.0,20.0073285,73.7762427,check_required
5592,Gangapur Road,14868,co,µg/m³,2021-02-14,64.3,20.0073285,73.7762427,check_required
5592,Gangapur Road,14868,co,µg/m³,2021-02-15,60.0,20.0073285,73.7762427,check_required
5592,Gangapur Road,14868,co,µg/m³,2021-02-16,133.0,20.0073285,73.7762427,check_required
5592,Gangapur Road,14868,co,µg/m³,2021-02-17,10.0,20.0073285,73.7762427,check_required
5592,Gangapur Road,14868,co,µg/m³,2021-02-18,20.0,20.0073285,73.7762427,check_required
5592,Gangapur Road,14868,co,µg/m³,2021-02-19,0.0,20.0073285,73.7762427,check_required
5592,Gangapur Road,14868,co,µg/m³,2021-02-21,558.0,20.0073285,73.7762427,check_required
5592,Gangapur Road,14868,co,µg/m³,2021-02-22,0.0,20.0073285,73.7762427,check_required
5592,Gangapur Road,14868,co,µg/m³,2021-02-23,100.0,20.0073285,73.7762427,check_required
5592,Gangapur Road,14868,co,µg/m³,2021-02-24,240.0,20.0073285,73.7762427,check_required
5592,Gangapur Road,14868,co,µg/m³,2021-02-25,0.0,20.0073285,73.7762427,check_required
5592,Gangapur Road,14868,co,µg/m³,2021-02-26,73.6,20.0073285,73.7762427,check_required
5592,Gangapur Road,14868,co,µg/m³,2021-03-01,404.0,20.0073285,73.7762427,check_required
5592,Gangapur Road,14868,co,µg/m³,2021-03-02,247.0,20.0073285,73.7762427,check_required
5592,Gangapur Road,14868,co,µg/m³,2021-03-03,33.0,20.0073285,73.7762427,check_required
5592,Gangapur Road,14868,co,µg/m³,2021-03-04,211.0,20.0073285,73.7762427,check_required
5592,Gangapur Road,14868,co,µg/m³,2021-03-05,314.0,20.0073285,73.7762427,check_required
5592,Gangapur Road,14868,co,µg/m³,2021-03-06,0.0,20.0073285,73.7762427,check_required
5592,Gangapur Road,14868,co,µg/m³,2021-03-07,120.0,20.0073285,73.7762427,check_required
5592,Gangapur Road,14868,co,µg/m³,2021-03-08,327.0,20.0073285,73.7762427,check_required
5592,Gangapur Road,14868,co,µg/m³,2021-03-13,510.0,20.0073285,73.7762427,check_required
5592,Gangapur Road,14868,co,µg/m³,2021-03-14,80.0,20.0073285,73.7762427,check_required
5592,Gangapur Road,14868,co,µg/m³,2021-03-17,70.0,20.0073285,73.7762427,check_required
5592,Gangapur Road,14868,co,µg/m³,2021-03-18,213.0,20.0073285,73.7762427,check_required
5592,Gangapur Road,14868,co,µg/m³,2021-03-19,69.0,20.0073285,73.7762427,check_required
5592,Gangapur Road,14868,co,µg/m³,2021-03-20,368.0,20.0073285,73.7762427,check_required
5592,Gangapur Road,14868,co,µg/m³,2021-03-21,138.0,20.0073285,73.7762427,check_required
5592,Gangapur Road,14868,co,µg/m³,2021-03-22,339.0,20.0073285,73.7762427,check_required
5592,Gangapur Road,14868,co,µg/m³,2021-03-23,162.0,20.0073285,73.7762427,check_required
5592,Gangapur Road,14868,co,µg/m³,2021-03-24,432.0,20.0073285,73.7762427,check_required
5592,Gangapur Road,14868,co,µg/m³,2021-03-25,31.1,20.0073285,73.7762427,check_required
5592,Gangapur Road,14868,co,µg/m³,2021-03-26,127.0,20.0073285,73.7762427,check_required
5592,Gangapur Road,14868,co,µg/m³,2021-03-28,2530.0,20.0073285,73.7762427,check_required
5592,Gangapur Road,14868,co,µg/m³,2021-03-29,0.0,20.0073285,73.7762427,check_required
5592,Gangapur Road,14868,co,µg/m³,2021-04-07,595.0,20.0073285,73.7762427,check_required
5592,Gangapur Road,14868,co,µg/m³,2021-04-08,153.0,20.0073285,73.7762427,check_required
5592,Gangapur Road,14868,co,µg/m³,2021-04-09,0.0,20.0073285,73.7762427,check_required
5592,Gangapur Road,14868,co,µg/m³,2021-04-13,177.0,20.0073285,73.7762427,check_required
5592,Gangapur Road,14868,co,µg/m³,2021-04-15,0.0,20.0073285,73.7762427,check_required
5592,Gangapur Road,14868,co,µg/m³,2021-04-20,20.0,20.0073285,73.7762427,check_required
5592,Gangapur Road,14868,co,µg/m³,2021-04-22,26.7,20.0073285,73.7762427,check_required
5592,Gangapur Road,14868,co,µg/m³,2021-04-23,90.0,20.0073285,73.7762427,check_required
5592,Gangapur Road,14868,co,µg/m³,2021-05-05,130.0,20.0073285,73.7762427,check_required
5592,Gangapur Road,14868,co,µg/m³,2021-05-10,0.0,20.0073285,73.7762427,check_required
5592,Gangapur Road,14868,co,µg/m³,2021-05-12,6.67,20.0073285,73.7762427,check_required
5592,Gangapur Road,14868,co,µg/m³,2021-05-13,0.0,20.0073285,73.7762427,check_required
5592,Gangapur Road,14868,co,µg/m³,2021-05-15,290.0,20.0073285,73.7762427,check_required
5592,Gangapur Road,14868,co,µg/m³,2021-05-17,85.0,20.0073285,73.7762427,check_required
5592,Gangapur Road,14868,co,µg/m³,2021-05-19,20.0,20.0073285,73.7762427,check_required
5592,Gangapur Road,14868,co,µg/m³,2021-05-20,300.0,20.0073285,73.7762427,check_required
5592,Gangapur Road,14868,co,µg/m³,2021-05-25,0.0,20.0073285,73.7762427,check_required
5592,Gangapur Road,14868,co,µg/m³,2021-06-01,0.0,20.0073285,73.7762427,check_required
5592,Gangapur Road,14868,co,µg/m³,2021-06-02,40.0,20.0073285,73.7762427,check_required
5592,Gangapur Road,14868,co,µg/m³,2021-06-03,60.0,20.0073285,73.7762427,check_required
5592,Gangapur Road,14868,co,µg/m³,2021-06-04,20.0,20.0073285,73.7762427,check_required
5592,Gangapur Road,14868,co,µg/m³,2021-06-06,70.0,20.0073285,73.7762427,check_required
5592,Gangapur Road,14868,co,µg/m³,2021-06-07,89.1,20.0073285,73.7762427,check_required
5592,Gangapur Road,14868,co,µg/m³,2021-06-08,42.5,20.0073285,73.7762427,check_required
5592,Gangapur Road,14868,co,µg/m³,2021-06-20,270.0,20.0073285,73.7762427,check_required
5592,Gangapur Road,14868,co,µg/m³,2021-06-24,400.0,20.0073285,73.7762427,check_required
5592,Gangapur Road,14868,co,µg/m³,2021-06-26,160.0,20.0073285,73.7762427,check_required
5592,Gangapur Road,14868,co,µg/m³,2021-06-27,40.0,20.0073285,73.7762427,check_required
5592,Gangapur Road,14868,co,µg/m³,2021-06-28,230.0,20.0073285,73.7762427,check_required
5592,Gangapur Road,14868,co,µg/m³,2021-06-29,350.0,20.0073285,73.7762427,check_required
5592,Gangapur Road,14868,co,µg/m³,2021-07-01,180.0,20.0073285,73.7762427,check_required
5592,Gangapur Road,14868,co,µg/m³,2021-07-04,400.0,20.0073285,73.7762427,check_required
5592,Gangapur Road,14868,co,µg/m³,2021-07-06,110.0,20.0073285,73.7762427,check_required
5592,Gangapur Road,14868,co,µg/m³,2021-07-08,268.0,20.0073285,73.7762427,check_required
5592,Gangapur Road,14868,co,µg/m³,2021-07-09,361.0,20.0073285,73.7762427,check_required
5592,Gangapur Road,14868,co,µg/m³,2021-07-15,350.0,20.0073285,73.7762427,check_required
5592,Gangapur Road,14868,co,µg/m³,2021-07-18,228.0,20.0073285,73.7762427,check_required
5592,Gangapur Road,14868,co,µg/m³,2021-07-19,220.0,20.0073285,73.7762427,check_required
5592,Gangapur Road,14868,co,µg/m³,2021-07-20,332.0,20.0073285,73.7762427,check_required
5592,Gangapur Road,14868,co,µg/m³,2021-07-21,175.0,20.0073285,73.7762427,check_required
5592,Gangapur Road,14868,co,µg/m³,2021-07-22,273.0,20.0073285,73.7762427,check_required
5592,Gangapur Road,14868,co,µg/m³,2021-07-23,423.0,20.0073285,73.7762427,check_required
5592,Gangapur Road,14868,co,µg/m³,2021-07-24,400.0,20.0073285,73.7762427,check_required
5592,Gangapur Road,14868,co,µg/m³,2021-07-25,330.0,20.0073285,73.7762427,check_required
5592,Gangapur Road,14868,co,µg/m³,2021-08-25,310.0,20.0073285,73.7762427,check_required
5592,Gangapur Road,14868,co,µg/m³,2021-09-01,359.0,20.0073285,73.7762427,check_required
5592,Gangapur Road,14868,co,µg/m³,2021-09-02,322.0,20.0073285,73.7762427,check_required
5592,Gangapur Road,14868,co,µg/m³,2021-09-03,180.0,20.0073285,73.7762427,check_required
5592,Gangapur Road,14868,co,µg/m³,2021-09-08,430.0,20.0073285,73.7762427,check_required
5592,Gangapur Road,14868,co,µg/m³,2021-09-09,290.0,20.0073285,73.7762427,check_required
5592,Gangapur Road,14868,co,µg/m³,2021-09-11,323.0,20.0073285,73.7762427,check_required
5592,Gangapur Road,14868,co,µg/m³,2021-09-12,356.0,20.0073285,73.7762427,check_required
5592,Gangapur Road,14868,co,µg/m³,2021-09-13,495.0,20.0073285,73.7762427,check_required
5592,Gangapur Road,14868,co,µg/m³,2021-09-14,560.0,20.0073285,73.7762427,check_required
5592,Gangapur Road,14868,co,µg/m³,2021-09-15,512.0,20.0073285,73.7762427,check_required
5592,Gangapur Road,14868,co,µg/m³,2021-09-16,362.0,20.0073285,73.7762427,check_required
5592,Gangapur Road,14868,co,µg/m³,2021-09-17,436.0,20.0073285,73.7762427,check_required
5592,Gangapur Road,14868,co,µg/m³,2021-09-18,395.0,20.0073285,73.7762427,check_required
5592,Gangapur Road,14868,co,µg/m³,2021-09-19,318.0,20.0073285,73.7762427,check_required
5592,Gangapur Road,14868,co,µg/m³,2021-09-20,328.0,20.0073285,73.7762427,check_required
5592,Gangapur Road,14868,co,µg/m³,2021-09-21,385.0,20.0073285,73.7762427,check_required
5592,Gangapur Road,14868,co,µg/m³,2021-09-22,388.0,20.0073285,73.7762427,check_required
5592,Gangapur Road,14868,co,µg/m³,2021-09-23,370.0,20.0073285,73.7762427,check_required
5592,Gangapur Road,14868,co,µg/m³,2021-09-24,298.0,20.0073285,73.7762427,check_required
5592,Gangapur Road,14868,co,µg/m³,2021-09-25,294.0,20.0073285,73.7762427,check_required
5592,Gangapur Road,14868,co,µg/m³,2021-09-26,241.0,20.0073285,73.7762427,check_required
5592,Gangapur Road,14868,co,µg/m³,2021-09-27,306.0,20.0073285,73.7762427,check_required
5592,Gangapur Road,14868,co,µg/m³,2021-09-28,358.0,20.0073285,73.7762427,check_required
5592,Gangapur Road,14868,co,µg/m³,2021-09-29,185.0,20.0073285,73.7762427,check_required
5592,Gangapur Road,14868,co,µg/m³,2021-09-30,590.0,20.0073285,73.7762427,check_required
5592,Gangapur Road,14868,co,µg/m³,2021-10-13,2750.0,20.0073285,73.7762427,check_required
5592,Gangapur Road,14868,co,µg/m³,2021-10-14,920.0,20.0073285,73.7762427,check_required
5592,Gangapur Road,14868,co,µg/m³,2021-10-15,776.0,20.0073285,73.7762427,check_required
5592,Gangapur Road,14868,co,µg/m³,2021-10-16,449.0,20.0073285,73.7762427,check_required
5592,Gangapur Road,14868,co,µg/m³,2021-10-17,630.0,20.0073285,73.7762427,check_required
5592,Gangapur Road,14868,co,µg/m³,2021-10-18,465.0,20.0073285,73.7762427,check_required
5592,Gangapur Road,14868,co,µg/m³,2021-10-19,526.0,20.0073285,73.7762427,check_required
5592,Gangapur Road,14868,co,µg/m³,2021-10-20,621.0,20.0073285,73.7762427,check_required
5592,Gangapur Road,14868,co,µg/m³,2021-10-21,625.0,20.0073285,73.7762427,check_required
5592,Gangapur Road,14868,co,µg/m³,2021-10-22,653.0,20.0073285,73.7762427,check_required
5592,Gangapur Road,14868,co,µg/m³,2021-10-23,606.0,20.0073285,73.7762427,check_required
5592,Gangapur Road,14868,co,µg/m³,2021-10-24,482.0,20.0073285,73.7762427,check_required
5592,Gangapur Road,14868,co,µg/m³,2021-10-25,561.0,20.0073285,73.7762427,check_required
5592,Gangapur Road,14868,co,µg/m³,2021-10-26,685.0,20.0073285,73.7762427,check_required
5592,Gangapur Road,14868,co,µg/m³,2021-10-27,953.0,20.0073285,73.7762427,check_required
5592,Gangapur Road,14868,co,µg/m³,2021-10-28,613.0,20.0073285,73.7762427,check_required
5592,Gangapur Road,14868,co,µg/m³,2021-10-29,500.0,20.0073285,73.7762427,check_required
5592,Gangapur Road,14868,co,µg/m³,2021-10-30,861.0,20.0073285,73.7762427,check_required
5592,Gangapur Road,14868,co,µg/m³,2021-10-31,1110.0,20.0073285,73.7762427,check_required
5592,Gangapur Road,14868,co,µg/m³,2021-11-01,1280.0,20.0073285,73.7762427,check_required
5592,Gangapur Road,14868,co,µg/m³,2021-11-02,857.0,20.0073285,73.7762427,check_required
5592,Gangapur Road,14868,co,µg/m³,2021-11-03,1050.0,20.0073285,73.7762427,check_required
5592,Gangapur Road,14868,co,µg/m³,2021-11-04,839.0,20.0073285,73.7762427,check_required
5592,Gangapur Road,14868,co,µg/m³,2021-11-05,684.0,20.0073285,73.7762427,check_required
5592,Gangapur Road,14868,co,µg/m³,2021-11-06,634.0,20.0073285,73.7762427,check_required
5592,Gangapur Road,14868,co,µg/m³,2021-11-07,658.0,20.0073285,73.7762427,check_required
5592,Gangapur Road,14868,co,µg/m³,2021-11-08,864.0,20.0073285,73.7762427,check_required
5592,Gangapur Road,14868,co,µg/m³,2021-11-09,960.0,20.0073285,73.7762427,check_required
5592,Gangapur Road,14868,co,µg/m³,2021-11-10,926.0,20.0073285,73.7762427,check_required
5592,Gangapur Road,14868,co,µg/m³,2021-11-11,895.0,20.0073285,73.7762427,check_required
5592,Gangapur Road,14868,co,µg/m³,2021-11-12,964.0,20.0073285,73.7762427,check_required
5592,Gangapur Road,14868,co,µg/m³,2021-11-13,1250.0,20.0073285,73.7762427,check_required
5592,Gangapur Road,14868,co,µg/m³,2021-11-14,1050.0,20.0073285,73.7762427,check_required
5592,Gangapur Road,14868,co,µg/m³,2021-11-15,1080.0,20.0073285,73.7762427,check_required
5592,Gangapur Road,14868,co,µg/m³,2021-11-16,788.0,20.0073285,73.7762427,check_required
5592,Gangapur Road,14868,co,µg/m³,2021-11-17,870.0,20.0073285,73.7762427,check_required
5592,Gangapur Road,14868,co,µg/m³,2021-11-18,585.0,20.0073285,73.7762427,check_required
5592,Gangapur Road,14868,co,µg/m³,2021-11-19,921.0,20.0073285,73.7762427,check_required
5592,Gangapur Road,14868,co,µg/m³,2021-11-20,705.0,20.0073285,73.7762427,check_required
5592,Gangapur Road,14868,co,µg/m³,2021-11-21,577.0,20.0073285,73.7762427,check_required
5592,Gangapur Road,14868,co,µg/m³,2021-11-22,493.0,20.0073285,73.7762427,check_required
5592,Gangapur Road,14868,co,µg/m³,2021-11-23,537.0,20.0073285,73.7762427,check_required
5592,Gangapur Road,14868,co,µg/m³,2021-11-24,669.0,20.0073285,73.7762427,check_required
5592,Gangapur Road,14868,co,µg/m³,2021-11-25,696.0,20.0073285,73.7762427,check_required
5592,Gangapur Road,14868,co,µg/m³,2021-11-26,899.0,20.0073285,73.7762427,check_required
5592,Gangapur Road,14868,co,µg/m³,2021-11-27,592.0,20.0073285,73.7762427,check_required
5592,Gangapur Road,14868,co,µg/m³,2021-11-28,807.0,20.0073285,73.7762427,check_required
5592,Gangapur Road,14868,co,µg/m³,2021-11-29,954.0,20.0073285,73.7762427,check_required
5592,Gangapur Road,14868,co,µg/m³,2021-11-30,788.0,20.0073285,73.7762427,check_required
5592,Gangapur Road,14868,co,µg/m³,2021-12-01,661.0,20.0073285,73.7762427,check_required
5592,Gangapur Road,14868,co,µg/m³,2021-12-02,584.0,20.0073285,73.7762427,check_required
5592,Gangapur Road,14868,co,µg/m³,2021-12-03,845.0,20.0073285,73.7762427,check_required
5592,Gangapur Road,14868,co,µg/m³,2021-12-04,1300.0,20.0073285,73.7762427,check_required
5592,Gangapur Road,14868,co,µg/m³,2021-12-05,726.0,20.0073285,73.7762427,check_required
5592,Gangapur Road,14868,co,µg/m³,2021-12-06,977.0,20.0073285,73.7762427,check_required
5592,Gangapur Road,14868,co,µg/m³,2021-12-07,1320.0,20.0073285,73.7762427,check_required
5592,Gangapur Road,14868,co,µg/m³,2021-12-08,2030.0,20.0073285,73.7762427,check_required
5592,Gangapur Road,14868,co,µg/m³,2021-12-09,1580.0,20.0073285,73.7762427,check_required
5592,Gangapur Road,14868,co,µg/m³,2021-12-10,1450.0,20.0073285,73.7762427,check_required
5592,Gangapur Road,14868,co,µg/m³,2021-12-11,1390.0,20.0073285,73.7762427,check_required
5592,Gangapur Road,14868,co,µg/m³,2021-12-12,1560.0,20.0073285,73.7762427,check_required
5592,Gangapur Road,14868,co,µg/m³,2021-12-13,847.0,20.0073285,73.7762427,check_required
5592,Gangapur Road,14868,co,µg/m³,2021-12-14,609.0,20.0073285,73.7762427,check_required
5592,Gangapur Road,14868,co,µg/m³,2021-12-15,1000.0,20.0073285,73.7762427,check_required
5592,Gangapur Road,14868,co,µg/m³,2021-12-16,818.0,20.0073285,73.7762427,check_required
5592,Gangapur Road,14868,co,µg/m³,2021-12-17,1060.0,20.0073285,73.7762427,check_required
5592,Gangapur Road,14868,co,µg/m³,2021-12-18,1000.0,20.0073285,73.7762427,check_required
5592,Gangapur Road,14868,co,µg/m³,2021-12-19,802.0,20.0073285,73.7762427,check_required
5592,Gangapur Road,14868,co,µg/m³,2021-12-20,806.0,20.0073285,73.7762427,check_required
5592,Gangapur Road,14868,co,µg/m³,2021-12-22,900.0,20.0073285,73.7762427,check_required
5592,Gangapur Road,14868,co,µg/m³,2021-12-23,903.0,20.0073285,73.7762427,check_required
5592,Gangapur Road,14868,co,µg/m³,2021-12-24,894.0,20.0073285,73.7762427,check_required
5592,Gangapur Road,14868,co,µg/m³,2021-12-25,726.0,20.0073285,73.7762427,check_required
5592,Gangapur Road,14868,co,µg/m³,2021-12-26,598.0,20.0073285,73.7762427,check_required
5592,Gangapur Road,14868,co,µg/m³,2021-12-27,740.0,20.0073285,73.7762427,check_required
5592,Gangapur Road,14868,co,µg/m³,2021-12-28,820.0,20.0073285,73.7762427,check_required
5592,Gangapur Road,14868,co,µg/m³,2021-12-29,704.0,20.0073285,73.7762427,check_required
5592,Gangapur Road,14868,co,µg/m³,2021-12-30,678.0,20.0073285,73.7762427,check_required
5592,Gangapur Road,14868,co,µg/m³,2021-12-31,853.0,20.0073285,73.7762427,check_required
5592,Gangapur Road,14868,co,µg/m³,2022-01-01,1240.0,20.0073285,73.7762427,check_required
5592,Gangapur Road,14868,co,µg/m³,2022-01-02,1110.0,20.0073285,73.7762427,check_required
5592,Gangapur Road,14868,co,µg/m³,2022-01-03,1540.0,20.0073285,73.7762427,check_required
5592,Gangapur Road,14868,co,µg/m³,2022-01-04,1940.0,20.0073285,73.7762427,check_required
5592,Gangapur Road,14868,co,µg/m³,2022-01-05,1320.0,20.0073285,73.7762427,check_required
5592,Gangapur Road,14868,co,µg/m³,2022-01-06,757.0,20.0073285,73.7762427,check_required
5592,Gangapur Road,14868,co,µg/m³,2022-01-07,788.0,20.0073285,73.7762427,check_required
5592,Gangapur Road,14868,co,µg/m³,2022-01-08,589.0,20.0073285,73.7762427,check_required
5592,Gangapur Road,14868,co,µg/m³,2022-01-09,338.0,20.0073285,73.7762427,check_required
5592,Gangapur Road,14868,co,µg/m³,2022-01-10,627.0,20.0073285,73.7762427,check_required
5592,Gangapur Road,14868,co,µg/m³,2022-01-11,656.0,20.0073285,73.7762427,check_required
5592,Gangapur Road,14868,co,µg/m³,2022-01-12,858.0,20.0073285,73.7762427,check_required
5592,Gangapur Road,14868,co,µg/m³,2022-01-13,1030.0,20.0073285,73.7762427,check_required
5592,Gangapur Road,14868,co,µg/m³,2022-01-14,920.0,20.0073285,73.7762427,check_required
5592,Gangapur Road,14868,co,µg/m³,2022-01-15,1100.0,20.0073285,73.7762427,check_required
5592,Gangapur Road,14868,co,µg/m³,2022-01-16,674.0,20.0073285,73.7762427,check_required
5592,Gangapur Road,14868,co,µg/m³,2022-01-17,1120.0,20.0073285,73.7762427,check_required
5592,Gangapur Road,14868,co,µg/m³,2022-01-18,772.0,20.0073285,73.7762427,check_required
5592,Gangapur Road,14868,co,µg/m³,2022-01-19,604.0,20.0073285,73.7762427,check_required
5592,Gangapur Road,14868,co,µg/m³,2022-01-20,470.0,20.0073285,73.7762427,check_required
5592,Gangapur Road,14868,co,µg/m³,2022-01-21,550.0,20.0073285,73.7762427,check_required
5592,Gangapur Road,14868,co,µg/m³,2022-01-22,383.0,20.0073285,73.7762427,check_required
5592,Gangapur Road,14868,co,µg/m³,2022-01-23,340.0,20.0073285,73.7762427,check_required
5592,Gangapur Road,14868,co,µg/m³,2022-01-24,353.0,20.0073285,73.7762427,check_required
5592,Gangapur Road,14868,co,µg/m³,2022-01-25,626.0,20.0073285,73.7762427,check_required
5592,Gangapur Road,14868,co,µg/m³,2022-01-26,672.0,20.0073285,73.7762427,check_required
5592,Gangapur Road,14868,co,µg/m³,2022-01-28,2540.0,20.0073285,73.7762427,check_required
5592,Gangapur Road,14868,co,µg/m³,2022-01-29,886.0,20.0073285,73.7762427,check_required
5592,Gangapur Road,14868,co,µg/m³,2022-02-02,703.0,20.0073285,73.7762427,check_required
5592,Gangapur Road,14868,co,µg/m³,2022-02-03,472.0,20.0073285,73.7762427,check_required
5592,Gangapur Road,14868,co,µg/m³,2022-02-04,445.0,20.0073285,73.7762427,check_required
5592,Gangapur Road,14868,co,µg/m³,2022-02-05,474.0,20.0073285,73.7762427,check_required
5592,Gangapur Road,14868,co,µg/m³,2022-03-25,14300.0,20.0073285,73.7762427,high_value_review
5592,Gangapur Road,14868,co,µg/m³,2022-03-26,433.0,20.0073285,73.7762427,check_required
5592,Gangapur Road,14868,co,µg/m³,2022-03-27,495.0,20.0073285,73.7762427,check_required
5592,Gangapur Road,14868,co,µg/m³,2022-03-28,520.0,20.0073285,73.7762427,check_required
5592,Gangapur Road,14868,co,µg/m³,2022-03-29,150.0,20.0073285,73.7762427,check_required
5592,Gangapur Road,14868,co,µg/m³,2022-04-01,255.0,20.0073285,73.7762427,check_required
5592,Gangapur Road,14868,co,µg/m³,2022-04-02,550.0,20.0073285,73.7762427,check_required
5592,Gangapur Road,14868,co,µg/m³,2022-04-04,490.0,20.0073285,73.7762427,check_required
5592,Gangapur Road,14868,co,µg/m³,2022-04-05,9870.0,20.0073285,73.7762427,check_required
5592,Gangapur Road,14868,co,µg/m³,2022-04-06,620.0,20.0073285,73.7762427,check_required
5592,Gangapur Road,14868,co,µg/m³,2022-04-07,355.0,20.0073285,73.7762427,check_required
5592,Gangapur Road,14868,co,µg/m³,2022-04-08,558.0,20.0073285,73.7762427,check_required
5592,Gangapur Road,14868,co,µg/m³,2022-04-09,559.0,20.0073285,73.7762427,check_required
5592,Gangapur Road,14868,co,µg/m³,2022-04-10,390.0,20.0073285,73.7762427,check_required
5592,Gangapur Road,14868,co,µg/m³,2022-04-11,364.0,20.0073285,73.7762427,check_required
5592,Gangapur Road,14868,co,µg/m³,2022-04-12,485.0,20.0073285,73.7762427,check_required
5592,Gangapur Road,14868,co,µg/m³,2022-04-13,475.0,20.0073285,73.7762427,check_required
5592,Gangapur Road,14868,co,µg/m³,2022-04-14,465.0,20.0073285,73.7762427,check_required
5592,Gangapur Road,14868,co,µg/m³,2022-04-15,370.0,20.0073285,73.7762427,check_required
5592,Gangapur Road,14868,co,µg/m³,2022-04-18,323.0,20.0073285,73.7762427,check_required
5592,Gangapur Road,14868,co,µg/m³,2022-04-19,475.0,20.0073285,73.7762427,check_required
5592,Gangapur Road,14868,co,µg/m³,2022-04-20,270.0,20.0073285,73.7762427,check_required
5592,Gangapur Road,14868,co,µg/m³,2022-04-21,445.0,20.0073285,73.7762427,check_required
5592,Gangapur Road,14868,co,µg/m³,2022-04-22,4260.0,20.0073285,73.7762427,check_required
5592,Gangapur Road,14868,co,µg/m³,2022-04-23,493.0,20.0073285,73.7762427,check_required
5592,Gangapur Road,14868,co,µg/m³,2022-04-25,230.0,20.0073285,73.7762427,check_required
5592,Gangapur Road,14868,co,µg/m³,2022-04-26,565.0,20.0073285,73.7762427,check_required
5592,Gangapur Road,14868,co,µg/m³,2022-04-28,740.0,20.0073285,73.7762427,check_required
5592,Gangapur Road,14868,co,µg/m³,2022-04-29,330.0,20.0073285,73.7762427,check_required
5592,Gangapur Road,14868,co,µg/m³,2022-04-30,610.0,20.0073285,73.7762427,check_required
5592,Gangapur Road,14868,co,µg/m³,2022-05-01,290.0,20.0073285,73.7762427,check_required
5592,Gangapur Road,14868,co,µg/m³,2022-05-05,200.0,20.0073285,73.7762427,check_required
5592,Gangapur Road,14868,co,µg/m³,2022-05-06,615.0,20.0073285,73.7762427,check_required
5592,Gangapur Road,14868,co,µg/m³,2022-05-07,470.0,20.0073285,73.7762427,check_required
5592,Gangapur Road,14868,co,µg/m³,2022-05-08,430.0,20.0073285,73.7762427,check_required
5592,Gangapur Road,14868,co,µg/m³,2022-05-09,668.0,20.0073285,73.7762427,check_required
5592,Gangapur Road,14868,co,µg/m³,2022-05-10,250.0,20.0073285,73.7762427,check_required
5592,Gangapur Road,14868,co,µg/m³,2022-05-11,446.0,20.0073285,73.7762427,check_required
5592,Gangapur Road,14868,co,µg/m³,2022-05-12,450.0,20.0073285,73.7762427,check_required
5592,Gangapur Road,14868,co,µg/m³,2022-05-15,314.0,20.0073285,73.7762427,check_required
5592,Gangapur Road,14868,co,µg/m³,2022-05-16,228.0,20.0073285,73.7762427,check_required
5592,Gangapur Road,14868,co,µg/m³,2022-05-17,150.0,20.0073285,73.7762427,check_required
5592,Gangapur Road,14868,co,µg/m³,2022-05-18,1610.0,20.0073285,73.7762427,check_required
5592,Gangapur Road,14868,co,µg/m³,2022-05-20,475.0,20.0073285,73.7762427,check_required
5592,Gangapur Road,14868,co,µg/m³,2022-05-21,350.0,20.0073285,73.7762427,check_required
5592,Gangapur Road,14868,co,µg/m³,2022-05-23,345.0,20.0073285,73.7762427,check_required
5592,Gangapur Road,14868,co,µg/m³,2022-05-24,400.0,20.0073285,73.7762427,check_required
5592,Gangapur Road,14868,co,µg/m³,2022-05-25,250.0,20.0073285,73.7762427,check_required
5592,Gangapur Road,14868,co,µg/m³,2022-05-26,300.0,20.0073285,73.7762427,check_required
5592,Gangapur Road,14868,co,µg/m³,2022-05-28,250.0,20.0073285,73.7762427,check_required
5592,Gangapur Road,14868,co,µg/m³,2022-05-29,180.0,20.0073285,73.7762427,check_required
5592,Gangapur Road,14868,co,µg/m³,2022-06-03,320.0,20.0073285,73.7762427,check_required
5592,Gangapur Road,14868,co,µg/m³,2022-06-04,240.0,20.0073285,73.7762427,check_required
5592,Gangapur Road,14868,co,µg/m³,2022-06-09,2460.0,20.0073285,73.7762427,check_required
5592,Gangapur Road,14868,co,µg/m³,2022-06-10,385.0,20.0073285,73.7762427,check_required
5592,Gangapur Road,14868,co,µg/m³,2022-06-13,180.0,20.0073285,73.7762427,check_required
5592,Gangapur Road,14868,co,µg/m³,2022-06-14,293.0,20.0073285,73.7762427,check_required
5592,Gangapur Road,14868,co,µg/m³,2022-06-15,410.0,20.0073285,73.7762427,check_required
5592,Gangapur Road,14868,co,µg/m³,2022-06-18,320.0,20.0073285,73.7762427,check_required
5592,Gangapur Road,14868,co,µg/m³,2022-06-19,280.0,20.0073285,73.7762427,check_required
5592,Gangapur Road,14868,co,µg/m³,2022-06-20,457.0,20.0073285,73.7762427,check_required
5592,Gangapur Road,14868,co,µg/m³,2022-06-21,523.0,20.0073285,73.7762427,check_required
5592,Gangapur Road,14868,co,µg/m³,2022-06-22,263.0,20.0073285,73.7762427,check_required
5592,Gangapur Road,14868,co,µg/m³,2022-07-05,360.0,20.0073285,73.7762427,check_required
5592,Gangapur Road,14868,co,µg/m³,2022-07-08,450.0,20.0073285,73.7762427,check_required
5592,Gangapur Road,14868,co,µg/m³,2022-07-09,340.0,20.0073285,73.7762427,check_required
5592,Gangapur Road,14868,co,µg/m³,2022-07-10,370.0,20.0073285,73.7762427,check_required
5592,Gangapur Road,14868,co,µg/m³,2022-07-11,640.0,20.0073285,73.7762427,check_required
5592,Gangapur Road,14868,co,µg/m³,2022-07-13,990.0,20.0073285,73.7762427,check_required
5592,Gangapur Road,14868,co,µg/m³,2022-07-14,500.0,20.0073285,73.7762427,check_required
5592,Gangapur Road,14868,co,µg/m³,2022-07-15,1070.0,20.0073285,73.7762427,check_required
5592,Gangapur Road,14868,co,µg/m³,2022-07-18,580.0,20.0073285,73.7762427,check_required
5592,Gangapur Road,14868,co,µg/m³,2022-07-19,264.0,20.0073285,73.7762427,check_required
5592,Gangapur Road,14868,co,µg/m³,2022-07-20,340.0,20.0073285,73.7762427,check_required
5592,Gangapur Road,14868,co,µg/m³,2022-07-21,473.0,20.0073285,73.7762427,check_required
5592,Gangapur Road,14868,co,µg/m³,2022-07-22,664.0,20.0073285,73.7762427,check_required
5592,Gangapur Road,14868,co,µg/m³,2022-07-23,449.0,20.0073285,73.7762427,check_required
5592,Gangapur Road,14868,co,µg/m³,2022-07-24,363.0,20.0073285,73.7762427,check_required
5592,Gangapur Road,14868,co,µg/m³,2022-07-25,683.0,20.0073285,73.7762427,check_required
5592,Gangapur Road,14868,co,µg/m³,2022-07-26,250.0,20.0073285,73.7762427,check_required
5592,Gangapur Road,14868,co,µg/m³,2022-07-27,398.0,20.0073285,73.7762427,check_required
5592,Gangapur Road,14868,co,µg/m³,2022-07-28,263.0,20.0073285,73.7762427,check_required
5592,Gangapur Road,14868,co,µg/m³,2022-07-29,340.0,20.0073285,73.7762427,check_required
5592,Gangapur Road,14868,co,µg/m³,2022-07-30,370.0,20.0073285,73.7762427,check_required
5592,Gangapur Road,14868,co,µg/m³,2022-07-31,464.0,20.0073285,73.7762427,check_required
5592,Gangapur Road,14868,co,µg/m³,2022-08-02,407.0,20.0073285,73.7762427,check_required
5592,Gangapur Road,14868,co,µg/m³,2022-08-03,444.0,20.0073285,73.7762427,check_required
5592,Gangapur Road,14868,co,µg/m³,2022-09-13,0.0,20.0073285,73.7762427,check_required
5592,Gangapur Road,14868,co,µg/m³,2022-09-14,550.0,20.0073285,73.7762427,check_required
5592,Gangapur Road,14868,co,µg/m³,2022-09-15,365.0,20.0073285,73.7762427,check_required
5592,Gangapur Road,14868,co,µg/m³,2022-09-16,758.0,20.0073285,73.7762427,check_required
5592,Gangapur Road,14868,co,µg/m³,2022-09-17,1030.0,20.0073285,73.7762427,check_required
5592,Gangapur Road,14868,co,µg/m³,2022-09-18,120.0,20.0073285,73.7762427,check_required
5592,Gangapur Road,14868,co,µg/m³,2022-09-20,524.0,20.0073285,73.7762427,check_required
5592,Gangapur Road,14868,co,µg/m³,2022-09-21,648.0,20.0073285,73.7762427,check_required
5592,Gangapur Road,14868,co,µg/m³,2022-09-22,643.0,20.0073285,73.7762427,check_required
5592,Gangapur Road,14868,co,µg/m³,2022-09-23,466.0,20.0073285,73.7762427,check_required
5592,Gangapur Road,14868,co,µg/m³,2022-09-24,320.0,20.0073285,73.7762427,check_required
5592,Gangapur Road,14868,co,µg/m³,2022-09-25,70.0,20.0073285,73.7762427,check_required
5592,Gangapur Road,14868,co,µg/m³,2022-09-26,568.0,20.0073285,73.7762427,check_required
5592,Gangapur Road,14868,co,µg/m³,2022-09-27,334.0,20.0073285,73.7762427,check_required
5592,Gangapur Road,14868,co,µg/m³,2022-09-28,491.0,20.0073285,73.7762427,check_required
5592,Gangapur Road,14868,co,µg/m³,2022-09-29,592.0,20.0073285,73.7762427,check_required
5592,Gangapur Road,14868,co,µg/m³,2022-09-30,720.0,20.0073285,73.7762427,check_required
5592,Gangapur Road,14868,co,µg/m³,2022-10-01,742.0,20.0073285,73.7762427,check_required
5592,Gangapur Road,14868,co,µg/m³,2022-10-02,120.0,20.0073285,73.7762427,check_required
5592,Gangapur Road,14868,co,µg/m³,2022-10-03,448.0,20.0073285,73.7762427,check_required
5592,Gangapur Road,14868,co,µg/m³,2022-10-04,868.0,20.0073285,73.7762427,check_required
5592,Gangapur Road,14868,co,µg/m³,2022-10-05,279.0,20.0073285,73.7762427,check_required
5592,Gangapur Road,14868,co,µg/m³,2022-10-06,437.0,20.0073285,73.7762427,check_required
5592,Gangapur Road,14868,co,µg/m³,2022-10-07,368.0,20.0073285,73.7762427,check_required
5592,Gangapur Road,14868,co,µg/m³,2022-10-08,140.0,20.0073285,73.7762427,check_required
5592,Gangapur Road,14868,co,µg/m³,2022-10-09,249.0,20.0073285,73.7762427,check_required
5592,Gangapur Road,14868,co,µg/m³,2022-10-10,380.0,20.0073285,73.7762427,check_required
5592,Gangapur Road,14868,co,µg/m³,2022-10-11,465.0,20.0073285,73.7762427,check_required
5592,Gangapur Road,14868,co,µg/m³,2022-10-12,593.0,20.0073285,73.7762427,check_required
5592,Gangapur Road,14868,co,µg/m³,2022-10-13,1110.0,20.0073285,73.7762427,check_required
5592,Gangapur Road,14868,co,µg/m³,2022-10-14,518.0,20.0073285,73.7762427,check_required
5592,Gangapur Road,14868,co,µg/m³,2022-10-15,718.0,20.0073285,73.7762427,check_required
5592,Gangapur Road,14868,co,µg/m³,2022-10-16,711.0,20.0073285,73.7762427,check_required
5592,Gangapur Road,14868,co,µg/m³,2022-10-31,780.0,20.0073285,73.7762427,check_required
5592,Gangapur Road,12235630,co,ppb,2025-02-19,0.667,20.0073285,73.7762427,check_required
5592,Gangapur Road,12235630,co,ppb,2025-02-20,1.15,20.0073285,73.7762427,check_required
5592,Gangapur Road,12235630,co,ppb,2025-02-21,1.02,20.0073285,73.7762427,check_required
5592,Gangapur Road,12235630,co,ppb,2025-02-22,1.39,20.0073285,73.7762427,check_required
5592,Gangapur Road,12235630,co,ppb,2025-02-23,1.39,20.0073285,73.7762427,check_required
5592,Gangapur Road,12235630,co,ppb,2025-02-24,1.49,20.0073285,73.7762427,check_required
5592,Gangapur Road,12235630,co,ppb,2025-02-25,1.18,20.0073285,73.7762427,check_required
5592,Gangapur Road,12235630,co,ppb,2025-02-26,0.753,20.0073285,73.7762427,check_required
5592,Gangapur Road,12235630,co,ppb,2025-02-27,0.497,20.0073285,73.7762427,check_required
5592,Gangapur Road,12235630,co,ppb,2025-02-28,0.66,20.0073285,73.7762427,check_required
5592,Gangapur Road,12235630,co,ppb,2025-03-01,0.638,20.0073285,73.7762427,check_required
5592,Gangapur Road,12235630,co,ppb,2025-03-02,0.617,20.0073285,73.7762427,check_required
5592,Gangapur Road,12235630,co,ppb,2025-03-03,0.59,20.0073285,73.7762427,check_required
5592,Gangapur Road,12235630,co,ppb,2025-03-04,0.548,20.0073285,73.7762427,check_required
5592,Gangapur Road,12235630,co,ppb,2025-03-05,0.609,20.0073285,73.7762427,check_required
5592,Gangapur Road,12235630,co,ppb,2025-03-06,0.588,20.0073285,73.7762427,check_required
5592,Gangapur Road,12235630,co,ppb,2025-03-07,0.614,20.0073285,73.7762427,check_required
5592,Gangapur Road,12235630,co,ppb,2025-03-08,0.527,20.0073285,73.7762427,check_required
5592,Gangapur Road,12235630,co,ppb,2025-03-09,0.512,20.0073285,73.7762427,check_required
5592,Gangapur Road,12235630,co,ppb,2025-03-10,0.729,20.0073285,73.7762427,check_required
5592,Gangapur Road,12235630,co,ppb,2025-03-12,0.594,20.0073285,73.7762427,check_required
5592,Gangapur Road,12235630,co,ppb,2025-03-13,0.639,20.0073285,73.7762427,check_required
5592,Gangapur Road,12235630,co,ppb,2025-03-14,0.862,20.0073285,73.7762427,check_required
5592,Gangapur Road,12235630,co,ppb,2025-03-15,2.05,20.0073285,73.7762427,check_required
5592,Gangapur Road,12235630,co,ppb,2025-03-17,0.833,20.0073285,73.7762427,check_required
5592,Gangapur Road,12235630,co,ppb,2025-03-18,0.818,20.0073285,73.7762427,check_required
5592,Gangapur Road,12235630,co,ppb,2025-03-19,0.766,20.0073285,73.7762427,check_required
5592,Gangapur Road,12235630,co,ppb,2025-03-20,0.767,20.0073285,73.7762427,check_required
5592,Gangapur Road,12235630,co,ppb,2025-03-21,0.785,20.0073285,73.7762427,check_required
5592,Gangapur Road,12235630,co,ppb,2025-03-22,0.756,20.0073285,73.7762427,check_required
5592,Gangapur Road,12235630,co,ppb,2025-03-23,0.754,20.0073285,73.7762427,check_required
5592,Gangapur Road,12235630,co,ppb,2025-03-24,0.754,20.0073285,73.7762427,check_required
5592,Gangapur Road,12235630,co,ppb,2025-03-25,0.723,20.0073285,73.7762427,check_required
5592,Gangapur Road,12235630,co,ppb,2025-03-26,0.724,20.0073285,73.7762427,check_required
5592,Gangapur Road,12235630,co,ppb,2025-03-27,0.709,20.0073285,73.7762427,check_required
5592,Gangapur Road,12235630,co,ppb,2025-03-28,0.669,20.0073285,73.7762427,check_required
5592,Gangapur Road,12235630,co,ppb,2025-03-29,0.687,20.0073285,73.7762427,check_required
5592,Gangapur Road,12235630,co,ppb,2025-03-30,0.673,20.0073285,73.7762427,check_required
5592,Gangapur Road,12235630,co,ppb,2025-03-31,0.684,20.0073285,73.7762427,check_required
5592,Gangapur Road,12235630,co,ppb,2025-04-01,0.681,20.0073285,73.7762427,check_required
5592,Gangapur Road,12235630,co,ppb,2025-04-02,0.672,20.0073285,73.7762427,check_required
5592,Gangapur Road,12235630,co,ppb,2025-04-03,0.66,20.0073285,73.7762427,check_required
5592,Gangapur Road,12235630,co,ppb,2025-04-04,0.669,20.0073285,73.7762427,check_required
5592,Gangapur Road,12235630,co,ppb,2025-04-05,0.637,20.0073285,73.7762427,check_required
5592,Gangapur Road,12235630,co,ppb,2025-04-06,0.629,20.0073285,73.7762427,check_required
5592,Gangapur Road,12235630,co,ppb,2025-04-07,0.641,20.0073285,73.7762427,check_required
5592,Gangapur Road,12235630,co,ppb,2025-04-08,0.631,20.0073285,73.7762427,check_required
5592,Gangapur Road,12235630,co,ppb,2025-04-09,0.661,20.0073285,73.7762427,check_required
5592,Gangapur Road,12235630,co,ppb,2025-04-11,0.65,20.0073285,73.7762427,check_required
5592,Gangapur Road,12235630,co,ppb,2025-04-12,0.62,20.0073285,73.7762427,check_required
5592,Gangapur Road,12235630,co,ppb,2025-04-13,0.622,20.0073285,73.7762427,check_required
5592,Gangapur Road,12235630,co,ppb,2025-04-14,0.612,20.0073285,73.7762427,check_required
5592,Gangapur Road,12235630,co,ppb,2025-04-15,0.622,20.0073285,73.7762427,check_required
5592,Gangapur Road,12235630,co,ppb,2025-04-16,0.633,20.0073285,73.7762427,check_required
5592,Gangapur Road,12235630,co,ppb,2025-04-17,0.606,20.0073285,73.7762427,check_required
5592,Gangapur Road,12235630,co,ppb,2025-04-18,0.615,20.0073285,73.7762427,check_required
5592,Gangapur Road,12235630,co,ppb,2025-04-19,0.623,20.0073285,73.7762427,check_required
5592,Gangapur Road,12235630,co,ppb,2025-04-20,0.606,20.0073285,73.7762427,check_required
5592,Gangapur Road,12235630,co,ppb,2025-04-21,0.572,20.0073285,73.7762427,check_required
5592,Gangapur Road,12235630,co,ppb,2025-04-22,0.387,20.0073285,73.7762427,check_required
5592,Gangapur Road,12235630,co,ppb,2025-04-23,0.292,20.0073285,73.7762427,check_required
5592,Gangapur Road,12235630,co,ppb,2025-04-24,0.336,20.0073285,73.7762427,check_required
5592,Gangapur Road,12235630,co,ppb,2025-04-25,0.377,20.0073285,73.7762427,check_required
5592,Gangapur Road,12235630,co,ppb,2025-04-26,0.395,20.0073285,73.7762427,check_required
5592,Gangapur Road,12235630,co,ppb,2025-04-27,0.364,20.0073285,73.7762427,check_required
5592,Gangapur Road,12235630,co,ppb,2025-04-28,0.348,20.0073285,73.7762427,check_required
5592,Gangapur Road,12235630,co,ppb,2025-04-29,0.297,20.0073285,73.7762427,check_required
5592,Gangapur Road,12235630,co,ppb,2025-04-30,0.284,20.0073285,73.7762427,check_required
5592,Gangapur Road,12235630,co,ppb,2025-05-01,0.338,20.0073285,73.7762427,check_required
5592,Gangapur Road,12235630,co,ppb,2025-05-06,0.323,20.0073285,73.7762427,check_required
5592,Gangapur Road,12235630,co,ppb,2025-05-07,0.329,20.0073285,73.7762427,check_required
5592,Gangapur Road,12235630,co,ppb,2025-05-08,0.33,20.0073285,73.7762427,check_required
5592,Gangapur Road,12235630,co,ppb,2025-05-09,0.33,20.0073285,73.7762427,check_required
5592,Gangapur Road,12235630,co,ppb,2025-05-10,0.328,20.0073285,73.7762427,check_required
5592,Gangapur Road,12235630,co,ppb,2025-05-11,0.331,20.0073285,73.7762427,check_required
5592,Gangapur Road,12235630,co,ppb,2025-05-12,0.324,20.0073285,73.7762427,check_required
5592,Gangapur Road,12235630,co,ppb,2025-05-13,0.308,20.0073285,73.7762427,check_required
5592,Gangapur Road,12235630,co,ppb,2025-05-14,0.285,20.0073285,73.7762427,check_required
5592,Gangapur Road,12235630,co,ppb,2025-05-15,0.28,20.0073285,73.7762427,check_required
5592,Gangapur Road,12235630,co,ppb,2025-05-16,0.281,20.0073285,73.7762427,check_required
5592,Gangapur Road,12235630,co,ppb,2025-05-17,0.279,20.0073285,73.7762427,check_required
5592,Gangapur Road,12235630,co,ppb,2025-05-18,0.283,20.0073285,73.7762427,check_required
5592,Gangapur Road,12235630,co,ppb,2025-05-19,0.282,20.0073285,73.7762427,check_required
5592,Gangapur Road,12235630,co,ppb,2025-05-20,0.283,20.0073285,73.7762427,check_required
5592,Gangapur Road,12235630,co,ppb,2025-05-21,0.283,20.0073285,73.7762427,check_required
5592,Gangapur Road,12235630,co,ppb,2025-05-22,0.25,20.0073285,73.7762427,check_required
5592,Gangapur Road,12235630,co,ppb,2025-05-23,0.217,20.0073285,73.7762427,check_required
5592,Gangapur Road,12235630,co,ppb,2025-05-24,0.214,20.0073285,73.7762427,check_required
5592,Gangapur Road,12235630,co,ppb,2025-05-25,0.212,20.0073285,73.7762427,check_required
5592,Gangapur Road,12235630,co,ppb,2025-05-26,0.219,20.0073285,73.7762427,check_required
5592,Gangapur Road,12235630,co,ppb,2025-05-27,0.229,20.0073285,73.7762427,check_required
5592,Gangapur Road,12235630,co,ppb,2025-05-28,0.251,20.0073285,73.7762427,check_required
5592,Gangapur Road,12235630,co,ppb,2025-05-29,0.252,20.0073285,73.7762427,check_required
5592,Gangapur Road,12235630,co,ppb,2025-05-30,0.253,20.0073285,73.7762427,check_required
5592,Gangapur Road,12235630,co,ppb,2025-05-31,0.254,20.0073285,73.7762427,check_required
5592,Gangapur Road,12235630,co,ppb,2025-06-01,0.251,20.0073285,73.7762427,check_required
5592,Gangapur Road,12235630,co,ppb,2025-06-02,0.255,20.0073285,73.7762427,check_required
5592,Gangapur Road,12235630,co,ppb,2025-06-03,0.248,20.0073285,73.7762427,check_required
5592,Gangapur Road,12235630,co,ppb,2025-06-04,0.252,20.0073285,73.7762427,check_required
5592,Gangapur Road,12235630,co,ppb,2025-06-05,0.249,20.0073285,73.7762427,check_required
5592,Gangapur Road,12235630,co,ppb,2025-06-06,0.256,20.0073285,73.7762427,check_required
5592,Gangapur Road,12235630,co,ppb,2025-06-07,0.253,20.0073285,73.7762427,check_required
5592,Gangapur Road,12235630,co,ppb,2025-06-08,0.252,20.0073285,73.7762427,check_required
5592,Gangapur Road,12235630,co,ppb,2025-06-09,0.258,20.0073285,73.7762427,check_required
5592,Gangapur Road,12235630,co,ppb,2025-06-10,0.255,20.0073285,73.7762427,check_required
5592,Gangapur Road,12235630,co,ppb,2025-06-11,0.252,20.0073285,73.7762427,check_required
5592,Gangapur Road,12235630,co,ppb,2025-06-12,0.252,20.0073285,73.7762427,check_required
5592,Gangapur Road,12235630,co,ppb,2025-06-13,0.258,20.0073285,73.7762427,check_required
5592,Gangapur Road,12235630,co,ppb,2025-06-14,0.252,20.0073285,73.7762427,check_required
5592,Gangapur Road,12235630,co,ppb,2025-06-15,0.249,20.0073285,73.7762427,check_required
5592,Gangapur Road,12235630,co,ppb,2025-06-16,0.255,20.0073285,73.7762427,check_required
5592,Gangapur Road,12235630,co,ppb,2025-06-17,0.268,20.0073285,73.7762427,check_required
5592,Gangapur Road,12235630,co,ppb,2025-06-18,0.273,20.0073285,73.7762427,check_required
5592,Gangapur Road,12235630,co,ppb,2025-06-19,0.271,20.0073285,73.7762427,check_required
5592,Gangapur Road,12235630,co,ppb,2025-06-20,0.265,20.0073285,73.7762427,check_required
5592,Gangapur Road,12235630,co,ppb,2025-06-21,0.26,20.0073285,73.7762427,check_required
5592,Gangapur Road,12235630,co,ppb,2025-06-22,0.257,20.0073285,73.7762427,check_required
5592,Gangapur Road,12235630,co,ppb,2025-06-23,0.258,20.0073285,73.7762427,check_required
5592,Gangapur Road,12235630,co,ppb,2025-06-24,0.257,20.0073285,73.7762427,check_required
5592,Gangapur Road,12235630,co,ppb,2025-06-25,0.258,20.0073285,73.7762427,check_required
5592,Gangapur Road,12235630,co,ppb,2025-06-26,0.257,20.0073285,73.7762427,check_required
5592,Gangapur Road,12235630,co,ppb,2025-06-27,0.258,20.0073285,73.7762427,check_required
5592,Gangapur Road,12235630,co,ppb,2025-06-28,0.26,20.0073285,73.7762427,check_required
5592,Gangapur Road,12235630,co,ppb,2025-06-29,0.276,20.0073285,73.7762427,check_required
5592,Gangapur Road,12235630,co,ppb,2025-06-30,0.261,20.0073285,73.7762427,check_required
5592,Gangapur Road,12235630,co,ppb,2025-07-01,0.266,20.0073285,73.7762427,check_required
5592,Gangapur Road,12235630,co,ppb,2025-07-02,0.264,20.0073285,73.7762427,check_required
5592,Gangapur Road,12235630,co,ppb,2025-07-03,0.258,20.0073285,73.7762427,check_required
5592,Gangapur Road,12235630,co,ppb,2025-07-04,0.263,20.0073285,73.7762427,check_required
5592,Gangapur Road,12235630,co,ppb,2025-07-05,0.236,20.0073285,73.7762427,check_required
5592,Gangapur Road,12235630,co,ppb,2025-07-06,0.228,20.0073285,73.7762427,check_required
5592,Gangapur Road,12235630,co,ppb,2025-07-07,0.238,20.0073285,73.7762427,check_required
5592,Gangapur Road,12235630,co,ppb,2025-07-08,0.234,20.0073285,73.7762427,check_required
5592,Gangapur Road,12235630,co,ppb,2025-07-09,0.231,20.0073285,73.7762427,check_required
5592,Gangapur Road,12235630,co,ppb,2025-07-10,0.233,20.0073285,73.7762427,check_required
5592,Gangapur Road,12235630,co,ppb,2025-07-11,0.229,20.0073285,73.7762427,check_required
5592,Gangapur Road,12235630,co,ppb,2025-07-12,0.229,20.0073285,73.7762427,check_required
5592,Gangapur Road,12235630,co,ppb,2025-07-13,0.228,20.0073285,73.7762427,check_required
5592,Gangapur Road,12235630,co,ppb,2025-07-14,0.237,20.0073285,73.7762427,check_required
5592,Gangapur Road,12235630,co,ppb,2025-07-15,0.23,20.0073285,73.7762427,check_required
5592,Gangapur Road,12235630,co,ppb,2025-07-16,0.231,20.0073285,73.7762427,check_required
5592,Gangapur Road,12235630,co,ppb,2025-07-17,0.237,20.0073285,73.7762427,check_required
5592,Gangapur Road,12235630,co,ppb,2025-07-18,0.228,20.0073285,73.7762427,check_required
5592,Gangapur Road,12235630,co,ppb,2025-07-19,0.233,20.0073285,73.7762427,check_required
5592,Gangapur Road,12235630,co,ppb,2025-07-20,0.236,20.0073285,73.7762427,check_required
5592,Gangapur Road,12235630,co,ppb,2025-07-21,0.23,20.0073285,73.7762427,check_required
5592,Gangapur Road,12235630,co,ppb,2025-07-22,0.229,20.0073285,73.7762427,check_required
5592,Gangapur Road,12235630,co,ppb,2025-07-23,0.227,20.0073285,73.7762427,check_required
5592,Gangapur Road,12235630,co,ppb,2025-07-24,0.227,20.0073285,73.7762427,check_required
5592,Gangapur Road,12235630,co,ppb,2025-07-25,0.225,20.0073285,73.7762427,check_required
5592,Gangapur Road,12235630,co,ppb,2025-07-26,0.228,20.0073285,73.7762427,check_required
5592,Gangapur Road,12235630,co,ppb,2025-07-27,0.23,20.0073285,73.7762427,check_required
5592,Gangapur Road,12235630,co,ppb,2025-07-28,0.228,20.0073285,73.7762427,check_required
5592,Gangapur Road,12235630,co,ppb,2025-07-29,0.229,20.0073285,73.7762427,check_required
5592,Gangapur Road,12235630,co,ppb,2025-07-30,0.225,20.0073285,73.7762427,check_required
5592,Gangapur Road,12235630,co,ppb,2025-07-31,0.227,20.0073285,73.7762427,check_required
5592,Gangapur Road,12235630,co,ppb,2025-08-01,0.22,20.0073285,73.7762427,check_required
5592,Gangapur Road,12235630,co,ppb,2025-08-02,0.233,20.0073285,73.7762427,check_required
5592,Gangapur Road,12235630,co,ppb,2025-08-03,0.232,20.0073285,73.7762427,check_required
5592,Gangapur Road,12235630,co,ppb,2025-08-04,0.223,20.0073285,73.7762427,check_required
5592,Gangapur Road,12235630,co,ppb,2025-08-05,0.228,20.0073285,73.7762427,check_required
5592,Gangapur Road,12235630,co,ppb,2025-08-06,0.228,20.0073285,73.7762427,check_required
5592,Gangapur Road,12235630,co,ppb,2025-08-07,0.229,20.0073285,73.7762427,check_required
5592,Gangapur Road,12235630,co,ppb,2025-08-08,0.23,20.0073285,73.7762427,check_required
5592,Gangapur Road,12235630,co,ppb,2025-08-09,0.228,20.0073285,73.7762427,check_required
5592,Gangapur Road,12235630,co,ppb,2025-08-10,0.224,20.0073285,73.7762427,check_required
5592,Gangapur Road,12235630,co,ppb,2025-08-11,0.224,20.0073285,73.7762427,check_required
5592,Gangapur Road,12235630,co,ppb,2025-08-12,0.224,20.0073285,73.7762427,check_required
5592,Gangapur Road,12235630,co,ppb,2025-08-13,0.223,20.0073285,73.7762427,check_required
5592,Gangapur Road,12235630,co,ppb,2025-08-14,0.226,20.0073285,73.7762427,check_required
5592,Gangapur Road,12235630,co,ppb,2025-08-15,0.227,20.0073285,73.7762427,check_required
5592,Gangapur Road,12235630,co,ppb,2025-08-16,0.226,20.0073285,73.7762427,check_required
5592,Gangapur Road,12235630,co,ppb,2025-08-17,0.227,20.0073285,73.7762427,check_required
5592,Gangapur Road,12235630,co,ppb,2025-08-18,0.228,20.0073285,73.7762427,check_required
5592,Gangapur Road,12235630,co,ppb,2025-08-19,0.226,20.0073285,73.7762427,check_required
5592,Gangapur Road,12235630,co,ppb,2025-08-20,0.229,20.0073285,73.7762427,check_required
5592,Gangapur Road,12235630,co,ppb,2025-08-21,0.23,20.0073285,73.7762427,check_required
5592,Gangapur Road,12235630,co,ppb,2025-08-22,0.232,20.0073285,73.7762427,check_required
5592,Gangapur Road,12235630,co,ppb,2025-08-23,0.229,20.0073285,73.7762427,check_required
5592,Gangapur Road,12235630,co,ppb,2025-08-24,0.226,20.0073285,73.7762427,check_required
5592,Gangapur Road,12235630,co,ppb,2025-08-25,0.231,20.0073285,73.7762427,check_required
5592,Gangapur Road,12235630,co,ppb,2025-08-26,0.226,20.0073285,73.7762427,check_required
5592,Gangapur Road,12235630,co,ppb,2025-08-27,0.226,20.0073285,73.7762427,check_required
5592,Gangapur Road,12235630,co,ppb,2025-08-28,0.229,20.0073285,73.7762427,check_required
5592,Gangapur Road,12235630,co,ppb,2025-08-29,0.225,20.0073285,73.7762427,check_required
5592,Gangapur Road,12235630,co,ppb,2025-08-30,0.229,20.0073285,73.7762427,check_required
5592,Gangapur Road,12235630,co,ppb,2025-08-31,0.226,20.0073285,73.7762427,check_required
5592,Gangapur Road,12235630,co,ppb,2025-09-01,0.235,20.0073285,73.7762427,check_required
5592,Gangapur Road,12235630,co,ppb,2025-09-02,0.229,20.0073285,73.7762427,check_required
5592,Gangapur Road,12235630,co,ppb,2025-09-03,0.228,20.0073285,73.7762427,check_required
5592,Gangapur Road,12235630,co,ppb,2025-09-04,0.232,20.0073285,73.7762427,check_required
5592,Gangapur Road,12235630,co,ppb,2025-09-05,0.23,20.0073285,73.7762427,check_required
5592,Gangapur Road,12235630,co,ppb,2025-09-06,0.23,20.0073285,73.7762427,check_required
5592,Gangapur Road,12235630,co,ppb,2025-09-07,0.232,20.0073285,73.7762427,check_required
5592,Gangapur Road,12235630,co,ppb,2025-09-08,0.225,20.0073285,73.7762427,check_required
5592,Gangapur Road,12235630,co,ppb,2025-09-09,0.229,20.0073285,73.7762427,check_required
5592,Gangapur Road,12235630,co,ppb,2025-09-10,0.198,20.0073285,73.7762427,check_required
5592,Gangapur Road,12235630,co,ppb,2025-09-11,0.179,20.0073285,73.7762427,check_required
5592,Gangapur Road,12235630,co,ppb,2025-09-12,0.181,20.0073285,73.7762427,check_required
5592,Gangapur Road,12235630,co,ppb,2025-09-13,0.179,20.0073285,73.7762427,check_required
5592,Gangapur Road,12235630,co,ppb,2025-09-14,0.178,20.0073285,73.7762427,check_required
5592,Gangapur Road,12235630,co,ppb,2025-09-15,0.176,20.0073285,73.7762427,check_required
5592,Gangapur Road,12235630,co,ppb,2025-09-16,0.174,20.0073285,73.7762427,check_required
5592,Gangapur Road,12235630,co,ppb,2025-09-17,0.173,20.0073285,73.7762427,check_required
5592,Gangapur Road,12235630,co,ppb,2025-09-18,0.177,20.0073285,73.7762427,check_required
5592,Gangapur Road,12235630,co,ppb,2025-09-19,0.174,20.0073285,73.7762427,check_required
5592,Gangapur Road,12235630,co,ppb,2025-09-20,0.175,20.0073285,73.7762427,check_required
5592,Gangapur Road,12235630,co,ppb,2025-09-21,0.187,20.0073285,73.7762427,check_required
5592,Gangapur Road,12235630,co,ppb,2025-09-22,0.228,20.0073285,73.7762427,check_required
5592,Gangapur Road,12235630,co,ppb,2025-09-23,0.185,20.0073285,73.7762427,check_required
5592,Gangapur Road,12235630,co,ppb,2025-09-24,0.17,20.0073285,73.7762427,check_required
5592,Gangapur Road,12235630,co,ppb,2025-09-25,0.205,20.0073285,73.7762427,check_required
5592,Gangapur Road,12235630,co,ppb,2025-09-26,0.208,20.0073285,73.7762427,check_required
5592,Gangapur Road,12235630,co,ppb,2025-09-27,0.219,20.0073285,73.7762427,check_required
5592,Gangapur Road,12235630,co,ppb,2025-09-28,0.197,20.0073285,73.7762427,check_required
5592,Gangapur Road,12235630,co,ppb,2025-09-29,0.187,20.0073285,73.7762427,check_required
5592,Gangapur Road,12235630,co,ppb,2025-09-30,0.186,20.0073285,73.7762427,check_required
5592,Gangapur Road,12235630,co,ppb,2025-10-01,0.187,20.0073285,73.7762427,check_required
5592,Gangapur Road,12235630,co,ppb,2025-10-02,0.185,20.0073285,73.7762427,check_required
5592,Gangapur Road,12235630,co,ppb,2025-10-03,0.185,20.0073285,73.7762427,check_required
5592,Gangapur Road,12235630,co,ppb,2025-10-04,0.184,20.0073285,73.7762427,check_required
5592,Gangapur Road,12235630,co,ppb,2025-10-05,0.185,20.0073285,73.7762427,check_required
5592,Gangapur Road,12235630,co,ppb,2025-10-06,0.182,20.0073285,73.7762427,check_required
5592,Gangapur Road,12235630,co,ppb,2025-10-07,0.185,20.0073285,73.7762427,check_required
5592,Gangapur Road,12235630,co,ppb,2025-10-08,0.185,20.0073285,73.7762427,check_required
5592,Gangapur Road,12235630,co,ppb,2025-10-09,0.193,20.0073285,73.7762427,check_required
5592,Gangapur Road,12235630,co,ppb,2025-10-10,0.225,20.0073285,73.7762427,check_required
5592,Gangapur Road,12235630,co,ppb,2025-10-11,0.224,20.0073285,73.7762427,check_required
5592,Gangapur Road,12235630,co,ppb,2025-10-12,0.223,20.0073285,73.7762427,check_required
5592,Gangapur Road,12235630,co,ppb,2025-10-13,0.27,20.0073285,73.7762427,check_required
5592,Gangapur Road,12235630,co,ppb,2025-10-14,0.362,20.0073285,73.7762427,check_required
5592,Gangapur Road,12235630,co,ppb,2025-10-15,0.319,20.0073285,73.7762427,check_required
5592,Gangapur Road,12235630,co,ppb,2025-10-16,0.309,20.0073285,73.7762427,check_required
5592,Gangapur Road,12235630,co,ppb,2025-10-17,0.241,20.0073285,73.7762427,check_required
5592,Gangapur Road,12235630,co,ppb,2025-10-18,0.335,20.0073285,73.7762427,check_required
5592,Gangapur Road,12235630,co,ppb,2025-10-19,0.604,20.0073285,73.7762427,check_required
5592,Gangapur Road,12235630,co,ppb,2025-10-20,0.428,20.0073285,73.7762427,check_required
5592,Gangapur Road,12235630,co,ppb,2025-10-21,0.486,20.0073285,73.7762427,check_required
5592,Gangapur Road,12235630,co,ppb,2025-10-22,0.523,20.0073285,73.7762427,check_required
5592,Gangapur Road,12235630,co,ppb,2025-10-23,0.518,20.0073285,73.7762427,check_required
5592,Gangapur Road,12235630,co,ppb,2025-10-24,0.38,20.0073285,73.7762427,check_required
5592,Gangapur Road,12235630,co,ppb,2025-10-25,0.251,20.0073285,73.7762427,check_required
5592,Gangapur Road,12235630,co,ppb,2025-10-26,0.288,20.0073285,73.7762427,check_required
5592,Gangapur Road,12235630,co,ppb,2025-10-27,0.288,20.0073285,73.7762427,check_required
5592,Gangapur Road,12235630,co,ppb,2025-10-28,0.289,20.0073285,73.7762427,check_required
5592,Gangapur Road,12235630,co,ppb,2025-10-29,0.355,20.0073285,73.7762427,check_required
5592,Gangapur Road,12235630,co,ppb,2025-10-30,0.336,20.0073285,73.7762427,check_required
5592,Gangapur Road,12235630,co,ppb,2025-10-31,0.266,20.0073285,73.7762427,check_required
5592,Gangapur Road,12235630,co,ppb,2025-11-01,0.247,20.0073285,73.7762427,check_required
5592,Gangapur Road,12235630,co,ppb,2025-11-02,0.248,20.0073285,73.7762427,check_required
5592,Gangapur Road,12235630,co,ppb,2025-11-03,0.326,20.0073285,73.7762427,check_required
5592,Gangapur Road,12235630,co,ppb,2025-11-04,0.349,20.0073285,73.7762427,check_required
5592,Gangapur Road,12235630,co,ppb,2025-11-05,0.265,20.0073285,73.7762427,check_required
5592,Gangapur Road,12235630,co,ppb,2025-11-06,0.294,20.0073285,73.7762427,check_required
5592,Gangapur Road,12235630,co,ppb,2025-11-07,0.305,20.0073285,73.7762427,check_required
5592,Gangapur Road,12235630,co,ppb,2025-11-08,0.307,20.0073285,73.7762427,check_required
5592,Gangapur Road,12235630,co,ppb,2025-11-11,0.485,20.0073285,73.7762427,check_required
5592,Gangapur Road,12235630,co,ppb,2025-11-12,0.548,20.0073285,73.7762427,check_required
5592,Gangapur Road,12235630,co,ppb,2025-11-13,0.621,20.0073285,73.7762427,check_required
5592,Gangapur Road,12235630,co,ppb,2025-11-14,0.643,20.0073285,73.7762427,check_required
5592,Gangapur Road,12235630,co,ppb,2025-11-15,0.642,20.0073285,73.7762427,check_required
5592,Gangapur Road,12235630,co,ppb,2025-11-16,0.648,20.0073285,73.7762427,check_required
5592,Gangapur Road,12235630,co,ppb,2025-11-17,0.645,20.0073285,73.7762427,check_required
5592,Gangapur Road,12235630,co,ppb,2025-11-18,0.652,20.0073285,73.7762427,check_required
5592,Gangapur Road,12235630,co,ppb,2025-11-19,0.652,20.0073285,73.7762427,check_required
5592,Gangapur Road,12235630,co,ppb,2025-11-20,0.651,20.0073285,73.7762427,check_required
5592,Gangapur Road,12235630,co,ppb,2025-11-21,0.636,20.0073285,73.7762427,check_required
5592,Gangapur Road,12235630,co,ppb,2025-11-22,0.65,20.0073285,73.7762427,check_required
5592,Gangapur Road,12235630,co,ppb,2025-11-23,0.652,20.0073285,73.7762427,check_required
5592,Gangapur Road,12235630,co,ppb,2025-11-24,0.646,20.0073285,73.7762427,check_required
5592,Gangapur Road,12235630,co,ppb,2025-11-25,0.585,20.0073285,73.7762427,check_required
5592,Gangapur Road,12235630,co,ppb,2025-11-26,0.549,20.0073285,73.7762427,check_required
5592,Gangapur Road,12235630,co,ppb,2025-11-27,0.478,20.0073285,73.7762427,check_required
5592,Gangapur Road,12235630,co,ppb,2025-11-28,0.48,20.0073285,73.7762427,check_required
5592,Gangapur Road,12235630,co,ppb,2025-11-29,0.483,20.0073285,73.7762427,check_required
5592,Gangapur Road,12235630,co,ppb,2025-11-30,0.484,20.0073285,73.7762427,check_required
5592,Gangapur Road,12235630,co,ppb,2025-12-01,0.481,20.0073285,73.7762427,check_required
5592,Gangapur Road,12235630,co,ppb,2025-12-02,0.488,20.0073285,73.7762427,check_required
5592,Gangapur Road,12235630,co,ppb,2025-12-03,0.624,20.0073285,73.7762427,check_required
5592,Gangapur Road,12235630,co,ppb,2025-12-04,0.59,20.0073285,73.7762427,check_required
5592,Gangapur Road,12235630,co,ppb,2025-12-05,0.657,20.0073285,73.7762427,check_required
5592,Gangapur Road,12235630,co,ppb,2025-12-06,0.431,20.0073285,73.7762427,check_required
5592,Gangapur Road,12235630,co,ppb,2025-12-07,0.493,20.0073285,73.7762427,check_required
5592,Gangapur Road,12235630,co,ppb,2025-12-08,0.602,20.0073285,73.7762427,check_required
5592,Gangapur Road,12235630,co,ppb,2025-12-09,0.512,20.0073285,73.7762427,check_required
5592,Gangapur Road,12235630,co,ppb,2025-12-10,0.564,20.0073285,73.7762427,check_required
5592,Gangapur Road,12235630,co,ppb,2025-12-11,0.54,20.0073285,73.7762427,check_required
5592,Gangapur Road,12235630,co,ppb,2025-12-12,0.524,20.0073285,73.7762427,check_required
5592,Gangapur Road,12235630,co,ppb,2025-12-13,0.616,20.0073285,73.7762427,check_required
5592,Gangapur Road,12235630,co,ppb,2025-12-14,0.799,20.0073285,73.7762427,check_required
5592,Gangapur Road,12235630,co,ppb,2025-12-15,0.648,20.0073285,73.7762427,check_required
5592,Gangapur Road,12235630,co,ppb,2025-12-16,0.57,20.0073285,73.7762427,check_required
5592,Gangapur Road,12235630,co,ppb,2025-12-17,0.506,20.0073285,73.7762427,check_required
5592,Gangapur Road,12235630,co,ppb,2025-12-18,0.563,20.0073285,73.7762427,check_required
5592,Gangapur Road,12235630,co,ppb,2025-12-19,0.759,20.0073285,73.7762427,check_required
5592,Gangapur Road,12235630,co,ppb,2025-12-20,0.623,20.0073285,73.7762427,check_required
5592,Gangapur Road,12235630,co,ppb,2025-12-21,0.691,20.0073285,73.7762427,check_required
5592,Gangapur Road,12235630,co,ppb,2025-12-22,0.674,20.0073285,73.7762427,check_required
5592,Gangapur Road,12235630,co,ppb,2025-12-23,0.644,20.0073285,73.7762427,check_required
5592,Gangapur Road,12235630,co,ppb,2025-12-24,0.561,20.0073285,73.7762427,check_required
5592,Gangapur Road,12235630,co,ppb,2025-12-25,0.614,20.0073285,73.7762427,check_required
5592,Gangapur Road,12235630,co,ppb,2025-12-26,0.579,20.0073285,73.7762427,check_required
5592,Gangapur Road,12235630,co,ppb,2025-12-27,0.473,20.0073285,73.7762427,check_required
5592,Gangapur Road,12235630,co,ppb,2025-12-28,0.572,20.0073285,73.7762427,check_required
5592,Gangapur Road,12235630,co,ppb,2025-12-29,0.52,20.0073285,73.7762427,check_required
5592,Gangapur Road,12235630,co,ppb,2025-12-30,0.567,20.0073285,73.7762427,check_required
5592,Gangapur Road,12235630,co,ppb,2025-12-31,0.497,20.0073285,73.7762427,check_required
3409454,Hirawadi,12238134,co,ppb,2025-02-19,0.428,20.021503,73.813844,check_required
3409454,Hirawadi,12238134,co,ppb,2025-02-20,0.504,20.021503,73.813844,check_required
3409454,Hirawadi,12238134,co,ppb,2025-02-21,0.464,20.021503,73.813844,check_required
3409454,Hirawadi,12238134,co,ppb,2025-02-22,0.47,20.021503,73.813844,check_required
3409454,Hirawadi,12238134,co,ppb,2025-02-23,0.399,20.021503,73.813844,check_required
3409454,Hirawadi,12238134,co,ppb,2025-02-24,0.552,20.021503,73.813844,check_required
3409454,Hirawadi,12238134,co,ppb,2025-02-25,0.576,20.021503,73.813844,check_required
3409454,Hirawadi,12238134,co,ppb,2025-02-26,0.498,20.021503,73.813844,check_required
3409454,Hirawadi,12238134,co,ppb,2025-02-27,0.474,20.021503,73.813844,check_required
3409454,Hirawadi,12238134,co,ppb,2025-02-28,0.631,20.021503,73.813844,check_required
3409454,Hirawadi,12238134,co,ppb,2025-03-01,0.894,20.021503,73.813844,check_required
3409454,Hirawadi,12238134,co,ppb,2025-03-02,0.361,20.021503,73.813844,check_required
3409454,Hirawadi,12238134,co,ppb,2025-03-03,0.35,20.021503,73.813844,check_required
3409454,Hirawadi,12238134,co,ppb,2025-03-04,0.366,20.021503,73.813844,check_required
3409454,Hirawadi,12238134,co,ppb,2025-03-05,0.508,20.021503,73.813844,check_required
3409454,Hirawadi,12238134,co,ppb,2025-03-06,0.488,20.021503,73.813844,check_required
3409454,Hirawadi,12238134,co,ppb,2025-03-07,0.612,20.021503,73.813844,check_required
3409454,Hirawadi,12238134,co,ppb,2025-03-08,0.618,20.021503,73.813844,check_required
3409454,Hirawadi,12238134,co,ppb,2025-03-09,0.725,20.021503,73.813844,check_required
3409454,Hirawadi,12238134,co,ppb,2025-03-10,0.72,20.021503,73.813844,check_required
3409454,Hirawadi,12238134,co,ppb,2025-03-11,0.7,20.021503,73.813844,check_required
3409454,Hirawadi,12238134,co,ppb,2025-03-12,0.699,20.021503,73.813844,check_required
3409454,Hirawadi,12238134,co,ppb,2025-03-13,0.972,20.021503,73.813844,check_required
3409454,Hirawadi,12238134,co,ppb,2025-03-14,0.514,20.021503,73.813844,check_required
3409454,Hirawadi,12238134,co,ppb,2025-03-15,0.37,20.021503,73.813844,check_required
3409454,Hirawadi,12238134,co,ppb,2025-03-16,0.343,20.021503,73.813844,check_required
3409454,Hirawadi,12238134,co,ppb,2025-03-17,0.437,20.021503,73.813844,check_required
3409454,Hirawadi,12238134,co,ppb,2025-03-18,0.574,20.021503,73.813844,check_required
3409454,Hirawadi,12238134,co,ppb,2025-03-19,0.447,20.021503,73.813844,check_required
3409454,Hirawadi,12238134,co,ppb,2025-03-20,0.402,20.021503,73.813844,check_required
3409454,Hirawadi,12238134,co,ppb,2025-03-21,0.304,20.021503,73.813844,check_required
3409454,Hirawadi,12238134,co,ppb,2025-03-22,0.409,20.021503,73.813844,check_required
3409454,Hirawadi,12238134,co,ppb,2025-03-23,0.517,20.021503,73.813844,check_required
3409454,Hirawadi,12238134,co,ppb,2025-03-24,0.494,20.021503,73.813844,check_required
3409454,Hirawadi,12238134,co,ppb,2025-03-25,0.497,20.021503,73.813844,check_required
3409454,Hirawadi,12238134,co,ppb,2025-03-26,0.452,20.021503,73.813844,check_required
3409454,Hirawadi,12238134,co,ppb,2025-03-27,0.234,20.021503,73.813844,check_required
3409454,Hirawadi,12238134,co,ppb,2025-03-28,0.585,20.021503,73.813844,check_required
3409454,Hirawadi,12238134,co,ppb,2025-03-29,0.479,20.021503,73.813844,check_required
3409454,Hirawadi,12238134,co,ppb,2025-03-30,0.536,20.021503,73.813844,check_required
3409454,Hirawadi,12238134,co,ppb,2025-03-31,0.598,20.021503,73.813844,check_required
3409454,Hirawadi,12238134,co,ppb,2025-04-01,0.838,20.021503,73.813844,check_required
3409454,Hirawadi,12238134,co,ppb,2025-04-02,0.698,20.021503,73.813844,check_required
3409454,Hirawadi,12238134,co,ppb,2025-04-03,0.654,20.021503,73.813844,check_required
3409454,Hirawadi,12238134,co,ppb,2025-04-04,0.537,20.021503,73.813844,check_required
3409454,Hirawadi,12238134,co,ppb,2025-04-05,0.582,20.021503,73.813844,check_required
3409454,Hirawadi,12238134,co,ppb,2025-04-06,0.462,20.021503,73.813844,check_required
3409454,Hirawadi,12238134,co,ppb,2025-04-07,0.489,20.021503,73.813844,check_required
3409454,Hirawadi,12238134,co,ppb,2025-04-08,0.462,20.021503,73.813844,check_required
3409454,Hirawadi,12238134,co,ppb,2025-04-09,0.467,20.021503,73.813844,check_required
3409454,Hirawadi,12238134,co,ppb,2025-04-11,0.438,20.021503,73.813844,check_required
3409454,Hirawadi,12238134,co,ppb,2025-04-12,0.381,20.021503,73.813844,check_required
3409454,Hirawadi,12238134,co,ppb,2025-04-18,0.452,20.021503,73.813844,check_required
3409454,Hirawadi,12238134,co,ppb,2025-04-19,0.279,20.021503,73.813844,check_required
3409454,Hirawadi,12238134,co,ppb,2025-04-20,0.239,20.021503,73.813844,check_required
3409454,Hirawadi,12238134,co,ppb,2025-04-21,0.282,20.021503,73.813844,check_required
3409454,Hirawadi,12238134,co,ppb,2025-04-22,0.345,20.021503,73.813844,check_required
3409454,Hirawadi,12238134,co,ppb,2025-04-23,0.333,20.021503,73.813844,check_required
3409454,Hirawadi,12238134,co,ppb,2025-04-24,0.367,20.021503,73.813844,check_required
3409454,Hirawadi,12238134,co,ppb,2025-04-25,0.467,20.021503,73.813844,check_required
3409454,Hirawadi,12238134,co,ppb,2025-04-26,0.321,20.021503,73.813844,check_required
3409454,Hirawadi,12238134,co,ppb,2025-04-27,0.277,20.021503,73.813844,check_required
3409454,Hirawadi,12238134,co,ppb,2025-04-28,0.489,20.021503,73.813844,check_required
3409454,Hirawadi,12238134,co,ppb,2025-04-29,0.373,20.021503,73.813844,check_required
3409454,Hirawadi,12238134,co,ppb,2025-04-30,0.328,20.021503,73.813844,check_required
3409454,Hirawadi,12238134,co,ppb,2025-05-01,0.332,20.021503,73.813844,check_required
3409454,Hirawadi,12238134,co,ppb,2025-05-02,0.333,20.021503,73.813844,check_required
3409454,Hirawadi,12238134,co,ppb,2025-05-03,0.253,20.021503,73.813844,check_required
3409454,Hirawadi,12238134,co,ppb,2025-05-04,0.324,20.021503,73.813844,check_required
3409454,Hirawadi,12238134,co,ppb,2025-05-05,0.313,20.021503,73.813844,check_required
3409454,Hirawadi,12238134,co,ppb,2025-05-06,0.317,20.021503,73.813844,check_required
3409454,Hirawadi,12238134,co,ppb,2025-05-07,0.403,20.021503,73.813844,check_required
3409454,Hirawadi,12238134,co,ppb,2025-05-08,0.31,20.021503,73.813844,check_required
3409454,Hirawadi,12238134,co,ppb,2025-05-09,0.28,20.021503,73.813844,check_required
3409454,Hirawadi,12238134,co,ppb,2025-05-10,0.267,20.021503,73.813844,check_required
3409454,Hirawadi,12238134,co,ppb,2025-05-11,0.313,20.021503,73.813844,check_required
3409454,Hirawadi,12238134,co,ppb,2025-05-12,0.411,20.021503,73.813844,check_required
3409454,Hirawadi,12238134,co,ppb,2025-05-13,0.485,20.021503,73.813844,check_required
3409454,Hirawadi,12238134,co,ppb,2025-05-14,0.405,20.021503,73.813844,check_required
3409454,Hirawadi,12238134,co,ppb,2025-05-15,0.445,20.021503,73.813844,check_required
3409454,Hirawadi,12238134,co,ppb,2025-05-16,0.453,20.021503,73.813844,check_required
3409454,Hirawadi,12238134,co,ppb,2025-05-17,0.375,20.021503,73.813844,check_required
3409454,Hirawadi,12238134,co,ppb,2025-05-18,0.358,20.021503,73.813844,check_required
3409454,Hirawadi,12238134,co,ppb,2025-05-19,0.491,20.021503,73.813844,check_required
3409454,Hirawadi,12238134,co,ppb,2025-05-20,0.473,20.021503,73.813844,check_required
3409454,Hirawadi,12238134,co,ppb,2025-05-21,0.566,20.021503,73.813844,check_required
3409454,Hirawadi,12238134,co,ppb,2025-05-22,0.548,20.021503,73.813844,check_required
3409454,Hirawadi,12238134,co,ppb,2025-05-23,0.593,20.021503,73.813844,check_required
3409454,Hirawadi,12238134,co,ppb,2025-05-24,0.542,20.021503,73.813844,check_required
3409454,Hirawadi,12238134,co,ppb,2025-05-25,0.516,20.021503,73.813844,check_required
3409454,Hirawadi,12238134,co,ppb,2025-05-26,0.566,20.021503,73.813844,check_required
3409454,Hirawadi,12238134,co,ppb,2025-05-27,0.555,20.021503,73.813844,check_required
3409454,Hirawadi,12238134,co,ppb,2025-05-28,0.542,20.021503,73.813844,check_required
3409454,Hirawadi,12238134,co,ppb,2025-05-29,0.516,20.021503,73.813844,check_required
3409454,Hirawadi,12238134,co,ppb,2025-05-30,0.51,20.021503,73.813844,check_required
3409454,Hirawadi,12238134,co,ppb,2025-05-31,0.521,20.021503,73.813844,check_required
3409454,Hirawadi,12238134,co,ppb,2025-06-01,0.554,20.021503,73.813844,check_required
3409454,Hirawadi,12238134,co,ppb,2025-06-02,0.554,20.021503,73.813844,check_required
3409454,Hirawadi,12238134,co,ppb,2025-06-03,0.533,20.021503,73.813844,check_required
3409454,Hirawadi,12238134,co,ppb,2025-06-04,0.587,20.021503,73.813844,check_required
3409454,Hirawadi,12238134,co,ppb,2025-06-05,0.664,20.021503,73.813844,check_required
3409454,Hirawadi,12238134,co,ppb,2025-06-06,0.885,20.021503,73.813844,check_required
3409454,Hirawadi,12238134,co,ppb,2025-06-07,0.216,20.021503,73.813844,check_required
3409454,Hirawadi,12238134,co,ppb,2025-06-08,0.207,20.021503,73.813844,check_required
3409454,Hirawadi,12238134,co,ppb,2025-06-09,0.197,20.021503,73.813844,check_required
3409454,Hirawadi,12238134,co,ppb,2025-06-10,0.191,20.021503,73.813844,check_required
3409454,Hirawadi,12238134,co,ppb,2025-06-11,0.266,20.021503,73.813844,check_required
3409454,Hirawadi,12238134,co,ppb,2025-06-12,0.299,20.021503,73.813844,check_required
3409454,Hirawadi,12238134,co,ppb,2025-06-13,0.344,20.021503,73.813844,check_required
3409454,Hirawadi,12238134,co,ppb,2025-06-14,0.404,20.021503,73.813844,check_required
3409454,Hirawadi,12238134,co,ppb,2025-06-15,0.437,20.021503,73.813844,check_required
3409454,Hirawadi,12238134,co,ppb,2025-06-16,0.489,20.021503,73.813844,check_required
3409454,Hirawadi,12238134,co,ppb,2025-06-17,0.353,20.021503,73.813844,check_required
3409454,Hirawadi,12238134,co,ppb,2025-06-18,0.443,20.021503,73.813844,check_required
3409454,Hirawadi,12238134,co,ppb,2025-06-19,0.305,20.021503,73.813844,check_required
3409454,Hirawadi,12238134,co,ppb,2025-06-20,0.367,20.021503,73.813844,check_required
3409454,Hirawadi,12238134,co,ppb,2025-06-21,0.387,20.021503,73.813844,check_required
3409454,Hirawadi,12238134,co,ppb,2025-06-22,0.399,20.021503,73.813844,check_required
3409454,Hirawadi,12238134,co,ppb,2025-06-23,0.447,20.021503,73.813844,check_required
3409454,Hirawadi,12238134,co,ppb,2025-06-24,0.434,20.021503,73.813844,check_required
3409454,Hirawadi,12238134,co,ppb,2025-06-25,0.488,20.021503,73.813844,check_required
3409454,Hirawadi,12238134,co,ppb,2025-06-26,0.583,20.021503,73.813844,check_required
3409454,Hirawadi,12238134,co,ppb,2025-06-27,0.582,20.021503,73.813844,check_required
3409454,Hirawadi,12238134,co,ppb,2025-06-28,0.533,20.021503,73.813844,check_required
3409454,Hirawadi,12238134,co,ppb,2025-06-29,0.496,20.021503,73.813844,check_required
3409454,Hirawadi,12238134,co,ppb,2025-06-30,0.508,20.021503,73.813844,check_required
3409454,Hirawadi,12238134,co,ppb,2025-07-01,0.542,20.021503,73.813844,check_required
3409454,Hirawadi,12238134,co,ppb,2025-07-02,0.557,20.021503,73.813844,check_required
3409454,Hirawadi,12238134,co,ppb,2025-07-03,0.592,20.021503,73.813844,check_required
3409454,Hirawadi,12238134,co,ppb,2025-07-04,0.576,20.021503,73.813844,check_required
3409454,Hirawadi,12238134,co,ppb,2025-07-05,0.63,20.021503,73.813844,check_required
3409454,Hirawadi,12238134,co,ppb,2025-07-06,0.634,20.021503,73.813844,check_required
3409454,Hirawadi,12238134,co,ppb,2025-07-07,0.554,20.021503,73.813844,check_required
3409454,Hirawadi,12238134,co,ppb,2025-07-08,0.386,20.021503,73.813844,check_required
3409454,Hirawadi,12238134,co,ppb,2025-07-09,0.309,20.021503,73.813844,check_required
3409454,Hirawadi,12238134,co,ppb,2025-07-10,0.298,20.021503,73.813844,check_required
3409454,Hirawadi,12238134,co,ppb,2025-07-11,0.268,20.021503,73.813844,check_required
3409454,Hirawadi,12238134,co,ppb,2025-07-12,0.264,20.021503,73.813844,check_required
3409454,Hirawadi,12238134,co,ppb,2025-07-13,0.285,20.021503,73.813844,check_required
3409454,Hirawadi,12238134,co,ppb,2025-07-14,0.372,20.021503,73.813844,check_required
3409454,Hirawadi,12238134,co,ppb,2025-07-15,0.31,20.021503,73.813844,check_required
3409454,Hirawadi,12238134,co,ppb,2025-07-16,0.294,20.021503,73.813844,check_required
3409454,Hirawadi,12238134,co,ppb,2025-07-17,0.322,20.021503,73.813844,check_required
3409454,Hirawadi,12238134,co,ppb,2025-07-18,0.334,20.021503,73.813844,check_required
3409454,Hirawadi,12238134,co,ppb,2025-07-19,0.371,20.021503,73.813844,check_required
3409454,Hirawadi,12238134,co,ppb,2025-07-20,0.395,20.021503,73.813844,check_required
3409454,Hirawadi,12238134,co,ppb,2025-07-21,0.411,20.021503,73.813844,check_required
3409454,Hirawadi,12238134,co,ppb,2025-07-22,0.382,20.021503,73.813844,check_required
3409454,Hirawadi,12238134,co,ppb,2025-07-23,0.415,20.021503,73.813844,check_required
3409454,Hirawadi,12238134,co,ppb,2025-07-24,0.465,20.021503,73.813844,check_required
3409454,Hirawadi,12238134,co,ppb,2025-07-25,0.499,20.021503,73.813844,check_required
3409454,Hirawadi,12238134,co,ppb,2025-07-26,0.453,20.021503,73.813844,check_required
3409454,Hirawadi,12238134,co,ppb,2025-07-27,0.451,20.021503,73.813844,check_required
3409454,Hirawadi,12238134,co,ppb,2025-07-28,0.481,20.021503,73.813844,check_required
3409454,Hirawadi,12238134,co,ppb,2025-07-29,0.484,20.021503,73.813844,check_required
3409454,Hirawadi,12238134,co,ppb,2025-07-30,0.542,20.021503,73.813844,check_required
3409454,Hirawadi,12238134,co,ppb,2025-07-31,0.564,20.021503,73.813844,check_required
3409454,Hirawadi,12238134,co,ppb,2025-08-01,0.568,20.021503,73.813844,check_required
3409454,Hirawadi,12238134,co,ppb,2025-08-02,0.571,20.021503,73.813844,check_required
3409454,Hirawadi,12238134,co,ppb,2025-08-03,0.581,20.021503,73.813844,check_required
3409454,Hirawadi,12238134,co,ppb,2025-08-04,0.591,20.021503,73.813844,check_required
3409454,Hirawadi,12238134,co,ppb,2025-08-05,0.622,20.021503,73.813844,check_required
3409454,Hirawadi,12238134,co,ppb,2025-08-06,0.645,20.021503,73.813844,check_required
3409454,Hirawadi,12238134,co,ppb,2025-08-07,0.563,20.021503,73.813844,check_required
3409454,Hirawadi,12238134,co,ppb,2025-08-08,0.25,20.021503,73.813844,check_required
3409454,Hirawadi,12238134,co,ppb,2025-08-09,0.248,20.021503,73.813844,check_required
3409454,Hirawadi,12238134,co,ppb,2025-08-10,0.175,20.021503,73.813844,check_required
3409454,Hirawadi,12238134,co,ppb,2025-08-11,0.186,20.021503,73.813844,check_required
3409454,Hirawadi,12238134,co,ppb,2025-08-12,0.196,20.021503,73.813844,check_required
3409454,Hirawadi,12238134,co,ppb,2025-08-13,0.216,20.021503,73.813844,check_required
3409454,Hirawadi,12238134,co,ppb,2025-08-14,0.265,20.021503,73.813844,check_required
3409454,Hirawadi,12238134,co,ppb,2025-08-15,0.274,20.021503,73.813844,check_required
3409454,Hirawadi,12238134,co,ppb,2025-08-16,0.161,20.021503,73.813844,check_required
3409454,Hirawadi,12238134,co,ppb,2025-08-17,0.176,20.021503,73.813844,check_required
3409454,Hirawadi,12238134,co,ppb,2025-08-18,0.323,20.021503,73.813844,check_required
3409454,Hirawadi,12238134,co,ppb,2025-08-19,0.236,20.021503,73.813844,check_required
3409454,Hirawadi,12238134,co,ppb,2025-08-20,0.305,20.021503,73.813844,check_required
3409454,Hirawadi,12238134,co,ppb,2025-08-21,0.288,20.021503,73.813844,check_required
3409454,Hirawadi,12238134,co,ppb,2025-08-22,0.2,20.021503,73.813844,check_required
3409454,Hirawadi,12238134,co,ppb,2025-08-23,0.177,20.021503,73.813844,check_required
3409454,Hirawadi,12238134,co,ppb,2025-08-24,0.192,20.021503,73.813844,check_required
3409454,Hirawadi,12238134,co,ppb,2025-08-25,0.205,20.021503,73.813844,check_required
3409454,Hirawadi,12238134,co,ppb,2025-08-26,0.159,20.021503,73.813844,check_required
3409454,Hirawadi,12238134,co,ppb,2025-08-27,0.101,20.021503,73.813844,check_required
3409454,Hirawadi,12238134,co,ppb,2025-08-28,0.184,20.021503,73.813844,check_required
3409454,Hirawadi,12238134,co,ppb,2025-08-29,0.215,20.021503,73.813844,check_required
3409454,Hirawadi,12238134,co,ppb,2025-08-30,0.265,20.021503,73.813844,check_required
3409454,Hirawadi,12238134,co,ppb,2025-08-31,0.216,20.021503,73.813844,check_required
3409454,Hirawadi,12238134,co,ppb,2025-09-02,0.148,20.021503,73.813844,check_required
3409454,Hirawadi,12238134,co,ppb,2025-09-04,0.183,20.021503,73.813844,check_required
3409454,Hirawadi,12238134,co,ppb,2025-09-11,0.19,20.021503,73.813844,check_required
3409454,Hirawadi,12238134,co,ppb,2025-09-15,0.34,20.021503,73.813844,check_required
3409454,Hirawadi,12238134,co,ppb,2025-09-17,0.27,20.021503,73.813844,check_required
3409454,Hirawadi,12238134,co,ppb,2025-09-18,0.365,20.021503,73.813844,check_required
3409454,Hirawadi,12238134,co,ppb,2025-09-19,0.35,20.021503,73.813844,check_required
3409454,Hirawadi,12238134,co,ppb,2025-09-21,0.39,20.021503,73.813844,check_required
3409454,Hirawadi,12238134,co,ppb,2025-09-22,0.42,20.021503,73.813844,check_required
3409454,Hirawadi,12238134,co,ppb,2025-09-23,0.39,20.021503,73.813844,check_required
3409454,Hirawadi,12238134,co,ppb,2025-09-24,0.455,20.021503,73.813844,check_required
3409454,Hirawadi,12238134,co,ppb,2025-09-25,0.61,20.021503,73.813844,check_required
3409454,Hirawadi,12238134,co,ppb,2025-09-26,0.522,20.021503,73.813844,check_required
3409454,Hirawadi,12238134,co,ppb,2025-09-27,0.543,20.021503,73.813844,check_required
3409454,Hirawadi,12238134,co,ppb,2025-09-28,0.683,20.021503,73.813844,check_required
3409454,Hirawadi,12238134,co,ppb,2025-09-29,0.731,20.021503,73.813844,check_required
3409454,Hirawadi,12238134,co,ppb,2025-09-30,0.56,20.021503,73.813844,check_required
3409454,Hirawadi,12238134,co,ppb,2025-10-01,0.753,20.021503,73.813844,check_required
3409454,Hirawadi,12238134,co,ppb,2025-10-02,0.614,20.021503,73.813844,check_required
3409454,Hirawadi,12238134,co,ppb,2025-10-03,0.785,20.021503,73.813844,check_required
3409454,Hirawadi,12238134,co,ppb,2025-10-04,0.61,20.021503,73.813844,check_required
3409454,Hirawadi,12238134,co,ppb,2025-10-05,0.59,20.021503,73.813844,check_required
3409454,Hirawadi,12238134,co,ppb,2025-10-06,0.72,20.021503,73.813844,check_required
3409454,Hirawadi,12238134,co,ppb,2025-10-08,0.76,20.021503,73.813844,check_required
3409454,Hirawadi,12238134,co,ppb,2025-10-09,0.845,20.021503,73.813844,check_required
3409454,Hirawadi,12238134,co,ppb,2025-10-10,0.827,20.021503,73.813844,check_required
3409454,Hirawadi,12238134,co,ppb,2025-10-11,0.84,20.021503,73.813844,check_required
3409454,Hirawadi,12238134,co,ppb,2025-10-12,0.89,20.021503,73.813844,check_required
3409454,Hirawadi,12238134,co,ppb,2025-10-13,1.65,20.021503,73.813844,check_required
3409454,Hirawadi,12238134,co,ppb,2025-10-14,1.01,20.021503,73.813844,check_required
3409454,Hirawadi,12238134,co,ppb,2025-10-15,1.03,20.021503,73.813844,check_required
3409454,Hirawadi,12238134,co,ppb,2025-10-16,0.983,20.021503,73.813844,check_required
3409454,Hirawadi,12238134,co,ppb,2025-10-17,1.12,20.021503,73.813844,check_required
3409454,Hirawadi,12238134,co,ppb,2025-10-18,0.993,20.021503,73.813844,check_required
3409454,Hirawadi,12238134,co,ppb,2025-10-19,1.16,20.021503,73.813844,check_required
3409454,Hirawadi,12238134,co,ppb,2025-10-20,1.28,20.021503,73.813844,check_required
3409454,Hirawadi,12238134,co,ppb,2025-10-21,1.17,20.021503,73.813844,check_required
3409454,Hirawadi,12238134,co,ppb,2025-10-22,0.988,20.021503,73.813844,check_required
3409454,Hirawadi,12238134,co,ppb,2025-10-23,1.0,20.021503,73.813844,check_required
3409454,Hirawadi,12238134,co,ppb,2025-10-24,1.03,20.021503,73.813844,check_required
3409454,Hirawadi,12238134,co,ppb,2025-10-25,0.98,20.021503,73.813844,check_required
3409454,Hirawadi,12238134,co,ppb,2025-10-27,1.09,20.021503,73.813844,check_required
3409454,Hirawadi,12238134,co,ppb,2025-10-28,0.638,20.021503,73.813844,check_required
3409454,Hirawadi,12238134,co,ppb,2025-10-29,0.33,20.021503,73.813844,check_required
3409454,Hirawadi,12238134,co,ppb,2025-10-30,0.351,20.021503,73.813844,check_required
3409454,Hirawadi,12238134,co,ppb,2025-10-31,0.405,20.021503,73.813844,check_required
3409454,Hirawadi,12238134,co,ppb,2025-11-01,0.35,20.021503,73.813844,check_required
3409454,Hirawadi,12238134,co,ppb,2025-11-02,0.313,20.021503,73.813844,check_required
3409454,Hirawadi,12238134,co,ppb,2025-11-03,0.3,20.021503,73.813844,check_required
3409454,Hirawadi,12238134,co,ppb,2025-11-04,0.248,20.021503,73.813844,check_required
3409454,Hirawadi,12238134,co,ppb,2025-11-05,0.363,20.021503,73.813844,check_required
3409454,Hirawadi,12238134,co,ppb,2025-11-06,0.485,20.021503,73.813844,check_required
3409454,Hirawadi,12238134,co,ppb,2025-11-07,0.443,20.021503,73.813844,check_required
3409454,Hirawadi,12238134,co,ppb,2025-11-08,0.486,20.021503,73.813844,check_required
3409454,Hirawadi,12238134,co,ppb,2025-11-09,0.465,20.021503,73.813844,check_required
3409454,Hirawadi,12238134,co,ppb,2025-11-10,0.88,20.021503,73.813844,check_required
3409454,Hirawadi,12238134,co,ppb,2025-11-11,1.02,20.021503,73.813844,check_required
3409454,Hirawadi,12238134,co,ppb,2025-11-12,0.935,20.021503,73.813844,check_required
3409454,Hirawadi,12238134,co,ppb,2025-11-13,0.677,20.021503,73.813844,check_required
3409454,Hirawadi,12238134,co,ppb,2025-11-14,0.76,20.021503,73.813844,check_required
3409454,Hirawadi,12238134,co,ppb,2025-11-15,0.818,20.021503,73.813844,check_required
3409454,Hirawadi,12238134,co,ppb,2025-11-16,0.99,20.021503,73.813844,check_required
3409454,Hirawadi,12238134,co,ppb,2025-11-17,0.873,20.021503,73.813844,check_required
3409454,Hirawadi,12238134,co,ppb,2025-11-19,1.25,20.021503,73.813844,check_required
3409454,Hirawadi,12238134,co,ppb,2025-11-20,0.974,20.021503,73.813844,check_required
3409454,Hirawadi,12238134,co,ppb,2025-11-21,1.28,20.021503,73.813844,check_required
3409454,Hirawadi,12238134,co,ppb,2025-11-22,1.53,20.021503,73.813844,check_required
3409454,Hirawadi,12238134,co,ppb,2025-11-23,0.947,20.021503,73.813844,check_required
3409454,Hirawadi,12238134,co,ppb,2025-11-24,1.24,20.021503,73.813844,check_required
3409454,Hirawadi,12238134,co,ppb,2025-11-25,0.763,20.021503,73.813844,check_required
3409454,Hirawadi,12238134,co,ppb,2025-11-26,0.908,20.021503,73.813844,check_required
3409454,Hirawadi,12238134,co,ppb,2025-11-28,1.13,20.021503,73.813844,check_required
3409454,Hirawadi,12238134,co,ppb,2025-11-29,0.893,20.021503,73.813844,check_required
3409454,Hirawadi,12238134,co,ppb,2025-11-30,1.02,20.021503,73.813844,check_required
3409454,Hirawadi,12238134,co,ppb,2025-12-01,0.875,20.021503,73.813844,check_required
3409454,Hirawadi,12238134,co,ppb,2025-12-02,0.915,20.021503,73.813844,check_required
3409454,Hirawadi,12238134,co,ppb,2025-12-03,1.01,20.021503,73.813844,check_required
3409454,Hirawadi,12238134,co,ppb,2025-12-04,1.22,20.021503,73.813844,check_required
3409454,Hirawadi,12238134,co,ppb,2025-12-05,1.19,20.021503,73.813844,check_required
3409454,Hirawadi,12238134,co,ppb,2025-12-06,1.21,20.021503,73.813844,check_required
3409454,Hirawadi,12238134,co,ppb,2025-12-07,1.04,20.021503,73.813844,check_required
3409454,Hirawadi,12238134,co,ppb,2025-12-08,1.19,20.021503,73.813844,check_required
3409454,Hirawadi,12238134,co,ppb,2025-12-09,0.678,20.021503,73.813844,check_required
3409454,Hirawadi,12238134,co,ppb,2025-12-10,0.393,20.021503,73.813844,check_required
3409454,Hirawadi,12238134,co,ppb,2025-12-11,0.612,20.021503,73.813844,check_required
3409454,Hirawadi,12238134,co,ppb,2025-12-12,0.6,20.021503,73.813844,check_required
3409454,Hirawadi,12238134,co,ppb,2025-12-13,0.903,20.021503,73.813844,check_required
3409454,Hirawadi,12238134,co,ppb,2025-12-14,0.98,20.021503,73.813844,check_required
3409454,Hirawadi,12238134,co,ppb,2025-12-17,1.08,20.021503,73.813844,check_required
3409454,Hirawadi,12238134,co,ppb,2025-12-18,0.787,20.021503,73.813844,check_required
3409454,Hirawadi,12238134,co,ppb,2025-12-20,0.827,20.021503,73.813844,check_required
3409454,Hirawadi,12238134,co,ppb,2025-12-21,0.86,20.021503,73.813844,check_required
3409454,Hirawadi,12238134,co,ppb,2025-12-22,0.79,20.021503,73.813844,check_required
3409454,Hirawadi,12238134,co,ppb,2025-12-23,0.975,20.021503,73.813844,check_required
3409454,Hirawadi,12238134,co,ppb,2025-12-24,0.935,20.021503,73.813844,check_required
3409454,Hirawadi,12238134,co,ppb,2025-12-25,1.02,20.021503,73.813844,check_required
3409454,Hirawadi,12238134,co,ppb,2025-12-26,1.14,20.021503,73.813844,check_required
3409454,Hirawadi,12238134,co,ppb,2025-12-27,1.18,20.021503,73.813844,check_required
3409454,Hirawadi,12238134,co,ppb,2025-12-28,1.39,20.021503,73.813844,check_required
3409454,Hirawadi,12238134,co,ppb,2025-12-29,1.38,20.021503,73.813844,check_required
3409454,Hirawadi,12238134,co,ppb,2025-12-30,1.26,20.021503,73.813844,check_required
3409454,Hirawadi,12238134,co,ppb,2025-12-31,1.34,20.021503,73.813844,check_required
3409453,MIDC Ambad,12238125,co,ppb,2025-02-19,0.594,19.95022,73.73148,check_required
3409453,MIDC Ambad,12238125,co,ppb,2025-02-20,0.655,19.95022,73.73148,check_required
3409453,MIDC Ambad,12238125,co,ppb,2025-02-21,0.601,19.95022,73.73148,check_required
3409453,MIDC Ambad,12238125,co,ppb,2025-02-22,0.653,19.95022,73.73148,check_required
3409453,MIDC Ambad,12238125,co,ppb,2025-02-23,0.888,19.95022,73.73148,check_required
3409453,MIDC Ambad,12238125,co,ppb,2025-02-24,0.64,19.95022,73.73148,check_required
3409453,MIDC Ambad,12238125,co,ppb,2025-02-25,0.689,19.95022,73.73148,check_required
3409453,MIDC Ambad,12238125,co,ppb,2025-02-26,0.872,19.95022,73.73148,check_required
3409453,MIDC Ambad,12238125,co,ppb,2025-02-27,0.353,19.95022,73.73148,check_required
3409453,MIDC Ambad,12238125,co,ppb,2025-02-28,0.48,19.95022,73.73148,check_required
3409453,MIDC Ambad,12238125,co,ppb,2025-03-01,0.481,19.95022,73.73148,check_required
3409453,MIDC Ambad,12238125,co,ppb,2025-03-02,0.272,19.95022,73.73148,check_required
3409453,MIDC Ambad,12238125,co,ppb,2025-03-03,0.247,19.95022,73.73148,check_required
3409453,MIDC Ambad,12238125,co,ppb,2025-03-04,0.245,19.95022,73.73148,check_required
3409453,MIDC Ambad,12238125,co,ppb,2025-03-05,0.41,19.95022,73.73148,check_required
3409453,MIDC Ambad,12238125,co,ppb,2025-03-06,0.39,19.95022,73.73148,check_required
3409453,MIDC Ambad,12238125,co,ppb,2025-03-07,0.684,19.95022,73.73148,check_required
3409453,MIDC Ambad,12238125,co,ppb,2025-03-08,0.3,19.95022,73.73148,check_required
3409453,MIDC Ambad,12238125,co,ppb,2025-03-09,0.798,19.95022,73.73148,check_required
3409453,MIDC Ambad,12238125,co,ppb,2025-03-10,0.595,19.95022,73.73148,check_required
3409453,MIDC Ambad,12238125,co,ppb,2025-03-11,0.836,19.95022,73.73148,check_required
3409453,MIDC Ambad,12238125,co,ppb,2025-03-12,0.913,19.95022,73.73148,check_required
3409453,MIDC Ambad,12238125,co,ppb,2025-03-13,0.578,19.95022,73.73148,check_required
3409453,MIDC Ambad,12238125,co,ppb,2025-03-14,0.237,19.95022,73.73148,check_required
3409453,MIDC Ambad,12238125,co,ppb,2025-03-15,0.148,19.95022,73.73148,check_required
3409453,MIDC Ambad,12238125,co,ppb,2025-03-16,0.254,19.95022,73.73148,check_required
3409453,MIDC Ambad,12238125,co,ppb,2025-03-17,0.585,19.95022,73.73148,check_required
3409453,MIDC Ambad,12238125,co,ppb,2025-03-18,0.788,19.95022,73.73148,check_required
3409453,MIDC Ambad,12238125,co,ppb,2025-03-19,0.64,19.95022,73.73148,check_required
3409453,MIDC Ambad,12238125,co,ppb,2025-03-20,0.537,19.95022,73.73148,check_required
3409453,MIDC Ambad,12238125,co,ppb,2025-03-21,0.498,19.95022,73.73148,check_required
3409453,MIDC Ambad,12238125,co,ppb,2025-03-22,0.762,19.95022,73.73148,check_required
3409453,MIDC Ambad,12238125,co,ppb,2025-03-23,0.547,19.95022,73.73148,check_required
3409453,MIDC Ambad,12238125,co,ppb,2025-03-24,0.589,19.95022,73.73148,check_required
3409453,MIDC Ambad,12238125,co,ppb,2025-03-25,0.726,19.95022,73.73148,check_required
3409453,MIDC Ambad,12238125,co,ppb,2025-03-26,0.593,19.95022,73.73148,check_required
3409453,MIDC Ambad,12238125,co,ppb,2025-03-27,0.277,19.95022,73.73148,check_required
3409453,MIDC Ambad,12238125,co,ppb,2025-03-28,0.502,19.95022,73.73148,check_required
3409453,MIDC Ambad,12238125,co,ppb,2025-03-29,0.658,19.95022,73.73148,check_required
3409453,MIDC Ambad,12238125,co,ppb,2025-03-30,0.454,19.95022,73.73148,check_required
3409453,MIDC Ambad,12238125,co,ppb,2025-03-31,0.629,19.95022,73.73148,check_required
3409453,MIDC Ambad,12238125,co,ppb,2025-04-01,0.742,19.95022,73.73148,check_required
3409453,MIDC Ambad,12238125,co,ppb,2025-04-02,0.459,19.95022,73.73148,check_required
3409453,MIDC Ambad,12238125,co,ppb,2025-04-03,0.585,19.95022,73.73148,check_required
3409453,MIDC Ambad,12238125,co,ppb,2025-04-04,0.412,19.95022,73.73148,check_required
3409453,MIDC Ambad,12238125,co,ppb,2025-04-05,0.425,19.95022,73.73148,check_required
3409453,MIDC Ambad,12238125,co,ppb,2025-04-06,0.354,19.95022,73.73148,check_required
3409453,MIDC Ambad,12238125,co,ppb,2025-04-07,0.652,19.95022,73.73148,check_required
3409453,MIDC Ambad,12238125,co,ppb,2025-04-08,0.338,19.95022,73.73148,check_required
3409453,MIDC Ambad,12238125,co,ppb,2025-04-09,0.273,19.95022,73.73148,check_required
3409453,MIDC Ambad,12238125,co,ppb,2025-04-11,0.197,19.95022,73.73148,check_required
3409453,MIDC Ambad,12238125,co,ppb,2025-04-12,0.317,19.95022,73.73148,check_required
3409453,MIDC Ambad,12238125,co,ppb,2025-04-13,0.276,19.95022,73.73148,check_required
3409453,MIDC Ambad,12238125,co,ppb,2025-04-14,0.296,19.95022,73.73148,check_required
3409453,MIDC Ambad,12238125,co,ppb,2025-04-15,0.205,19.95022,73.73148,check_required
3409453,MIDC Ambad,12238125,co,ppb,2025-04-16,0.118,19.95022,73.73148,check_required
3409453,MIDC Ambad,12238125,co,ppb,2025-04-17,0.242,19.95022,73.73148,check_required
3409453,MIDC Ambad,12238125,co,ppb,2025-04-18,0.225,19.95022,73.73148,check_required
3409453,MIDC Ambad,12238125,co,ppb,2025-04-19,0.227,19.95022,73.73148,check_required
3409453,MIDC Ambad,12238125,co,ppb,2025-04-20,0.24,19.95022,73.73148,check_required
3409453,MIDC Ambad,12238125,co,ppb,2025-04-21,0.458,19.95022,73.73148,check_required
3409453,MIDC Ambad,12238125,co,ppb,2025-04-22,0.413,19.95022,73.73148,check_required
3409453,MIDC Ambad,12238125,co,ppb,2025-04-23,0.416,19.95022,73.73148,check_required
3409453,MIDC Ambad,12238125,co,ppb,2025-04-24,0.391,19.95022,73.73148,check_required
3409453,MIDC Ambad,12238125,co,ppb,2025-04-25,0.356,19.95022,73.73148,check_required
3409453,MIDC Ambad,12238125,co,ppb,2025-04-26,0.406,19.95022,73.73148,check_required
3409453,MIDC Ambad,12238125,co,ppb,2025-04-27,0.35,19.95022,73.73148,check_required
3409453,MIDC Ambad,12238125,co,ppb,2025-04-28,0.321,19.95022,73.73148,check_required
3409453,MIDC Ambad,12238125,co,ppb,2025-04-29,0.329,19.95022,73.73148,check_required
3409453,MIDC Ambad,12238125,co,ppb,2025-04-30,0.283,19.95022,73.73148,check_required
3409453,MIDC Ambad,12238125,co,ppb,2025-05-01,0.286,19.95022,73.73148,check_required
3409453,MIDC Ambad,12238125,co,ppb,2025-05-02,0.285,19.95022,73.73148,check_required
3409453,MIDC Ambad,12238125,co,ppb,2025-05-03,0.247,19.95022,73.73148,check_required
3409453,MIDC Ambad,12238125,co,ppb,2025-05-04,0.428,19.95022,73.73148,check_required
3409453,MIDC Ambad,12238125,co,ppb,2025-05-05,0.403,19.95022,73.73148,check_required
3409453,MIDC Ambad,12238125,co,ppb,2025-05-06,0.414,19.95022,73.73148,check_required
3409453,MIDC Ambad,12238125,co,ppb,2025-05-07,0.378,19.95022,73.73148,check_required
3409453,MIDC Ambad,12238125,co,ppb,2025-05-08,0.392,19.95022,73.73148,check_required
3409453,MIDC Ambad,12238125,co,ppb,2025-05-09,0.383,19.95022,73.73148,check_required
3409453,MIDC Ambad,12238125,co,ppb,2025-05-10,0.486,19.95022,73.73148,check_required
3409453,MIDC Ambad,12238125,co,ppb,2025-05-11,0.471,19.95022,73.73148,check_required
3409453,MIDC Ambad,12238125,co,ppb,2025-05-12,0.434,19.95022,73.73148,check_required
3409453,MIDC Ambad,12238125,co,ppb,2025-05-13,0.879,19.95022,73.73148,check_required
3409453,MIDC Ambad,12238125,co,ppb,2025-05-14,0.37,19.95022,73.73148,check_required
3409453,MIDC Ambad,12238125,co,ppb,2025-05-15,0.301,19.95022,73.73148,check_required
3409453,MIDC Ambad,12238125,co,ppb,2025-05-16,0.432,19.95022,73.73148,check_required
3409453,MIDC Ambad,12238125,co,ppb,2025-05-17,0.298,19.95022,73.73148,check_required
3409453,MIDC Ambad,12238125,co,ppb,2025-05-18,0.252,19.95022,73.73148,check_required
3409453,MIDC Ambad,12238125,co,ppb,2025-05-19,0.456,19.95022,73.73148,check_required
3409453,MIDC Ambad,12238125,co,ppb,2025-05-20,0.413,19.95022,73.73148,check_required
3409453,MIDC Ambad,12238125,co,ppb,2025-05-21,0.356,19.95022,73.73148,check_required
3409453,MIDC Ambad,12238125,co,ppb,2025-05-22,0.336,19.95022,73.73148,check_required
3409453,MIDC Ambad,12238125,co,ppb,2025-05-23,0.443,19.95022,73.73148,check_required
3409453,MIDC Ambad,12238125,co,ppb,2025-05-24,0.33,19.95022,73.73148,check_required
3409453,MIDC Ambad,12238125,co,ppb,2025-05-25,0.399,19.95022,73.73148,check_required
3409453,MIDC Ambad,12238125,co,ppb,2025-05-26,0.325,19.95022,73.73148,check_required
3409453,MIDC Ambad,12238125,co,ppb,2025-05-27,0.332,19.95022,73.73148,check_required
3409453,MIDC Ambad,12238125,co,ppb,2025-05-28,0.409,19.95022,73.73148,check_required
3409453,MIDC Ambad,12238125,co,ppb,2025-05-29,0.319,19.95022,73.73148,check_required
3409453,MIDC Ambad,12238125,co,ppb,2025-05-30,0.165,19.95022,73.73148,check_required
3409453,MIDC Ambad,12238125,co,ppb,2025-05-31,0.171,19.95022,73.73148,check_required
3409453,MIDC Ambad,12238125,co,ppb,2025-06-01,0.161,19.95022,73.73148,check_required
3409453,MIDC Ambad,12238125,co,ppb,2025-06-02,0.246,19.95022,73.73148,check_required
3409453,MIDC Ambad,12238125,co,ppb,2025-06-03,0.274,19.95022,73.73148,check_required
3409453,MIDC Ambad,12238125,co,ppb,2025-06-06,0.34,19.95022,73.73148,check_required
3409453,MIDC Ambad,12238125,co,ppb,2025-06-07,0.237,19.95022,73.73148,check_required
3409453,MIDC Ambad,12238125,co,ppb,2025-06-08,0.376,19.95022,73.73148,check_required
3409453,MIDC Ambad,12238125,co,ppb,2025-06-09,0.382,19.95022,73.73148,check_required
3409453,MIDC Ambad,12238125,co,ppb,2025-06-10,0.385,19.95022,73.73148,check_required
3409453,MIDC Ambad,12238125,co,ppb,2025-06-11,0.365,19.95022,73.73148,check_required
3409453,MIDC Ambad,12238125,co,ppb,2025-06-12,0.436,19.95022,73.73148,check_required
3409453,MIDC Ambad,12238125,co,ppb,2025-06-13,0.356,19.95022,73.73148,check_required
3409453,MIDC Ambad,12238125,co,ppb,2025-06-14,0.372,19.95022,73.73148,check_required
3409453,MIDC Ambad,12238125,co,ppb,2025-06-15,0.37,19.95022,73.73148,check_required
3409453,MIDC Ambad,12238125,co,ppb,2025-06-16,0.437,19.95022,73.73148,check_required
3409453,MIDC Ambad,12238125,co,ppb,2025-06-17,0.411,19.95022,73.73148,check_required
3409453,MIDC Ambad,12238125,co,ppb,2025-06-18,0.511,19.95022,73.73148,check_required
3409453,MIDC Ambad,12238125,co,ppb,2025-06-19,0.484,19.95022,73.73148,check_required
3409453,MIDC Ambad,12238125,co,ppb,2025-06-20,0.447,19.95022,73.73148,check_required
3409453,MIDC Ambad,12238125,co,ppb,2025-06-21,0.219,19.95022,73.73148,check_required
3409453,MIDC Ambad,12238125,co,ppb,2025-06-22,0.317,19.95022,73.73148,check_required
3409453,MIDC Ambad,12238125,co,ppb,2025-06-23,0.332,19.95022,73.73148,check_required
3409453,MIDC Ambad,12238125,co,ppb,2025-06-24,0.298,19.95022,73.73148,check_required
3409453,MIDC Ambad,12238125,co,ppb,2025-06-25,0.338,19.95022,73.73148,check_required
3409453,MIDC Ambad,12238125,co,ppb,2025-06-26,0.327,19.95022,73.73148,check_required
3409453,MIDC Ambad,12238125,co,ppb,2025-06-27,0.261,19.95022,73.73148,check_required
3409453,MIDC Ambad,12238125,co,ppb,2025-06-28,0.266,19.95022,73.73148,check_required
3409453,MIDC Ambad,12238125,co,ppb,2025-06-29,0.27,19.95022,73.73148,check_required
3409453,MIDC Ambad,12238125,co,ppb,2025-06-30,0.288,19.95022,73.73148,check_required
3409453,MIDC Ambad,12238125,co,ppb,2025-07-01,0.267,19.95022,73.73148,check_required
3409453,MIDC Ambad,12238125,co,ppb,2025-07-02,0.27,19.95022,73.73148,check_required
3409453,MIDC Ambad,12238125,co,ppb,2025-07-03,0.257,19.95022,73.73148,check_required
3409453,MIDC Ambad,12238125,co,ppb,2025-07-04,0.265,19.95022,73.73148,check_required
3409453,MIDC Ambad,12238125,co,ppb,2025-07-05,0.274,19.95022,73.73148,check_required
3409453,MIDC Ambad,12238125,co,ppb,2025-07-07,0.252,19.95022,73.73148,check_required
3409453,MIDC Ambad,12238125,co,ppb,2025-07-08,0.258,19.95022,73.73148,check_required
3409453,MIDC Ambad,12238125,co,ppb,2025-07-09,0.259,19.95022,73.73148,check_required
3409453,MIDC Ambad,12238125,co,ppb,2025-07-10,0.257,19.95022,73.73148,check_required
3409453,MIDC Ambad,12238125,co,ppb,2025-07-11,0.258,19.95022,73.73148,check_required
3409453,MIDC Ambad,12238125,co,ppb,2025-07-12,0.26,19.95022,73.73148,check_required
3409453,MIDC Ambad,12238125,co,ppb,2025-07-13,0.264,19.95022,73.73148,check_required
3409453,MIDC Ambad,12238125,co,ppb,2025-07-14,0.256,19.95022,73.73148,check_required
3409453,MIDC Ambad,12238125,co,ppb,2025-07-15,0.265,19.95022,73.73148,check_required
3409453,MIDC Ambad,12238125,co,ppb,2025-07-16,0.256,19.95022,73.73148,check_required
3409453,MIDC Ambad,12238125,co,ppb,2025-07-17,0.255,19.95022,73.73148,check_required
3409453,MIDC Ambad,12238125,co,ppb,2025-07-19,0.253,19.95022,73.73148,check_required
3409453,MIDC Ambad,12238125,co,ppb,2025-07-20,0.253,19.95022,73.73148,check_required
3409453,MIDC Ambad,12238125,co,ppb,2025-07-21,0.265,19.95022,73.73148,check_required
3409453,MIDC Ambad,12238125,co,ppb,2025-07-22,0.26,19.95022,73.73148,check_required
3409453,MIDC Ambad,12238125,co,ppb,2025-07-23,0.253,19.95022,73.73148,check_required
3409453,MIDC Ambad,12238125,co,ppb,2025-07-24,0.258,19.95022,73.73148,check_required
3409453,MIDC Ambad,12238125,co,ppb,2025-07-25,0.257,19.95022,73.73148,check_required
3409453,MIDC Ambad,12238125,co,ppb,2025-07-26,0.256,19.95022,73.73148,check_required
3409453,MIDC Ambad,12238125,co,ppb,2025-07-27,0.257,19.95022,73.73148,check_required
3409453,MIDC Ambad,12238125,co,ppb,2025-07-28,0.259,19.95022,73.73148,check_required
3409453,MIDC Ambad,12238125,co,ppb,2025-07-29,0.257,19.95022,73.73148,check_required
3409453,MIDC Ambad,12238125,co,ppb,2025-07-30,0.258,19.95022,73.73148,check_required
3409453,MIDC Ambad,12238125,co,ppb,2025-07-31,0.257,19.95022,73.73148,check_required
3409453,MIDC Ambad,12238125,co,ppb,2025-08-01,0.263,19.95022,73.73148,check_required
3409453,MIDC Ambad,12238125,co,ppb,2025-08-02,0.252,19.95022,73.73148,check_required
3409453,MIDC Ambad,12238125,co,ppb,2025-08-03,0.26,19.95022,73.73148,check_required
3409453,MIDC Ambad,12238125,co,ppb,2025-08-04,0.255,19.95022,73.73148,check_required
3409453,MIDC Ambad,12238125,co,ppb,2025-08-05,0.257,19.95022,73.73148,check_required
3409453,MIDC Ambad,12238125,co,ppb,2025-08-06,0.253,19.95022,73.73148,check_required
3409453,MIDC Ambad,12238125,co,ppb,2025-08-07,0.274,19.95022,73.73148,check_required
3409453,MIDC Ambad,12238125,co,ppb,2025-08-08,0.258,19.95022,73.73148,check_required
3409453,MIDC Ambad,12238125,co,ppb,2025-08-09,0.264,19.95022,73.73148,check_required
3409453,MIDC Ambad,12238125,co,ppb,2025-08-10,0.265,19.95022,73.73148,check_required
3409453,MIDC Ambad,12238125,co,ppb,2025-08-11,0.257,19.95022,73.73148,check_required
3409453,MIDC Ambad,12238125,co,ppb,2025-08-12,0.26,19.95022,73.73148,check_required
3409453,MIDC Ambad,12238125,co,ppb,2025-08-13,0.253,19.95022,73.73148,check_required
3409453,MIDC Ambad,12238125,co,ppb,2025-08-14,0.26,19.95022,73.73148,check_required
3409453,MIDC Ambad,12238125,co,ppb,2025-08-15,0.258,19.95022,73.73148,check_required
3409453,MIDC Ambad,12238125,co,ppb,2025-08-16,0.257,19.95022,73.73148,check_required
3409453,MIDC Ambad,12238125,co,ppb,2025-08-17,0.259,19.95022,73.73148,check_required
3409453,MIDC Ambad,12238125,co,ppb,2025-08-18,0.257,19.95022,73.73148,check_required
3409453,MIDC Ambad,12238125,co,ppb,2025-08-19,0.256,19.95022,73.73148,check_required
3409453,MIDC Ambad,12238125,co,ppb,2025-08-20,0.212,19.95022,73.73148,check_required
3409453,MIDC Ambad,12238125,co,ppb,2025-08-21,0.17,19.95022,73.73148,check_required
3409453,MIDC Ambad,12238125,co,ppb,2025-08-22,0.188,19.95022,73.73148,check_required
3409453,MIDC Ambad,12238125,co,ppb,2025-08-23,0.269,19.95022,73.73148,check_required
3409453,MIDC Ambad,12238125,co,ppb,2025-08-24,0.28,19.95022,73.73148,check_required
3409453,MIDC Ambad,12238125,co,ppb,2025-08-25,0.278,19.95022,73.73148,check_required
3409453,MIDC Ambad,12238125,co,ppb,2025-08-26,0.272,19.95022,73.73148,check_required
3409453,MIDC Ambad,12238125,co,ppb,2025-08-27,0.274,19.95022,73.73148,check_required
3409453,MIDC Ambad,12238125,co,ppb,2025-08-28,0.287,19.95022,73.73148,check_required
3409453,MIDC Ambad,12238125,co,ppb,2025-08-29,0.303,19.95022,73.73148,check_required
3409453,MIDC Ambad,12238125,co,ppb,2025-09-02,0.312,19.95022,73.73148,check_required
3409453,MIDC Ambad,12238125,co,ppb,2025-09-03,0.315,19.95022,73.73148,check_required
3409453,MIDC Ambad,12238125,co,ppb,2025-09-04,0.268,19.95022,73.73148,check_required
3409453,MIDC Ambad,12238125,co,ppb,2025-09-05,0.253,19.95022,73.73148,check_required
3409453,MIDC Ambad,12238125,co,ppb,2025-09-06,0.25,19.95022,73.73148,check_required
3409453,MIDC Ambad,12238125,co,ppb,2025-09-07,0.243,19.95022,73.73148,check_required
3409453,MIDC Ambad,12238125,co,ppb,2025-09-08,0.248,19.95022,73.73148,check_required
3409453,MIDC Ambad,12238125,co,ppb,2025-09-09,0.295,19.95022,73.73148,check_required
3409453,MIDC Ambad,12238125,co,ppb,2025-09-10,0.295,19.95022,73.73148,check_required
3409453,MIDC Ambad,12238125,co,ppb,2025-09-11,0.293,19.95022,73.73148,check_required
3409453,MIDC Ambad,12238125,co,ppb,2025-09-12,0.293,19.95022,73.73148,check_required
3409453,MIDC Ambad,12238125,co,ppb,2025-09-13,0.292,19.95022,73.73148,check_required
3409453,MIDC Ambad,12238125,co,ppb,2025-09-14,0.299,19.95022,73.73148,check_required
3409453,MIDC Ambad,12238125,co,ppb,2025-09-15,0.292,19.95022,73.73148,check_required
3409453,MIDC Ambad,12238125,co,ppb,2025-09-16,0.233,19.95022,73.73148,check_required
3409453,MIDC Ambad,12238125,co,ppb,2025-09-17,0.245,19.95022,73.73148,check_required
3409453,MIDC Ambad,12238125,co,ppb,2025-09-18,0.429,19.95022,73.73148,check_required
3409453,MIDC Ambad,12238125,co,ppb,2025-09-19,0.633,19.95022,73.73148,check_required
3409453,MIDC Ambad,12238125,co,ppb,2025-09-20,0.357,19.95022,73.73148,check_required
3409453,MIDC Ambad,12238125,co,ppb,2025-09-21,1.07,19.95022,73.73148,check_required
3409453,MIDC Ambad,12238125,co,ppb,2025-09-22,0.286,19.95022,73.73148,check_required
3409453,MIDC Ambad,12238125,co,ppb,2025-09-23,0.301,19.95022,73.73148,check_required
3409453,MIDC Ambad,12238125,co,ppb,2025-09-24,0.22,19.95022,73.73148,check_required
3409453,MIDC Ambad,12238125,co,ppb,2025-09-25,0.573,19.95022,73.73148,check_required
3409453,MIDC Ambad,12238125,co,ppb,2025-09-26,0.33,19.95022,73.73148,check_required
3409453,MIDC Ambad,12238125,co,ppb,2025-09-27,0.241,19.95022,73.73148,check_required
3409453,MIDC Ambad,12238125,co,ppb,2025-09-28,0.186,19.95022,73.73148,check_required
3409453,MIDC Ambad,12238125,co,ppb,2025-09-29,0.238,19.95022,73.73148,check_required
3409453,MIDC Ambad,12238125,co,ppb,2025-09-30,0.282,19.95022,73.73148,check_required
3409453,MIDC Ambad,12238125,co,ppb,2025-10-01,0.266,19.95022,73.73148,check_required
3409453,MIDC Ambad,12238125,co,ppb,2025-10-02,0.251,19.95022,73.73148,check_required
3409453,MIDC Ambad,12238125,co,ppb,2025-10-03,0.247,19.95022,73.73148,check_required
3409453,MIDC Ambad,12238125,co,ppb,2025-10-04,0.251,19.95022,73.73148,check_required
3409453,MIDC Ambad,12238125,co,ppb,2025-10-05,0.253,19.95022,73.73148,check_required
3409453,MIDC Ambad,12238125,co,ppb,2025-10-06,0.28,19.95022,73.73148,check_required
3409453,MIDC Ambad,12238125,co,ppb,2025-10-07,0.416,19.95022,73.73148,check_required
3409453,MIDC Ambad,12238125,co,ppb,2025-10-08,0.29,19.95022,73.73148,check_required
3409453,MIDC Ambad,12238125,co,ppb,2025-10-09,0.306,19.95022,73.73148,check_required
3409453,MIDC Ambad,12238125,co,ppb,2025-10-10,0.303,19.95022,73.73148,check_required
3409453,MIDC Ambad,12238125,co,ppb,2025-10-11,0.305,19.95022,73.73148,check_required
3409453,MIDC Ambad,12238125,co,ppb,2025-10-12,0.315,19.95022,73.73148,check_required
3409453,MIDC Ambad,12238125,co,ppb,2025-10-13,0.297,19.95022,73.73148,check_required
3409453,MIDC Ambad,12238125,co,ppb,2025-10-14,0.32,19.95022,73.73148,check_required
3409453,MIDC Ambad,12238125,co,ppb,2025-10-15,0.364,19.95022,73.73148,check_required
3409453,MIDC Ambad,12238125,co,ppb,2025-10-16,0.351,19.95022,73.73148,check_required
3409453,MIDC Ambad,12238125,co,ppb,2025-10-17,0.292,19.95022,73.73148,check_required
3409453,MIDC Ambad,12238125,co,ppb,2025-10-18,0.3,19.95022,73.73148,check_required
3409453,MIDC Ambad,12238125,co,ppb,2025-10-19,0.3,19.95022,73.73148,check_required
3409453,MIDC Ambad,12238125,co,ppb,2025-10-20,0.304,19.95022,73.73148,check_required
3409453,MIDC Ambad,12238125,co,ppb,2025-10-21,0.301,19.95022,73.73148,check_required
3409453,MIDC Ambad,12238125,co,ppb,2025-10-22,0.34,19.95022,73.73148,check_required
3409453,MIDC Ambad,12238125,co,ppb,2025-10-23,0.325,19.95022,73.73148,check_required
3409453,MIDC Ambad,12238125,co,ppb,2025-10-24,0.318,19.95022,73.73148,check_required
3409453,MIDC Ambad,12238125,co,ppb,2025-10-25,0.32,19.95022,73.73148,check_required
3409453,MIDC Ambad,12238125,co,ppb,2025-10-26,0.343,19.95022,73.73148,check_required
3409453,MIDC Ambad,12238125,co,ppb,2025-10-27,0.316,19.95022,73.73148,check_required
3409453,MIDC Ambad,12238125,co,ppb,2025-10-28,0.329,19.95022,73.73148,check_required
3409453,MIDC Ambad,12238125,co,ppb,2025-10-29,0.323,19.95022,73.73148,check_required
3409453,MIDC Ambad,12238125,co,ppb,2025-10-30,0.323,19.95022,73.73148,check_required
3409453,MIDC Ambad,12238125,co,ppb,2025-10-31,0.316,19.95022,73.73148,check_required
3409453,MIDC Ambad,12238125,co,ppb,2025-11-01,0.298,19.95022,73.73148,check_required
3409453,MIDC Ambad,12238125,co,ppb,2025-11-02,0.284,19.95022,73.73148,check_required
3409453,MIDC Ambad,12238125,co,ppb,2025-11-03,0.281,19.95022,73.73148,check_required
3409453,MIDC Ambad,12238125,co,ppb,2025-11-04,0.279,19.95022,73.73148,check_required
3409453,MIDC Ambad,12238125,co,ppb,2025-11-05,0.283,19.95022,73.73148,check_required
3409453,MIDC Ambad,12238125,co,ppb,2025-11-06,0.281,19.95022,73.73148,check_required
3409453,MIDC Ambad,12238125,co,ppb,2025-11-07,0.281,19.95022,73.73148,check_required
3409453,MIDC Ambad,12238125,co,ppb,2025-11-08,0.282,19.95022,73.73148,check_required
3409453,MIDC Ambad,12238125,co,ppb,2025-11-09,0.285,19.95022,73.73148,check_required
3409453,MIDC Ambad,12238125,co,ppb,2025-11-10,0.278,19.95022,73.73148,check_required
3409453,MIDC Ambad,12238125,co,ppb,2025-11-11,0.278,19.95022,73.73148,check_required
3409453,MIDC Ambad,12238125,co,ppb,2025-11-12,0.28,19.95022,73.73148,check_required
3409453,MIDC Ambad,12238125,co,ppb,2025-11-13,0.286,19.95022,73.73148,check_required
3409453,MIDC Ambad,12238125,co,ppb,2025-11-14,0.275,19.95022,73.73148,check_required
3409453,MIDC Ambad,12238125,co,ppb,2025-11-15,0.278,19.95022,73.73148,check_required
3409453,MIDC Ambad,12238125,co,ppb,2025-11-16,0.281,19.95022,73.73148,check_required
3409453,MIDC Ambad,12238125,co,ppb,2025-11-17,0.284,19.95022,73.73148,check_required
3409453,MIDC Ambad,12238125,co,ppb,2025-11-18,0.284,19.95022,73.73148,check_required
3409453,MIDC Ambad,12238125,co,ppb,2025-11-19,0.286,19.95022,73.73148,check_required
3409453,MIDC Ambad,12238125,co,ppb,2025-11-20,0.304,19.95022,73.73148,check_required
3409453,MIDC Ambad,12238125,co,ppb,2025-11-21,0.341,19.95022,73.73148,check_required
3409453,MIDC Ambad,12238125,co,ppb,2025-11-22,0.332,19.95022,73.73148,check_required
3409453,MIDC Ambad,12238125,co,ppb,2025-11-23,0.333,19.95022,73.73148,check_required
3409453,MIDC Ambad,12238125,co,ppb,2025-11-24,0.336,19.95022,73.73148,check_required
3409453,MIDC Ambad,12238125,co,ppb,2025-11-25,0.333,19.95022,73.73148,check_required
3409453,MIDC Ambad,12238125,co,ppb,2025-11-26,0.335,19.95022,73.73148,check_required
3409453,MIDC Ambad,12238125,co,ppb,2025-11-27,0.332,19.95022,73.73148,check_required
3409453,MIDC Ambad,12238125,co,ppb,2025-11-28,0.336,19.95022,73.73148,check_required
3409453,MIDC Ambad,12238125,co,ppb,2025-11-29,0.336,19.95022,73.73148,check_required
3409453,MIDC Ambad,12238125,co,ppb,2025-11-30,0.343,19.95022,73.73148,check_required
3409453,MIDC Ambad,12238125,co,ppb,2025-12-01,0.335,19.95022,73.73148,check_required
3409453,MIDC Ambad,12238125,co,ppb,2025-12-02,0.338,19.95022,73.73148,check_required
3409453,MIDC Ambad,12238125,co,ppb,2025-12-03,0.339,19.95022,73.73148,check_required
3409453,MIDC Ambad,12238125,co,ppb,2025-12-04,0.335,19.95022,73.73148,check_required
3409453,MIDC Ambad,12238125,co,ppb,2025-12-05,0.335,19.95022,73.73148,check_required
3409453,MIDC Ambad,12238125,co,ppb,2025-12-06,0.339,19.95022,73.73148,check_required
3409453,MIDC Ambad,12238125,co,ppb,2025-12-07,0.333,19.95022,73.73148,check_required
3409453,MIDC Ambad,12238125,co,ppb,2025-12-08,0.336,19.95022,73.73148,check_required
3409453,MIDC Ambad,12238125,co,ppb,2025-12-09,0.339,19.95022,73.73148,check_required
3409453,MIDC Ambad,12238125,co,ppb,2025-12-10,0.334,19.95022,73.73148,check_required
3409453,MIDC Ambad,12238125,co,ppb,2025-12-11,0.351,19.95022,73.73148,check_required
3409453,MIDC Ambad,12238125,co,ppb,2025-12-12,0.427,19.95022,73.73148,check_required
3409453,MIDC Ambad,12238125,co,ppb,2025-12-13,0.521,19.95022,73.73148,check_required
3409453,MIDC Ambad,12238125,co,ppb,2025-12-14,0.592,19.95022,73.73148,check_required
3409453,MIDC Ambad,12238125,co,ppb,2025-12-15,0.524,19.95022,73.73148,check_required
3409453,MIDC Ambad,12238125,co,ppb,2025-12-16,0.522,19.95022,73.73148,check_required
3409453,MIDC Ambad,12238125,co,ppb,2025-12-17,0.529,19.95022,73.73148,check_required
3409453,MIDC Ambad,12238125,co,ppb,2025-12-18,0.517,19.95022,73.73148,check_required
3409453,MIDC Ambad,12238125,co,ppb,2025-12-19,0.522,19.95022,73.73148,check_required
3409453,MIDC Ambad,12238125,co,ppb,2025-12-20,0.519,19.95022,73.73148,check_required
3409453,MIDC Ambad,12238125,co,ppb,2025-12-21,0.527,19.95022,73.73148,check_required
3409453,MIDC Ambad,12238125,co,ppb,2025-12-22,0.514,19.95022,73.73148,check_required
3409453,MIDC Ambad,12238125,co,ppb,2025-12-23,0.524,19.95022,73.73148,check_required
3409453,MIDC Ambad,12238125,co,ppb,2025-12-24,0.527,19.95022,73.73148,check_required
3409453,MIDC Ambad,12238125,co,ppb,2025-12-25,0.526,19.95022,73.73148,check_required
3409453,MIDC Ambad,12238125,co,ppb,2025-12-26,0.529,19.95022,73.73148,check_required
3409453,MIDC Ambad,12238125,co,ppb,2025-12-27,0.52,19.95022,73.73148,check_required
3409453,MIDC Ambad,12238125,co,ppb,2025-12-28,0.519,19.95022,73.73148,check_required
3409453,MIDC Ambad,12238125,co,ppb,2025-12-29,0.515,19.95022,73.73148,check_required
3409453,MIDC Ambad,12238125,co,ppb,2025-12-30,0.521,19.95022,73.73148,check_required
3409453,MIDC Ambad,12238125,co,ppb,2025-12-31,0.521,19.95022,73.73148,check_required
3409451,Pandav Nagari,12241407,co,ppb,2025-02-19,0.404,19.9591346,73.7788008,check_required
3409451,Pandav Nagari,12241407,co,ppb,2025-02-20,0.528,19.9591346,73.7788008,check_required
3409451,Pandav Nagari,12241407,co,ppb,2025-02-21,0.7,19.9591346,73.7788008,check_required
3409451,Pandav Nagari,12241407,co,ppb,2025-02-24,0.577,19.9591346,73.7788008,check_required
3409451,Pandav Nagari,12241407,co,ppb,2025-02-25,0.285,19.9591346,73.7788008,check_required
3409451,Pandav Nagari,12241407,co,ppb,2025-02-26,0.66,19.9591346,73.7788008,check_required
3409451,Pandav Nagari,12241407,co,ppb,2025-02-27,0.447,19.9591346,73.7788008,check_required
3409451,Pandav Nagari,12241407,co,ppb,2025-02-28,0.547,19.9591346,73.7788008,check_required
3409451,Pandav Nagari,12241407,co,ppb,2025-03-01,0.77,19.9591346,73.7788008,check_required
3409451,Pandav Nagari,12241407,co,ppb,2025-03-02,0.37,19.9591346,73.7788008,check_required
3409451,Pandav Nagari,12241407,co,ppb,2025-03-03,0.359,19.9591346,73.7788008,check_required
3409451,Pandav Nagari,12241407,co,ppb,2025-03-04,0.27,19.9591346,73.7788008,check_required
3409451,Pandav Nagari,12241407,co,ppb,2025-03-05,0.31,19.9591346,73.7788008,check_required
3409451,Pandav Nagari,12241407,co,ppb,2025-03-06,0.25,19.9591346,73.7788008,check_required
3409451,Pandav Nagari,12241407,co,ppb,2025-03-07,0.435,19.9591346,73.7788008,check_required
3409451,Pandav Nagari,12241407,co,ppb,2025-03-08,0.263,19.9591346,73.7788008,check_required
3409451,Pandav Nagari,12241407,co,ppb,2025-03-09,0.71,19.9591346,73.7788008,check_required
3409451,Pandav Nagari,12241407,co,ppb,2025-03-11,0.525,19.9591346,73.7788008,check_required
3409451,Pandav Nagari,12241407,co,ppb,2025-03-12,0.485,19.9591346,73.7788008,check_required
3409451,Pandav Nagari,12241407,co,ppb,2025-03-13,0.82,19.9591346,73.7788008,check_required
3409451,Pandav Nagari,12241407,co,ppb,2025-03-14,0.38,19.9591346,73.7788008,check_required
3409451,Pandav Nagari,12241407,co,ppb,2025-03-15,0.31,19.9591346,73.7788008,check_required
3409451,Pandav Nagari,12241407,co,ppb,2025-03-16,0.227,19.9591346,73.7788008,check_required
3409451,Pandav Nagari,12241407,co,ppb,2025-03-17,0.284,19.9591346,73.7788008,check_required
3409451,Pandav Nagari,12241407,co,ppb,2025-03-18,0.575,19.9591346,73.7788008,check_required
3409451,Pandav Nagari,12241407,co,ppb,2025-03-19,0.275,19.9591346,73.7788008,check_required
3409451,Pandav Nagari,12241407,co,ppb,2025-03-20,0.257,19.9591346,73.7788008,check_required
3409451,Pandav Nagari,12241407,co,ppb,2025-03-21,0.291,19.9591346,73.7788008,check_required
3409451,Pandav Nagari,12241407,co,ppb,2025-03-22,0.253,19.9591346,73.7788008,check_required
3409451,Pandav Nagari,12241407,co,ppb,2025-03-23,0.295,19.9591346,73.7788008,check_required
3409451,Pandav Nagari,12241407,co,ppb,2025-03-24,0.285,19.9591346,73.7788008,check_required
3409451,Pandav Nagari,12241407,co,ppb,2025-03-25,0.123,19.9591346,73.7788008,check_required
3409451,Pandav Nagari,12241407,co,ppb,2025-03-26,0.413,19.9591346,73.7788008,check_required
3409451,Pandav Nagari,12241407,co,ppb,2025-03-27,0.378,19.9591346,73.7788008,check_required
3409451,Pandav Nagari,12241407,co,ppb,2025-03-28,0.32,19.9591346,73.7788008,check_required
3409451,Pandav Nagari,12241407,co,ppb,2025-03-29,0.51,19.9591346,73.7788008,check_required
3409451,Pandav Nagari,12241407,co,ppb,2025-03-30,0.49,19.9591346,73.7788008,check_required
3409451,Pandav Nagari,12241407,co,ppb,2025-03-31,0.5,19.9591346,73.7788008,check_required
3409451,Pandav Nagari,12241407,co,ppb,2025-04-01,0.527,19.9591346,73.7788008,check_required
3409451,Pandav Nagari,12241407,co,ppb,2025-04-02,0.433,19.9591346,73.7788008,check_required
3409451,Pandav Nagari,12241407,co,ppb,2025-04-03,0.473,19.9591346,73.7788008,check_required
3409451,Pandav Nagari,12241407,co,ppb,2025-04-04,0.288,19.9591346,73.7788008,check_required
3409451,Pandav Nagari,12241407,co,ppb,2025-04-05,0.323,19.9591346,73.7788008,check_required
3409451,Pandav Nagari,12241407,co,ppb,2025-04-06,0.375,19.9591346,73.7788008,check_required
3409451,Pandav Nagari,12241407,co,ppb,2025-04-07,0.396,19.9591346,73.7788008,check_required
3409451,Pandav Nagari,12241407,co,ppb,2025-04-08,0.253,19.9591346,73.7788008,check_required
3409451,Pandav Nagari,12241407,co,ppb,2025-04-09,0.25,19.9591346,73.7788008,check_required
3409451,Pandav Nagari,12241407,co,ppb,2025-04-12,0.34,19.9591346,73.7788008,check_required
3409451,Pandav Nagari,12241407,co,ppb,2025-04-13,0.495,19.9591346,73.7788008,check_required
3409451,Pandav Nagari,12241407,co,ppb,2025-04-14,0.25,19.9591346,73.7788008,check_required
3409451,Pandav Nagari,12241407,co,ppb,2025-04-15,0.26,19.9591346,73.7788008,check_required
3409451,Pandav Nagari,12241407,co,ppb,2025-04-16,0.3,19.9591346,73.7788008,check_required
3409451,Pandav Nagari,12241407,co,ppb,2025-04-17,0.343,19.9591346,73.7788008,check_required
3409451,Pandav Nagari,12241407,co,ppb,2025-04-18,0.35,19.9591346,73.7788008,check_required
3409451,Pandav Nagari,12241407,co,ppb,2025-04-19,0.31,19.9591346,73.7788008,check_required
3409451,Pandav Nagari,12241407,co,ppb,2025-04-20,0.425,19.9591346,73.7788008,check_required
3409451,Pandav Nagari,12241407,co,ppb,2025-04-21,0.274,19.9591346,73.7788008,check_required
3409451,Pandav Nagari,12241407,co,ppb,2025-04-22,0.23,19.9591346,73.7788008,check_required
3409451,Pandav Nagari,12241407,co,ppb,2025-04-23,0.415,19.9591346,73.7788008,check_required
3409451,Pandav Nagari,12241407,co,ppb,2025-04-24,0.397,19.9591346,73.7788008,check_required
3409451,Pandav Nagari,12241407,co,ppb,2025-04-25,0.45,19.9591346,73.7788008,check_required
3409451,Pandav Nagari,12241407,co,ppb,2025-04-26,0.3,19.9591346,73.7788008,check_required
3409451,Pandav Nagari,12241407,co,ppb,2025-04-27,0.26,19.9591346,73.7788008,check_required
3409451,Pandav Nagari,12241407,co,ppb,2025-04-29,0.34,19.9591346,73.7788008,check_required
3409451,Pandav Nagari,12241407,co,ppb,2025-04-30,0.37,19.9591346,73.7788008,check_required
3409451,Pandav Nagari,12241407,co,ppb,2025-05-01,0.273,19.9591346,73.7788008,check_required
3409451,Pandav Nagari,12241407,co,ppb,2025-05-02,0.27,19.9591346,73.7788008,check_required
3409451,Pandav Nagari,12241407,co,ppb,2025-05-03,0.138,19.9591346,73.7788008,check_required
3409451,Pandav Nagari,12241407,co,ppb,2025-05-04,0.303,19.9591346,73.7788008,check_required
3409451,Pandav Nagari,12241407,co,ppb,2025-05-05,0.19,19.9591346,73.7788008,check_required
3409451,Pandav Nagari,12241407,co,ppb,2025-05-06,0.175,19.9591346,73.7788008,check_required
3409451,Pandav Nagari,12241407,co,ppb,2025-05-07,0.305,19.9591346,73.7788008,check_required
3409451,Pandav Nagari,12241407,co,ppb,2025-05-08,0.212,19.9591346,73.7788008,check_required
3409451,Pandav Nagari,12241407,co,ppb,2025-05-09,0.18,19.9591346,73.7788008,check_required
3409451,Pandav Nagari,12241407,co,ppb,2025-05-10,0.377,19.9591346,73.7788008,check_required
3409451,Pandav Nagari,12241407,co,ppb,2025-05-11,0.453,19.9591346,73.7788008,check_required
3409451,Pandav Nagari,12241407,co,ppb,2025-05-12,0.334,19.9591346,73.7788008,check_required
3409451,Pandav Nagari,12241407,co,ppb,2025-05-13,0.476,19.9591346,73.7788008,check_required
3409451,Pandav Nagari,12241407,co,ppb,2025-05-14,0.371,19.9591346,73.7788008,check_required
3409451,Pandav Nagari,12241407,co,ppb,2025-05-15,0.524,19.9591346,73.7788008,check_required
3409451,Pandav Nagari,12241407,co,ppb,2025-05-16,0.511,19.9591346,73.7788008,check_required
3409451,Pandav Nagari,12241407,co,ppb,2025-05-17,0.305,19.9591346,73.7788008,check_required
3409451,Pandav Nagari,12241407,co,ppb,2025-05-18,0.294,19.9591346,73.7788008,check_required
3409451,Pandav Nagari,12241407,co,ppb,2025-05-19,0.3,19.9591346,73.7788008,check_required
3409451,Pandav Nagari,12241407,co,ppb,2025-05-20,0.458,19.9591346,73.7788008,check_required
3409451,Pandav Nagari,12241407,co,ppb,2025-05-21,0.423,19.9591346,73.7788008,check_required
3409451,Pandav Nagari,12241407,co,ppb,2025-05-22,0.358,19.9591346,73.7788008,check_required
3409451,Pandav Nagari,12241407,co,ppb,2025-05-23,0.5,19.9591346,73.7788008,check_required
3409451,Pandav Nagari,12241407,co,ppb,2025-05-24,0.417,19.9591346,73.7788008,check_required
3409451,Pandav Nagari,12241407,co,ppb,2025-05-25,0.375,19.9591346,73.7788008,check_required
3409451,Pandav Nagari,12241407,co,ppb,2025-05-26,0.355,19.9591346,73.7788008,check_required
3409451,Pandav Nagari,12241407,co,ppb,2025-05-27,0.315,19.9591346,73.7788008,check_required
3409451,Pandav Nagari,12241407,co,ppb,2025-05-28,0.46,19.9591346,73.7788008,check_required
3409451,Pandav Nagari,12241407,co,ppb,2025-05-29,0.263,19.9591346,73.7788008,check_required
3409451,Pandav Nagari,12241407,co,ppb,2025-05-30,0.15,19.9591346,73.7788008,check_required
3409451,Pandav Nagari,12241407,co,ppb,2025-05-31,0.13,19.9591346,73.7788008,check_required
3409451,Pandav Nagari,12241407,co,ppb,2025-06-02,0.2,19.9591346,73.7788008,check_required
3409451,Pandav Nagari,12241407,co,ppb,2025-06-04,0.275,19.9591346,73.7788008,check_required
3409451,Pandav Nagari,12241407,co,ppb,2025-06-05,0.24,19.9591346,73.7788008,check_required
3409451,Pandav Nagari,12241407,co,ppb,2025-06-06,0.245,19.9591346,73.7788008,check_required
3409451,Pandav Nagari,12241407,co,ppb,2025-06-07,0.3,19.9591346,73.7788008,check_required
3409451,Pandav Nagari,12241407,co,ppb,2025-06-08,0.19,19.9591346,73.7788008,check_required
3409451,Pandav Nagari,12241407,co,ppb,2025-06-09,0.2,19.9591346,73.7788008,check_required
3409451,Pandav Nagari,12241407,co,ppb,2025-06-10,0.195,19.9591346,73.7788008,check_required
3409451,Pandav Nagari,12241407,co,ppb,2025-06-11,0.188,19.9591346,73.7788008,check_required
3409451,Pandav Nagari,12241407,co,ppb,2025-06-13,0.32,19.9591346,73.7788008,check_required
3409451,Pandav Nagari,12241407,co,ppb,2025-06-14,0.308,19.9591346,73.7788008,check_required
3409451,Pandav Nagari,12241407,co,ppb,2025-06-15,0.463,19.9591346,73.7788008,check_required
3409451,Pandav Nagari,12241407,co,ppb,2025-06-16,0.406,19.9591346,73.7788008,check_required
3409451,Pandav Nagari,12241407,co,ppb,2025-06-17,0.185,19.9591346,73.7788008,check_required
3409451,Pandav Nagari,12241407,co,ppb,2025-06-18,0.25,19.9591346,73.7788008,check_required
3409451,Pandav Nagari,12241407,co,ppb,2025-06-19,0.235,19.9591346,73.7788008,check_required
3409451,Pandav Nagari,12241407,co,ppb,2025-06-20,0.145,19.9591346,73.7788008,check_required
3409451,Pandav Nagari,12241407,co,ppb,2025-06-21,0.14,19.9591346,73.7788008,check_required
3409451,Pandav Nagari,12241407,co,ppb,2025-06-22,0.2,19.9591346,73.7788008,check_required
3409451,Pandav Nagari,12241407,co,ppb,2025-06-23,0.355,19.9591346,73.7788008,check_required
3409451,Pandav Nagari,12241407,co,ppb,2025-06-24,0.3,19.9591346,73.7788008,check_required
3409451,Pandav Nagari,12241407,co,ppb,2025-06-25,0.21,19.9591346,73.7788008,check_required
3409451,Pandav Nagari,12241407,co,ppb,2025-06-27,0.12,19.9591346,73.7788008,check_required
3409451,Pandav Nagari,12241407,co,ppb,2025-06-29,0.137,19.9591346,73.7788008,check_required
3409451,Pandav Nagari,12241407,co,ppb,2025-06-30,0.21,19.9591346,73.7788008,check_required
3409451,Pandav Nagari,12241407,co,ppb,2025-07-01,0.223,19.9591346,73.7788008,check_required
3409451,Pandav Nagari,12241407,co,ppb,2025-07-02,0.17,19.9591346,73.7788008,check_required
3409451,Pandav Nagari,12241407,co,ppb,2025-07-03,0.245,19.9591346,73.7788008,check_required
3409451,Pandav Nagari,12241407,co,ppb,2025-07-04,0.2,19.9591346,73.7788008,check_required
3409451,Pandav Nagari,12241407,co,ppb,2025-07-05,0.12,19.9591346,73.7788008,check_required
3409451,Pandav Nagari,12241407,co,ppb,2025-07-07,0.11,19.9591346,73.7788008,check_required
3409451,Pandav Nagari,12241407,co,ppb,2025-07-08,0.115,19.9591346,73.7788008,check_required
3409451,Pandav Nagari,12241407,co,ppb,2025-07-09,0.207,19.9591346,73.7788008,check_required
3409451,Pandav Nagari,12241407,co,ppb,2025-07-10,0.16,19.9591346,73.7788008,check_required
3409451,Pandav Nagari,12241407,co,ppb,2025-07-11,0.1,19.9591346,73.7788008,check_required
3409451,Pandav Nagari,12241407,co,ppb,2025-07-12,0.165,19.9591346,73.7788008,check_required
3409451,Pandav Nagari,12241407,co,ppb,2025-07-14,0.34,19.9591346,73.7788008,check_required
3409451,Pandav Nagari,12241407,co,ppb,2025-07-15,0.205,19.9591346,73.7788008,check_required
3409451,Pandav Nagari,12241407,co,ppb,2025-07-16,0.17,19.9591346,73.7788008,check_required
3409451,Pandav Nagari,12241407,co,ppb,2025-07-18,0.25,19.9591346,73.7788008,check_required
3409451,Pandav Nagari,12241407,co,ppb,2025-07-20,0.17,19.9591346,73.7788008,check_required
3409451,Pandav Nagari,12241407,co,ppb,2025-07-21,0.0917,19.9591346,73.7788008,check_required
3409451,Pandav Nagari,12241407,co,ppb,2025-07-22,0.27,19.9591346,73.7788008,check_required
3409451,Pandav Nagari,12241407,co,ppb,2025-07-23,0.22,19.9591346,73.7788008,check_required
3409451,Pandav Nagari,12241407,co,ppb,2025-07-24,0.41,19.9591346,73.7788008,check_required
3409451,Pandav Nagari,12241407,co,ppb,2025-07-25,0.31,19.9591346,73.7788008,check_required
3409451,Pandav Nagari,12241407,co,ppb,2025-07-26,0.16,19.9591346,73.7788008,check_required
3409451,Pandav Nagari,12241407,co,ppb,2025-07-27,0.2,19.9591346,73.7788008,check_required
3409451,Pandav Nagari,12241407,co,ppb,2025-07-28,0.24,19.9591346,73.7788008,check_required
3409451,Pandav Nagari,12241407,co,ppb,2025-07-29,0.07,19.9591346,73.7788008,check_required
3409451,Pandav Nagari,12241407,co,ppb,2025-07-30,0.14,19.9591346,73.7788008,check_required
3409451,Pandav Nagari,12241407,co,ppb,2025-08-01,0.218,19.9591346,73.7788008,check_required
3409451,Pandav Nagari,12241407,co,ppb,2025-08-02,0.355,19.9591346,73.7788008,check_required
3409451,Pandav Nagari,12241407,co,ppb,2025-08-03,0.202,19.9591346,73.7788008,check_required
3409451,Pandav Nagari,12241407,co,ppb,2025-08-04,0.16,19.9591346,73.7788008,check_required
3409451,Pandav Nagari,12241407,co,ppb,2025-08-05,0.225,19.9591346,73.7788008,check_required
3409451,Pandav Nagari,12241407,co,ppb,2025-08-06,0.38,19.9591346,73.7788008,check_required
3409451,Pandav Nagari,12241407,co,ppb,2025-08-07,0.32,19.9591346,73.7788008,check_required
3409451,Pandav Nagari,12241407,co,ppb,2025-08-08,0.25,19.9591346,73.7788008,check_required
3409451,Pandav Nagari,12241407,co,ppb,2025-08-09,0.19,19.9591346,73.7788008,check_required
3409451,Pandav Nagari,12241407,co,ppb,2025-08-10,0.235,19.9591346,73.7788008,check_required
3409451,Pandav Nagari,12241407,co,ppb,2025-08-11,0.24,19.9591346,73.7788008,check_required
3409451,Pandav Nagari,12241407,co,ppb,2025-08-12,0.147,19.9591346,73.7788008,check_required
3409451,Pandav Nagari,12241407,co,ppb,2025-08-14,0.29,19.9591346,73.7788008,check_required
3409451,Pandav Nagari,12241407,co,ppb,2025-08-15,0.295,19.9591346,73.7788008,check_required
3409451,Pandav Nagari,12241407,co,ppb,2025-08-17,0.19,19.9591346,73.7788008,check_required
3409451,Pandav Nagari,12241407,co,ppb,2025-08-18,0.22,19.9591346,73.7788008,check_required
3409451,Pandav Nagari,12241407,co,ppb,2025-08-19,0.26,19.9591346,73.7788008,check_required
3409451,Pandav Nagari,12241407,co,ppb,2025-08-20,0.167,19.9591346,73.7788008,check_required
3409451,Pandav Nagari,12241407,co,ppb,2025-08-21,0.22,19.9591346,73.7788008,check_required
3409451,Pandav Nagari,12241407,co,ppb,2025-08-22,0.197,19.9591346,73.7788008,check_required
3409451,Pandav Nagari,12241407,co,ppb,2025-08-23,0.135,19.9591346,73.7788008,check_required
3409451,Pandav Nagari,12241407,co,ppb,2025-08-24,0.135,19.9591346,73.7788008,check_required
3409451,Pandav Nagari,12241407,co,ppb,2025-08-25,0.14,19.9591346,73.7788008,check_required
3409451,Pandav Nagari,12241407,co,ppb,2025-08-26,0.228,19.9591346,73.7788008,check_required
3409451,Pandav Nagari,12241407,co,ppb,2025-08-27,0.18,19.9591346,73.7788008,check_required
3409451,Pandav Nagari,12241407,co,ppb,2025-08-28,0.233,19.9591346,73.7788008,check_required
3409451,Pandav Nagari,12241407,co,ppb,2025-08-29,0.35,19.9591346,73.7788008,check_required
3409451,Pandav Nagari,12241407,co,ppb,2025-08-30,0.22,19.9591346,73.7788008,check_required
3409451,Pandav Nagari,12241407,co,ppb,2025-08-31,0.213,19.9591346,73.7788008,check_required
3409451,Pandav Nagari,12241407,co,ppb,2025-09-01,0.335,19.9591346,73.7788008,check_required
3409451,Pandav Nagari,12241407,co,ppb,2025-09-02,0.187,19.9591346,73.7788008,check_required
3409451,Pandav Nagari,12241407,co,ppb,2025-09-03,0.196,19.9591346,73.7788008,check_required
3409451,Pandav Nagari,12241407,co,ppb,2025-09-04,0.18,19.9591346,73.7788008,check_required
3409451,Pandav Nagari,12241407,co,ppb,2025-09-05,0.159,19.9591346,73.7788008,check_required
3409451,Pandav Nagari,12241407,co,ppb,2025-09-06,0.255,19.9591346,73.7788008,check_required
3409451,Pandav Nagari,12241407,co,ppb,2025-09-07,0.178,19.9591346,73.7788008,check_required
3409451,Pandav Nagari,12241407,co,ppb,2025-09-08,0.119,19.9591346,73.7788008,check_required
3409451,Pandav Nagari,12241407,co,ppb,2025-09-09,0.24,19.9591346,73.7788008,check_required
3409451,Pandav Nagari,12241407,co,ppb,2025-09-10,0.143,19.9591346,73.7788008,check_required
3409451,Pandav Nagari,12241407,co,ppb,2025-09-11,0.21,19.9591346,73.7788008,check_required
3409451,Pandav Nagari,12241407,co,ppb,2025-09-12,0.233,19.9591346,73.7788008,check_required
3409451,Pandav Nagari,12241407,co,ppb,2025-09-13,0.235,19.9591346,73.7788008,check_required
3409451,Pandav Nagari,12241407,co,ppb,2025-09-14,0.285,19.9591346,73.7788008,check_required
3409451,Pandav Nagari,12241407,co,ppb,2025-09-15,0.161,19.9591346,73.7788008,check_required
3409451,Pandav Nagari,12241407,co,ppb,2025-09-16,0.326,19.9591346,73.7788008,check_required
3409451,Pandav Nagari,12241407,co,ppb,2025-09-17,0.196,19.9591346,73.7788008,check_required
3409451,Pandav Nagari,12241407,co,ppb,2025-09-18,0.19,19.9591346,73.7788008,check_required
3409451,Pandav Nagari,12241407,co,ppb,2025-09-19,0.25,19.9591346,73.7788008,check_required
3409451,Pandav Nagari,12241407,co,ppb,2025-09-20,0.16,19.9591346,73.7788008,check_required
3409451,Pandav Nagari,12241407,co,ppb,2025-09-21,0.16,19.9591346,73.7788008,check_required
3409451,Pandav Nagari,12241407,co,ppb,2025-09-23,0.277,19.9591346,73.7788008,check_required
3409451,Pandav Nagari,12241407,co,ppb,2025-09-24,0.136,19.9591346,73.7788008,check_required
3409451,Pandav Nagari,12241407,co,ppb,2025-09-25,0.15,19.9591346,73.7788008,check_required
3409451,Pandav Nagari,12241407,co,ppb,2025-09-26,0.245,19.9591346,73.7788008,check_required
3409451,Pandav Nagari,12241407,co,ppb,2025-09-27,0.168,19.9591346,73.7788008,check_required
3409451,Pandav Nagari,12241407,co,ppb,2025-09-28,0.171,19.9591346,73.7788008,check_required
3409451,Pandav Nagari,12241407,co,ppb,2025-09-29,0.122,19.9591346,73.7788008,check_required
3409451,Pandav Nagari,12241407,co,ppb,2025-09-30,0.125,19.9591346,73.7788008,check_required
3409451,Pandav Nagari,12241407,co,ppb,2025-10-01,0.105,19.9591346,73.7788008,check_required
3409451,Pandav Nagari,12241407,co,ppb,2025-10-02,0.182,19.9591346,73.7788008,check_required
3409451,Pandav Nagari,12241407,co,ppb,2025-10-03,0.222,19.9591346,73.7788008,check_required
3409451,Pandav Nagari,12241407,co,ppb,2025-10-04,0.198,19.9591346,73.7788008,check_required
3409451,Pandav Nagari,12241407,co,ppb,2025-10-05,0.197,19.9591346,73.7788008,check_required
3409451,Pandav Nagari,12241407,co,ppb,2025-10-06,0.233,19.9591346,73.7788008,check_required
3409451,Pandav Nagari,12241407,co,ppb,2025-10-07,0.322,19.9591346,73.7788008,check_required
3409451,Pandav Nagari,12241407,co,ppb,2025-10-08,0.479,19.9591346,73.7788008,check_required
3409451,Pandav Nagari,12241407,co,ppb,2025-10-09,0.483,19.9591346,73.7788008,check_required
3409451,Pandav Nagari,12241407,co,ppb,2025-10-10,0.419,19.9591346,73.7788008,check_required
3409451,Pandav Nagari,12241407,co,ppb,2025-10-11,0.48,19.9591346,73.7788008,check_required
3409451,Pandav Nagari,12241407,co,ppb,2025-10-12,0.623,19.9591346,73.7788008,check_required
3409451,Pandav Nagari,12241407,co,ppb,2025-10-13,0.397,19.9591346,73.7788008,check_required
3409451,Pandav Nagari,12241407,co,ppb,2025-10-14,0.527,19.9591346,73.7788008,check_required
3409451,Pandav Nagari,12241407,co,ppb,2025-10-15,0.753,19.9591346,73.7788008,check_required
3409451,Pandav Nagari,12241407,co,ppb,2025-10-16,0.413,19.9591346,73.7788008,check_required
3409451,Pandav Nagari,12241407,co,ppb,2025-10-17,0.543,19.9591346,73.7788008,check_required
3409451,Pandav Nagari,12241407,co,ppb,2025-10-18,0.53,19.9591346,73.7788008,check_required
3409451,Pandav Nagari,12241407,co,ppb,2025-10-19,0.549,19.9591346,73.7788008,check_required
3409451,Pandav Nagari,12241407,co,ppb,2025-10-20,0.629,19.9591346,73.7788008,check_required
3409451,Pandav Nagari,12241407,co,ppb,2025-10-21,0.525,19.9591346,73.7788008,check_required
3409451,Pandav Nagari,12241407,co,ppb,2025-10-22,0.313,19.9591346,73.7788008,check_required
3409451,Pandav Nagari,12241407,co,ppb,2025-10-23,0.299,19.9591346,73.7788008,check_required
3409451,Pandav Nagari,12241407,co,ppb,2025-10-24,0.24,19.9591346,73.7788008,check_required
3409451,Pandav Nagari,12241407,co,ppb,2025-10-25,0.193,19.9591346,73.7788008,check_required
3409451,Pandav Nagari,12241407,co,ppb,2025-10-26,0.288,19.9591346,73.7788008,check_required
3409451,Pandav Nagari,12241407,co,ppb,2025-10-27,0.213,19.9591346,73.7788008,check_required
3409451,Pandav Nagari,12241407,co,ppb,2025-10-28,0.303,19.9591346,73.7788008,check_required
3409451,Pandav Nagari,12241407,co,ppb,2025-10-29,0.26,19.9591346,73.7788008,check_required
3409451,Pandav Nagari,12241407,co,ppb,2025-10-30,0.343,19.9591346,73.7788008,check_required
3409451,Pandav Nagari,12241407,co,ppb,2025-10-31,0.323,19.9591346,73.7788008,check_required
3409451,Pandav Nagari,12241407,co,ppb,2025-11-01,0.356,19.9591346,73.7788008,check_required
3409451,Pandav Nagari,12241407,co,ppb,2025-11-02,0.284,19.9591346,73.7788008,check_required
3409451,Pandav Nagari,12241407,co,ppb,2025-11-03,0.343,19.9591346,73.7788008,check_required
3409451,Pandav Nagari,12241407,co,ppb,2025-11-04,0.346,19.9591346,73.7788008,check_required
3409451,Pandav Nagari,12241407,co,ppb,2025-11-05,0.348,19.9591346,73.7788008,check_required
3409451,Pandav Nagari,12241407,co,ppb,2025-11-06,0.342,19.9591346,73.7788008,check_required
3409451,Pandav Nagari,12241407,co,ppb,2025-11-07,0.31,19.9591346,73.7788008,check_required
3409451,Pandav Nagari,12241407,co,ppb,2025-11-08,0.603,19.9591346,73.7788008,check_required
3409451,Pandav Nagari,12241407,co,ppb,2025-11-09,0.472,19.9591346,73.7788008,check_required
3409451,Pandav Nagari,12241407,co,ppb,2025-11-11,0.67,19.9591346,73.7788008,check_required
3409451,Pandav Nagari,12241407,co,ppb,2025-11-12,0.815,19.9591346,73.7788008,check_required
3409451,Pandav Nagari,12241407,co,ppb,2025-11-13,0.91,19.9591346,73.7788008,check_required
3409451,Pandav Nagari,12241407,co,ppb,2025-11-14,0.599,19.9591346,73.7788008,check_required
3409451,Pandav Nagari,12241407,co,ppb,2025-11-15,0.623,19.9591346,73.7788008,check_required
3409451,Pandav Nagari,12241407,co,ppb,2025-11-16,0.599,19.9591346,73.7788008,check_required
3409451,Pandav Nagari,12241407,co,ppb,2025-11-17,0.462,19.9591346,73.7788008,check_required
3409451,Pandav Nagari,12241407,co,ppb,2025-11-18,0.723,19.9591346,73.7788008,check_required
3409451,Pandav Nagari,12241407,co,ppb,2025-11-19,0.63,19.9591346,73.7788008,check_required
3409451,Pandav Nagari,12241407,co,ppb,2025-11-20,0.828,19.9591346,73.7788008,check_required
3409451,Pandav Nagari,12241407,co,ppb,2025-11-21,1.23,19.9591346,73.7788008,check_required
3409451,Pandav Nagari,12241407,co,ppb,2025-11-22,0.607,19.9591346,73.7788008,check_required
3409451,Pandav Nagari,12241407,co,ppb,2025-11-23,0.815,19.9591346,73.7788008,check_required
3409451,Pandav Nagari,12241407,co,ppb,2025-11-24,0.633,19.9591346,73.7788008,check_required
3409451,Pandav Nagari,12241407,co,ppb,2025-11-25,0.32,19.9591346,73.7788008,check_required
3409451,Pandav Nagari,12241407,co,ppb,2025-11-26,0.617,19.9591346,73.7788008,check_required
3409451,Pandav Nagari,12241407,co,ppb,2025-11-27,0.459,19.9591346,73.7788008,check_required
3409451,Pandav Nagari,12241407,co,ppb,2025-11-28,0.579,19.9591346,73.7788008,check_required
3409451,Pandav Nagari,12241407,co,ppb,2025-11-29,0.43,19.9591346,73.7788008,check_required
3409451,Pandav Nagari,12241407,co,ppb,2025-11-30,0.625,19.9591346,73.7788008,check_required
3409451,Pandav Nagari,12241407,co,ppb,2025-12-01,0.468,19.9591346,73.7788008,check_required
3409451,Pandav Nagari,12241407,co,ppb,2025-12-02,0.837,19.9591346,73.7788008,check_required
3409451,Pandav Nagari,12241407,co,ppb,2025-12-03,0.613,19.9591346,73.7788008,check_required
3409451,Pandav Nagari,12241407,co,ppb,2025-12-04,0.563,19.9591346,73.7788008,check_required
3409451,Pandav Nagari,12241407,co,ppb,2025-12-05,0.527,19.9591346,73.7788008,check_required
3409451,Pandav Nagari,12241407,co,ppb,2025-12-06,0.549,19.9591346,73.7788008,check_required
3409451,Pandav Nagari,12241407,co,ppb,2025-12-07,0.449,19.9591346,73.7788008,check_required
3409451,Pandav Nagari,12241407,co,ppb,2025-12-08,0.435,19.9591346,73.7788008,check_required
3409451,Pandav Nagari,12241407,co,ppb,2025-12-09,0.454,19.9591346,73.7788008,check_required
3409451,Pandav Nagari,12241407,co,ppb,2025-12-10,0.477,19.9591346,73.7788008,check_required
3409451,Pandav Nagari,12241407,co,ppb,2025-12-11,0.821,19.9591346,73.7788008,check_required
3409451,Pandav Nagari,12241407,co,ppb,2025-12-12,0.702,19.9591346,73.7788008,check_required
3409451,Pandav Nagari,12241407,co,ppb,2025-12-13,0.568,19.9591346,73.7788008,check_required
3409451,Pandav Nagari,12241407,co,ppb,2025-12-14,0.789,19.9591346,73.7788008,check_required
3409451,Pandav Nagari,12241407,co,ppb,2025-12-15,0.57,19.9591346,73.7788008,check_required
3409451,Pandav Nagari,12241407,co,ppb,2025-12-16,0.633,19.9591346,73.7788008,check_required
3409451,Pandav Nagari,12241407,co,ppb,2025-12-17,0.68,19.9591346,73.7788008,check_required
3409451,Pandav Nagari,12241407,co,ppb,2025-12-18,0.638,19.9591346,73.7788008,check_required
3409451,Pandav Nagari,12241407,co,ppb,2025-12-19,0.643,19.9591346,73.7788008,check_required
3409451,Pandav Nagari,12241407,co,ppb,2025-12-20,0.644,19.9591346,73.7788008,check_required
3409451,Pandav Nagari,12241407,co,ppb,2025-12-21,0.5,19.9591346,73.7788008,check_required
3409451,Pandav Nagari,12241407,co,ppb,2025-12-22,0.48,19.9591346,73.7788008,check_required
3409451,Pandav Nagari,12241407,co,ppb,2025-12-23,0.598,19.9591346,73.7788008,check_required
3409451,Pandav Nagari,12241407,co,ppb,2025-12-24,0.41,19.9591346,73.7788008,check_required
3409451,Pandav Nagari,12241407,co,ppb,2025-12-25,0.723,19.9591346,73.7788008,check_required
3409451,Pandav Nagari,12241407,co,ppb,2025-12-26,1.6,19.9591346,73.7788008,check_required
3409451,Pandav Nagari,12241407,co,ppb,2025-12-27,0.405,19.9591346,73.7788008,check_required
3409451,Pandav Nagari,12241407,co,ppb,2025-12-28,0.583,19.9591346,73.7788008,check_required
3409451,Pandav Nagari,12241407,co,ppb,2025-12-29,0.683,19.9591346,73.7788008,check_required
3409451,Pandav Nagari,12241407,co,ppb,2025-12-30,0.767,19.9591346,73.7788008,check_required
3409451,Pandav Nagari,12241407,co,ppb,2025-12-31,0.801,19.9591346,73.7788008,check_required
5592,Gangapur Road,14798,no2,µg/m³,2019-01-03,137.0,20.0073285,73.7762427,check_required
5592,Gangapur Road,14798,no2,µg/m³,2019-02-13,30.1,20.0073285,73.7762427,check_required
5592,Gangapur Road,14798,no2,µg/m³,2019-02-14,28.8,20.0073285,73.7762427,check_required
5592,Gangapur Road,14798,no2,µg/m³,2019-04-27,1.41,20.0073285,73.7762427,check_required
5592,Gangapur Road,14798,no2,µg/m³,2019-04-28,0.0,20.0073285,73.7762427,check_required
5592,Gangapur Road,14798,no2,µg/m³,2019-04-29,0.0,20.0073285,73.7762427,check_required
5592,Gangapur Road,14798,no2,µg/m³,2019-04-30,0.0,20.0073285,73.7762427,check_required
5592,Gangapur Road,14798,no2,µg/m³,2019-05-01,0.0,20.0073285,73.7762427,check_required
5592,Gangapur Road,14798,no2,µg/m³,2019-05-02,0.0,20.0073285,73.7762427,check_required
5592,Gangapur Road,14798,no2,µg/m³,2019-05-03,0.0,20.0073285,73.7762427,check_required
5592,Gangapur Road,14798,no2,µg/m³,2019-06-20,15.7,20.0073285,73.7762427,check_required
5592,Gangapur Road,14798,no2,µg/m³,2019-06-21,13.8,20.0073285,73.7762427,check_required
5592,Gangapur Road,14798,no2,µg/m³,2019-06-22,14.1,20.0073285,73.7762427,check_required
5592,Gangapur Road,14798,no2,µg/m³,2019-06-23,12.8,20.0073285,73.7762427,check_required
5592,Gangapur Road,14798,no2,µg/m³,2019-06-24,14.8,20.0073285,73.7762427,check_required
5592,Gangapur Road,14798,no2,µg/m³,2019-06-25,15.2,20.0073285,73.7762427,check_required
5592,Gangapur Road,14798,no2,µg/m³,2019-06-26,17.6,20.0073285,73.7762427,check_required
5592,Gangapur Road,14798,no2,µg/m³,2019-06-27,14.1,20.0073285,73.7762427,check_required
5592,Gangapur Road,14798,no2,µg/m³,2019-06-28,21.9,20.0073285,73.7762427,check_required
5592,Gangapur Road,14798,no2,µg/m³,2019-06-29,13.2,20.0073285,73.7762427,check_required
5592,Gangapur Road,14798,no2,µg/m³,2019-07-01,20.3,20.0073285,73.7762427,check_required
5592,Gangapur Road,14798,no2,µg/m³,2019-07-09,19.6,20.0073285,73.7762427,check_required
5592,Gangapur Road,14798,no2,µg/m³,2019-07-10,16.7,20.0073285,73.7762427,check_required
5592,Gangapur Road,14798,no2,µg/m³,2019-07-11,15.6,20.0073285,73.7762427,check_required
5592,Gangapur Road,14798,no2,µg/m³,2019-07-12,9.61,20.0073285,73.7762427,check_required
5592,Gangapur Road,14798,no2,µg/m³,2019-07-13,15.7,20.0073285,73.7762427,check_required
5592,Gangapur Road,14798,no2,µg/m³,2019-07-14,11.7,20.0073285,73.7762427,check_required
5592,Gangapur Road,14798,no2,µg/m³,2019-07-15,11.1,20.0073285,73.7762427,check_required
5592,Gangapur Road,14798,no2,µg/m³,2019-07-16,10.6,20.0073285,73.7762427,check_required
5592,Gangapur Road,14798,no2,µg/m³,2019-07-17,9.4,20.0073285,73.7762427,check_required
5592,Gangapur Road,14798,no2,µg/m³,2019-07-18,6.53,20.0073285,73.7762427,check_required
5592,Gangapur Road,14798,no2,µg/m³,2019-07-19,7.05,20.0073285,73.7762427,check_required
5592,Gangapur Road,14798,no2,µg/m³,2019-07-20,21.2,20.0073285,73.7762427,check_required
5592,Gangapur Road,14798,no2,µg/m³,2019-07-21,20.5,20.0073285,73.7762427,check_required
5592,Gangapur Road,14798,no2,µg/m³,2019-07-22,20.3,20.0073285,73.7762427,check_required
5592,Gangapur Road,14798,no2,µg/m³,2019-07-23,14.1,20.0073285,73.7762427,check_required
5592,Gangapur Road,14798,no2,µg/m³,2019-07-24,17.0,20.0073285,73.7762427,check_required
5592,Gangapur Road,14798,no2,µg/m³,2019-07-25,12.0,20.0073285,73.7762427,check_required
5592,Gangapur Road,14798,no2,µg/m³,2019-07-26,8.02,20.0073285,73.7762427,check_required
5592,Gangapur Road,14798,no2,µg/m³,2019-07-27,6.21,20.0073285,73.7762427,check_required
5592,Gangapur Road,14798,no2,µg/m³,2019-07-28,5.01,20.0073285,73.7762427,check_required
5592,Gangapur Road,14798,no2,µg/m³,2019-07-29,5.56,20.0073285,73.7762427,check_required
5592,Gangapur Road,14798,no2,µg/m³,2019-07-30,7.25,20.0073285,73.7762427,check_required
5592,Gangapur Road,14798,no2,µg/m³,2019-07-31,7.1,20.0073285,73.7762427,check_required
5592,Gangapur Road,14798,no2,µg/m³,2019-08-01,4.65,20.0073285,73.7762427,check_required
5592,Gangapur Road,14798,no2,µg/m³,2019-08-02,6.73,20.0073285,73.7762427,check_required
5592,Gangapur Road,14798,no2,µg/m³,2019-08-03,8.66,20.0073285,73.7762427,check_required
5592,Gangapur Road,14798,no2,µg/m³,2019-08-06,4.54,20.0073285,73.7762427,check_required
5592,Gangapur Road,14798,no2,µg/m³,2019-08-07,5.0,20.0073285,73.7762427,check_required
5592,Gangapur Road,14798,no2,µg/m³,2019-08-08,3.82,20.0073285,73.7762427,check_required
5592,Gangapur Road,14798,no2,µg/m³,2019-08-09,6.43,20.0073285,73.7762427,check_required
5592,Gangapur Road,14798,no2,µg/m³,2019-08-10,3.5,20.0073285,73.7762427,check_required
5592,Gangapur Road,14798,no2,µg/m³,2019-08-11,0.0217,20.0073285,73.7762427,check_required
5592,Gangapur Road,14798,no2,µg/m³,2019-08-12,1.38,20.0073285,73.7762427,check_required
5592,Gangapur Road,14798,no2,µg/m³,2019-08-13,1.21,20.0073285,73.7762427,check_required
5592,Gangapur Road,14798,no2,µg/m³,2019-08-14,6.13,20.0073285,73.7762427,check_required
5592,Gangapur Road,14798,no2,µg/m³,2019-08-15,4.13,20.0073285,73.7762427,check_required
5592,Gangapur Road,14798,no2,µg/m³,2019-08-16,7.75,20.0073285,73.7762427,check_required
5592,Gangapur Road,14798,no2,µg/m³,2019-08-17,9.08,20.0073285,73.7762427,check_required
5592,Gangapur Road,14798,no2,µg/m³,2019-08-18,8.24,20.0073285,73.7762427,check_required
5592,Gangapur Road,14798,no2,µg/m³,2019-08-19,7.4,20.0073285,73.7762427,check_required
5592,Gangapur Road,14798,no2,µg/m³,2019-08-20,10.7,20.0073285,73.7762427,check_required
5592,Gangapur Road,14798,no2,µg/m³,2019-08-21,11.8,20.0073285,73.7762427,check_required
5592,Gangapur Road,14798,no2,µg/m³,2019-08-22,6.68,20.0073285,73.7762427,check_required
5592,Gangapur Road,14798,no2,µg/m³,2019-08-23,2.72,20.0073285,73.7762427,check_required
5592,Gangapur Road,14798,no2,µg/m³,2019-08-24,14.5,20.0073285,73.7762427,check_required
5592,Gangapur Road,14798,no2,µg/m³,2019-08-25,6.02,20.0073285,73.7762427,check_required
5592,Gangapur Road,14798,no2,µg/m³,2019-08-26,3.62,20.0073285,73.7762427,check_required
5592,Gangapur Road,14798,no2,µg/m³,2019-08-27,11.4,20.0073285,73.7762427,check_required
5592,Gangapur Road,14798,no2,µg/m³,2019-08-28,11.2,20.0073285,73.7762427,check_required
5592,Gangapur Road,14798,no2,µg/m³,2019-08-29,14.5,20.0073285,73.7762427,check_required
5592,Gangapur Road,14798,no2,µg/m³,2019-08-30,12.9,20.0073285,73.7762427,check_required
5592,Gangapur Road,14798,no2,µg/m³,2019-08-31,12.4,20.0073285,73.7762427,check_required
5592,Gangapur Road,14798,no2,µg/m³,2019-09-01,12.0,20.0073285,73.7762427,check_required
5592,Gangapur Road,14798,no2,µg/m³,2019-09-02,9.63,20.0073285,73.7762427,check_required
5592,Gangapur Road,14798,no2,µg/m³,2019-09-03,10.3,20.0073285,73.7762427,check_required
5592,Gangapur Road,14798,no2,µg/m³,2019-09-04,11.1,20.0073285,73.7762427,check_required
5592,Gangapur Road,14798,no2,µg/m³,2019-09-05,12.0,20.0073285,73.7762427,check_required
5592,Gangapur Road,14798,no2,µg/m³,2019-09-06,9.55,20.0073285,73.7762427,check_required
5592,Gangapur Road,14798,no2,µg/m³,2019-09-07,9.85,20.0073285,73.7762427,check_required
5592,Gangapur Road,14798,no2,µg/m³,2019-09-08,7.9,20.0073285,73.7762427,check_required
5592,Gangapur Road,14798,no2,µg/m³,2019-09-09,9.94,20.0073285,73.7762427,check_required
5592,Gangapur Road,14798,no2,µg/m³,2019-09-10,5.82,20.0073285,73.7762427,check_required
5592,Gangapur Road,14798,no2,µg/m³,2019-09-11,10.3,20.0073285,73.7762427,check_required
5592,Gangapur Road,14798,no2,µg/m³,2019-09-12,1.87,20.0073285,73.7762427,check_required
5592,Gangapur Road,14798,no2,µg/m³,2019-09-13,5.27,20.0073285,73.7762427,check_required
5592,Gangapur Road,14798,no2,µg/m³,2019-09-14,5.59,20.0073285,73.7762427,check_required
5592,Gangapur Road,14798,no2,µg/m³,2019-09-15,3.0,20.0073285,73.7762427,check_required
5592,Gangapur Road,14798,no2,µg/m³,2019-09-16,1.73,20.0073285,73.7762427,check_required
5592,Gangapur Road,14798,no2,µg/m³,2019-09-17,1.37,20.0073285,73.7762427,check_required
5592,Gangapur Road,14798,no2,µg/m³,2019-09-18,5.92,20.0073285,73.7762427,check_required
5592,Gangapur Road,14798,no2,µg/m³,2019-09-19,10.3,20.0073285,73.7762427,check_required
5592,Gangapur Road,14798,no2,µg/m³,2019-09-20,7.73,20.0073285,73.7762427,check_required
5592,Gangapur Road,14798,no2,µg/m³,2019-09-21,6.41,20.0073285,73.7762427,check_required
5592,Gangapur Road,14798,no2,µg/m³,2019-09-22,6.08,20.0073285,73.7762427,check_required
5592,Gangapur Road,14798,no2,µg/m³,2019-09-23,4.23,20.0073285,73.7762427,check_required
5592,Gangapur Road,14798,no2,µg/m³,2019-09-24,7.5,20.0073285,73.7762427,check_required
5592,Gangapur Road,14798,no2,µg/m³,2019-09-25,6.87,20.0073285,73.7762427,check_required
5592,Gangapur Road,14798,no2,µg/m³,2019-09-26,7.79,20.0073285,73.7762427,check_required
5592,Gangapur Road,14798,no2,µg/m³,2019-09-27,6.36,20.0073285,73.7762427,check_required
5592,Gangapur Road,14798,no2,µg/m³,2019-09-28,2.51,20.0073285,73.7762427,check_required
5592,Gangapur Road,14798,no2,µg/m³,2019-09-29,0.307,20.0073285,73.7762427,check_required
5592,Gangapur Road,14798,no2,µg/m³,2019-09-30,0.007,20.0073285,73.7762427,check_required
5592,Gangapur Road,14798,no2,µg/m³,2019-10-01,0.497,20.0073285,73.7762427,check_required
5592,Gangapur Road,14798,no2,µg/m³,2019-10-02,0.0,20.0073285,73.7762427,check_required
5592,Gangapur Road,14798,no2,µg/m³,2019-10-03,0.0197,20.0073285,73.7762427,check_required
5592,Gangapur Road,14798,no2,µg/m³,2019-10-04,3.1,20.0073285,73.7762427,check_required
5592,Gangapur Road,14798,no2,µg/m³,2019-10-05,0.0,20.0073285,73.7762427,check_required
5592,Gangapur Road,14798,no2,µg/m³,2019-10-06,0.0,20.0073285,73.7762427,check_required
5592,Gangapur Road,14798,no2,µg/m³,2019-10-07,0.0,20.0073285,73.7762427,check_required
5592,Gangapur Road,14798,no2,µg/m³,2019-10-09,20.3,20.0073285,73.7762427,check_required
5592,Gangapur Road,14798,no2,µg/m³,2019-10-10,6.16,20.0073285,73.7762427,check_required
5592,Gangapur Road,14798,no2,µg/m³,2019-10-11,7.52,20.0073285,73.7762427,check_required
5592,Gangapur Road,14798,no2,µg/m³,2019-10-12,89.6,20.0073285,73.7762427,check_required
5592,Gangapur Road,14798,no2,µg/m³,2019-10-13,19.0,20.0073285,73.7762427,check_required
5592,Gangapur Road,14798,no2,µg/m³,2019-10-14,134.0,20.0073285,73.7762427,check_required
5592,Gangapur Road,14798,no2,µg/m³,2019-10-15,43.3,20.0073285,73.7762427,check_required
5592,Gangapur Road,14798,no2,µg/m³,2019-10-16,47.6,20.0073285,73.7762427,check_required
5592,Gangapur Road,14798,no2,µg/m³,2019-10-17,0.0,20.0073285,73.7762427,check_required
5592,Gangapur Road,14798,no2,µg/m³,2019-10-18,0.0,20.0073285,73.7762427,check_required
5592,Gangapur Road,14798,no2,µg/m³,2019-10-19,0.0,20.0073285,73.7762427,check_required
5592,Gangapur Road,14798,no2,µg/m³,2019-10-20,0.0,20.0073285,73.7762427,check_required
5592,Gangapur Road,14798,no2,µg/m³,2019-10-21,328.0,20.0073285,73.7762427,check_required
5592,Gangapur Road,14798,no2,µg/m³,2019-10-22,732.0,20.0073285,73.7762427,high_value_review
5592,Gangapur Road,14798,no2,µg/m³,2019-10-23,233.0,20.0073285,73.7762427,check_required
5592,Gangapur Road,14798,no2,µg/m³,2019-10-24,42.0,20.0073285,73.7762427,check_required
5592,Gangapur Road,14798,no2,µg/m³,2019-10-25,95.3,20.0073285,73.7762427,check_required
5592,Gangapur Road,14798,no2,µg/m³,2019-10-26,27.3,20.0073285,73.7762427,check_required
5592,Gangapur Road,14798,no2,µg/m³,2019-10-27,22.4,20.0073285,73.7762427,check_required
5592,Gangapur Road,14798,no2,µg/m³,2019-10-28,16.5,20.0073285,73.7762427,check_required
5592,Gangapur Road,14798,no2,µg/m³,2019-10-29,14.4,20.0073285,73.7762427,check_required
5592,Gangapur Road,14798,no2,µg/m³,2019-10-30,15.9,20.0073285,73.7762427,check_required
5592,Gangapur Road,14798,no2,µg/m³,2019-11-11,3.36,20.0073285,73.7762427,check_required
5592,Gangapur Road,14798,no2,µg/m³,2019-11-12,6.29,20.0073285,73.7762427,check_required
5592,Gangapur Road,14798,no2,µg/m³,2019-11-13,5.43,20.0073285,73.7762427,check_required
5592,Gangapur Road,14798,no2,µg/m³,2019-11-14,2.19,20.0073285,73.7762427,check_required
5592,Gangapur Road,14798,no2,µg/m³,2019-11-15,0.928,20.0073285,73.7762427,check_required
5592,Gangapur Road,14798,no2,µg/m³,2019-11-16,7.17,20.0073285,73.7762427,check_required
5592,Gangapur Road,14798,no2,µg/m³,2019-11-17,1.13,20.0073285,73.7762427,check_required
5592,Gangapur Road,14798,no2,µg/m³,2019-11-18,1.21,20.0073285,73.7762427,check_required
5592,Gangapur Road,14798,no2,µg/m³,2019-11-19,10.6,20.0073285,73.7762427,check_required
5592,Gangapur Road,14798,no2,µg/m³,2019-11-20,15.8,20.0073285,73.7762427,check_required
5592,Gangapur Road,14798,no2,µg/m³,2019-11-21,17.9,20.0073285,73.7762427,check_required
5592,Gangapur Road,14798,no2,µg/m³,2019-11-22,16.2,20.0073285,73.7762427,check_required
5592,Gangapur Road,14798,no2,µg/m³,2019-11-23,15.3,20.0073285,73.7762427,check_required
5592,Gangapur Road,14798,no2,µg/m³,2019-11-24,12.6,20.0073285,73.7762427,check_required
5592,Gangapur Road,14798,no2,µg/m³,2019-11-25,16.1,20.0073285,73.7762427,check_required
5592,Gangapur Road,14798,no2,µg/m³,2019-11-26,13.8,20.0073285,73.7762427,check_required
5592,Gangapur Road,14798,no2,µg/m³,2019-11-27,9.31,20.0073285,73.7762427,check_required
5592,Gangapur Road,14798,no2,µg/m³,2019-11-28,10.1,20.0073285,73.7762427,check_required
5592,Gangapur Road,14798,no2,µg/m³,2019-11-29,6.71,20.0073285,73.7762427,check_required
5592,Gangapur Road,14798,no2,µg/m³,2019-11-30,5.37,20.0073285,73.7762427,check_required
5592,Gangapur Road,14798,no2,µg/m³,2019-12-01,5.56,20.0073285,73.7762427,check_required
5592,Gangapur Road,14798,no2,µg/m³,2019-12-02,5.45,20.0073285,73.7762427,check_required
5592,Gangapur Road,14798,no2,µg/m³,2019-12-03,5.08,20.0073285,73.7762427,check_required
5592,Gangapur Road,14798,no2,µg/m³,2019-12-04,7.42,20.0073285,73.7762427,check_required
5592,Gangapur Road,14798,no2,µg/m³,2019-12-05,9.82,20.0073285,73.7762427,check_required
5592,Gangapur Road,14798,no2,µg/m³,2019-12-06,8.3,20.0073285,73.7762427,check_required
5592,Gangapur Road,14798,no2,µg/m³,2019-12-07,8.61,20.0073285,73.7762427,check_required
5592,Gangapur Road,14798,no2,µg/m³,2019-12-08,5.88,20.0073285,73.7762427,check_required
5592,Gangapur Road,14798,no2,µg/m³,2019-12-10,7.85,20.0073285,73.7762427,check_required
5592,Gangapur Road,14798,no2,µg/m³,2019-12-11,5.43,20.0073285,73.7762427,check_required
5592,Gangapur Road,14798,no2,µg/m³,2019-12-12,4.84,20.0073285,73.7762427,check_required
5592,Gangapur Road,14798,no2,µg/m³,2019-12-13,3.29,20.0073285,73.7762427,check_required
5592,Gangapur Road,14798,no2,µg/m³,2019-12-14,3.85,20.0073285,73.7762427,check_required
5592,Gangapur Road,14798,no2,µg/m³,2019-12-15,3.62,20.0073285,73.7762427,check_required
5592,Gangapur Road,14798,no2,µg/m³,2019-12-16,3.48,20.0073285,73.7762427,check_required
5592,Gangapur Road,14798,no2,µg/m³,2019-12-17,3.71,20.0073285,73.7762427,check_required
5592,Gangapur Road,14798,no2,µg/m³,2019-12-18,5.47,20.0073285,73.7762427,check_required
5592,Gangapur Road,14798,no2,µg/m³,2019-12-19,5.38,20.0073285,73.7762427,check_required
5592,Gangapur Road,14798,no2,µg/m³,2019-12-20,4.86,20.0073285,73.7762427,check_required
5592,Gangapur Road,14798,no2,µg/m³,2019-12-21,9.98,20.0073285,73.7762427,check_required
5592,Gangapur Road,14798,no2,µg/m³,2019-12-22,8.02,20.0073285,73.7762427,check_required
5592,Gangapur Road,14798,no2,µg/m³,2019-12-23,7.93,20.0073285,73.7762427,check_required
5592,Gangapur Road,14798,no2,µg/m³,2019-12-24,5.16,20.0073285,73.7762427,check_required
5592,Gangapur Road,14798,no2,µg/m³,2019-12-25,4.16,20.0073285,73.7762427,check_required
5592,Gangapur Road,14798,no2,µg/m³,2019-12-26,4.21,20.0073285,73.7762427,check_required
5592,Gangapur Road,14798,no2,µg/m³,2019-12-27,3.53,20.0073285,73.7762427,check_required
5592,Gangapur Road,14798,no2,µg/m³,2019-12-28,4.93,20.0073285,73.7762427,check_required
5592,Gangapur Road,14798,no2,µg/m³,2019-12-29,6.25,20.0073285,73.7762427,check_required
5592,Gangapur Road,14798,no2,µg/m³,2019-12-30,5.06,20.0073285,73.7762427,check_required
5592,Gangapur Road,14798,no2,µg/m³,2019-12-31,4.65,20.0073285,73.7762427,check_required
5592,Gangapur Road,14798,no2,µg/m³,2020-01-01,4.98,20.0073285,73.7762427,check_required
5592,Gangapur Road,14798,no2,µg/m³,2020-01-02,4.84,20.0073285,73.7762427,check_required
5592,Gangapur Road,14798,no2,µg/m³,2020-01-03,4.74,20.0073285,73.7762427,check_required
5592,Gangapur Road,14798,no2,µg/m³,2020-01-04,7.28,20.0073285,73.7762427,check_required
5592,Gangapur Road,14798,no2,µg/m³,2020-01-05,5.62,20.0073285,73.7762427,check_required
5592,Gangapur Road,14798,no2,µg/m³,2020-01-06,8.31,20.0073285,73.7762427,check_required
5592,Gangapur Road,14798,no2,µg/m³,2020-01-07,8.11,20.0073285,73.7762427,check_required
5592,Gangapur Road,14798,no2,µg/m³,2020-01-08,4.17,20.0073285,73.7762427,check_required
5592,Gangapur Road,14798,no2,µg/m³,2020-01-09,6.31,20.0073285,73.7762427,check_required
5592,Gangapur Road,14798,no2,µg/m³,2020-01-10,5.83,20.0073285,73.7762427,check_required
5592,Gangapur Road,14798,no2,µg/m³,2020-01-11,8.9,20.0073285,73.7762427,check_required
5592,Gangapur Road,14798,no2,µg/m³,2020-01-12,8.81,20.0073285,73.7762427,check_required
5592,Gangapur Road,14798,no2,µg/m³,2020-01-13,5.07,20.0073285,73.7762427,check_required
5592,Gangapur Road,14798,no2,µg/m³,2020-01-14,4.1,20.0073285,73.7762427,check_required
5592,Gangapur Road,14798,no2,µg/m³,2020-01-15,4.1,20.0073285,73.7762427,check_required
5592,Gangapur Road,14798,no2,µg/m³,2020-01-16,3.21,20.0073285,73.7762427,check_required
5592,Gangapur Road,14798,no2,µg/m³,2020-01-17,6.42,20.0073285,73.7762427,check_required
5592,Gangapur Road,14798,no2,µg/m³,2020-01-18,9.23,20.0073285,73.7762427,check_required
5592,Gangapur Road,14798,no2,µg/m³,2020-01-19,8.35,20.0073285,73.7762427,check_required
5592,Gangapur Road,14798,no2,µg/m³,2020-01-20,9.26,20.0073285,73.7762427,check_required
5592,Gangapur Road,14798,no2,µg/m³,2020-01-21,6.49,20.0073285,73.7762427,check_required
5592,Gangapur Road,14798,no2,µg/m³,2020-01-22,5.55,20.0073285,73.7762427,check_required
5592,Gangapur Road,14798,no2,µg/m³,2020-01-23,8.92,20.0073285,73.7762427,check_required
5592,Gangapur Road,14798,no2,µg/m³,2020-01-24,8.92,20.0073285,73.7762427,check_required
5592,Gangapur Road,14798,no2,µg/m³,2020-01-25,7.05,20.0073285,73.7762427,check_required
5592,Gangapur Road,14798,no2,µg/m³,2020-01-26,6.25,20.0073285,73.7762427,check_required
5592,Gangapur Road,14798,no2,µg/m³,2020-01-27,5.35,20.0073285,73.7762427,check_required
5592,Gangapur Road,14798,no2,µg/m³,2020-01-28,3.22,20.0073285,73.7762427,check_required
5592,Gangapur Road,14798,no2,µg/m³,2020-01-29,3.58,20.0073285,73.7762427,check_required
5592,Gangapur Road,14798,no2,µg/m³,2020-01-30,6.28,20.0073285,73.7762427,check_required
5592,Gangapur Road,14798,no2,µg/m³,2020-01-31,4.81,20.0073285,73.7762427,check_required
5592,Gangapur Road,14798,no2,µg/m³,2020-02-01,3.9,20.0073285,73.7762427,check_required
5592,Gangapur Road,14798,no2,µg/m³,2020-02-02,4.49,20.0073285,73.7762427,check_required
5592,Gangapur Road,14798,no2,µg/m³,2020-02-03,4.5,20.0073285,73.7762427,check_required
5592,Gangapur Road,14798,no2,µg/m³,2020-02-04,3.65,20.0073285,73.7762427,check_required
5592,Gangapur Road,14798,no2,µg/m³,2020-02-05,4.57,20.0073285,73.7762427,check_required
5592,Gangapur Road,14798,no2,µg/m³,2020-02-06,3.63,20.0073285,73.7762427,check_required
5592,Gangapur Road,14798,no2,µg/m³,2020-02-07,3.72,20.0073285,73.7762427,check_required
5592,Gangapur Road,14798,no2,µg/m³,2020-02-08,10.7,20.0073285,73.7762427,check_required
5592,Gangapur Road,14798,no2,µg/m³,2020-02-09,9.8,20.0073285,73.7762427,check_required
5592,Gangapur Road,14798,no2,µg/m³,2020-02-10,12.6,20.0073285,73.7762427,check_required
5592,Gangapur Road,14798,no2,µg/m³,2020-02-11,34.2,20.0073285,73.7762427,check_required
5592,Gangapur Road,14798,no2,µg/m³,2020-02-12,48.0,20.0073285,73.7762427,check_required
5592,Gangapur Road,14798,no2,µg/m³,2020-02-13,49.1,20.0073285,73.7762427,check_required
5592,Gangapur Road,14798,no2,µg/m³,2020-02-14,42.2,20.0073285,73.7762427,check_required
5592,Gangapur Road,14798,no2,µg/m³,2020-02-15,47.2,20.0073285,73.7762427,check_required
5592,Gangapur Road,14798,no2,µg/m³,2020-02-16,51.5,20.0073285,73.7762427,check_required
5592,Gangapur Road,14798,no2,µg/m³,2020-02-17,64.9,20.0073285,73.7762427,check_required
5592,Gangapur Road,14798,no2,µg/m³,2020-02-18,50.9,20.0073285,73.7762427,check_required
5592,Gangapur Road,14798,no2,µg/m³,2020-02-19,39.3,20.0073285,73.7762427,check_required
5592,Gangapur Road,14798,no2,µg/m³,2020-02-20,40.1,20.0073285,73.7762427,check_required
5592,Gangapur Road,14798,no2,µg/m³,2020-02-21,40.1,20.0073285,73.7762427,check_required
5592,Gangapur Road,14798,no2,µg/m³,2020-02-22,45.4,20.0073285,73.7762427,check_required
5592,Gangapur Road,14798,no2,µg/m³,2020-02-23,40.1,20.0073285,73.7762427,check_required
5592,Gangapur Road,14798,no2,µg/m³,2020-02-24,37.1,20.0073285,73.7762427,check_required
5592,Gangapur Road,14798,no2,µg/m³,2020-02-25,43.0,20.0073285,73.7762427,check_required
5592,Gangapur Road,14798,no2,µg/m³,2020-02-26,48.1,20.0073285,73.7762427,check_required
5592,Gangapur Road,14798,no2,µg/m³,2020-02-27,54.0,20.0073285,73.7762427,check_required
5592,Gangapur Road,14798,no2,µg/m³,2020-02-28,43.0,20.0073285,73.7762427,check_required
5592,Gangapur Road,14798,no2,µg/m³,2020-02-29,43.1,20.0073285,73.7762427,check_required
5592,Gangapur Road,14798,no2,µg/m³,2020-03-01,36.4,20.0073285,73.7762427,check_required
5592,Gangapur Road,14798,no2,µg/m³,2020-03-02,42.7,20.0073285,73.7762427,check_required
5592,Gangapur Road,14798,no2,µg/m³,2020-03-03,29.3,20.0073285,73.7762427,check_required
5592,Gangapur Road,14798,no2,µg/m³,2020-03-04,28.8,20.0073285,73.7762427,check_required
5592,Gangapur Road,14798,no2,µg/m³,2020-03-05,28.4,20.0073285,73.7762427,check_required
5592,Gangapur Road,14798,no2,µg/m³,2020-03-06,29.7,20.0073285,73.7762427,check_required
5592,Gangapur Road,14798,no2,µg/m³,2020-03-07,26.7,20.0073285,73.7762427,check_required
5592,Gangapur Road,14798,no2,µg/m³,2020-03-08,24.7,20.0073285,73.7762427,check_required
5592,Gangapur Road,14798,no2,µg/m³,2020-03-09,32.9,20.0073285,73.7762427,check_required
5592,Gangapur Road,14798,no2,µg/m³,2020-03-10,27.1,20.0073285,73.7762427,check_required
5592,Gangapur Road,14798,no2,µg/m³,2020-03-11,23.6,20.0073285,73.7762427,check_required
5592,Gangapur Road,14798,no2,µg/m³,2020-03-12,23.0,20.0073285,73.7762427,check_required
5592,Gangapur Road,14798,no2,µg/m³,2020-03-13,19.0,20.0073285,73.7762427,check_required
5592,Gangapur Road,14798,no2,µg/m³,2020-03-14,45.0,20.0073285,73.7762427,check_required
5592,Gangapur Road,14798,no2,µg/m³,2020-03-15,45.5,20.0073285,73.7762427,check_required
5592,Gangapur Road,14798,no2,µg/m³,2020-03-16,45.9,20.0073285,73.7762427,check_required
5592,Gangapur Road,14798,no2,µg/m³,2020-03-17,35.8,20.0073285,73.7762427,check_required
5592,Gangapur Road,14798,no2,µg/m³,2020-03-18,33.9,20.0073285,73.7762427,check_required
5592,Gangapur Road,14798,no2,µg/m³,2020-03-19,25.5,20.0073285,73.7762427,check_required
5592,Gangapur Road,14798,no2,µg/m³,2020-03-20,23.9,20.0073285,73.7762427,check_required
5592,Gangapur Road,14798,no2,µg/m³,2020-03-21,23.4,20.0073285,73.7762427,check_required
5592,Gangapur Road,14798,no2,µg/m³,2020-03-22,25.2,20.0073285,73.7762427,check_required
5592,Gangapur Road,14798,no2,µg/m³,2020-03-23,27.1,20.0073285,73.7762427,check_required
5592,Gangapur Road,14798,no2,µg/m³,2020-03-24,28.2,20.0073285,73.7762427,check_required
5592,Gangapur Road,14798,no2,µg/m³,2020-03-25,28.6,20.0073285,73.7762427,check_required
5592,Gangapur Road,14798,no2,µg/m³,2020-03-26,25.0,20.0073285,73.7762427,check_required
5592,Gangapur Road,14798,no2,µg/m³,2020-03-27,26.4,20.0073285,73.7762427,check_required
5592,Gangapur Road,14798,no2,µg/m³,2020-03-28,23.8,20.0073285,73.7762427,check_required
5592,Gangapur Road,14798,no2,µg/m³,2020-03-29,22.5,20.0073285,73.7762427,check_required
5592,Gangapur Road,14798,no2,µg/m³,2020-03-30,20.5,20.0073285,73.7762427,check_required
5592,Gangapur Road,14798,no2,µg/m³,2020-03-31,21.7,20.0073285,73.7762427,check_required
5592,Gangapur Road,14798,no2,µg/m³,2020-04-01,19.7,20.0073285,73.7762427,check_required
5592,Gangapur Road,14798,no2,µg/m³,2020-04-02,20.1,20.0073285,73.7762427,check_required
5592,Gangapur Road,14798,no2,µg/m³,2020-04-03,20.9,20.0073285,73.7762427,check_required
5592,Gangapur Road,14798,no2,µg/m³,2020-04-04,22.3,20.0073285,73.7762427,check_required
5592,Gangapur Road,14798,no2,µg/m³,2020-04-05,22.0,20.0073285,73.7762427,check_required
5592,Gangapur Road,14798,no2,µg/m³,2020-04-06,21.4,20.0073285,73.7762427,check_required
5592,Gangapur Road,14798,no2,µg/m³,2020-04-07,25.1,20.0073285,73.7762427,check_required
5592,Gangapur Road,14798,no2,µg/m³,2020-04-08,18.8,20.0073285,73.7762427,check_required
5592,Gangapur Road,14798,no2,µg/m³,2020-04-09,19.5,20.0073285,73.7762427,check_required
5592,Gangapur Road,14798,no2,µg/m³,2020-04-10,21.1,20.0073285,73.7762427,check_required
5592,Gangapur Road,14798,no2,µg/m³,2020-04-11,20.9,20.0073285,73.7762427,check_required
5592,Gangapur Road,14798,no2,µg/m³,2020-04-12,21.0,20.0073285,73.7762427,check_required
5592,Gangapur Road,14798,no2,µg/m³,2020-04-13,19.8,20.0073285,73.7762427,check_required
5592,Gangapur Road,14798,no2,µg/m³,2020-04-14,20.0,20.0073285,73.7762427,check_required
5592,Gangapur Road,14798,no2,µg/m³,2020-04-15,21.1,20.0073285,73.7762427,check_required
5592,Gangapur Road,14798,no2,µg/m³,2020-04-16,22.6,20.0073285,73.7762427,check_required
5592,Gangapur Road,14798,no2,µg/m³,2020-04-17,23.4,20.0073285,73.7762427,check_required
5592,Gangapur Road,14798,no2,µg/m³,2020-04-18,20.2,20.0073285,73.7762427,check_required
5592,Gangapur Road,14798,no2,µg/m³,2020-04-19,19.4,20.0073285,73.7762427,check_required
5592,Gangapur Road,14798,no2,µg/m³,2020-04-20,20.1,20.0073285,73.7762427,check_required
5592,Gangapur Road,14798,no2,µg/m³,2020-04-21,19.7,20.0073285,73.7762427,check_required
5592,Gangapur Road,14798,no2,µg/m³,2020-04-22,20.1,20.0073285,73.7762427,check_required
5592,Gangapur Road,14798,no2,µg/m³,2020-04-23,18.7,20.0073285,73.7762427,check_required
5592,Gangapur Road,14798,no2,µg/m³,2020-04-24,19.1,20.0073285,73.7762427,check_required
5592,Gangapur Road,14798,no2,µg/m³,2020-04-26,16.5,20.0073285,73.7762427,check_required
5592,Gangapur Road,14798,no2,µg/m³,2020-04-27,20.6,20.0073285,73.7762427,check_required
5592,Gangapur Road,14798,no2,µg/m³,2020-04-28,18.7,20.0073285,73.7762427,check_required
5592,Gangapur Road,14798,no2,µg/m³,2020-04-29,20.7,20.0073285,73.7762427,check_required
5592,Gangapur Road,14798,no2,µg/m³,2020-04-30,24.3,20.0073285,73.7762427,check_required
5592,Gangapur Road,14798,no2,µg/m³,2020-05-01,22.2,20.0073285,73.7762427,check_required
5592,Gangapur Road,14798,no2,µg/m³,2020-05-02,19.7,20.0073285,73.7762427,check_required
5592,Gangapur Road,14798,no2,µg/m³,2020-05-03,19.0,20.0073285,73.7762427,check_required
5592,Gangapur Road,14798,no2,µg/m³,2020-05-04,18.4,20.0073285,73.7762427,check_required
5592,Gangapur Road,14798,no2,µg/m³,2020-05-05,17.8,20.0073285,73.7762427,check_required
5592,Gangapur Road,14798,no2,µg/m³,2020-05-06,16.8,20.0073285,73.7762427,check_required
5592,Gangapur Road,14798,no2,µg/m³,2020-05-07,15.1,20.0073285,73.7762427,check_required
5592,Gangapur Road,14798,no2,µg/m³,2020-05-08,15.0,20.0073285,73.7762427,check_required
5592,Gangapur Road,14798,no2,µg/m³,2020-05-09,16.3,20.0073285,73.7762427,check_required
5592,Gangapur Road,14798,no2,µg/m³,2020-05-10,18.6,20.0073285,73.7762427,check_required
5592,Gangapur Road,14798,no2,µg/m³,2020-05-11,20.4,20.0073285,73.7762427,check_required
5592,Gangapur Road,14798,no2,µg/m³,2020-05-12,16.3,20.0073285,73.7762427,check_required
5592,Gangapur Road,14798,no2,µg/m³,2020-05-13,26.2,20.0073285,73.7762427,check_required
5592,Gangapur Road,14798,no2,µg/m³,2020-05-14,24.3,20.0073285,73.7762427,check_required
5592,Gangapur Road,14798,no2,µg/m³,2020-05-15,22.2,20.0073285,73.7762427,check_required
5592,Gangapur Road,14798,no2,µg/m³,2020-05-16,20.7,20.0073285,73.7762427,check_required
5592,Gangapur Road,14798,no2,µg/m³,2020-05-17,17.6,20.0073285,73.7762427,check_required
5592,Gangapur Road,14798,no2,µg/m³,2020-05-18,16.1,20.0073285,73.7762427,check_required
5592,Gangapur Road,14798,no2,µg/m³,2020-05-19,17.1,20.0073285,73.7762427,check_required
5592,Gangapur Road,14798,no2,µg/m³,2020-05-20,16.2,20.0073285,73.7762427,check_required
5592,Gangapur Road,14798,no2,µg/m³,2020-05-21,16.6,20.0073285,73.7762427,check_required
5592,Gangapur Road,14798,no2,µg/m³,2020-05-22,14.8,20.0073285,73.7762427,check_required
5592,Gangapur Road,14798,no2,µg/m³,2020-05-23,14.8,20.0073285,73.7762427,check_required
5592,Gangapur Road,14798,no2,µg/m³,2020-05-25,13.6,20.0073285,73.7762427,check_required
5592,Gangapur Road,14798,no2,µg/m³,2020-05-26,12.2,20.0073285,73.7762427,check_required
5592,Gangapur Road,14798,no2,µg/m³,2020-05-27,9.51,20.0073285,73.7762427,check_required
5592,Gangapur Road,14798,no2,µg/m³,2020-05-28,8.82,20.0073285,73.7762427,check_required
5592,Gangapur Road,14798,no2,µg/m³,2020-05-29,8.71,20.0073285,73.7762427,check_required
5592,Gangapur Road,14798,no2,µg/m³,2020-05-30,9.77,20.0073285,73.7762427,check_required
5592,Gangapur Road,14798,no2,µg/m³,2020-05-31,8.22,20.0073285,73.7762427,check_required
5592,Gangapur Road,14798,no2,µg/m³,2020-06-01,9.86,20.0073285,73.7762427,check_required
5592,Gangapur Road,14798,no2,µg/m³,2020-06-04,14.8,20.0073285,73.7762427,check_required
5592,Gangapur Road,14798,no2,µg/m³,2020-06-05,21.9,20.0073285,73.7762427,check_required
5592,Gangapur Road,14798,no2,µg/m³,2020-06-06,10.8,20.0073285,73.7762427,check_required
5592,Gangapur Road,14798,no2,µg/m³,2020-06-07,12.3,20.0073285,73.7762427,check_required
5592,Gangapur Road,14798,no2,µg/m³,2020-06-08,11.3,20.0073285,73.7762427,check_required
5592,Gangapur Road,14798,no2,µg/m³,2020-06-09,15.5,20.0073285,73.7762427,check_required
5592,Gangapur Road,14798,no2,µg/m³,2020-06-10,15.3,20.0073285,73.7762427,check_required
5592,Gangapur Road,14798,no2,µg/m³,2020-06-11,14.5,20.0073285,73.7762427,check_required
5592,Gangapur Road,14798,no2,µg/m³,2020-06-12,16.7,20.0073285,73.7762427,check_required
5592,Gangapur Road,14798,no2,µg/m³,2020-06-13,16.6,20.0073285,73.7762427,check_required
5592,Gangapur Road,14798,no2,µg/m³,2020-06-14,16.3,20.0073285,73.7762427,check_required
5592,Gangapur Road,14798,no2,µg/m³,2020-06-15,14.0,20.0073285,73.7762427,check_required
5592,Gangapur Road,14798,no2,µg/m³,2020-06-16,12.1,20.0073285,73.7762427,check_required
5592,Gangapur Road,14798,no2,µg/m³,2020-06-17,12.8,20.0073285,73.7762427,check_required
5592,Gangapur Road,14798,no2,µg/m³,2020-06-18,13.5,20.0073285,73.7762427,check_required
5592,Gangapur Road,14798,no2,µg/m³,2020-06-19,12.4,20.0073285,73.7762427,check_required
5592,Gangapur Road,14798,no2,µg/m³,2020-06-20,11.5,20.0073285,73.7762427,check_required
5592,Gangapur Road,14798,no2,µg/m³,2020-06-21,10.3,20.0073285,73.7762427,check_required
5592,Gangapur Road,14798,no2,µg/m³,2020-06-22,8.99,20.0073285,73.7762427,check_required
5592,Gangapur Road,14798,no2,µg/m³,2020-06-23,10.4,20.0073285,73.7762427,check_required
5592,Gangapur Road,14798,no2,µg/m³,2020-06-24,11.5,20.0073285,73.7762427,check_required
5592,Gangapur Road,14798,no2,µg/m³,2020-06-25,10.3,20.0073285,73.7762427,check_required
5592,Gangapur Road,14798,no2,µg/m³,2020-06-26,11.4,20.0073285,73.7762427,check_required
5592,Gangapur Road,14798,no2,µg/m³,2020-06-27,11.7,20.0073285,73.7762427,check_required
5592,Gangapur Road,14798,no2,µg/m³,2020-06-28,10.2,20.0073285,73.7762427,check_required
5592,Gangapur Road,14798,no2,µg/m³,2020-06-29,13.4,20.0073285,73.7762427,check_required
5592,Gangapur Road,14798,no2,µg/m³,2020-06-30,13.1,20.0073285,73.7762427,check_required
5592,Gangapur Road,14798,no2,µg/m³,2020-07-01,9.76,20.0073285,73.7762427,check_required
5592,Gangapur Road,14798,no2,µg/m³,2020-07-02,9.54,20.0073285,73.7762427,check_required
5592,Gangapur Road,14798,no2,µg/m³,2020-07-03,9.97,20.0073285,73.7762427,check_required
5592,Gangapur Road,14798,no2,µg/m³,2020-07-04,10.2,20.0073285,73.7762427,check_required
5592,Gangapur Road,14798,no2,µg/m³,2020-07-05,8.73,20.0073285,73.7762427,check_required
5592,Gangapur Road,14798,no2,µg/m³,2020-07-06,7.25,20.0073285,73.7762427,check_required
5592,Gangapur Road,14798,no2,µg/m³,2020-07-07,10.2,20.0073285,73.7762427,check_required
5592,Gangapur Road,14798,no2,µg/m³,2020-07-08,10.2,20.0073285,73.7762427,check_required
5592,Gangapur Road,14798,no2,µg/m³,2020-07-09,9.06,20.0073285,73.7762427,check_required
5592,Gangapur Road,14798,no2,µg/m³,2020-07-10,8.84,20.0073285,73.7762427,check_required
5592,Gangapur Road,14798,no2,µg/m³,2020-07-11,8.69,20.0073285,73.7762427,check_required
5592,Gangapur Road,14798,no2,µg/m³,2020-07-12,8.47,20.0073285,73.7762427,check_required
5592,Gangapur Road,14798,no2,µg/m³,2020-07-13,8.74,20.0073285,73.7762427,check_required
5592,Gangapur Road,14798,no2,µg/m³,2020-07-14,8.33,20.0073285,73.7762427,check_required
5592,Gangapur Road,14798,no2,µg/m³,2020-07-15,11.9,20.0073285,73.7762427,check_required
5592,Gangapur Road,14798,no2,µg/m³,2020-07-16,9.13,20.0073285,73.7762427,check_required
5592,Gangapur Road,14798,no2,µg/m³,2020-07-17,9.42,20.0073285,73.7762427,check_required
5592,Gangapur Road,14798,no2,µg/m³,2020-07-18,9.54,20.0073285,73.7762427,check_required
5592,Gangapur Road,14798,no2,µg/m³,2020-07-19,7.82,20.0073285,73.7762427,check_required
5592,Gangapur Road,14798,no2,µg/m³,2020-07-20,7.65,20.0073285,73.7762427,check_required
5592,Gangapur Road,14798,no2,µg/m³,2020-07-21,8.95,20.0073285,73.7762427,check_required
5592,Gangapur Road,14798,no2,µg/m³,2020-07-22,8.73,20.0073285,73.7762427,check_required
5592,Gangapur Road,14798,no2,µg/m³,2020-07-23,8.02,20.0073285,73.7762427,check_required
5592,Gangapur Road,14798,no2,µg/m³,2020-07-24,16.9,20.0073285,73.7762427,check_required
5592,Gangapur Road,14798,no2,µg/m³,2020-07-25,16.9,20.0073285,73.7762427,check_required
5592,Gangapur Road,14798,no2,µg/m³,2020-07-26,16.9,20.0073285,73.7762427,check_required
5592,Gangapur Road,14798,no2,µg/m³,2020-07-27,14.8,20.0073285,73.7762427,check_required
5592,Gangapur Road,14798,no2,µg/m³,2020-07-28,13.4,20.0073285,73.7762427,check_required
5592,Gangapur Road,14798,no2,µg/m³,2020-07-29,17.0,20.0073285,73.7762427,check_required
5592,Gangapur Road,14798,no2,µg/m³,2020-07-30,15.0,20.0073285,73.7762427,check_required
5592,Gangapur Road,14798,no2,µg/m³,2020-07-31,13.7,20.0073285,73.7762427,check_required
5592,Gangapur Road,14798,no2,µg/m³,2020-08-04,16.1,20.0073285,73.7762427,check_required
5592,Gangapur Road,14798,no2,µg/m³,2020-08-05,12.5,20.0073285,73.7762427,check_required
5592,Gangapur Road,14798,no2,µg/m³,2020-08-06,19.5,20.0073285,73.7762427,check_required
5592,Gangapur Road,14798,no2,µg/m³,2020-08-07,14.1,20.0073285,73.7762427,check_required
5592,Gangapur Road,14798,no2,µg/m³,2020-08-08,12.6,20.0073285,73.7762427,check_required
5592,Gangapur Road,14798,no2,µg/m³,2020-08-09,10.1,20.0073285,73.7762427,check_required
5592,Gangapur Road,14798,no2,µg/m³,2020-08-10,16.5,20.0073285,73.7762427,check_required
5592,Gangapur Road,14798,no2,µg/m³,2020-08-11,18.5,20.0073285,73.7762427,check_required
5592,Gangapur Road,14798,no2,µg/m³,2020-08-12,12.2,20.0073285,73.7762427,check_required
5592,Gangapur Road,14798,no2,µg/m³,2020-08-13,20.3,20.0073285,73.7762427,check_required
5592,Gangapur Road,14798,no2,µg/m³,2020-08-14,17.8,20.0073285,73.7762427,check_required
5592,Gangapur Road,14798,no2,µg/m³,2020-08-16,16.7,20.0073285,73.7762427,check_required
5592,Gangapur Road,14798,no2,µg/m³,2020-08-17,24.3,20.0073285,73.7762427,check_required
5592,Gangapur Road,14798,no2,µg/m³,2020-08-18,15.4,20.0073285,73.7762427,check_required
5592,Gangapur Road,14798,no2,µg/m³,2020-08-19,18.2,20.0073285,73.7762427,check_required
5592,Gangapur Road,14798,no2,µg/m³,2020-08-22,23.1,20.0073285,73.7762427,check_required
5592,Gangapur Road,14798,no2,µg/m³,2020-08-23,17.0,20.0073285,73.7762427,check_required
5592,Gangapur Road,14798,no2,µg/m³,2020-08-24,22.1,20.0073285,73.7762427,check_required
5592,Gangapur Road,14798,no2,µg/m³,2020-08-25,19.2,20.0073285,73.7762427,check_required
5592,Gangapur Road,14798,no2,µg/m³,2020-08-26,25.7,20.0073285,73.7762427,check_required
5592,Gangapur Road,14798,no2,µg/m³,2020-08-27,19.1,20.0073285,73.7762427,check_required
5592,Gangapur Road,14798,no2,µg/m³,2020-08-28,18.1,20.0073285,73.7762427,check_required
5592,Gangapur Road,14798,no2,µg/m³,2020-08-30,26.1,20.0073285,73.7762427,check_required
5592,Gangapur Road,14798,no2,µg/m³,2020-08-31,24.9,20.0073285,73.7762427,check_required
5592,Gangapur Road,14798,no2,µg/m³,2020-09-01,15.2,20.0073285,73.7762427,check_required
5592,Gangapur Road,14798,no2,µg/m³,2020-09-03,18.3,20.0073285,73.7762427,check_required
5592,Gangapur Road,14798,no2,µg/m³,2020-09-04,21.3,20.0073285,73.7762427,check_required
5592,Gangapur Road,14798,no2,µg/m³,2020-09-06,17.2,20.0073285,73.7762427,check_required
5592,Gangapur Road,14798,no2,µg/m³,2020-09-07,15.7,20.0073285,73.7762427,check_required
5592,Gangapur Road,14798,no2,µg/m³,2020-09-09,40.4,20.0073285,73.7762427,check_required
5592,Gangapur Road,14798,no2,µg/m³,2020-09-10,20.2,20.0073285,73.7762427,check_required
5592,Gangapur Road,14798,no2,µg/m³,2020-09-11,26.0,20.0073285,73.7762427,check_required
5592,Gangapur Road,14798,no2,µg/m³,2020-09-12,12.3,20.0073285,73.7762427,check_required
5592,Gangapur Road,14798,no2,µg/m³,2020-09-13,14.2,20.0073285,73.7762427,check_required
5592,Gangapur Road,14798,no2,µg/m³,2020-09-14,15.2,20.0073285,73.7762427,check_required
5592,Gangapur Road,14798,no2,µg/m³,2020-09-15,17.3,20.0073285,73.7762427,check_required
5592,Gangapur Road,14798,no2,µg/m³,2020-09-16,13.7,20.0073285,73.7762427,check_required
5592,Gangapur Road,14798,no2,µg/m³,2020-09-17,11.1,20.0073285,73.7762427,check_required
5592,Gangapur Road,14798,no2,µg/m³,2020-09-18,15.2,20.0073285,73.7762427,check_required
5592,Gangapur Road,14798,no2,µg/m³,2020-09-19,12.5,20.0073285,73.7762427,check_required
5592,Gangapur Road,14798,no2,µg/m³,2020-09-20,16.4,20.0073285,73.7762427,check_required
5592,Gangapur Road,14798,no2,µg/m³,2020-09-21,17.4,20.0073285,73.7762427,check_required
5592,Gangapur Road,14798,no2,µg/m³,2020-09-22,13.0,20.0073285,73.7762427,check_required
5592,Gangapur Road,14798,no2,µg/m³,2020-09-23,14.3,20.0073285,73.7762427,check_required
5592,Gangapur Road,14798,no2,µg/m³,2020-09-24,13.1,20.0073285,73.7762427,check_required
5592,Gangapur Road,14798,no2,µg/m³,2020-09-25,15.4,20.0073285,73.7762427,check_required
5592,Gangapur Road,14798,no2,µg/m³,2020-09-26,13.1,20.0073285,73.7762427,check_required
5592,Gangapur Road,14798,no2,µg/m³,2020-09-27,15.7,20.0073285,73.7762427,check_required
5592,Gangapur Road,14798,no2,µg/m³,2020-09-28,15.2,20.0073285,73.7762427,check_required
5592,Gangapur Road,14798,no2,µg/m³,2020-09-29,14.5,20.0073285,73.7762427,check_required
5592,Gangapur Road,14798,no2,µg/m³,2020-09-30,14.1,20.0073285,73.7762427,check_required
5592,Gangapur Road,14798,no2,µg/m³,2020-10-01,11.8,20.0073285,73.7762427,check_required
5592,Gangapur Road,14798,no2,µg/m³,2020-10-02,19.9,20.0073285,73.7762427,check_required
5592,Gangapur Road,14798,no2,µg/m³,2020-10-03,19.7,20.0073285,73.7762427,check_required
5592,Gangapur Road,14798,no2,µg/m³,2020-10-04,13.3,20.0073285,73.7762427,check_required
5592,Gangapur Road,14798,no2,µg/m³,2020-10-05,12.7,20.0073285,73.7762427,check_required
5592,Gangapur Road,14798,no2,µg/m³,2020-10-06,17.6,20.0073285,73.7762427,check_required
5592,Gangapur Road,14798,no2,µg/m³,2020-10-07,15.2,20.0073285,73.7762427,check_required
5592,Gangapur Road,14798,no2,µg/m³,2020-10-08,22.3,20.0073285,73.7762427,check_required
5592,Gangapur Road,14798,no2,µg/m³,2020-10-09,23.2,20.0073285,73.7762427,check_required
5592,Gangapur Road,14798,no2,µg/m³,2020-10-10,25.0,20.0073285,73.7762427,check_required
5592,Gangapur Road,14798,no2,µg/m³,2020-10-11,15.7,20.0073285,73.7762427,check_required
5592,Gangapur Road,14798,no2,µg/m³,2020-10-12,27.9,20.0073285,73.7762427,check_required
5592,Gangapur Road,14798,no2,µg/m³,2020-10-13,26.1,20.0073285,73.7762427,check_required
5592,Gangapur Road,14798,no2,µg/m³,2020-10-14,19.7,20.0073285,73.7762427,check_required
5592,Gangapur Road,14798,no2,µg/m³,2020-10-15,19.0,20.0073285,73.7762427,check_required
5592,Gangapur Road,14798,no2,µg/m³,2020-10-16,24.7,20.0073285,73.7762427,check_required
5592,Gangapur Road,14798,no2,µg/m³,2020-10-17,20.3,20.0073285,73.7762427,check_required
5592,Gangapur Road,14798,no2,µg/m³,2020-10-18,19.1,20.0073285,73.7762427,check_required
5592,Gangapur Road,14798,no2,µg/m³,2020-10-19,21.5,20.0073285,73.7762427,check_required
5592,Gangapur Road,14798,no2,µg/m³,2020-10-20,16.1,20.0073285,73.7762427,check_required
5592,Gangapur Road,14798,no2,µg/m³,2020-10-21,19.4,20.0073285,73.7762427,check_required
5592,Gangapur Road,14798,no2,µg/m³,2020-10-22,22.0,20.0073285,73.7762427,check_required
5592,Gangapur Road,14798,no2,µg/m³,2020-10-23,32.0,20.0073285,73.7762427,check_required
5592,Gangapur Road,14798,no2,µg/m³,2020-10-24,31.5,20.0073285,73.7762427,check_required
5592,Gangapur Road,14798,no2,µg/m³,2020-10-26,35.0,20.0073285,73.7762427,check_required
5592,Gangapur Road,14798,no2,µg/m³,2020-10-27,31.8,20.0073285,73.7762427,check_required
5592,Gangapur Road,14798,no2,µg/m³,2020-10-28,33.3,20.0073285,73.7762427,check_required
5592,Gangapur Road,14798,no2,µg/m³,2020-10-29,23.3,20.0073285,73.7762427,check_required
5592,Gangapur Road,14798,no2,µg/m³,2020-10-30,33.9,20.0073285,73.7762427,check_required
5592,Gangapur Road,14798,no2,µg/m³,2020-10-31,27.7,20.0073285,73.7762427,check_required
5592,Gangapur Road,14798,no2,µg/m³,2020-11-01,24.2,20.0073285,73.7762427,check_required
5592,Gangapur Road,14798,no2,µg/m³,2020-11-02,43.7,20.0073285,73.7762427,check_required
5592,Gangapur Road,14798,no2,µg/m³,2020-11-03,36.4,20.0073285,73.7762427,check_required
5592,Gangapur Road,14798,no2,µg/m³,2020-11-04,38.8,20.0073285,73.7762427,check_required
5592,Gangapur Road,14798,no2,µg/m³,2020-11-05,38.6,20.0073285,73.7762427,check_required
5592,Gangapur Road,14798,no2,µg/m³,2020-11-06,25.1,20.0073285,73.7762427,check_required
5592,Gangapur Road,14798,no2,µg/m³,2020-11-07,35.6,20.0073285,73.7762427,check_required
5592,Gangapur Road,14798,no2,µg/m³,2020-11-08,54.3,20.0073285,73.7762427,check_required
5592,Gangapur Road,14798,no2,µg/m³,2020-11-09,52.8,20.0073285,73.7762427,check_required
5592,Gangapur Road,14798,no2,µg/m³,2020-11-10,46.2,20.0073285,73.7762427,check_required
5592,Gangapur Road,14798,no2,µg/m³,2020-11-11,40.8,20.0073285,73.7762427,check_required
5592,Gangapur Road,14798,no2,µg/m³,2020-11-12,45.1,20.0073285,73.7762427,check_required
5592,Gangapur Road,14798,no2,µg/m³,2020-11-13,37.3,20.0073285,73.7762427,check_required
5592,Gangapur Road,14798,no2,µg/m³,2020-11-14,30.0,20.0073285,73.7762427,check_required
5592,Gangapur Road,14798,no2,µg/m³,2020-11-15,35.1,20.0073285,73.7762427,check_required
5592,Gangapur Road,14798,no2,µg/m³,2020-11-16,36.3,20.0073285,73.7762427,check_required
5592,Gangapur Road,14798,no2,µg/m³,2020-11-17,30.3,20.0073285,73.7762427,check_required
5592,Gangapur Road,14798,no2,µg/m³,2020-11-18,25.7,20.0073285,73.7762427,check_required
5592,Gangapur Road,14798,no2,µg/m³,2020-11-19,21.5,20.0073285,73.7762427,check_required
5592,Gangapur Road,14798,no2,µg/m³,2020-11-20,27.0,20.0073285,73.7762427,check_required
5592,Gangapur Road,14798,no2,µg/m³,2020-11-21,33.1,20.0073285,73.7762427,check_required
5592,Gangapur Road,14798,no2,µg/m³,2020-11-22,26.6,20.0073285,73.7762427,check_required
5592,Gangapur Road,14798,no2,µg/m³,2020-11-23,28.0,20.0073285,73.7762427,check_required
5592,Gangapur Road,14798,no2,µg/m³,2020-11-24,28.3,20.0073285,73.7762427,check_required
5592,Gangapur Road,14798,no2,µg/m³,2020-11-25,37.4,20.0073285,73.7762427,check_required
5592,Gangapur Road,14798,no2,µg/m³,2020-11-26,32.4,20.0073285,73.7762427,check_required
5592,Gangapur Road,14798,no2,µg/m³,2020-11-27,33.6,20.0073285,73.7762427,check_required
5592,Gangapur Road,14798,no2,µg/m³,2020-11-28,37.0,20.0073285,73.7762427,check_required
5592,Gangapur Road,14798,no2,µg/m³,2020-11-29,33.7,20.0073285,73.7762427,check_required
5592,Gangapur Road,14798,no2,µg/m³,2020-11-30,41.3,20.0073285,73.7762427,check_required
5592,Gangapur Road,14798,no2,µg/m³,2020-12-01,68.0,20.0073285,73.7762427,check_required
5592,Gangapur Road,14798,no2,µg/m³,2020-12-02,40.5,20.0073285,73.7762427,check_required
5592,Gangapur Road,14798,no2,µg/m³,2020-12-03,29.7,20.0073285,73.7762427,check_required
5592,Gangapur Road,14798,no2,µg/m³,2020-12-04,56.2,20.0073285,73.7762427,check_required
5592,Gangapur Road,14798,no2,µg/m³,2020-12-05,41.8,20.0073285,73.7762427,check_required
5592,Gangapur Road,14798,no2,µg/m³,2020-12-06,51.2,20.0073285,73.7762427,check_required
5592,Gangapur Road,14798,no2,µg/m³,2020-12-07,53.4,20.0073285,73.7762427,check_required
5592,Gangapur Road,14798,no2,µg/m³,2020-12-08,70.7,20.0073285,73.7762427,check_required
5592,Gangapur Road,14798,no2,µg/m³,2020-12-09,55.2,20.0073285,73.7762427,check_required
5592,Gangapur Road,14798,no2,µg/m³,2020-12-10,45.0,20.0073285,73.7762427,check_required
5592,Gangapur Road,14798,no2,µg/m³,2020-12-11,43.7,20.0073285,73.7762427,check_required
5592,Gangapur Road,14798,no2,µg/m³,2020-12-14,42.1,20.0073285,73.7762427,check_required
5592,Gangapur Road,14798,no2,µg/m³,2020-12-15,33.2,20.0073285,73.7762427,check_required
5592,Gangapur Road,14798,no2,µg/m³,2020-12-16,29.8,20.0073285,73.7762427,check_required
5592,Gangapur Road,14798,no2,µg/m³,2020-12-17,48.2,20.0073285,73.7762427,check_required
5592,Gangapur Road,14798,no2,µg/m³,2020-12-18,39.4,20.0073285,73.7762427,check_required
5592,Gangapur Road,14798,no2,µg/m³,2020-12-19,52.4,20.0073285,73.7762427,check_required
5592,Gangapur Road,14798,no2,µg/m³,2020-12-20,44.1,20.0073285,73.7762427,check_required
5592,Gangapur Road,14798,no2,µg/m³,2020-12-21,38.1,20.0073285,73.7762427,check_required
5592,Gangapur Road,14798,no2,µg/m³,2020-12-22,122.0,20.0073285,73.7762427,check_required
5592,Gangapur Road,14798,no2,µg/m³,2020-12-23,31.2,20.0073285,73.7762427,check_required
5592,Gangapur Road,14798,no2,µg/m³,2020-12-24,69.1,20.0073285,73.7762427,check_required
5592,Gangapur Road,14798,no2,µg/m³,2020-12-25,72.2,20.0073285,73.7762427,check_required
5592,Gangapur Road,14798,no2,µg/m³,2020-12-26,72.1,20.0073285,73.7762427,check_required
5592,Gangapur Road,14798,no2,µg/m³,2020-12-27,35.6,20.0073285,73.7762427,check_required
5592,Gangapur Road,14798,no2,µg/m³,2020-12-28,38.6,20.0073285,73.7762427,check_required
5592,Gangapur Road,14798,no2,µg/m³,2020-12-29,49.9,20.0073285,73.7762427,check_required
5592,Gangapur Road,14798,no2,µg/m³,2020-12-31,26.0,20.0073285,73.7762427,check_required
5592,Gangapur Road,14798,no2,µg/m³,2021-01-01,38.6,20.0073285,73.7762427,check_required
5592,Gangapur Road,14798,no2,µg/m³,2021-01-02,38.5,20.0073285,73.7762427,check_required
5592,Gangapur Road,14798,no2,µg/m³,2021-01-03,31.5,20.0073285,73.7762427,check_required
5592,Gangapur Road,14798,no2,µg/m³,2021-01-04,29.9,20.0073285,73.7762427,check_required
5592,Gangapur Road,14798,no2,µg/m³,2021-01-05,33.8,20.0073285,73.7762427,check_required
5592,Gangapur Road,14798,no2,µg/m³,2021-01-06,34.6,20.0073285,73.7762427,check_required
5592,Gangapur Road,14798,no2,µg/m³,2021-01-07,42.3,20.0073285,73.7762427,check_required
5592,Gangapur Road,14798,no2,µg/m³,2021-01-08,32.2,20.0073285,73.7762427,check_required
5592,Gangapur Road,14798,no2,µg/m³,2021-01-09,30.6,20.0073285,73.7762427,check_required
5592,Gangapur Road,14798,no2,µg/m³,2021-01-10,35.6,20.0073285,73.7762427,check_required
5592,Gangapur Road,14798,no2,µg/m³,2021-01-11,45.0,20.0073285,73.7762427,check_required
5592,Gangapur Road,14798,no2,µg/m³,2021-01-12,51.2,20.0073285,73.7762427,check_required
5592,Gangapur Road,14798,no2,µg/m³,2021-01-13,32.1,20.0073285,73.7762427,check_required
5592,Gangapur Road,14798,no2,µg/m³,2021-01-14,27.3,20.0073285,73.7762427,check_required
5592,Gangapur Road,14798,no2,µg/m³,2021-01-15,40.3,20.0073285,73.7762427,check_required
5592,Gangapur Road,14798,no2,µg/m³,2021-01-16,34.6,20.0073285,73.7762427,check_required
5592,Gangapur Road,14798,no2,µg/m³,2021-01-17,36.5,20.0073285,73.7762427,check_required
5592,Gangapur Road,14798,no2,µg/m³,2021-01-18,34.7,20.0073285,73.7762427,check_required
5592,Gangapur Road,14798,no2,µg/m³,2021-01-19,25.0,20.0073285,73.7762427,check_required
5592,Gangapur Road,14798,no2,µg/m³,2021-01-20,22.5,20.0073285,73.7762427,check_required
5592,Gangapur Road,14798,no2,µg/m³,2021-01-21,25.4,20.0073285,73.7762427,check_required
5592,Gangapur Road,14798,no2,µg/m³,2021-01-22,97.7,20.0073285,73.7762427,check_required
5592,Gangapur Road,14798,no2,µg/m³,2021-01-23,28.9,20.0073285,73.7762427,check_required
5592,Gangapur Road,14798,no2,µg/m³,2021-01-24,34.4,20.0073285,73.7762427,check_required
5592,Gangapur Road,14798,no2,µg/m³,2021-01-25,43.2,20.0073285,73.7762427,check_required
5592,Gangapur Road,14798,no2,µg/m³,2021-01-26,37.0,20.0073285,73.7762427,check_required
5592,Gangapur Road,14798,no2,µg/m³,2021-01-27,29.3,20.0073285,73.7762427,check_required
5592,Gangapur Road,14798,no2,µg/m³,2021-02-05,50.5,20.0073285,73.7762427,check_required
5592,Gangapur Road,14798,no2,µg/m³,2021-02-06,61.8,20.0073285,73.7762427,check_required
5592,Gangapur Road,14798,no2,µg/m³,2021-02-07,78.3,20.0073285,73.7762427,check_required
5592,Gangapur Road,14798,no2,µg/m³,2021-02-08,63.8,20.0073285,73.7762427,check_required
5592,Gangapur Road,14798,no2,µg/m³,2021-02-09,70.5,20.0073285,73.7762427,check_required
5592,Gangapur Road,14798,no2,µg/m³,2021-02-10,38.3,20.0073285,73.7762427,check_required
5592,Gangapur Road,14798,no2,µg/m³,2021-02-11,54.7,20.0073285,73.7762427,check_required
5592,Gangapur Road,14798,no2,µg/m³,2021-02-12,46.2,20.0073285,73.7762427,check_required
5592,Gangapur Road,14798,no2,µg/m³,2021-02-13,41.9,20.0073285,73.7762427,check_required
5592,Gangapur Road,14798,no2,µg/m³,2021-02-14,34.7,20.0073285,73.7762427,check_required
5592,Gangapur Road,14798,no2,µg/m³,2021-02-15,33.8,20.0073285,73.7762427,check_required
5592,Gangapur Road,14798,no2,µg/m³,2021-02-16,32.8,20.0073285,73.7762427,check_required
5592,Gangapur Road,14798,no2,µg/m³,2021-02-17,24.1,20.0073285,73.7762427,check_required
5592,Gangapur Road,14798,no2,µg/m³,2021-02-18,44.3,20.0073285,73.7762427,check_required
5592,Gangapur Road,14798,no2,µg/m³,2021-02-19,25.1,20.0073285,73.7762427,check_required
5592,Gangapur Road,14798,no2,µg/m³,2021-02-21,57.6,20.0073285,73.7762427,check_required
5592,Gangapur Road,14798,no2,µg/m³,2021-02-22,32.3,20.0073285,73.7762427,check_required
5592,Gangapur Road,14798,no2,µg/m³,2021-02-23,14.7,20.0073285,73.7762427,check_required
5592,Gangapur Road,14798,no2,µg/m³,2021-02-24,29.9,20.0073285,73.7762427,check_required
5592,Gangapur Road,14798,no2,µg/m³,2021-02-25,36.1,20.0073285,73.7762427,check_required
5592,Gangapur Road,14798,no2,µg/m³,2021-02-26,28.7,20.0073285,73.7762427,check_required
5592,Gangapur Road,14798,no2,µg/m³,2021-03-01,37.0,20.0073285,73.7762427,check_required
5592,Gangapur Road,14798,no2,µg/m³,2021-03-02,38.4,20.0073285,73.7762427,check_required
5592,Gangapur Road,14798,no2,µg/m³,2021-03-03,24.6,20.0073285,73.7762427,check_required
5592,Gangapur Road,14798,no2,µg/m³,2021-03-04,49.8,20.0073285,73.7762427,check_required
5592,Gangapur Road,14798,no2,µg/m³,2021-03-05,58.8,20.0073285,73.7762427,check_required
5592,Gangapur Road,14798,no2,µg/m³,2021-03-06,57.1,20.0073285,73.7762427,check_required
5592,Gangapur Road,14798,no2,µg/m³,2021-03-07,27.3,20.0073285,73.7762427,check_required
5592,Gangapur Road,14798,no2,µg/m³,2021-03-08,32.2,20.0073285,73.7762427,check_required
5592,Gangapur Road,14798,no2,µg/m³,2021-03-13,64.8,20.0073285,73.7762427,check_required
5592,Gangapur Road,14798,no2,µg/m³,2021-03-14,25.5,20.0073285,73.7762427,check_required
5592,Gangapur Road,14798,no2,µg/m³,2021-03-17,25.6,20.0073285,73.7762427,check_required
5592,Gangapur Road,14798,no2,µg/m³,2021-03-18,36.0,20.0073285,73.7762427,check_required
5592,Gangapur Road,14798,no2,µg/m³,2021-03-19,27.2,20.0073285,73.7762427,check_required
5592,Gangapur Road,14798,no2,µg/m³,2021-03-20,53.4,20.0073285,73.7762427,check_required
5592,Gangapur Road,14798,no2,µg/m³,2021-03-21,45.7,20.0073285,73.7762427,check_required
5592,Gangapur Road,14798,no2,µg/m³,2021-03-22,70.6,20.0073285,73.7762427,check_required
5592,Gangapur Road,14798,no2,µg/m³,2021-03-23,51.3,20.0073285,73.7762427,check_required
5592,Gangapur Road,14798,no2,µg/m³,2021-03-24,60.8,20.0073285,73.7762427,check_required
5592,Gangapur Road,14798,no2,µg/m³,2021-03-25,32.9,20.0073285,73.7762427,check_required
5592,Gangapur Road,14798,no2,µg/m³,2021-03-26,39.7,20.0073285,73.7762427,check_required
5592,Gangapur Road,14798,no2,µg/m³,2021-03-28,67.8,20.0073285,73.7762427,check_required
5592,Gangapur Road,14798,no2,µg/m³,2021-03-29,19.3,20.0073285,73.7762427,check_required
5592,Gangapur Road,14798,no2,µg/m³,2021-04-07,19.1,20.0073285,73.7762427,check_required
5592,Gangapur Road,14798,no2,µg/m³,2021-04-08,20.6,20.0073285,73.7762427,check_required
5592,Gangapur Road,14798,no2,µg/m³,2021-04-09,12.2,20.0073285,73.7762427,check_required
5592,Gangapur Road,14798,no2,µg/m³,2021-04-13,23.4,20.0073285,73.7762427,check_required
5592,Gangapur Road,14798,no2,µg/m³,2021-04-15,17.2,20.0073285,73.7762427,check_required
5592,Gangapur Road,14798,no2,µg/m³,2021-04-20,21.9,20.0073285,73.7762427,check_required
5592,Gangapur Road,14798,no2,µg/m³,2021-04-22,20.6,20.0073285,73.7762427,check_required
5592,Gangapur Road,14798,no2,µg/m³,2021-04-23,12.5,20.0073285,73.7762427,check_required
5592,Gangapur Road,14798,no2,µg/m³,2021-05-05,23.0,20.0073285,73.7762427,check_required
5592,Gangapur Road,14798,no2,µg/m³,2021-05-12,11.2,20.0073285,73.7762427,check_required
5592,Gangapur Road,14798,no2,µg/m³,2021-05-13,10.6,20.0073285,73.7762427,check_required
5592,Gangapur Road,14798,no2,µg/m³,2021-05-15,13.9,20.0073285,73.7762427,check_required
5592,Gangapur Road,14798,no2,µg/m³,2021-05-17,223.0,20.0073285,73.7762427,check_required
5592,Gangapur Road,14798,no2,µg/m³,2021-05-19,18.0,20.0073285,73.7762427,check_required
5592,Gangapur Road,14798,no2,µg/m³,2021-05-20,6.93,20.0073285,73.7762427,check_required
5592,Gangapur Road,14798,no2,µg/m³,2021-05-25,9.95,20.0073285,73.7762427,check_required
5592,Gangapur Road,14798,no2,µg/m³,2021-06-01,12.1,20.0073285,73.7762427,check_required
5592,Gangapur Road,14798,no2,µg/m³,2021-06-02,16.6,20.0073285,73.7762427,check_required
5592,Gangapur Road,14798,no2,µg/m³,2021-06-03,0.17,20.0073285,73.7762427,check_required
5592,Gangapur Road,14798,no2,µg/m³,2021-06-04,7.98,20.0073285,73.7762427,check_required
5592,Gangapur Road,14798,no2,µg/m³,2021-06-06,7.91,20.0073285,73.7762427,check_required
5592,Gangapur Road,14798,no2,µg/m³,2021-06-07,8.01,20.0073285,73.7762427,check_required
5592,Gangapur Road,14798,no2,µg/m³,2021-06-08,7.88,20.0073285,73.7762427,check_required
5592,Gangapur Road,14798,no2,µg/m³,2021-06-20,48.8,20.0073285,73.7762427,check_required
5592,Gangapur Road,14798,no2,µg/m³,2021-06-24,39.6,20.0073285,73.7762427,check_required
5592,Gangapur Road,14798,no2,µg/m³,2021-06-26,33.3,20.0073285,73.7762427,check_required
5592,Gangapur Road,14798,no2,µg/m³,2021-06-27,28.4,20.0073285,73.7762427,check_required
5592,Gangapur Road,14798,no2,µg/m³,2021-06-28,28.1,20.0073285,73.7762427,check_required
5592,Gangapur Road,14798,no2,µg/m³,2021-06-29,25.9,20.0073285,73.7762427,check_required
5592,Gangapur Road,14798,no2,µg/m³,2021-07-01,24.6,20.0073285,73.7762427,check_required
5592,Gangapur Road,14798,no2,µg/m³,2021-07-04,21.7,20.0073285,73.7762427,check_required
5592,Gangapur Road,14798,no2,µg/m³,2021-07-06,19.3,20.0073285,73.7762427,check_required
5592,Gangapur Road,14798,no2,µg/m³,2021-07-08,23.9,20.0073285,73.7762427,check_required
5592,Gangapur Road,14798,no2,µg/m³,2021-07-09,23.5,20.0073285,73.7762427,check_required
5592,Gangapur Road,14798,no2,µg/m³,2021-07-15,29.9,20.0073285,73.7762427,check_required
5592,Gangapur Road,14798,no2,µg/m³,2021-07-18,18.7,20.0073285,73.7762427,check_required
5592,Gangapur Road,14798,no2,µg/m³,2021-07-19,17.1,20.0073285,73.7762427,check_required
5592,Gangapur Road,14798,no2,µg/m³,2021-07-20,21.1,20.0073285,73.7762427,check_required
5592,Gangapur Road,14798,no2,µg/m³,2021-07-21,14.6,20.0073285,73.7762427,check_required
5592,Gangapur Road,14798,no2,µg/m³,2021-07-22,16.0,20.0073285,73.7762427,check_required
5592,Gangapur Road,14798,no2,µg/m³,2021-07-23,21.6,20.0073285,73.7762427,check_required
5592,Gangapur Road,14798,no2,µg/m³,2021-07-24,21.0,20.0073285,73.7762427,check_required
5592,Gangapur Road,14798,no2,µg/m³,2021-07-25,16.7,20.0073285,73.7762427,check_required
5592,Gangapur Road,14798,no2,µg/m³,2021-08-25,22.3,20.0073285,73.7762427,check_required
5592,Gangapur Road,14798,no2,µg/m³,2021-09-01,24.3,20.0073285,73.7762427,check_required
5592,Gangapur Road,14798,no2,µg/m³,2021-09-02,15.9,20.0073285,73.7762427,check_required
5592,Gangapur Road,14798,no2,µg/m³,2021-09-03,13.2,20.0073285,73.7762427,check_required
5592,Gangapur Road,14798,no2,µg/m³,2021-09-08,21.5,20.0073285,73.7762427,check_required
5592,Gangapur Road,14798,no2,µg/m³,2021-09-09,16.9,20.0073285,73.7762427,check_required
5592,Gangapur Road,14798,no2,µg/m³,2021-09-11,13.3,20.0073285,73.7762427,check_required
5592,Gangapur Road,14798,no2,µg/m³,2021-09-12,15.9,20.0073285,73.7762427,check_required
5592,Gangapur Road,14798,no2,µg/m³,2021-09-13,19.2,20.0073285,73.7762427,check_required
5592,Gangapur Road,14798,no2,µg/m³,2021-09-14,14.7,20.0073285,73.7762427,check_required
5592,Gangapur Road,14798,no2,µg/m³,2021-09-15,23.0,20.0073285,73.7762427,check_required
5592,Gangapur Road,14798,no2,µg/m³,2021-09-16,16.7,20.0073285,73.7762427,check_required
5592,Gangapur Road,14798,no2,µg/m³,2021-09-17,18.5,20.0073285,73.7762427,check_required
5592,Gangapur Road,14798,no2,µg/m³,2021-09-18,19.6,20.0073285,73.7762427,check_required
5592,Gangapur Road,14798,no2,µg/m³,2021-09-19,14.5,20.0073285,73.7762427,check_required
5592,Gangapur Road,14798,no2,µg/m³,2021-09-20,14.9,20.0073285,73.7762427,check_required
5592,Gangapur Road,14798,no2,µg/m³,2021-09-21,16.3,20.0073285,73.7762427,check_required
5592,Gangapur Road,14798,no2,µg/m³,2021-09-22,17.7,20.0073285,73.7762427,check_required
5592,Gangapur Road,14798,no2,µg/m³,2021-09-23,11.7,20.0073285,73.7762427,check_required
5592,Gangapur Road,14798,no2,µg/m³,2021-09-24,14.8,20.0073285,73.7762427,check_required
5592,Gangapur Road,14798,no2,µg/m³,2021-09-25,12.5,20.0073285,73.7762427,check_required
5592,Gangapur Road,14798,no2,µg/m³,2021-09-26,12.9,20.0073285,73.7762427,check_required
5592,Gangapur Road,14798,no2,µg/m³,2021-09-27,13.6,20.0073285,73.7762427,check_required
5592,Gangapur Road,14798,no2,µg/m³,2021-09-28,18.4,20.0073285,73.7762427,check_required
5592,Gangapur Road,14798,no2,µg/m³,2021-09-29,10.9,20.0073285,73.7762427,check_required
5592,Gangapur Road,14798,no2,µg/m³,2021-09-30,21.2,20.0073285,73.7762427,check_required
5592,Gangapur Road,14798,no2,µg/m³,2021-10-13,66.7,20.0073285,73.7762427,check_required
5592,Gangapur Road,14798,no2,µg/m³,2021-10-14,28.7,20.0073285,73.7762427,check_required
5592,Gangapur Road,14798,no2,µg/m³,2021-10-15,24.8,20.0073285,73.7762427,check_required
5592,Gangapur Road,14798,no2,µg/m³,2021-10-16,18.6,20.0073285,73.7762427,check_required
5592,Gangapur Road,14798,no2,µg/m³,2021-10-17,23.5,20.0073285,73.7762427,check_required
5592,Gangapur Road,14798,no2,µg/m³,2021-10-18,17.6,20.0073285,73.7762427,check_required
5592,Gangapur Road,14798,no2,µg/m³,2021-10-19,21.1,20.0073285,73.7762427,check_required
5592,Gangapur Road,14798,no2,µg/m³,2021-10-20,23.4,20.0073285,73.7762427,check_required
5592,Gangapur Road,14798,no2,µg/m³,2021-10-21,26.2,20.0073285,73.7762427,check_required
5592,Gangapur Road,14798,no2,µg/m³,2021-10-22,21.3,20.0073285,73.7762427,check_required
5592,Gangapur Road,14798,no2,µg/m³,2021-10-23,23.8,20.0073285,73.7762427,check_required
5592,Gangapur Road,14798,no2,µg/m³,2021-10-24,19.3,20.0073285,73.7762427,check_required
5592,Gangapur Road,14798,no2,µg/m³,2021-10-25,21.2,20.0073285,73.7762427,check_required
5592,Gangapur Road,14798,no2,µg/m³,2021-10-26,25.4,20.0073285,73.7762427,check_required
5592,Gangapur Road,14798,no2,µg/m³,2021-10-27,34.0,20.0073285,73.7762427,check_required
5592,Gangapur Road,14798,no2,µg/m³,2021-10-28,27.9,20.0073285,73.7762427,check_required
5592,Gangapur Road,14798,no2,µg/m³,2021-10-29,35.7,20.0073285,73.7762427,check_required
5592,Gangapur Road,14798,no2,µg/m³,2021-10-30,38.9,20.0073285,73.7762427,check_required
5592,Gangapur Road,14798,no2,µg/m³,2021-10-31,42.0,20.0073285,73.7762427,check_required
5592,Gangapur Road,14798,no2,µg/m³,2021-11-01,46.5,20.0073285,73.7762427,check_required
5592,Gangapur Road,14798,no2,µg/m³,2021-11-02,40.4,20.0073285,73.7762427,check_required
5592,Gangapur Road,14798,no2,µg/m³,2021-11-03,46.2,20.0073285,73.7762427,check_required
5592,Gangapur Road,14798,no2,µg/m³,2021-11-04,40.4,20.0073285,73.7762427,check_required
5592,Gangapur Road,14798,no2,µg/m³,2021-11-05,30.3,20.0073285,73.7762427,check_required
5592,Gangapur Road,14798,no2,µg/m³,2021-11-06,28.0,20.0073285,73.7762427,check_required
5592,Gangapur Road,14798,no2,µg/m³,2021-11-07,33.4,20.0073285,73.7762427,check_required
5592,Gangapur Road,14798,no2,µg/m³,2021-11-08,41.0,20.0073285,73.7762427,check_required
5592,Gangapur Road,14798,no2,µg/m³,2021-11-09,39.3,20.0073285,73.7762427,check_required
5592,Gangapur Road,14798,no2,µg/m³,2021-11-10,35.8,20.0073285,73.7762427,check_required
5592,Gangapur Road,14798,no2,µg/m³,2021-11-11,44.1,20.0073285,73.7762427,check_required
5592,Gangapur Road,14798,no2,µg/m³,2021-11-12,41.4,20.0073285,73.7762427,check_required
5592,Gangapur Road,14798,no2,µg/m³,2021-11-13,43.3,20.0073285,73.7762427,check_required
5592,Gangapur Road,14798,no2,µg/m³,2021-11-14,35.5,20.0073285,73.7762427,check_required
5592,Gangapur Road,14798,no2,µg/m³,2021-11-15,42.8,20.0073285,73.7762427,check_required
5592,Gangapur Road,14798,no2,µg/m³,2021-11-16,35.5,20.0073285,73.7762427,check_required
5592,Gangapur Road,14798,no2,µg/m³,2021-11-17,31.1,20.0073285,73.7762427,check_required
5592,Gangapur Road,14798,no2,µg/m³,2021-11-18,24.7,20.0073285,73.7762427,check_required
5592,Gangapur Road,14798,no2,µg/m³,2021-11-19,35.7,20.0073285,73.7762427,check_required
5592,Gangapur Road,14798,no2,µg/m³,2021-11-20,29.1,20.0073285,73.7762427,check_required
5592,Gangapur Road,14798,no2,µg/m³,2021-11-21,25.5,20.0073285,73.7762427,check_required
5592,Gangapur Road,14798,no2,µg/m³,2021-11-22,21.9,20.0073285,73.7762427,check_required
5592,Gangapur Road,14798,no2,µg/m³,2021-11-23,18.6,20.0073285,73.7762427,check_required
5592,Gangapur Road,14798,no2,µg/m³,2021-11-24,23.8,20.0073285,73.7762427,check_required
5592,Gangapur Road,14798,no2,µg/m³,2021-11-25,24.1,20.0073285,73.7762427,check_required
5592,Gangapur Road,14798,no2,µg/m³,2021-11-26,24.1,20.0073285,73.7762427,check_required
5592,Gangapur Road,14798,no2,µg/m³,2021-11-27,18.9,20.0073285,73.7762427,check_required
5592,Gangapur Road,14798,no2,µg/m³,2021-11-28,25.9,20.0073285,73.7762427,check_required
5592,Gangapur Road,14798,no2,µg/m³,2021-11-29,44.4,20.0073285,73.7762427,check_required
5592,Gangapur Road,14798,no2,µg/m³,2021-11-30,32.5,20.0073285,73.7762427,check_required
5592,Gangapur Road,14798,no2,µg/m³,2021-12-01,25.0,20.0073285,73.7762427,check_required
5592,Gangapur Road,14798,no2,µg/m³,2021-12-02,25.4,20.0073285,73.7762427,check_required
5592,Gangapur Road,14798,no2,µg/m³,2021-12-03,26.9,20.0073285,73.7762427,check_required
5592,Gangapur Road,14798,no2,µg/m³,2021-12-04,33.9,20.0073285,73.7762427,check_required
5592,Gangapur Road,14798,no2,µg/m³,2021-12-05,20.5,20.0073285,73.7762427,check_required
5592,Gangapur Road,14798,no2,µg/m³,2021-12-06,29.9,20.0073285,73.7762427,check_required
5592,Gangapur Road,14798,no2,µg/m³,2021-12-07,36.6,20.0073285,73.7762427,check_required
5592,Gangapur Road,14798,no2,µg/m³,2021-12-08,47.9,20.0073285,73.7762427,check_required
5592,Gangapur Road,14798,no2,µg/m³,2021-12-09,37.3,20.0073285,73.7762427,check_required
5592,Gangapur Road,14798,no2,µg/m³,2021-12-10,39.9,20.0073285,73.7762427,check_required
5592,Gangapur Road,14798,no2,µg/m³,2021-12-11,41.7,20.0073285,73.7762427,check_required
5592,Gangapur Road,14798,no2,µg/m³,2021-12-12,40.5,20.0073285,73.7762427,check_required
5592,Gangapur Road,14798,no2,µg/m³,2021-12-13,30.8,20.0073285,73.7762427,check_required
5592,Gangapur Road,14798,no2,µg/m³,2021-12-14,20.3,20.0073285,73.7762427,check_required
5592,Gangapur Road,14798,no2,µg/m³,2021-12-15,29.5,20.0073285,73.7762427,check_required
5592,Gangapur Road,14798,no2,µg/m³,2021-12-16,25.4,20.0073285,73.7762427,check_required
5592,Gangapur Road,14798,no2,µg/m³,2021-12-17,31.6,20.0073285,73.7762427,check_required
5592,Gangapur Road,14798,no2,µg/m³,2021-12-18,29.9,20.0073285,73.7762427,check_required
5592,Gangapur Road,14798,no2,µg/m³,2021-12-19,33.1,20.0073285,73.7762427,check_required
5592,Gangapur Road,14798,no2,µg/m³,2021-12-20,31.8,20.0073285,73.7762427,check_required
5592,Gangapur Road,14798,no2,µg/m³,2021-12-22,26.7,20.0073285,73.7762427,check_required
5592,Gangapur Road,14798,no2,µg/m³,2021-12-23,25.8,20.0073285,73.7762427,check_required
5592,Gangapur Road,14798,no2,µg/m³,2021-12-24,20.8,20.0073285,73.7762427,check_required
5592,Gangapur Road,14798,no2,µg/m³,2021-12-25,19.3,20.0073285,73.7762427,check_required
5592,Gangapur Road,14798,no2,µg/m³,2021-12-26,18.4,20.0073285,73.7762427,check_required
5592,Gangapur Road,14798,no2,µg/m³,2021-12-27,26.3,20.0073285,73.7762427,check_required
5592,Gangapur Road,14798,no2,µg/m³,2021-12-28,15.3,20.0073285,73.7762427,check_required
5592,Gangapur Road,14798,no2,µg/m³,2021-12-29,23.9,20.0073285,73.7762427,check_required
5592,Gangapur Road,14798,no2,µg/m³,2021-12-30,26.9,20.0073285,73.7762427,check_required
5592,Gangapur Road,14798,no2,µg/m³,2021-12-31,20.9,20.0073285,73.7762427,check_required
5592,Gangapur Road,14798,no2,µg/m³,2022-01-01,29.7,20.0073285,73.7762427,check_required
5592,Gangapur Road,14798,no2,µg/m³,2022-01-02,28.7,20.0073285,73.7762427,check_required
5592,Gangapur Road,14798,no2,µg/m³,2022-01-03,37.2,20.0073285,73.7762427,check_required
5592,Gangapur Road,14798,no2,µg/m³,2022-01-04,36.5,20.0073285,73.7762427,check_required
5592,Gangapur Road,14798,no2,µg/m³,2022-01-05,39.3,20.0073285,73.7762427,check_required
5592,Gangapur Road,14798,no2,µg/m³,2022-01-06,27.1,20.0073285,73.7762427,check_required
5592,Gangapur Road,14798,no2,µg/m³,2022-01-07,32.8,20.0073285,73.7762427,check_required
5592,Gangapur Road,14798,no2,µg/m³,2022-01-08,20.4,20.0073285,73.7762427,check_required
5592,Gangapur Road,14798,no2,µg/m³,2022-01-09,15.1,20.0073285,73.7762427,check_required
5592,Gangapur Road,14798,no2,µg/m³,2022-01-10,26.8,20.0073285,73.7762427,check_required
5592,Gangapur Road,14798,no2,µg/m³,2022-01-11,29.2,20.0073285,73.7762427,check_required
5592,Gangapur Road,14798,no2,µg/m³,2022-01-12,31.6,20.0073285,73.7762427,check_required
5592,Gangapur Road,14798,no2,µg/m³,2022-01-13,34.1,20.0073285,73.7762427,check_required
5592,Gangapur Road,14798,no2,µg/m³,2022-01-14,34.3,20.0073285,73.7762427,check_required
5592,Gangapur Road,14798,no2,µg/m³,2022-01-15,38.4,20.0073285,73.7762427,check_required
5592,Gangapur Road,14798,no2,µg/m³,2022-01-16,38.5,20.0073285,73.7762427,check_required
5592,Gangapur Road,14798,no2,µg/m³,2022-01-17,35.2,20.0073285,73.7762427,check_required
5592,Gangapur Road,14798,no2,µg/m³,2022-01-18,37.6,20.0073285,73.7762427,check_required
5592,Gangapur Road,14798,no2,µg/m³,2022-01-19,21.1,20.0073285,73.7762427,check_required
5592,Gangapur Road,14798,no2,µg/m³,2022-01-20,22.1,20.0073285,73.7762427,check_required
5592,Gangapur Road,14798,no2,µg/m³,2022-01-21,33.9,20.0073285,73.7762427,check_required
5592,Gangapur Road,14798,no2,µg/m³,2022-01-22,13.7,20.0073285,73.7762427,check_required
5592,Gangapur Road,14798,no2,µg/m³,2022-01-23,11.3,20.0073285,73.7762427,check_required
5592,Gangapur Road,14798,no2,µg/m³,2022-01-24,13.2,20.0073285,73.7762427,check_required
5592,Gangapur Road,14798,no2,µg/m³,2022-01-25,22.1,20.0073285,73.7762427,check_required
5592,Gangapur Road,14798,no2,µg/m³,2022-01-26,29.0,20.0073285,73.7762427,check_required
5592,Gangapur Road,14798,no2,µg/m³,2022-01-28,58.6,20.0073285,73.7762427,check_required
5592,Gangapur Road,14798,no2,µg/m³,2022-01-29,35.8,20.0073285,73.7762427,check_required
5592,Gangapur Road,14798,no2,µg/m³,2022-02-02,39.0,20.0073285,73.7762427,check_required
5592,Gangapur Road,14798,no2,µg/m³,2022-02-03,22.2,20.0073285,73.7762427,check_required
5592,Gangapur Road,14798,no2,µg/m³,2022-02-04,19.6,20.0073285,73.7762427,check_required
5592,Gangapur Road,14798,no2,µg/m³,2022-02-05,17.5,20.0073285,73.7762427,check_required
5592,Gangapur Road,14798,no2,µg/m³,2022-03-25,33.6,20.0073285,73.7762427,check_required
5592,Gangapur Road,14798,no2,µg/m³,2022-03-26,32.1,20.0073285,73.7762427,check_required
5592,Gangapur Road,14798,no2,µg/m³,2022-03-27,22.6,20.0073285,73.7762427,check_required
5592,Gangapur Road,14798,no2,µg/m³,2022-03-28,29.1,20.0073285,73.7762427,check_required
5592,Gangapur Road,14798,no2,µg/m³,2022-03-29,10.9,20.0073285,73.7762427,check_required
5592,Gangapur Road,14798,no2,µg/m³,2022-04-01,12.3,20.0073285,73.7762427,check_required
5592,Gangapur Road,14798,no2,µg/m³,2022-04-02,20.9,20.0073285,73.7762427,check_required
5592,Gangapur Road,14798,no2,µg/m³,2022-04-04,17.5,20.0073285,73.7762427,check_required
5592,Gangapur Road,14798,no2,µg/m³,2022-04-05,60.8,20.0073285,73.7762427,check_required
5592,Gangapur Road,14798,no2,µg/m³,2022-04-06,22.3,20.0073285,73.7762427,check_required
5592,Gangapur Road,14798,no2,µg/m³,2022-04-07,7.99,20.0073285,73.7762427,check_required
5592,Gangapur Road,14798,no2,µg/m³,2022-04-08,21.5,20.0073285,73.7762427,check_required
5592,Gangapur Road,14798,no2,µg/m³,2022-04-09,29.7,20.0073285,73.7762427,check_required
5592,Gangapur Road,14798,no2,µg/m³,2022-04-10,16.0,20.0073285,73.7762427,check_required
5592,Gangapur Road,14798,no2,µg/m³,2022-04-11,16.8,20.0073285,73.7762427,check_required
5592,Gangapur Road,14798,no2,µg/m³,2022-04-12,20.4,20.0073285,73.7762427,check_required
5592,Gangapur Road,14798,no2,µg/m³,2022-04-13,21.0,20.0073285,73.7762427,check_required
5592,Gangapur Road,14798,no2,µg/m³,2022-04-14,14.5,20.0073285,73.7762427,check_required
5592,Gangapur Road,14798,no2,µg/m³,2022-04-15,14.8,20.0073285,73.7762427,check_required
5592,Gangapur Road,14798,no2,µg/m³,2022-04-18,16.3,20.0073285,73.7762427,check_required
5592,Gangapur Road,14798,no2,µg/m³,2022-04-19,17.8,20.0073285,73.7762427,check_required
5592,Gangapur Road,14798,no2,µg/m³,2022-04-20,12.6,20.0073285,73.7762427,check_required
5592,Gangapur Road,14798,no2,µg/m³,2022-04-21,15.4,20.0073285,73.7762427,check_required
5592,Gangapur Road,14798,no2,µg/m³,2022-04-22,49.3,20.0073285,73.7762427,check_required
5592,Gangapur Road,14798,no2,µg/m³,2022-04-23,18.2,20.0073285,73.7762427,check_required
5592,Gangapur Road,14798,no2,µg/m³,2022-04-25,11.1,20.0073285,73.7762427,check_required
5592,Gangapur Road,14798,no2,µg/m³,2022-04-26,26.1,20.0073285,73.7762427,check_required
5592,Gangapur Road,14798,no2,µg/m³,2022-04-28,38.1,20.0073285,73.7762427,check_required
5592,Gangapur Road,14798,no2,µg/m³,2022-04-29,19.8,20.0073285,73.7762427,check_required
5592,Gangapur Road,14798,no2,µg/m³,2022-04-30,36.9,20.0073285,73.7762427,check_required
5592,Gangapur Road,14798,no2,µg/m³,2022-05-01,12.1,20.0073285,73.7762427,check_required
5592,Gangapur Road,14798,no2,µg/m³,2022-05-05,15.6,20.0073285,73.7762427,check_required
5592,Gangapur Road,14798,no2,µg/m³,2022-05-06,36.3,20.0073285,73.7762427,check_required
5592,Gangapur Road,14798,no2,µg/m³,2022-05-07,20.4,20.0073285,73.7762427,check_required
5592,Gangapur Road,14798,no2,µg/m³,2022-05-08,20.6,20.0073285,73.7762427,check_required
5592,Gangapur Road,14798,no2,µg/m³,2022-05-09,19.9,20.0073285,73.7762427,check_required
5592,Gangapur Road,14798,no2,µg/m³,2022-05-10,16.8,20.0073285,73.7762427,check_required
5592,Gangapur Road,14798,no2,µg/m³,2022-05-11,19.5,20.0073285,73.7762427,check_required
5592,Gangapur Road,14798,no2,µg/m³,2022-05-12,18.1,20.0073285,73.7762427,check_required
5592,Gangapur Road,14798,no2,µg/m³,2022-05-15,16.8,20.0073285,73.7762427,check_required
5592,Gangapur Road,14798,no2,µg/m³,2022-05-16,9.29,20.0073285,73.7762427,check_required
5592,Gangapur Road,14798,no2,µg/m³,2022-05-17,14.7,20.0073285,73.7762427,check_required
5592,Gangapur Road,14798,no2,µg/m³,2022-05-18,10.2,20.0073285,73.7762427,check_required
5592,Gangapur Road,14798,no2,µg/m³,2022-05-20,17.9,20.0073285,73.7762427,check_required
5592,Gangapur Road,14798,no2,µg/m³,2022-05-21,12.4,20.0073285,73.7762427,check_required
5592,Gangapur Road,14798,no2,µg/m³,2022-05-23,14.2,20.0073285,73.7762427,check_required
5592,Gangapur Road,14798,no2,µg/m³,2022-05-24,13.1,20.0073285,73.7762427,check_required
5592,Gangapur Road,14798,no2,µg/m³,2022-05-25,11.9,20.0073285,73.7762427,check_required
5592,Gangapur Road,14798,no2,µg/m³,2022-05-26,12.5,20.0073285,73.7762427,check_required
5592,Gangapur Road,14798,no2,µg/m³,2022-05-28,12.6,20.0073285,73.7762427,check_required
5592,Gangapur Road,14798,no2,µg/m³,2022-05-29,14.4,20.0073285,73.7762427,check_required
5592,Gangapur Road,14798,no2,µg/m³,2022-06-03,21.5,20.0073285,73.7762427,check_required
5592,Gangapur Road,14798,no2,µg/m³,2022-06-04,8.17,20.0073285,73.7762427,check_required
5592,Gangapur Road,14798,no2,µg/m³,2022-06-09,49.7,20.0073285,73.7762427,check_required
5592,Gangapur Road,14798,no2,µg/m³,2022-06-10,23.6,20.0073285,73.7762427,check_required
5592,Gangapur Road,14798,no2,µg/m³,2022-06-13,13.2,20.0073285,73.7762427,check_required
5592,Gangapur Road,14798,no2,µg/m³,2022-06-14,21.8,20.0073285,73.7762427,check_required
5592,Gangapur Road,14798,no2,µg/m³,2022-06-15,7.48,20.0073285,73.7762427,check_required
5592,Gangapur Road,14798,no2,µg/m³,2022-06-18,37.5,20.0073285,73.7762427,check_required
5592,Gangapur Road,14798,no2,µg/m³,2022-06-19,10.6,20.0073285,73.7762427,check_required
5592,Gangapur Road,14798,no2,µg/m³,2022-06-20,0.0,20.0073285,73.7762427,check_required
5592,Gangapur Road,14798,no2,µg/m³,2022-06-21,0.0,20.0073285,73.7762427,check_required
5592,Gangapur Road,14798,no2,µg/m³,2022-06-22,0.0,20.0073285,73.7762427,check_required
5592,Gangapur Road,14798,no2,µg/m³,2022-07-05,9.27,20.0073285,73.7762427,check_required
5592,Gangapur Road,14798,no2,µg/m³,2022-07-08,20.2,20.0073285,73.7762427,check_required
5592,Gangapur Road,14798,no2,µg/m³,2022-07-09,14.9,20.0073285,73.7762427,check_required
5592,Gangapur Road,14798,no2,µg/m³,2022-07-10,9.54,20.0073285,73.7762427,check_required
5592,Gangapur Road,14798,no2,µg/m³,2022-07-11,22.0,20.0073285,73.7762427,check_required
5592,Gangapur Road,14798,no2,µg/m³,2022-07-13,30.8,20.0073285,73.7762427,check_required
5592,Gangapur Road,14798,no2,µg/m³,2022-07-14,14.7,20.0073285,73.7762427,check_required
5592,Gangapur Road,14798,no2,µg/m³,2022-07-15,29.1,20.0073285,73.7762427,check_required
5592,Gangapur Road,14798,no2,µg/m³,2022-07-18,18.9,20.0073285,73.7762427,check_required
5592,Gangapur Road,14798,no2,µg/m³,2022-07-19,12.7,20.0073285,73.7762427,check_required
5592,Gangapur Road,14798,no2,µg/m³,2022-07-20,5.6,20.0073285,73.7762427,check_required
5592,Gangapur Road,14798,no2,µg/m³,2022-07-21,10.2,20.0073285,73.7762427,check_required
5592,Gangapur Road,14798,no2,µg/m³,2022-07-22,7.32,20.0073285,73.7762427,check_required
5592,Gangapur Road,14798,no2,µg/m³,2022-07-23,8.35,20.0073285,73.7762427,check_required
5592,Gangapur Road,14798,no2,µg/m³,2022-07-24,4.59,20.0073285,73.7762427,check_required
5592,Gangapur Road,14798,no2,µg/m³,2022-07-25,14.0,20.0073285,73.7762427,check_required
5592,Gangapur Road,14798,no2,µg/m³,2022-07-26,4.26,20.0073285,73.7762427,check_required
5592,Gangapur Road,14798,no2,µg/m³,2022-07-27,6.65,20.0073285,73.7762427,check_required
5592,Gangapur Road,14798,no2,µg/m³,2022-07-28,7.56,20.0073285,73.7762427,check_required
5592,Gangapur Road,14798,no2,µg/m³,2022-07-29,8.69,20.0073285,73.7762427,check_required
5592,Gangapur Road,14798,no2,µg/m³,2022-07-30,5.93,20.0073285,73.7762427,check_required
5592,Gangapur Road,14798,no2,µg/m³,2022-07-31,2.97,20.0073285,73.7762427,check_required
5592,Gangapur Road,14798,no2,µg/m³,2022-08-02,8.86,20.0073285,73.7762427,check_required
5592,Gangapur Road,14798,no2,µg/m³,2022-09-13,8.15,20.0073285,73.7762427,check_required
5592,Gangapur Road,14798,no2,µg/m³,2022-09-14,8.0,20.0073285,73.7762427,check_required
5592,Gangapur Road,14798,no2,µg/m³,2022-09-15,8.01,20.0073285,73.7762427,check_required
5592,Gangapur Road,14798,no2,µg/m³,2022-09-16,7.9,20.0073285,73.7762427,check_required
5592,Gangapur Road,14798,no2,µg/m³,2022-09-17,7.96,20.0073285,73.7762427,check_required
5592,Gangapur Road,14798,no2,µg/m³,2022-09-18,8.05,20.0073285,73.7762427,check_required
5592,Gangapur Road,14798,no2,µg/m³,2022-09-19,8.55,20.0073285,73.7762427,check_required
5592,Gangapur Road,14798,no2,µg/m³,2022-09-20,8.05,20.0073285,73.7762427,check_required
5592,Gangapur Road,14798,no2,µg/m³,2022-09-21,8.06,20.0073285,73.7762427,check_required
5592,Gangapur Road,14798,no2,µg/m³,2022-09-22,8.05,20.0073285,73.7762427,check_required
5592,Gangapur Road,14798,no2,µg/m³,2022-09-23,8.05,20.0073285,73.7762427,check_required
5592,Gangapur Road,14798,no2,µg/m³,2022-09-24,8.02,20.0073285,73.7762427,check_required
5592,Gangapur Road,14798,no2,µg/m³,2022-09-25,8.02,20.0073285,73.7762427,check_required
5592,Gangapur Road,14798,no2,µg/m³,2022-09-26,8.0,20.0073285,73.7762427,check_required
5592,Gangapur Road,14798,no2,µg/m³,2022-09-27,7.95,20.0073285,73.7762427,check_required
5592,Gangapur Road,14798,no2,µg/m³,2022-09-28,7.86,20.0073285,73.7762427,check_required
5592,Gangapur Road,14798,no2,µg/m³,2022-09-29,8.0,20.0073285,73.7762427,check_required
5592,Gangapur Road,14798,no2,µg/m³,2022-09-30,7.96,20.0073285,73.7762427,check_required
5592,Gangapur Road,14798,no2,µg/m³,2022-10-01,8.03,20.0073285,73.7762427,check_required
5592,Gangapur Road,14798,no2,µg/m³,2022-10-02,8.03,20.0073285,73.7762427,check_required
5592,Gangapur Road,14798,no2,µg/m³,2022-10-03,7.92,20.0073285,73.7762427,check_required
5592,Gangapur Road,14798,no2,µg/m³,2022-10-04,8.01,20.0073285,73.7762427,check_required
5592,Gangapur Road,14798,no2,µg/m³,2022-10-05,8.11,20.0073285,73.7762427,check_required
5592,Gangapur Road,14798,no2,µg/m³,2022-10-06,7.96,20.0073285,73.7762427,check_required
5592,Gangapur Road,14798,no2,µg/m³,2022-10-07,7.95,20.0073285,73.7762427,check_required
5592,Gangapur Road,14798,no2,µg/m³,2022-10-08,7.8,20.0073285,73.7762427,check_required
5592,Gangapur Road,14798,no2,µg/m³,2022-10-09,7.89,20.0073285,73.7762427,check_required
5592,Gangapur Road,14798,no2,µg/m³,2022-10-10,8.03,20.0073285,73.7762427,check_required
5592,Gangapur Road,14798,no2,µg/m³,2022-10-11,23.0,20.0073285,73.7762427,check_required
5592,Gangapur Road,14798,no2,µg/m³,2022-10-12,20.5,20.0073285,73.7762427,check_required
5592,Gangapur Road,14798,no2,µg/m³,2022-10-13,23.8,20.0073285,73.7762427,check_required
5592,Gangapur Road,14798,no2,µg/m³,2022-10-14,29.1,20.0073285,73.7762427,check_required
5592,Gangapur Road,14798,no2,µg/m³,2022-10-15,22.6,20.0073285,73.7762427,check_required
5592,Gangapur Road,14798,no2,µg/m³,2022-10-16,24.7,20.0073285,73.7762427,check_required
5592,Gangapur Road,14798,no2,µg/m³,2022-10-31,7.33,20.0073285,73.7762427,check_required
5592,Gangapur Road,12235632,no2,ppb,2025-02-19,13.0,20.0073285,73.7762427,check_required
5592,Gangapur Road,12235632,no2,ppb,2025-02-20,15.1,20.0073285,73.7762427,check_required
5592,Gangapur Road,12235632,no2,ppb,2025-02-21,18.0,20.0073285,73.7762427,check_required
5592,Gangapur Road,12235632,no2,ppb,2025-02-22,17.8,20.0073285,73.7762427,check_required
5592,Gangapur Road,12235632,no2,ppb,2025-02-23,17.4,20.0073285,73.7762427,check_required
5592,Gangapur Road,12235632,no2,ppb,2025-02-24,19.5,20.0073285,73.7762427,check_required
5592,Gangapur Road,12235632,no2,ppb,2025-02-25,15.3,20.0073285,73.7762427,check_required
5592,Gangapur Road,12235632,no2,ppb,2025-02-26,20.4,20.0073285,73.7762427,check_required
5592,Gangapur Road,12235632,no2,ppb,2025-02-27,18.6,20.0073285,73.7762427,check_required
5592,Gangapur Road,12235632,no2,ppb,2025-02-28,17.5,20.0073285,73.7762427,check_required
5592,Gangapur Road,12235632,no2,ppb,2025-03-01,16.6,20.0073285,73.7762427,check_required
5592,Gangapur Road,12235632,no2,ppb,2025-03-02,15.8,20.0073285,73.7762427,check_required
5592,Gangapur Road,12235632,no2,ppb,2025-03-03,30.3,20.0073285,73.7762427,check_required
5592,Gangapur Road,12235632,no2,ppb,2025-03-04,23.7,20.0073285,73.7762427,check_required
5592,Gangapur Road,12235632,no2,ppb,2025-03-05,36.7,20.0073285,73.7762427,check_required
5592,Gangapur Road,12235632,no2,ppb,2025-03-06,25.1,20.0073285,73.7762427,check_required
5592,Gangapur Road,12235632,no2,ppb,2025-03-07,17.5,20.0073285,73.7762427,check_required
5592,Gangapur Road,12235632,no2,ppb,2025-03-08,20.0,20.0073285,73.7762427,check_required
5592,Gangapur Road,12235632,no2,ppb,2025-03-09,17.6,20.0073285,73.7762427,check_required
5592,Gangapur Road,12235632,no2,ppb,2025-03-10,14.9,20.0073285,73.7762427,check_required
5592,Gangapur Road,12235632,no2,ppb,2025-03-12,7.21,20.0073285,73.7762427,check_required
5592,Gangapur Road,12235632,no2,ppb,2025-03-13,22.6,20.0073285,73.7762427,check_required
5592,Gangapur Road,12235632,no2,ppb,2025-03-14,24.6,20.0073285,73.7762427,check_required
5592,Gangapur Road,12235632,no2,ppb,2025-03-15,24.1,20.0073285,73.7762427,check_required
5592,Gangapur Road,12235632,no2,ppb,2025-03-17,23.6,20.0073285,73.7762427,check_required
5592,Gangapur Road,12235632,no2,ppb,2025-03-18,24.1,20.0073285,73.7762427,check_required
5592,Gangapur Road,12235632,no2,ppb,2025-03-19,20.5,20.0073285,73.7762427,check_required
5592,Gangapur Road,12235632,no2,ppb,2025-03-20,17.4,20.0073285,73.7762427,check_required
5592,Gangapur Road,12235632,no2,ppb,2025-03-21,18.6,20.0073285,73.7762427,check_required
5592,Gangapur Road,12235632,no2,ppb,2025-03-22,19.1,20.0073285,73.7762427,check_required
5592,Gangapur Road,12235632,no2,ppb,2025-03-23,19.3,20.0073285,73.7762427,check_required
5592,Gangapur Road,12235632,no2,ppb,2025-03-24,20.6,20.0073285,73.7762427,check_required
5592,Gangapur Road,12235632,no2,ppb,2025-03-25,15.3,20.0073285,73.7762427,check_required
5592,Gangapur Road,12235632,no2,ppb,2025-03-26,17.9,20.0073285,73.7762427,check_required
5592,Gangapur Road,12235632,no2,ppb,2025-03-27,16.5,20.0073285,73.7762427,check_required
5592,Gangapur Road,12235632,no2,ppb,2025-03-28,10.6,20.0073285,73.7762427,check_required
5592,Gangapur Road,12235632,no2,ppb,2025-03-29,11.2,20.0073285,73.7762427,check_required
5592,Gangapur Road,12235632,no2,ppb,2025-03-30,10.3,20.0073285,73.7762427,check_required
5592,Gangapur Road,12235632,no2,ppb,2025-03-31,10.4,20.0073285,73.7762427,check_required
5592,Gangapur Road,12235632,no2,ppb,2025-04-01,13.1,20.0073285,73.7762427,check_required
5592,Gangapur Road,12235632,no2,ppb,2025-04-02,10.9,20.0073285,73.7762427,check_required
5592,Gangapur Road,12235632,no2,ppb,2025-04-03,10.9,20.0073285,73.7762427,check_required
5592,Gangapur Road,12235632,no2,ppb,2025-04-04,5.52,20.0073285,73.7762427,check_required
5592,Gangapur Road,12235632,no2,ppb,2025-04-05,4.88,20.0073285,73.7762427,check_required
5592,Gangapur Road,12235632,no2,ppb,2025-04-06,6.25,20.0073285,73.7762427,check_required
5592,Gangapur Road,12235632,no2,ppb,2025-04-07,9.4,20.0073285,73.7762427,check_required
5592,Gangapur Road,12235632,no2,ppb,2025-04-08,13.6,20.0073285,73.7762427,check_required
5592,Gangapur Road,12235632,no2,ppb,2025-04-09,12.5,20.0073285,73.7762427,check_required
5592,Gangapur Road,12235632,no2,ppb,2025-04-11,18.3,20.0073285,73.7762427,check_required
5592,Gangapur Road,12235632,no2,ppb,2025-04-12,16.0,20.0073285,73.7762427,check_required
5592,Gangapur Road,12235632,no2,ppb,2025-04-13,15.2,20.0073285,73.7762427,check_required
5592,Gangapur Road,12235632,no2,ppb,2025-04-14,14.5,20.0073285,73.7762427,check_required
5592,Gangapur Road,12235632,no2,ppb,2025-04-15,17.3,20.0073285,73.7762427,check_required
5592,Gangapur Road,12235632,no2,ppb,2025-04-16,19.7,20.0073285,73.7762427,check_required
5592,Gangapur Road,12235632,no2,ppb,2025-04-17,15.7,20.0073285,73.7762427,check_required
5592,Gangapur Road,12235632,no2,ppb,2025-04-18,9.39,20.0073285,73.7762427,check_required
5592,Gangapur Road,12235632,no2,ppb,2025-04-19,7.13,20.0073285,73.7762427,check_required
5592,Gangapur Road,12235632,no2,ppb,2025-04-20,7.04,20.0073285,73.7762427,check_required
5592,Gangapur Road,12235632,no2,ppb,2025-04-21,7.44,20.0073285,73.7762427,check_required
5592,Gangapur Road,12235632,no2,ppb,2025-04-22,4.64,20.0073285,73.7762427,check_required
5592,Gangapur Road,12235632,no2,ppb,2025-04-23,8.98,20.0073285,73.7762427,check_required
5592,Gangapur Road,12235632,no2,ppb,2025-04-24,18.4,20.0073285,73.7762427,check_required
5592,Gangapur Road,12235632,no2,ppb,2025-04-25,14.8,20.0073285,73.7762427,check_required
5592,Gangapur Road,12235632,no2,ppb,2025-04-26,8.57,20.0073285,73.7762427,check_required
5592,Gangapur Road,12235632,no2,ppb,2025-04-27,8.01,20.0073285,73.7762427,check_required
5592,Gangapur Road,12235632,no2,ppb,2025-04-28,8.08,20.0073285,73.7762427,check_required
5592,Gangapur Road,12235632,no2,ppb,2025-04-29,12.6,20.0073285,73.7762427,check_required
5592,Gangapur Road,12235632,no2,ppb,2025-04-30,13.6,20.0073285,73.7762427,check_required
5592,Gangapur Road,12235632,no2,ppb,2025-05-01,4.43,20.0073285,73.7762427,check_required
5592,Gangapur Road,12235632,no2,ppb,2025-05-06,6.83,20.0073285,73.7762427,check_required
5592,Gangapur Road,12235632,no2,ppb,2025-05-07,8.62,20.0073285,73.7762427,check_required
5592,Gangapur Road,12235632,no2,ppb,2025-05-08,13.6,20.0073285,73.7762427,check_required
5592,Gangapur Road,12235632,no2,ppb,2025-05-09,12.2,20.0073285,73.7762427,check_required
5592,Gangapur Road,12235632,no2,ppb,2025-05-10,20.3,20.0073285,73.7762427,check_required
5592,Gangapur Road,12235632,no2,ppb,2025-05-11,16.6,20.0073285,73.7762427,check_required
5592,Gangapur Road,12235632,no2,ppb,2025-05-12,13.4,20.0073285,73.7762427,check_required
5592,Gangapur Road,12235632,no2,ppb,2025-05-13,8.78,20.0073285,73.7762427,check_required
5592,Gangapur Road,12235632,no2,ppb,2025-05-14,21.4,20.0073285,73.7762427,check_required
5592,Gangapur Road,12235632,no2,ppb,2025-05-15,28.5,20.0073285,73.7762427,check_required
5592,Gangapur Road,12235632,no2,ppb,2025-05-16,32.4,20.0073285,73.7762427,check_required
5592,Gangapur Road,12235632,no2,ppb,2025-05-17,28.0,20.0073285,73.7762427,check_required
5592,Gangapur Road,12235632,no2,ppb,2025-05-18,15.3,20.0073285,73.7762427,check_required
5592,Gangapur Road,12235632,no2,ppb,2025-05-19,23.3,20.0073285,73.7762427,check_required
5592,Gangapur Road,12235632,no2,ppb,2025-05-20,25.1,20.0073285,73.7762427,check_required
5592,Gangapur Road,12235632,no2,ppb,2025-05-21,23.5,20.0073285,73.7762427,check_required
5592,Gangapur Road,12235632,no2,ppb,2025-05-22,12.1,20.0073285,73.7762427,check_required
5592,Gangapur Road,12235632,no2,ppb,2025-05-23,20.4,20.0073285,73.7762427,check_required
5592,Gangapur Road,12235632,no2,ppb,2025-05-24,22.4,20.0073285,73.7762427,check_required
5592,Gangapur Road,12235632,no2,ppb,2025-05-25,19.7,20.0073285,73.7762427,check_required
5592,Gangapur Road,12235632,no2,ppb,2025-05-26,20.5,20.0073285,73.7762427,check_required
5592,Gangapur Road,12235632,no2,ppb,2025-05-27,24.0,20.0073285,73.7762427,check_required
5592,Gangapur Road,12235632,no2,ppb,2025-05-28,17.2,20.0073285,73.7762427,check_required
5592,Gangapur Road,12235632,no2,ppb,2025-05-29,19.5,20.0073285,73.7762427,check_required
5592,Gangapur Road,12235632,no2,ppb,2025-05-30,16.5,20.0073285,73.7762427,check_required
5592,Gangapur Road,12235632,no2,ppb,2025-05-31,16.5,20.0073285,73.7762427,check_required
5592,Gangapur Road,12235632,no2,ppb,2025-06-01,12.4,20.0073285,73.7762427,check_required
5592,Gangapur Road,12235632,no2,ppb,2025-06-02,19.6,20.0073285,73.7762427,check_required
5592,Gangapur Road,12235632,no2,ppb,2025-06-03,15.1,20.0073285,73.7762427,check_required
5592,Gangapur Road,12235632,no2,ppb,2025-06-04,20.1,20.0073285,73.7762427,check_required
5592,Gangapur Road,12235632,no2,ppb,2025-06-05,22.2,20.0073285,73.7762427,check_required
5592,Gangapur Road,12235632,no2,ppb,2025-06-06,18.1,20.0073285,73.7762427,check_required
5592,Gangapur Road,12235632,no2,ppb,2025-06-07,14.5,20.0073285,73.7762427,check_required
5592,Gangapur Road,12235632,no2,ppb,2025-06-08,19.7,20.0073285,73.7762427,check_required
5592,Gangapur Road,12235632,no2,ppb,2025-06-09,20.0,20.0073285,73.7762427,check_required
5592,Gangapur Road,12235632,no2,ppb,2025-06-10,14.3,20.0073285,73.7762427,check_required
5592,Gangapur Road,12235632,no2,ppb,2025-06-11,14.3,20.0073285,73.7762427,check_required
5592,Gangapur Road,12235632,no2,ppb,2025-06-12,14.3,20.0073285,73.7762427,check_required
5592,Gangapur Road,12235632,no2,ppb,2025-06-13,13.3,20.0073285,73.7762427,check_required
5592,Gangapur Road,12235632,no2,ppb,2025-06-14,18.6,20.0073285,73.7762427,check_required
5592,Gangapur Road,12235632,no2,ppb,2025-06-15,18.0,20.0073285,73.7762427,check_required
5592,Gangapur Road,12235632,no2,ppb,2025-06-16,18.5,20.0073285,73.7762427,check_required
5592,Gangapur Road,12235632,no2,ppb,2025-06-17,13.0,20.0073285,73.7762427,check_required
5592,Gangapur Road,12235632,no2,ppb,2025-06-18,15.8,20.0073285,73.7762427,check_required
5592,Gangapur Road,12235632,no2,ppb,2025-06-19,13.4,20.0073285,73.7762427,check_required
5592,Gangapur Road,12235632,no2,ppb,2025-06-20,17.9,20.0073285,73.7762427,check_required
5592,Gangapur Road,12235632,no2,ppb,2025-06-21,19.9,20.0073285,73.7762427,check_required
5592,Gangapur Road,12235632,no2,ppb,2025-06-22,16.7,20.0073285,73.7762427,check_required
5592,Gangapur Road,12235632,no2,ppb,2025-06-23,18.9,20.0073285,73.7762427,check_required
5592,Gangapur Road,12235632,no2,ppb,2025-06-24,12.6,20.0073285,73.7762427,check_required
5592,Gangapur Road,12235632,no2,ppb,2025-06-25,17.8,20.0073285,73.7762427,check_required
5592,Gangapur Road,12235632,no2,ppb,2025-06-26,17.4,20.0073285,73.7762427,check_required
5592,Gangapur Road,12235632,no2,ppb,2025-06-27,18.4,20.0073285,73.7762427,check_required
5592,Gangapur Road,12235632,no2,ppb,2025-06-28,11.1,20.0073285,73.7762427,check_required
5592,Gangapur Road,12235632,no2,ppb,2025-06-29,11.9,20.0073285,73.7762427,check_required
5592,Gangapur Road,12235632,no2,ppb,2025-06-30,19.3,20.0073285,73.7762427,check_required
5592,Gangapur Road,12235632,no2,ppb,2025-07-01,17.9,20.0073285,73.7762427,check_required
5592,Gangapur Road,12235632,no2,ppb,2025-07-02,15.9,20.0073285,73.7762427,check_required
5592,Gangapur Road,12235632,no2,ppb,2025-07-03,17.8,20.0073285,73.7762427,check_required
5592,Gangapur Road,12235632,no2,ppb,2025-07-04,19.7,20.0073285,73.7762427,check_required
5592,Gangapur Road,12235632,no2,ppb,2025-07-05,18.1,20.0073285,73.7762427,check_required
5592,Gangapur Road,12235632,no2,ppb,2025-07-06,16.9,20.0073285,73.7762427,check_required
5592,Gangapur Road,12235632,no2,ppb,2025-07-07,19.1,20.0073285,73.7762427,check_required
5592,Gangapur Road,12235632,no2,ppb,2025-07-08,18.4,20.0073285,73.7762427,check_required
5592,Gangapur Road,12235632,no2,ppb,2025-07-09,19.1,20.0073285,73.7762427,check_required
5592,Gangapur Road,12235632,no2,ppb,2025-07-10,15.7,20.0073285,73.7762427,check_required
5592,Gangapur Road,12235632,no2,ppb,2025-07-11,17.0,20.0073285,73.7762427,check_required
5592,Gangapur Road,12235632,no2,ppb,2025-07-12,13.3,20.0073285,73.7762427,check_required
5592,Gangapur Road,12235632,no2,ppb,2025-07-13,10.7,20.0073285,73.7762427,check_required
5592,Gangapur Road,12235632,no2,ppb,2025-07-14,14.4,20.0073285,73.7762427,check_required
5592,Gangapur Road,12235632,no2,ppb,2025-07-15,16.1,20.0073285,73.7762427,check_required
5592,Gangapur Road,12235632,no2,ppb,2025-07-16,15.9,20.0073285,73.7762427,check_required
5592,Gangapur Road,12235632,no2,ppb,2025-07-17,16.9,20.0073285,73.7762427,check_required
5592,Gangapur Road,12235632,no2,ppb,2025-07-18,21.7,20.0073285,73.7762427,check_required
5592,Gangapur Road,12235632,no2,ppb,2025-07-19,21.4,20.0073285,73.7762427,check_required
5592,Gangapur Road,12235632,no2,ppb,2025-07-20,14.7,20.0073285,73.7762427,check_required
5592,Gangapur Road,12235632,no2,ppb,2025-07-21,15.2,20.0073285,73.7762427,check_required
5592,Gangapur Road,12235632,no2,ppb,2025-07-22,44.9,20.0073285,73.7762427,check_required
5592,Gangapur Road,12235632,no2,ppb,2025-07-23,22.9,20.0073285,73.7762427,check_required
5592,Gangapur Road,12235632,no2,ppb,2025-07-24,6.9,20.0073285,73.7762427,check_required
5592,Gangapur Road,12235632,no2,ppb,2025-07-25,12.0,20.0073285,73.7762427,check_required
5592,Gangapur Road,12235632,no2,ppb,2025-07-26,14.2,20.0073285,73.7762427,check_required
5592,Gangapur Road,12235632,no2,ppb,2025-07-27,14.8,20.0073285,73.7762427,check_required
5592,Gangapur Road,12235632,no2,ppb,2025-07-28,15.4,20.0073285,73.7762427,check_required
5592,Gangapur Road,12235632,no2,ppb,2025-07-29,12.4,20.0073285,73.7762427,check_required
5592,Gangapur Road,12235632,no2,ppb,2025-07-30,16.2,20.0073285,73.7762427,check_required
5592,Gangapur Road,12235632,no2,ppb,2025-07-31,23.2,20.0073285,73.7762427,check_required
5592,Gangapur Road,12235632,no2,ppb,2025-08-01,18.3,20.0073285,73.7762427,check_required
5592,Gangapur Road,12235632,no2,ppb,2025-08-02,15.6,20.0073285,73.7762427,check_required
5592,Gangapur Road,12235632,no2,ppb,2025-08-03,95.3,20.0073285,73.7762427,check_required
5592,Gangapur Road,12235632,no2,ppb,2025-08-04,10.7,20.0073285,73.7762427,check_required
5592,Gangapur Road,12235632,no2,ppb,2025-08-05,9.27,20.0073285,73.7762427,check_required
5592,Gangapur Road,12235632,no2,ppb,2025-08-06,9.68,20.0073285,73.7762427,check_required
5592,Gangapur Road,12235632,no2,ppb,2025-08-07,10.8,20.0073285,73.7762427,check_required
5592,Gangapur Road,12235632,no2,ppb,2025-08-08,15.3,20.0073285,73.7762427,check_required
5592,Gangapur Road,12235632,no2,ppb,2025-08-09,17.5,20.0073285,73.7762427,check_required
5592,Gangapur Road,12235632,no2,ppb,2025-08-10,9.13,20.0073285,73.7762427,check_required
5592,Gangapur Road,12235632,no2,ppb,2025-08-11,10.7,20.0073285,73.7762427,check_required
5592,Gangapur Road,12235632,no2,ppb,2025-08-12,12.1,20.0073285,73.7762427,check_required
5592,Gangapur Road,12235632,no2,ppb,2025-08-13,13.1,20.0073285,73.7762427,check_required
5592,Gangapur Road,12235632,no2,ppb,2025-08-14,12.0,20.0073285,73.7762427,check_required
5592,Gangapur Road,12235632,no2,ppb,2025-08-15,12.3,20.0073285,73.7762427,check_required
5592,Gangapur Road,12235632,no2,ppb,2025-08-16,15.0,20.0073285,73.7762427,check_required
5592,Gangapur Road,12235632,no2,ppb,2025-08-17,14.2,20.0073285,73.7762427,check_required
5592,Gangapur Road,12235632,no2,ppb,2025-08-18,20.7,20.0073285,73.7762427,check_required
5592,Gangapur Road,12235632,no2,ppb,2025-08-19,12.3,20.0073285,73.7762427,check_required
5592,Gangapur Road,12235632,no2,ppb,2025-08-20,4.28,20.0073285,73.7762427,check_required
5592,Gangapur Road,12235632,no2,ppb,2025-08-21,4.27,20.0073285,73.7762427,check_required
5592,Gangapur Road,12235632,no2,ppb,2025-08-22,4.28,20.0073285,73.7762427,check_required
5592,Gangapur Road,12235632,no2,ppb,2025-08-23,4.27,20.0073285,73.7762427,check_required
5592,Gangapur Road,12235632,no2,ppb,2025-08-24,4.28,20.0073285,73.7762427,check_required
5592,Gangapur Road,12235632,no2,ppb,2025-08-25,4.27,20.0073285,73.7762427,check_required
5592,Gangapur Road,12235632,no2,ppb,2025-08-26,4.28,20.0073285,73.7762427,check_required
5592,Gangapur Road,12235632,no2,ppb,2025-08-27,4.27,20.0073285,73.7762427,check_required
5592,Gangapur Road,12235632,no2,ppb,2025-08-28,4.27,20.0073285,73.7762427,check_required
5592,Gangapur Road,12235632,no2,ppb,2025-08-29,4.28,20.0073285,73.7762427,check_required
5592,Gangapur Road,12235632,no2,ppb,2025-08-30,4.28,20.0073285,73.7762427,check_required
5592,Gangapur Road,12235632,no2,ppb,2025-08-31,4.28,20.0073285,73.7762427,check_required
5592,Gangapur Road,12235632,no2,ppb,2025-09-01,4.27,20.0073285,73.7762427,check_required
5592,Gangapur Road,12235632,no2,ppb,2025-09-02,4.28,20.0073285,73.7762427,check_required
5592,Gangapur Road,12235632,no2,ppb,2025-09-03,4.27,20.0073285,73.7762427,check_required
5592,Gangapur Road,12235632,no2,ppb,2025-09-04,4.27,20.0073285,73.7762427,check_required
5592,Gangapur Road,12235632,no2,ppb,2025-09-05,4.27,20.0073285,73.7762427,check_required
5592,Gangapur Road,12235632,no2,ppb,2025-09-06,4.28,20.0073285,73.7762427,check_required
5592,Gangapur Road,12235632,no2,ppb,2025-09-07,4.28,20.0073285,73.7762427,check_required
5592,Gangapur Road,12235632,no2,ppb,2025-09-08,4.27,20.0073285,73.7762427,check_required
5592,Gangapur Road,12235632,no2,ppb,2025-09-09,4.28,20.0073285,73.7762427,check_required
5592,Gangapur Road,12235632,no2,ppb,2025-09-10,4.27,20.0073285,73.7762427,check_required
5592,Gangapur Road,12235632,no2,ppb,2025-09-11,4.27,20.0073285,73.7762427,check_required
5592,Gangapur Road,12235632,no2,ppb,2025-09-12,4.27,20.0073285,73.7762427,check_required
5592,Gangapur Road,12235632,no2,ppb,2025-09-13,4.26,20.0073285,73.7762427,check_required
5592,Gangapur Road,12235632,no2,ppb,2025-09-14,4.27,20.0073285,73.7762427,check_required
5592,Gangapur Road,12235632,no2,ppb,2025-09-15,4.26,20.0073285,73.7762427,check_required
5592,Gangapur Road,12235632,no2,ppb,2025-09-16,4.27,20.0073285,73.7762427,check_required
5592,Gangapur Road,12235632,no2,ppb,2025-09-17,4.27,20.0073285,73.7762427,check_required
5592,Gangapur Road,12235632,no2,ppb,2025-09-18,4.28,20.0073285,73.7762427,check_required
5592,Gangapur Road,12235632,no2,ppb,2025-09-19,4.27,20.0073285,73.7762427,check_required
5592,Gangapur Road,12235632,no2,ppb,2025-09-20,4.21,20.0073285,73.7762427,check_required
5592,Gangapur Road,12235632,no2,ppb,2025-09-21,4.27,20.0073285,73.7762427,check_required
5592,Gangapur Road,12235632,no2,ppb,2025-09-22,4.27,20.0073285,73.7762427,check_required
5592,Gangapur Road,12235632,no2,ppb,2025-09-23,4.28,20.0073285,73.7762427,check_required
5592,Gangapur Road,12235632,no2,ppb,2025-09-24,4.26,20.0073285,73.7762427,check_required
5592,Gangapur Road,12235632,no2,ppb,2025-09-25,4.28,20.0073285,73.7762427,check_required
5592,Gangapur Road,12235632,no2,ppb,2025-09-26,4.27,20.0073285,73.7762427,check_required
5592,Gangapur Road,12235632,no2,ppb,2025-09-27,4.27,20.0073285,73.7762427,check_required
5592,Gangapur Road,12235632,no2,ppb,2025-09-28,4.26,20.0073285,73.7762427,check_required
5592,Gangapur Road,12235632,no2,ppb,2025-09-29,4.27,20.0073285,73.7762427,check_required
5592,Gangapur Road,12235632,no2,ppb,2025-09-30,4.27,20.0073285,73.7762427,check_required
5592,Gangapur Road,12235632,no2,ppb,2025-10-01,4.28,20.0073285,73.7762427,check_required
5592,Gangapur Road,12235632,no2,ppb,2025-10-02,4.27,20.0073285,73.7762427,check_required
5592,Gangapur Road,12235632,no2,ppb,2025-10-03,4.26,20.0073285,73.7762427,check_required
5592,Gangapur Road,12235632,no2,ppb,2025-10-04,4.27,20.0073285,73.7762427,check_required
5592,Gangapur Road,12235632,no2,ppb,2025-10-05,4.28,20.0073285,73.7762427,check_required
5592,Gangapur Road,12235632,no2,ppb,2025-10-06,4.28,20.0073285,73.7762427,check_required
5592,Gangapur Road,12235632,no2,ppb,2025-10-07,4.27,20.0073285,73.7762427,check_required
5592,Gangapur Road,12235632,no2,ppb,2025-10-08,4.27,20.0073285,73.7762427,check_required
5592,Gangapur Road,12235632,no2,ppb,2025-10-09,4.28,20.0073285,73.7762427,check_required
5592,Gangapur Road,12235632,no2,ppb,2025-10-10,4.27,20.0073285,73.7762427,check_required
5592,Gangapur Road,12235632,no2,ppb,2025-10-11,4.28,20.0073285,73.7762427,check_required
5592,Gangapur Road,12235632,no2,ppb,2025-10-12,4.27,20.0073285,73.7762427,check_required
5592,Gangapur Road,12235632,no2,ppb,2025-10-13,4.27,20.0073285,73.7762427,check_required
5592,Gangapur Road,12235632,no2,ppb,2025-10-14,4.28,20.0073285,73.7762427,check_required
5592,Gangapur Road,12235632,no2,ppb,2025-10-15,4.28,20.0073285,73.7762427,check_required
5592,Gangapur Road,12235632,no2,ppb,2025-10-16,4.32,20.0073285,73.7762427,check_required
5592,Gangapur Road,12235632,no2,ppb,2025-10-17,5.85,20.0073285,73.7762427,check_required
5592,Gangapur Road,12235632,no2,ppb,2025-10-18,5.86,20.0073285,73.7762427,check_required
5592,Gangapur Road,12235632,no2,ppb,2025-10-19,5.84,20.0073285,73.7762427,check_required
5592,Gangapur Road,12235632,no2,ppb,2025-10-20,5.85,20.0073285,73.7762427,check_required
5592,Gangapur Road,12235632,no2,ppb,2025-10-21,5.84,20.0073285,73.7762427,check_required
5592,Gangapur Road,12235632,no2,ppb,2025-10-22,5.83,20.0073285,73.7762427,check_required
5592,Gangapur Road,12235632,no2,ppb,2025-10-23,5.84,20.0073285,73.7762427,check_required
5592,Gangapur Road,12235632,no2,ppb,2025-10-24,5.87,20.0073285,73.7762427,check_required
5592,Gangapur Road,12235632,no2,ppb,2025-10-25,5.88,20.0073285,73.7762427,check_required
5592,Gangapur Road,12235632,no2,ppb,2025-10-26,5.83,20.0073285,73.7762427,check_required
5592,Gangapur Road,12235632,no2,ppb,2025-10-27,5.84,20.0073285,73.7762427,check_required
5592,Gangapur Road,12235632,no2,ppb,2025-10-28,5.85,20.0073285,73.7762427,check_required
5592,Gangapur Road,12235632,no2,ppb,2025-10-29,5.83,20.0073285,73.7762427,check_required
5592,Gangapur Road,12235632,no2,ppb,2025-10-30,5.85,20.0073285,73.7762427,check_required
5592,Gangapur Road,12235632,no2,ppb,2025-10-31,5.82,20.0073285,73.7762427,check_required
5592,Gangapur Road,12235632,no2,ppb,2025-11-01,5.87,20.0073285,73.7762427,check_required
5592,Gangapur Road,12235632,no2,ppb,2025-11-02,5.82,20.0073285,73.7762427,check_required
5592,Gangapur Road,12235632,no2,ppb,2025-11-03,5.84,20.0073285,73.7762427,check_required
5592,Gangapur Road,12235632,no2,ppb,2025-11-04,5.83,20.0073285,73.7762427,check_required
5592,Gangapur Road,12235632,no2,ppb,2025-11-05,5.84,20.0073285,73.7762427,check_required
5592,Gangapur Road,12235632,no2,ppb,2025-11-06,5.83,20.0073285,73.7762427,check_required
5592,Gangapur Road,12235632,no2,ppb,2025-11-07,5.86,20.0073285,73.7762427,check_required
5592,Gangapur Road,12235632,no2,ppb,2025-11-08,5.83,20.0073285,73.7762427,check_required
5592,Gangapur Road,12235632,no2,ppb,2025-11-11,5.9,20.0073285,73.7762427,check_required
5592,Gangapur Road,12235632,no2,ppb,2025-11-12,5.84,20.0073285,73.7762427,check_required
5592,Gangapur Road,12235632,no2,ppb,2025-11-13,5.84,20.0073285,73.7762427,check_required
5592,Gangapur Road,12235632,no2,ppb,2025-11-14,5.84,20.0073285,73.7762427,check_required
5592,Gangapur Road,12235632,no2,ppb,2025-11-15,5.84,20.0073285,73.7762427,check_required
5592,Gangapur Road,12235632,no2,ppb,2025-11-16,5.85,20.0073285,73.7762427,check_required
5592,Gangapur Road,12235632,no2,ppb,2025-11-17,5.37,20.0073285,73.7762427,check_required
5592,Gangapur Road,12235632,no2,ppb,2025-11-18,3.85,20.0073285,73.7762427,check_required
5592,Gangapur Road,12235632,no2,ppb,2025-11-19,3.86,20.0073285,73.7762427,check_required
5592,Gangapur Road,12235632,no2,ppb,2025-11-20,3.86,20.0073285,73.7762427,check_required
5592,Gangapur Road,12235632,no2,ppb,2025-11-21,3.85,20.0073285,73.7762427,check_required
5592,Gangapur Road,12235632,no2,ppb,2025-11-22,3.85,20.0073285,73.7762427,check_required
5592,Gangapur Road,12235632,no2,ppb,2025-11-23,3.84,20.0073285,73.7762427,check_required
5592,Gangapur Road,12235632,no2,ppb,2025-11-24,3.85,20.0073285,73.7762427,check_required
5592,Gangapur Road,12235632,no2,ppb,2025-11-25,3.85,20.0073285,73.7762427,check_required
5592,Gangapur Road,12235632,no2,ppb,2025-11-26,3.86,20.0073285,73.7762427,check_required
5592,Gangapur Road,12235632,no2,ppb,2025-11-27,3.85,20.0073285,73.7762427,check_required
5592,Gangapur Road,12235632,no2,ppb,2025-11-28,3.84,20.0073285,73.7762427,check_required
5592,Gangapur Road,12235632,no2,ppb,2025-11-29,3.86,20.0073285,73.7762427,check_required
5592,Gangapur Road,12235632,no2,ppb,2025-11-30,3.84,20.0073285,73.7762427,check_required
5592,Gangapur Road,12235632,no2,ppb,2025-12-01,3.85,20.0073285,73.7762427,check_required
5592,Gangapur Road,12235632,no2,ppb,2025-12-02,3.86,20.0073285,73.7762427,check_required
5592,Gangapur Road,12235632,no2,ppb,2025-12-03,3.83,20.0073285,73.7762427,check_required
5592,Gangapur Road,12235632,no2,ppb,2025-12-04,3.87,20.0073285,73.7762427,check_required
5592,Gangapur Road,12235632,no2,ppb,2025-12-05,3.85,20.0073285,73.7762427,check_required
5592,Gangapur Road,12235632,no2,ppb,2025-12-06,3.85,20.0073285,73.7762427,check_required
5592,Gangapur Road,12235632,no2,ppb,2025-12-07,3.84,20.0073285,73.7762427,check_required
5592,Gangapur Road,12235632,no2,ppb,2025-12-08,3.86,20.0073285,73.7762427,check_required
5592,Gangapur Road,12235632,no2,ppb,2025-12-09,3.85,20.0073285,73.7762427,check_required
5592,Gangapur Road,12235632,no2,ppb,2025-12-10,3.86,20.0073285,73.7762427,check_required
5592,Gangapur Road,12235632,no2,ppb,2025-12-11,3.84,20.0073285,73.7762427,check_required
5592,Gangapur Road,12235632,no2,ppb,2025-12-12,3.85,20.0073285,73.7762427,check_required
5592,Gangapur Road,12235632,no2,ppb,2025-12-13,3.85,20.0073285,73.7762427,check_required
5592,Gangapur Road,12235632,no2,ppb,2025-12-14,3.84,20.0073285,73.7762427,check_required
5592,Gangapur Road,12235632,no2,ppb,2025-12-15,3.85,20.0073285,73.7762427,check_required
5592,Gangapur Road,12235632,no2,ppb,2025-12-16,3.84,20.0073285,73.7762427,check_required
5592,Gangapur Road,12235632,no2,ppb,2025-12-17,3.85,20.0073285,73.7762427,check_required
5592,Gangapur Road,12235632,no2,ppb,2025-12-18,3.85,20.0073285,73.7762427,check_required
5592,Gangapur Road,12235632,no2,ppb,2025-12-19,3.85,20.0073285,73.7762427,check_required
5592,Gangapur Road,12235632,no2,ppb,2025-12-20,3.86,20.0073285,73.7762427,check_required
5592,Gangapur Road,12235632,no2,ppb,2025-12-21,3.84,20.0073285,73.7762427,check_required
5592,Gangapur Road,12235632,no2,ppb,2025-12-22,3.84,20.0073285,73.7762427,check_required
5592,Gangapur Road,12235632,no2,ppb,2025-12-23,3.86,20.0073285,73.7762427,check_required
5592,Gangapur Road,12235632,no2,ppb,2025-12-24,3.84,20.0073285,73.7762427,check_required
5592,Gangapur Road,12235632,no2,ppb,2025-12-25,3.84,20.0073285,73.7762427,check_required
5592,Gangapur Road,12235632,no2,ppb,2025-12-26,3.85,20.0073285,73.7762427,check_required
5592,Gangapur Road,12235632,no2,ppb,2025-12-27,3.85,20.0073285,73.7762427,check_required
5592,Gangapur Road,12235632,no2,ppb,2025-12-28,3.86,20.0073285,73.7762427,check_required
5592,Gangapur Road,12235632,no2,ppb,2025-12-29,3.84,20.0073285,73.7762427,check_required
5592,Gangapur Road,12235632,no2,ppb,2025-12-30,3.86,20.0073285,73.7762427,check_required
5592,Gangapur Road,12235632,no2,ppb,2025-12-31,3.86,20.0073285,73.7762427,check_required
3409454,Hirawadi,12238136,no2,ppb,2025-02-19,11.0,20.021503,73.813844,check_required
3409454,Hirawadi,12238136,no2,ppb,2025-02-20,13.5,20.021503,73.813844,check_required
3409454,Hirawadi,12238136,no2,ppb,2025-02-21,11.9,20.021503,73.813844,check_required
3409454,Hirawadi,12238136,no2,ppb,2025-02-22,11.5,20.021503,73.813844,check_required
3409454,Hirawadi,12238136,no2,ppb,2025-02-23,11.9,20.021503,73.813844,check_required
3409454,Hirawadi,12238136,no2,ppb,2025-02-24,13.1,20.021503,73.813844,check_required
3409454,Hirawadi,12238136,no2,ppb,2025-02-25,13.0,20.021503,73.813844,check_required
3409454,Hirawadi,12238136,no2,ppb,2025-02-26,14.1,20.021503,73.813844,check_required
3409454,Hirawadi,12238136,no2,ppb,2025-02-27,10.6,20.021503,73.813844,check_required
3409454,Hirawadi,12238136,no2,ppb,2025-02-28,14.2,20.021503,73.813844,check_required
3409454,Hirawadi,12238136,no2,ppb,2025-03-01,12.5,20.021503,73.813844,check_required
3409454,Hirawadi,12238136,no2,ppb,2025-03-02,11.4,20.021503,73.813844,check_required
3409454,Hirawadi,12238136,no2,ppb,2025-03-03,10.3,20.021503,73.813844,check_required
3409454,Hirawadi,12238136,no2,ppb,2025-03-04,7.7,20.021503,73.813844,check_required
3409454,Hirawadi,12238136,no2,ppb,2025-03-05,10.4,20.021503,73.813844,check_required
3409454,Hirawadi,12238136,no2,ppb,2025-03-06,12.3,20.021503,73.813844,check_required
3409454,Hirawadi,12238136,no2,ppb,2025-03-07,13.7,20.021503,73.813844,check_required
3409454,Hirawadi,12238136,no2,ppb,2025-03-08,14.0,20.021503,73.813844,check_required
3409454,Hirawadi,12238136,no2,ppb,2025-03-09,14.5,20.021503,73.813844,check_required
3409454,Hirawadi,12238136,no2,ppb,2025-03-10,10.5,20.021503,73.813844,check_required
3409454,Hirawadi,12238136,no2,ppb,2025-03-11,12.0,20.021503,73.813844,check_required
3409454,Hirawadi,12238136,no2,ppb,2025-03-12,8.24,20.021503,73.813844,check_required
3409454,Hirawadi,12238136,no2,ppb,2025-03-13,14.2,20.021503,73.813844,check_required
3409454,Hirawadi,12238136,no2,ppb,2025-03-14,6.97,20.021503,73.813844,check_required
3409454,Hirawadi,12238136,no2,ppb,2025-03-15,5.58,20.021503,73.813844,check_required
3409454,Hirawadi,12238136,no2,ppb,2025-03-16,5.08,20.021503,73.813844,check_required
3409454,Hirawadi,12238136,no2,ppb,2025-03-17,7.16,20.021503,73.813844,check_required
3409454,Hirawadi,12238136,no2,ppb,2025-03-18,7.97,20.021503,73.813844,check_required
3409454,Hirawadi,12238136,no2,ppb,2025-03-19,5.5,20.021503,73.813844,check_required
3409454,Hirawadi,12238136,no2,ppb,2025-03-20,5.85,20.021503,73.813844,check_required
3409454,Hirawadi,12238136,no2,ppb,2025-03-21,4.34,20.021503,73.813844,check_required
3409454,Hirawadi,12238136,no2,ppb,2025-03-22,6.77,20.021503,73.813844,check_required
3409454,Hirawadi,12238136,no2,ppb,2025-03-23,11.3,20.021503,73.813844,check_required
3409454,Hirawadi,12238136,no2,ppb,2025-03-24,11.9,20.021503,73.813844,check_required
3409454,Hirawadi,12238136,no2,ppb,2025-03-25,9.19,20.021503,73.813844,check_required
3409454,Hirawadi,12238136,no2,ppb,2025-03-26,4.34,20.021503,73.813844,check_required
3409454,Hirawadi,12238136,no2,ppb,2025-03-27,3.52,20.021503,73.813844,check_required
3409454,Hirawadi,12238136,no2,ppb,2025-03-28,6.99,20.021503,73.813844,check_required
3409454,Hirawadi,12238136,no2,ppb,2025-03-29,11.4,20.021503,73.813844,check_required
3409454,Hirawadi,12238136,no2,ppb,2025-03-30,10.6,20.021503,73.813844,check_required
3409454,Hirawadi,12238136,no2,ppb,2025-03-31,8.63,20.021503,73.813844,check_required
3409454,Hirawadi,12238136,no2,ppb,2025-04-01,14.6,20.021503,73.813844,check_required
3409454,Hirawadi,12238136,no2,ppb,2025-04-02,12.4,20.021503,73.813844,check_required
3409454,Hirawadi,12238136,no2,ppb,2025-04-03,11.9,20.021503,73.813844,check_required
3409454,Hirawadi,12238136,no2,ppb,2025-04-04,9.37,20.021503,73.813844,check_required
3409454,Hirawadi,12238136,no2,ppb,2025-04-05,11.1,20.021503,73.813844,check_required
3409454,Hirawadi,12238136,no2,ppb,2025-04-06,10.8,20.021503,73.813844,check_required
3409454,Hirawadi,12238136,no2,ppb,2025-04-07,9.44,20.021503,73.813844,check_required
3409454,Hirawadi,12238136,no2,ppb,2025-04-08,8.39,20.021503,73.813844,check_required
3409454,Hirawadi,12238136,no2,ppb,2025-04-09,9.99,20.021503,73.813844,check_required
3409454,Hirawadi,12238136,no2,ppb,2025-04-11,6.46,20.021503,73.813844,check_required
3409454,Hirawadi,12238136,no2,ppb,2025-04-12,4.28,20.021503,73.813844,check_required
3409454,Hirawadi,12238136,no2,ppb,2025-04-18,6.76,20.021503,73.813844,check_required
3409454,Hirawadi,12238136,no2,ppb,2025-04-19,4.43,20.021503,73.813844,check_required
3409454,Hirawadi,12238136,no2,ppb,2025-04-20,4.58,20.021503,73.813844,check_required
3409454,Hirawadi,12238136,no2,ppb,2025-04-21,4.29,20.021503,73.813844,check_required
3409454,Hirawadi,12238136,no2,ppb,2025-04-22,5.08,20.021503,73.813844,check_required
3409454,Hirawadi,12238136,no2,ppb,2025-04-23,6.63,20.021503,73.813844,check_required
3409454,Hirawadi,12238136,no2,ppb,2025-04-24,4.97,20.021503,73.813844,check_required
3409454,Hirawadi,12238136,no2,ppb,2025-04-25,6.3,20.021503,73.813844,check_required
3409454,Hirawadi,12238136,no2,ppb,2025-04-26,4.7,20.021503,73.813844,check_required
3409454,Hirawadi,12238136,no2,ppb,2025-04-27,5.36,20.021503,73.813844,check_required
3409454,Hirawadi,12238136,no2,ppb,2025-04-28,5.98,20.021503,73.813844,check_required
3409454,Hirawadi,12238136,no2,ppb,2025-04-29,5.43,20.021503,73.813844,check_required
3409454,Hirawadi,12238136,no2,ppb,2025-04-30,4.75,20.021503,73.813844,check_required
3409454,Hirawadi,12238136,no2,ppb,2025-05-01,4.84,20.021503,73.813844,check_required
3409454,Hirawadi,12238136,no2,ppb,2025-05-02,5.08,20.021503,73.813844,check_required
3409454,Hirawadi,12238136,no2,ppb,2025-05-03,3.34,20.021503,73.813844,check_required
3409454,Hirawadi,12238136,no2,ppb,2025-05-04,3.33,20.021503,73.813844,check_required
3409454,Hirawadi,12238136,no2,ppb,2025-05-05,2.88,20.021503,73.813844,check_required
3409454,Hirawadi,12238136,no2,ppb,2025-05-06,2.92,20.021503,73.813844,check_required
3409454,Hirawadi,12238136,no2,ppb,2025-05-07,6.36,20.021503,73.813844,check_required
3409454,Hirawadi,12238136,no2,ppb,2025-05-08,4.94,20.021503,73.813844,check_required
3409454,Hirawadi,12238136,no2,ppb,2025-05-09,6.25,20.021503,73.813844,check_required
3409454,Hirawadi,12238136,no2,ppb,2025-05-10,5.88,20.021503,73.813844,check_required
3409454,Hirawadi,12238136,no2,ppb,2025-05-11,6.61,20.021503,73.813844,check_required
3409454,Hirawadi,12238136,no2,ppb,2025-05-12,7.31,20.021503,73.813844,check_required
3409454,Hirawadi,12238136,no2,ppb,2025-05-13,9.23,20.021503,73.813844,check_required
3409454,Hirawadi,12238136,no2,ppb,2025-05-14,7.61,20.021503,73.813844,check_required
3409454,Hirawadi,12238136,no2,ppb,2025-05-15,8.31,20.021503,73.813844,check_required
3409454,Hirawadi,12238136,no2,ppb,2025-05-16,7.36,20.021503,73.813844,check_required
3409454,Hirawadi,12238136,no2,ppb,2025-05-17,4.73,20.021503,73.813844,check_required
3409454,Hirawadi,12238136,no2,ppb,2025-05-18,3.57,20.021503,73.813844,check_required
3409454,Hirawadi,12238136,no2,ppb,2025-05-19,6.16,20.021503,73.813844,check_required
3409454,Hirawadi,12238136,no2,ppb,2025-05-20,3.42,20.021503,73.813844,check_required
3409454,Hirawadi,12238136,no2,ppb,2025-05-21,7.45,20.021503,73.813844,check_required
3409454,Hirawadi,12238136,no2,ppb,2025-05-22,6.93,20.021503,73.813844,check_required
3409454,Hirawadi,12238136,no2,ppb,2025-05-23,7.86,20.021503,73.813844,check_required
3409454,Hirawadi,12238136,no2,ppb,2025-05-24,6.66,20.021503,73.813844,check_required
3409454,Hirawadi,12238136,no2,ppb,2025-05-25,2.79,20.021503,73.813844,check_required
3409454,Hirawadi,12238136,no2,ppb,2025-05-26,2.64,20.021503,73.813844,check_required
3409454,Hirawadi,12238136,no2,ppb,2025-05-27,3.71,20.021503,73.813844,check_required
3409454,Hirawadi,12238136,no2,ppb,2025-05-28,4.19,20.021503,73.813844,check_required
3409454,Hirawadi,12238136,no2,ppb,2025-05-29,2.19,20.021503,73.813844,check_required
3409454,Hirawadi,12238136,no2,ppb,2025-05-30,2.31,20.021503,73.813844,check_required
3409454,Hirawadi,12238136,no2,ppb,2025-05-31,2.26,20.021503,73.813844,check_required
3409454,Hirawadi,12238136,no2,ppb,2025-06-01,3.06,20.021503,73.813844,check_required
3409454,Hirawadi,12238136,no2,ppb,2025-06-02,2.64,20.021503,73.813844,check_required
3409454,Hirawadi,12238136,no2,ppb,2025-06-03,2.29,20.021503,73.813844,check_required
3409454,Hirawadi,12238136,no2,ppb,2025-06-04,3.73,20.021503,73.813844,check_required
3409454,Hirawadi,12238136,no2,ppb,2025-06-05,5.73,20.021503,73.813844,check_required
3409454,Hirawadi,12238136,no2,ppb,2025-06-06,3.66,20.021503,73.813844,check_required
3409454,Hirawadi,12238136,no2,ppb,2025-06-07,1.8,20.021503,73.813844,check_required
3409454,Hirawadi,12238136,no2,ppb,2025-06-08,1.44,20.021503,73.813844,check_required
3409454,Hirawadi,12238136,no2,ppb,2025-06-09,1.69,20.021503,73.813844,check_required
3409454,Hirawadi,12238136,no2,ppb,2025-06-10,1.6,20.021503,73.813844,check_required
3409454,Hirawadi,12238136,no2,ppb,2025-06-11,2.41,20.021503,73.813844,check_required
3409454,Hirawadi,12238136,no2,ppb,2025-06-12,2.92,20.021503,73.813844,check_required
3409454,Hirawadi,12238136,no2,ppb,2025-06-13,4.36,20.021503,73.813844,check_required
3409454,Hirawadi,12238136,no2,ppb,2025-06-14,5.21,20.021503,73.813844,check_required
3409454,Hirawadi,12238136,no2,ppb,2025-06-15,5.37,20.021503,73.813844,check_required
3409454,Hirawadi,12238136,no2,ppb,2025-06-16,6.59,20.021503,73.813844,check_required
3409454,Hirawadi,12238136,no2,ppb,2025-06-17,3.17,20.021503,73.813844,check_required
3409454,Hirawadi,12238136,no2,ppb,2025-06-18,3.55,20.021503,73.813844,check_required
3409454,Hirawadi,12238136,no2,ppb,2025-06-19,1.45,20.021503,73.813844,check_required
3409454,Hirawadi,12238136,no2,ppb,2025-06-20,2.42,20.021503,73.813844,check_required
3409454,Hirawadi,12238136,no2,ppb,2025-06-21,2.31,20.021503,73.813844,check_required
3409454,Hirawadi,12238136,no2,ppb,2025-06-22,2.54,20.021503,73.813844,check_required
3409454,Hirawadi,12238136,no2,ppb,2025-06-23,2.72,20.021503,73.813844,check_required
3409454,Hirawadi,12238136,no2,ppb,2025-06-24,2.2,20.021503,73.813844,check_required
3409454,Hirawadi,12238136,no2,ppb,2025-06-25,3.32,20.021503,73.813844,check_required
3409454,Hirawadi,12238136,no2,ppb,2025-06-26,5.7,20.021503,73.813844,check_required
3409454,Hirawadi,12238136,no2,ppb,2025-06-27,5.01,20.021503,73.813844,check_required
3409454,Hirawadi,12238136,no2,ppb,2025-06-28,3.34,20.021503,73.813844,check_required
3409454,Hirawadi,12238136,no2,ppb,2025-06-29,2.34,20.021503,73.813844,check_required
3409454,Hirawadi,12238136,no2,ppb,2025-06-30,2.23,20.021503,73.813844,check_required
3409454,Hirawadi,12238136,no2,ppb,2025-07-01,2.74,20.021503,73.813844,check_required
3409454,Hirawadi,12238136,no2,ppb,2025-07-02,2.31,20.021503,73.813844,check_required
3409454,Hirawadi,12238136,no2,ppb,2025-07-03,2.79,20.021503,73.813844,check_required
3409454,Hirawadi,12238136,no2,ppb,2025-07-04,2.21,20.021503,73.813844,check_required
3409454,Hirawadi,12238136,no2,ppb,2025-07-05,3.15,20.021503,73.813844,check_required
3409454,Hirawadi,12238136,no2,ppb,2025-07-06,2.51,20.021503,73.813844,check_required
3409454,Hirawadi,12238136,no2,ppb,2025-07-07,7.82,20.021503,73.813844,check_required
3409454,Hirawadi,12238136,no2,ppb,2025-07-08,6.31,20.021503,73.813844,check_required
3409454,Hirawadi,12238136,no2,ppb,2025-07-09,3.77,20.021503,73.813844,check_required
3409454,Hirawadi,12238136,no2,ppb,2025-07-10,3.79,20.021503,73.813844,check_required
3409454,Hirawadi,12238136,no2,ppb,2025-07-11,2.18,20.021503,73.813844,check_required
3409454,Hirawadi,12238136,no2,ppb,2025-07-12,2.14,20.021503,73.813844,check_required
3409454,Hirawadi,12238136,no2,ppb,2025-07-13,1.92,20.021503,73.813844,check_required
3409454,Hirawadi,12238136,no2,ppb,2025-07-14,3.91,20.021503,73.813844,check_required
3409454,Hirawadi,12238136,no2,ppb,2025-07-15,1.7,20.021503,73.813844,check_required
3409454,Hirawadi,12238136,no2,ppb,2025-07-16,0.912,20.021503,73.813844,check_required
3409454,Hirawadi,12238136,no2,ppb,2025-07-17,1.7,20.021503,73.813844,check_required
3409454,Hirawadi,12238136,no2,ppb,2025-07-18,1.9,20.021503,73.813844,check_required
3409454,Hirawadi,12238136,no2,ppb,2025-07-19,2.4,20.021503,73.813844,check_required
3409454,Hirawadi,12238136,no2,ppb,2025-07-20,3.12,20.021503,73.813844,check_required
3409454,Hirawadi,12238136,no2,ppb,2025-07-21,2.8,20.021503,73.813844,check_required
3409454,Hirawadi,12238136,no2,ppb,2025-07-22,1.85,20.021503,73.813844,check_required
3409454,Hirawadi,12238136,no2,ppb,2025-07-23,1.66,20.021503,73.813844,check_required
3409454,Hirawadi,12238136,no2,ppb,2025-07-24,2.29,20.021503,73.813844,check_required
3409454,Hirawadi,12238136,no2,ppb,2025-07-25,2.85,20.021503,73.813844,check_required
3409454,Hirawadi,12238136,no2,ppb,2025-07-26,1.43,20.021503,73.813844,check_required
3409454,Hirawadi,12238136,no2,ppb,2025-07-27,1.5,20.021503,73.813844,check_required
3409454,Hirawadi,12238136,no2,ppb,2025-07-28,1.69,20.021503,73.813844,check_required
3409454,Hirawadi,12238136,no2,ppb,2025-07-29,1.25,20.021503,73.813844,check_required
3409454,Hirawadi,12238136,no2,ppb,2025-07-30,2.27,20.021503,73.813844,check_required
3409454,Hirawadi,12238136,no2,ppb,2025-07-31,2.19,20.021503,73.813844,check_required
3409454,Hirawadi,12238136,no2,ppb,2025-08-01,2.13,20.021503,73.813844,check_required
3409454,Hirawadi,12238136,no2,ppb,2025-08-02,1.69,20.021503,73.813844,check_required
3409454,Hirawadi,12238136,no2,ppb,2025-08-03,2.27,20.021503,73.813844,check_required
3409454,Hirawadi,12238136,no2,ppb,2025-08-04,2.09,20.021503,73.813844,check_required
3409454,Hirawadi,12238136,no2,ppb,2025-08-05,1.99,20.021503,73.813844,check_required
3409454,Hirawadi,12238136,no2,ppb,2025-08-06,1.97,20.021503,73.813844,check_required
3409454,Hirawadi,12238136,no2,ppb,2025-08-07,1.43,20.021503,73.813844,check_required
3409454,Hirawadi,12238136,no2,ppb,2025-08-08,2.29,20.021503,73.813844,check_required
3409454,Hirawadi,12238136,no2,ppb,2025-08-09,1.72,20.021503,73.813844,check_required
3409454,Hirawadi,12238136,no2,ppb,2025-08-10,1.9,20.021503,73.813844,check_required
3409454,Hirawadi,12238136,no2,ppb,2025-08-11,2.09,20.021503,73.813844,check_required
3409454,Hirawadi,12238136,no2,ppb,2025-08-12,2.24,20.021503,73.813844,check_required
3409454,Hirawadi,12238136,no2,ppb,2025-08-13,3.12,20.021503,73.813844,check_required
3409454,Hirawadi,12238136,no2,ppb,2025-08-14,4.3,20.021503,73.813844,check_required
3409454,Hirawadi,12238136,no2,ppb,2025-08-15,3.38,20.021503,73.813844,check_required
3409454,Hirawadi,12238136,no2,ppb,2025-08-16,3.33,20.021503,73.813844,check_required
3409454,Hirawadi,12238136,no2,ppb,2025-08-17,3.3,20.021503,73.813844,check_required
3409454,Hirawadi,12238136,no2,ppb,2025-08-18,6.18,20.021503,73.813844,check_required
3409454,Hirawadi,12238136,no2,ppb,2025-08-19,3.38,20.021503,73.813844,check_required
3409454,Hirawadi,12238136,no2,ppb,2025-08-20,4.89,20.021503,73.813844,check_required
3409454,Hirawadi,12238136,no2,ppb,2025-08-21,4.33,20.021503,73.813844,check_required
3409454,Hirawadi,12238136,no2,ppb,2025-08-22,2.34,20.021503,73.813844,check_required
3409454,Hirawadi,12238136,no2,ppb,2025-08-23,2.75,20.021503,73.813844,check_required
3409454,Hirawadi,12238136,no2,ppb,2025-08-24,2.38,20.021503,73.813844,check_required
3409454,Hirawadi,12238136,no2,ppb,2025-08-25,3.11,20.021503,73.813844,check_required
3409454,Hirawadi,12238136,no2,ppb,2025-08-26,1.99,20.021503,73.813844,check_required
3409454,Hirawadi,12238136,no2,ppb,2025-08-27,2.14,20.021503,73.813844,check_required
3409454,Hirawadi,12238136,no2,ppb,2025-08-28,2.44,20.021503,73.813844,check_required
3409454,Hirawadi,12238136,no2,ppb,2025-08-29,2.68,20.021503,73.813844,check_required
3409454,Hirawadi,12238136,no2,ppb,2025-08-30,3.2,20.021503,73.813844,check_required
3409454,Hirawadi,12238136,no2,ppb,2025-08-31,2.59,20.021503,73.813844,check_required
3409454,Hirawadi,12238136,no2,ppb,2025-09-02,2.41,20.021503,73.813844,check_required
3409454,Hirawadi,12238136,no2,ppb,2025-09-04,2.56,20.021503,73.813844,check_required
3409454,Hirawadi,12238136,no2,ppb,2025-09-11,2.1,20.021503,73.813844,check_required
3409454,Hirawadi,12238136,no2,ppb,2025-09-15,3.45,20.021503,73.813844,check_required
3409454,Hirawadi,12238136,no2,ppb,2025-09-17,0.05,20.021503,73.813844,check_required
3409454,Hirawadi,12238136,no2,ppb,2025-09-18,2.3,20.021503,73.813844,check_required
3409454,Hirawadi,12238136,no2,ppb,2025-09-19,2.02,20.021503,73.813844,check_required
3409454,Hirawadi,12238136,no2,ppb,2025-09-21,1.6,20.021503,73.813844,check_required
3409454,Hirawadi,12238136,no2,ppb,2025-09-22,1.52,20.021503,73.813844,check_required
3409454,Hirawadi,12238136,no2,ppb,2025-09-23,1.13,20.021503,73.813844,check_required
3409454,Hirawadi,12238136,no2,ppb,2025-09-24,0.93,20.021503,73.813844,check_required
3409454,Hirawadi,12238136,no2,ppb,2025-09-25,8.63,20.021503,73.813844,check_required
3409454,Hirawadi,12238136,no2,ppb,2025-09-26,2.39,20.021503,73.813844,check_required
3409454,Hirawadi,12238136,no2,ppb,2025-09-27,2.52,20.021503,73.813844,check_required
3409454,Hirawadi,12238136,no2,ppb,2025-09-28,5.17,20.021503,73.813844,check_required
3409454,Hirawadi,12238136,no2,ppb,2025-09-29,6.49,20.021503,73.813844,check_required
3409454,Hirawadi,12238136,no2,ppb,2025-09-30,2.73,20.021503,73.813844,check_required
3409454,Hirawadi,12238136,no2,ppb,2025-10-01,5.15,20.021503,73.813844,check_required
3409454,Hirawadi,12238136,no2,ppb,2025-10-02,2.76,20.021503,73.813844,check_required
3409454,Hirawadi,12238136,no2,ppb,2025-10-03,5.39,20.021503,73.813844,check_required
3409454,Hirawadi,12238136,no2,ppb,2025-10-04,1.11,20.021503,73.813844,check_required
3409454,Hirawadi,12238136,no2,ppb,2025-10-05,3.6,20.021503,73.813844,check_required
3409454,Hirawadi,12238136,no2,ppb,2025-10-06,1.98,20.021503,73.813844,check_required
3409454,Hirawadi,12238136,no2,ppb,2025-10-08,4.49,20.021503,73.813844,check_required
3409454,Hirawadi,12238136,no2,ppb,2025-10-09,7.0,20.021503,73.813844,check_required
3409454,Hirawadi,12238136,no2,ppb,2025-10-10,4.83,20.021503,73.813844,check_required
3409454,Hirawadi,12238136,no2,ppb,2025-10-11,5.44,20.021503,73.813844,check_required
3409454,Hirawadi,12238136,no2,ppb,2025-10-12,1.94,20.021503,73.813844,check_required
3409454,Hirawadi,12238136,no2,ppb,2025-10-13,21.2,20.021503,73.813844,check_required
3409454,Hirawadi,12238136,no2,ppb,2025-10-14,7.48,20.021503,73.813844,check_required
3409454,Hirawadi,12238136,no2,ppb,2025-10-15,7.42,20.021503,73.813844,check_required
3409454,Hirawadi,12238136,no2,ppb,2025-10-16,6.43,20.021503,73.813844,check_required
3409454,Hirawadi,12238136,no2,ppb,2025-10-17,7.99,20.021503,73.813844,check_required
3409454,Hirawadi,12238136,no2,ppb,2025-10-18,7.26,20.021503,73.813844,check_required
3409454,Hirawadi,12238136,no2,ppb,2025-10-19,8.73,20.021503,73.813844,check_required
3409454,Hirawadi,12238136,no2,ppb,2025-10-20,14.2,20.021503,73.813844,check_required
3409454,Hirawadi,12238136,no2,ppb,2025-10-21,5.16,20.021503,73.813844,check_required
3409454,Hirawadi,12238136,no2,ppb,2025-10-22,3.78,20.021503,73.813844,check_required
3409454,Hirawadi,12238136,no2,ppb,2025-10-23,4.53,20.021503,73.813844,check_required
3409454,Hirawadi,12238136,no2,ppb,2025-10-24,2.47,20.021503,73.813844,check_required
3409454,Hirawadi,12238136,no2,ppb,2025-10-25,2.59,20.021503,73.813844,check_required
3409454,Hirawadi,12238136,no2,ppb,2025-10-27,4.21,20.021503,73.813844,check_required
3409454,Hirawadi,12238136,no2,ppb,2025-10-28,3.04,20.021503,73.813844,check_required
3409454,Hirawadi,12238136,no2,ppb,2025-10-29,6.88,20.021503,73.813844,check_required
3409454,Hirawadi,12238136,no2,ppb,2025-10-30,4.86,20.021503,73.813844,check_required
3409454,Hirawadi,12238136,no2,ppb,2025-10-31,7.98,20.021503,73.813844,check_required
3409454,Hirawadi,12238136,no2,ppb,2025-11-01,4.92,20.021503,73.813844,check_required
3409454,Hirawadi,12238136,no2,ppb,2025-11-02,3.52,20.021503,73.813844,check_required
3409454,Hirawadi,12238136,no2,ppb,2025-11-03,2.15,20.021503,73.813844,check_required
3409454,Hirawadi,12238136,no2,ppb,2025-11-04,2.8,20.021503,73.813844,check_required
3409454,Hirawadi,12238136,no2,ppb,2025-11-05,5.15,20.021503,73.813844,check_required
3409454,Hirawadi,12238136,no2,ppb,2025-11-06,9.4,20.021503,73.813844,check_required
3409454,Hirawadi,12238136,no2,ppb,2025-11-07,9.83,20.021503,73.813844,check_required
3409454,Hirawadi,12238136,no2,ppb,2025-11-08,8.39,20.021503,73.813844,check_required
3409454,Hirawadi,12238136,no2,ppb,2025-11-09,8.28,20.021503,73.813844,check_required
3409454,Hirawadi,12238136,no2,ppb,2025-11-10,24.0,20.021503,73.813844,check_required
3409454,Hirawadi,12238136,no2,ppb,2025-11-11,21.5,20.021503,73.813844,check_required
3409454,Hirawadi,12238136,no2,ppb,2025-11-12,20.0,20.021503,73.813844,check_required
3409454,Hirawadi,12238136,no2,ppb,2025-11-13,11.6,20.021503,73.813844,check_required
3409454,Hirawadi,12238136,no2,ppb,2025-11-14,15.3,20.021503,73.813844,check_required
3409454,Hirawadi,12238136,no2,ppb,2025-11-15,16.3,20.021503,73.813844,check_required
3409454,Hirawadi,12238136,no2,ppb,2025-11-16,18.4,20.021503,73.813844,check_required
3409454,Hirawadi,12238136,no2,ppb,2025-11-17,12.6,20.021503,73.813844,check_required
3409454,Hirawadi,12238136,no2,ppb,2025-11-19,22.9,20.021503,73.813844,check_required
3409454,Hirawadi,12238136,no2,ppb,2025-11-20,13.7,20.021503,73.813844,check_required
3409454,Hirawadi,12238136,no2,ppb,2025-11-21,21.0,20.021503,73.813844,check_required
3409454,Hirawadi,12238136,no2,ppb,2025-11-22,27.0,20.021503,73.813844,check_required
3409454,Hirawadi,12238136,no2,ppb,2025-11-23,14.6,20.021503,73.813844,check_required
3409454,Hirawadi,12238136,no2,ppb,2025-11-24,18.7,20.021503,73.813844,check_required
3409454,Hirawadi,12238136,no2,ppb,2025-11-25,7.06,20.021503,73.813844,check_required
3409454,Hirawadi,12238136,no2,ppb,2025-11-26,10.1,20.021503,73.813844,check_required
3409454,Hirawadi,12238136,no2,ppb,2025-11-28,13.6,20.021503,73.813844,check_required
3409454,Hirawadi,12238136,no2,ppb,2025-11-29,10.1,20.021503,73.813844,check_required
3409454,Hirawadi,12238136,no2,ppb,2025-11-30,16.5,20.021503,73.813844,check_required
3409454,Hirawadi,12238136,no2,ppb,2025-12-01,10.6,20.021503,73.813844,check_required
3409454,Hirawadi,12238136,no2,ppb,2025-12-02,13.9,20.021503,73.813844,check_required
3409454,Hirawadi,12238136,no2,ppb,2025-12-03,11.8,20.021503,73.813844,check_required
3409454,Hirawadi,12238136,no2,ppb,2025-12-04,22.2,20.021503,73.813844,check_required
3409454,Hirawadi,12238136,no2,ppb,2025-12-05,23.7,20.021503,73.813844,check_required
3409454,Hirawadi,12238136,no2,ppb,2025-12-06,21.8,20.021503,73.813844,check_required
3409454,Hirawadi,12238136,no2,ppb,2025-12-07,11.2,20.021503,73.813844,check_required
3409454,Hirawadi,12238136,no2,ppb,2025-12-08,21.5,20.021503,73.813844,check_required
3409454,Hirawadi,12238136,no2,ppb,2025-12-09,11.9,20.021503,73.813844,check_required
3409454,Hirawadi,12238136,no2,ppb,2025-12-10,4.12,20.021503,73.813844,check_required
3409454,Hirawadi,12238136,no2,ppb,2025-12-11,13.7,20.021503,73.813844,check_required
3409454,Hirawadi,12238136,no2,ppb,2025-12-12,12.5,20.021503,73.813844,check_required
3409454,Hirawadi,12238136,no2,ppb,2025-12-13,12.7,20.021503,73.813844,check_required
3409454,Hirawadi,12238136,no2,ppb,2025-12-14,20.2,20.021503,73.813844,check_required
3409454,Hirawadi,12238136,no2,ppb,2025-12-17,10.1,20.021503,73.813844,check_required
3409454,Hirawadi,12238136,no2,ppb,2025-12-18,6.4,20.021503,73.813844,check_required
3409454,Hirawadi,12238136,no2,ppb,2025-12-20,10.2,20.021503,73.813844,check_required
3409454,Hirawadi,12238136,no2,ppb,2025-12-21,7.98,20.021503,73.813844,check_required
3409454,Hirawadi,12238136,no2,ppb,2025-12-22,4.46,20.021503,73.813844,check_required
3409454,Hirawadi,12238136,no2,ppb,2025-12-23,8.09,20.021503,73.813844,check_required
3409454,Hirawadi,12238136,no2,ppb,2025-12-24,10.9,20.021503,73.813844,check_required
3409454,Hirawadi,12238136,no2,ppb,2025-12-25,11.5,20.021503,73.813844,check_required
3409454,Hirawadi,12238136,no2,ppb,2025-12-26,14.3,20.021503,73.813844,check_required
3409454,Hirawadi,12238136,no2,ppb,2025-12-27,10.2,20.021503,73.813844,check_required
3409454,Hirawadi,12238136,no2,ppb,2025-12-28,18.3,20.021503,73.813844,check_required
3409454,Hirawadi,12238136,no2,ppb,2025-12-29,16.5,20.021503,73.813844,check_required
3409454,Hirawadi,12238136,no2,ppb,2025-12-30,8.85,20.021503,73.813844,check_required
3409454,Hirawadi,12238136,no2,ppb,2025-12-31,14.9,20.021503,73.813844,check_required
3409453,MIDC Ambad,12238127,no2,ppb,2025-02-19,6.59,19.95022,73.73148,check_required
3409453,MIDC Ambad,12238127,no2,ppb,2025-02-20,13.7,19.95022,73.73148,check_required
3409453,MIDC Ambad,12238127,no2,ppb,2025-02-21,10.8,19.95022,73.73148,check_required
3409453,MIDC Ambad,12238127,no2,ppb,2025-02-22,13.9,19.95022,73.73148,check_required
3409453,MIDC Ambad,12238127,no2,ppb,2025-02-23,14.8,19.95022,73.73148,check_required
3409453,MIDC Ambad,12238127,no2,ppb,2025-02-24,13.8,19.95022,73.73148,check_required
3409453,MIDC Ambad,12238127,no2,ppb,2025-02-25,12.5,19.95022,73.73148,check_required
3409453,MIDC Ambad,12238127,no2,ppb,2025-02-26,18.0,19.95022,73.73148,check_required
3409453,MIDC Ambad,12238127,no2,ppb,2025-02-27,10.8,19.95022,73.73148,check_required
3409453,MIDC Ambad,12238127,no2,ppb,2025-02-28,10.7,19.95022,73.73148,check_required
3409453,MIDC Ambad,12238127,no2,ppb,2025-03-01,8.89,19.95022,73.73148,check_required
3409453,MIDC Ambad,12238127,no2,ppb,2025-03-02,6.64,19.95022,73.73148,check_required
3409453,MIDC Ambad,12238127,no2,ppb,2025-03-03,10.1,19.95022,73.73148,check_required
3409453,MIDC Ambad,12238127,no2,ppb,2025-03-04,5.86,19.95022,73.73148,check_required
3409453,MIDC Ambad,12238127,no2,ppb,2025-03-05,10.9,19.95022,73.73148,check_required
3409453,MIDC Ambad,12238127,no2,ppb,2025-03-06,15.1,19.95022,73.73148,check_required
3409453,MIDC Ambad,12238127,no2,ppb,2025-03-07,26.2,19.95022,73.73148,check_required
3409453,MIDC Ambad,12238127,no2,ppb,2025-03-08,6.98,19.95022,73.73148,check_required
3409453,MIDC Ambad,12238127,no2,ppb,2025-03-09,12.3,19.95022,73.73148,check_required
3409453,MIDC Ambad,12238127,no2,ppb,2025-03-10,14.0,19.95022,73.73148,check_required
3409453,MIDC Ambad,12238127,no2,ppb,2025-03-11,15.7,19.95022,73.73148,check_required
3409453,MIDC Ambad,12238127,no2,ppb,2025-03-12,15.9,19.95022,73.73148,check_required
3409453,MIDC Ambad,12238127,no2,ppb,2025-03-13,11.5,19.95022,73.73148,check_required
3409453,MIDC Ambad,12238127,no2,ppb,2025-03-14,6.83,19.95022,73.73148,check_required
3409453,MIDC Ambad,12238127,no2,ppb,2025-03-15,4.83,19.95022,73.73148,check_required
3409453,MIDC Ambad,12238127,no2,ppb,2025-03-16,5.39,19.95022,73.73148,check_required
3409453,MIDC Ambad,12238127,no2,ppb,2025-03-17,9.23,19.95022,73.73148,check_required
3409453,MIDC Ambad,12238127,no2,ppb,2025-03-18,9.51,19.95022,73.73148,check_required
3409453,MIDC Ambad,12238127,no2,ppb,2025-03-19,4.6,19.95022,73.73148,check_required
3409453,MIDC Ambad,12238127,no2,ppb,2025-03-20,8.35,19.95022,73.73148,check_required
3409453,MIDC Ambad,12238127,no2,ppb,2025-03-21,7.26,19.95022,73.73148,check_required
3409453,MIDC Ambad,12238127,no2,ppb,2025-03-22,22.2,19.95022,73.73148,check_required
3409453,MIDC Ambad,12238127,no2,ppb,2025-03-23,8.51,19.95022,73.73148,check_required
3409453,MIDC Ambad,12238127,no2,ppb,2025-03-24,10.1,19.95022,73.73148,check_required
3409453,MIDC Ambad,12238127,no2,ppb,2025-03-25,10.8,19.95022,73.73148,check_required
3409453,MIDC Ambad,12238127,no2,ppb,2025-03-26,7.92,19.95022,73.73148,check_required
3409453,MIDC Ambad,12238127,no2,ppb,2025-03-27,5.11,19.95022,73.73148,check_required
3409453,MIDC Ambad,12238127,no2,ppb,2025-03-28,7.05,19.95022,73.73148,check_required
3409453,MIDC Ambad,12238127,no2,ppb,2025-03-29,9.98,19.95022,73.73148,check_required
3409453,MIDC Ambad,12238127,no2,ppb,2025-03-30,9.33,19.95022,73.73148,check_required
3409453,MIDC Ambad,12238127,no2,ppb,2025-03-31,10.1,19.95022,73.73148,check_required
3409453,MIDC Ambad,12238127,no2,ppb,2025-04-01,13.0,19.95022,73.73148,check_required
3409453,MIDC Ambad,12238127,no2,ppb,2025-04-02,10.9,19.95022,73.73148,check_required
3409453,MIDC Ambad,12238127,no2,ppb,2025-04-03,11.3,19.95022,73.73148,check_required
3409453,MIDC Ambad,12238127,no2,ppb,2025-04-04,7.64,19.95022,73.73148,check_required
3409453,MIDC Ambad,12238127,no2,ppb,2025-04-05,7.7,19.95022,73.73148,check_required
3409453,MIDC Ambad,12238127,no2,ppb,2025-04-06,7.92,19.95022,73.73148,check_required
3409453,MIDC Ambad,12238127,no2,ppb,2025-04-07,7.61,19.95022,73.73148,check_required
3409453,MIDC Ambad,12238127,no2,ppb,2025-04-08,7.55,19.95022,73.73148,check_required
3409453,MIDC Ambad,12238127,no2,ppb,2025-04-09,7.04,19.95022,73.73148,check_required
3409453,MIDC Ambad,12238127,no2,ppb,2025-04-11,5.14,19.95022,73.73148,check_required
3409453,MIDC Ambad,12238127,no2,ppb,2025-04-12,6.33,19.95022,73.73148,check_required
3409453,MIDC Ambad,12238127,no2,ppb,2025-04-13,6.41,19.95022,73.73148,check_required
3409453,MIDC Ambad,12238127,no2,ppb,2025-04-14,4.17,19.95022,73.73148,check_required
3409453,MIDC Ambad,12238127,no2,ppb,2025-04-15,5.47,19.95022,73.73148,check_required
3409453,MIDC Ambad,12238127,no2,ppb,2025-04-16,7.09,19.95022,73.73148,check_required
3409453,MIDC Ambad,12238127,no2,ppb,2025-04-17,7.7,19.95022,73.73148,check_required
3409453,MIDC Ambad,12238127,no2,ppb,2025-04-18,6.23,19.95022,73.73148,check_required
3409453,MIDC Ambad,12238127,no2,ppb,2025-04-19,6.24,19.95022,73.73148,check_required
3409453,MIDC Ambad,12238127,no2,ppb,2025-04-20,7.49,19.95022,73.73148,check_required
3409453,MIDC Ambad,12238127,no2,ppb,2025-04-21,7.5,19.95022,73.73148,check_required
3409453,MIDC Ambad,12238127,no2,ppb,2025-04-22,7.23,19.95022,73.73148,check_required
3409453,MIDC Ambad,12238127,no2,ppb,2025-04-23,9.05,19.95022,73.73148,check_required
3409453,MIDC Ambad,12238127,no2,ppb,2025-04-24,7.81,19.95022,73.73148,check_required
3409453,MIDC Ambad,12238127,no2,ppb,2025-04-25,6.72,19.95022,73.73148,check_required
3409453,MIDC Ambad,12238127,no2,ppb,2025-04-26,7.88,19.95022,73.73148,check_required
3409453,MIDC Ambad,12238127,no2,ppb,2025-04-27,8.06,19.95022,73.73148,check_required
3409453,MIDC Ambad,12238127,no2,ppb,2025-04-28,8.74,19.95022,73.73148,check_required
3409453,MIDC Ambad,12238127,no2,ppb,2025-04-29,8.54,19.95022,73.73148,check_required
3409453,MIDC Ambad,12238127,no2,ppb,2025-04-30,8.07,19.95022,73.73148,check_required
3409453,MIDC Ambad,12238127,no2,ppb,2025-05-01,5.57,19.95022,73.73148,check_required
3409453,MIDC Ambad,12238127,no2,ppb,2025-05-02,6.46,19.95022,73.73148,check_required
3409453,MIDC Ambad,12238127,no2,ppb,2025-05-03,4.45,19.95022,73.73148,check_required
3409453,MIDC Ambad,12238127,no2,ppb,2025-05-04,4.84,19.95022,73.73148,check_required
3409453,MIDC Ambad,12238127,no2,ppb,2025-05-05,5.78,19.95022,73.73148,check_required
3409453,MIDC Ambad,12238127,no2,ppb,2025-05-06,6.64,19.95022,73.73148,check_required
3409453,MIDC Ambad,12238127,no2,ppb,2025-05-07,8.93,19.95022,73.73148,check_required
3409453,MIDC Ambad,12238127,no2,ppb,2025-05-08,6.21,19.95022,73.73148,check_required
3409453,MIDC Ambad,12238127,no2,ppb,2025-05-09,7.61,19.95022,73.73148,check_required
3409453,MIDC Ambad,12238127,no2,ppb,2025-05-10,3.68,19.95022,73.73148,check_required
3409453,MIDC Ambad,12238127,no2,ppb,2025-05-11,14.8,19.95022,73.73148,check_required
3409453,MIDC Ambad,12238127,no2,ppb,2025-05-12,11.7,19.95022,73.73148,check_required
3409453,MIDC Ambad,12238127,no2,ppb,2025-05-13,8.18,19.95022,73.73148,check_required
3409453,MIDC Ambad,12238127,no2,ppb,2025-05-14,7.74,19.95022,73.73148,check_required
3409453,MIDC Ambad,12238127,no2,ppb,2025-05-15,8.94,19.95022,73.73148,check_required
3409453,MIDC Ambad,12238127,no2,ppb,2025-05-16,7.12,19.95022,73.73148,check_required
3409453,MIDC Ambad,12238127,no2,ppb,2025-05-17,4.61,19.95022,73.73148,check_required
3409453,MIDC Ambad,12238127,no2,ppb,2025-05-18,6.03,19.95022,73.73148,check_required
3409453,MIDC Ambad,12238127,no2,ppb,2025-05-19,12.0,19.95022,73.73148,check_required
3409453,MIDC Ambad,12238127,no2,ppb,2025-05-20,13.5,19.95022,73.73148,check_required
3409453,MIDC Ambad,12238127,no2,ppb,2025-05-21,16.2,19.95022,73.73148,check_required
3409453,MIDC Ambad,12238127,no2,ppb,2025-05-22,18.1,19.95022,73.73148,check_required
3409453,MIDC Ambad,12238127,no2,ppb,2025-05-23,18.4,19.95022,73.73148,check_required
3409453,MIDC Ambad,12238127,no2,ppb,2025-05-24,13.9,19.95022,73.73148,check_required
3409453,MIDC Ambad,12238127,no2,ppb,2025-05-25,9.21,19.95022,73.73148,check_required
3409453,MIDC Ambad,12238127,no2,ppb,2025-05-26,10.2,19.95022,73.73148,check_required
3409453,MIDC Ambad,12238127,no2,ppb,2025-05-27,22.8,19.95022,73.73148,check_required
3409453,MIDC Ambad,12238127,no2,ppb,2025-05-28,15.0,19.95022,73.73148,check_required
3409453,MIDC Ambad,12238127,no2,ppb,2025-05-29,11.4,19.95022,73.73148,check_required
3409453,MIDC Ambad,12238127,no2,ppb,2025-05-30,7.62,19.95022,73.73148,check_required
3409453,MIDC Ambad,12238127,no2,ppb,2025-05-31,6.28,19.95022,73.73148,check_required
3409453,MIDC Ambad,12238127,no2,ppb,2025-06-01,5.97,19.95022,73.73148,check_required
3409453,MIDC Ambad,12238127,no2,ppb,2025-06-02,5.86,19.95022,73.73148,check_required
3409453,MIDC Ambad,12238127,no2,ppb,2025-06-03,5.38,19.95022,73.73148,check_required
3409453,MIDC Ambad,12238127,no2,ppb,2025-06-06,11.1,19.95022,73.73148,check_required
3409453,MIDC Ambad,12238127,no2,ppb,2025-06-07,6.24,19.95022,73.73148,check_required
3409453,MIDC Ambad,12238127,no2,ppb,2025-06-08,5.43,19.95022,73.73148,check_required
3409453,MIDC Ambad,12238127,no2,ppb,2025-06-09,4.84,19.95022,73.73148,check_required
3409453,MIDC Ambad,12238127,no2,ppb,2025-06-10,2.33,19.95022,73.73148,check_required
3409453,MIDC Ambad,12238127,no2,ppb,2025-06-11,2.36,19.95022,73.73148,check_required
3409453,MIDC Ambad,12238127,no2,ppb,2025-06-12,2.65,19.95022,73.73148,check_required
3409453,MIDC Ambad,12238127,no2,ppb,2025-06-13,2.47,19.95022,73.73148,check_required
3409453,MIDC Ambad,12238127,no2,ppb,2025-06-14,3.16,19.95022,73.73148,check_required
3409453,MIDC Ambad,12238127,no2,ppb,2025-06-15,3.11,19.95022,73.73148,check_required
3409453,MIDC Ambad,12238127,no2,ppb,2025-06-16,3.42,19.95022,73.73148,check_required
3409453,MIDC Ambad,12238127,no2,ppb,2025-06-17,2.51,19.95022,73.73148,check_required
3409453,MIDC Ambad,12238127,no2,ppb,2025-06-18,3.18,19.95022,73.73148,check_required
3409453,MIDC Ambad,12238127,no2,ppb,2025-06-19,3.08,19.95022,73.73148,check_required
3409453,MIDC Ambad,12238127,no2,ppb,2025-06-20,1.91,19.95022,73.73148,check_required
3409453,MIDC Ambad,12238127,no2,ppb,2025-06-21,0.988,19.95022,73.73148,check_required
3409453,MIDC Ambad,12238127,no2,ppb,2025-06-22,1.48,19.95022,73.73148,check_required
3409453,MIDC Ambad,12238127,no2,ppb,2025-06-23,1.84,19.95022,73.73148,check_required
3409453,MIDC Ambad,12238127,no2,ppb,2025-06-24,1.67,19.95022,73.73148,check_required
3409453,MIDC Ambad,12238127,no2,ppb,2025-06-25,1.87,19.95022,73.73148,check_required
3409453,MIDC Ambad,12238127,no2,ppb,2025-06-26,2.4,19.95022,73.73148,check_required
3409453,MIDC Ambad,12238127,no2,ppb,2025-06-27,2.39,19.95022,73.73148,check_required
3409453,MIDC Ambad,12238127,no2,ppb,2025-06-28,1.63,19.95022,73.73148,check_required
3409453,MIDC Ambad,12238127,no2,ppb,2025-06-29,1.26,19.95022,73.73148,check_required
3409453,MIDC Ambad,12238127,no2,ppb,2025-06-30,2.16,19.95022,73.73148,check_required
3409453,MIDC Ambad,12238127,no2,ppb,2025-07-01,7.25,19.95022,73.73148,check_required
3409453,MIDC Ambad,12238127,no2,ppb,2025-07-02,2.4,19.95022,73.73148,check_required
3409453,MIDC Ambad,12238127,no2,ppb,2025-07-03,2.74,19.95022,73.73148,check_required
3409453,MIDC Ambad,12238127,no2,ppb,2025-07-04,1.95,19.95022,73.73148,check_required
3409453,MIDC Ambad,12238127,no2,ppb,2025-07-05,2.03,19.95022,73.73148,check_required
3409453,MIDC Ambad,12238127,no2,ppb,2025-07-07,2.01,19.95022,73.73148,check_required
3409453,MIDC Ambad,12238127,no2,ppb,2025-07-08,4.43,19.95022,73.73148,check_required
3409453,MIDC Ambad,12238127,no2,ppb,2025-07-09,9.61,19.95022,73.73148,check_required
3409453,MIDC Ambad,12238127,no2,ppb,2025-07-10,9.16,19.95022,73.73148,check_required
3409453,MIDC Ambad,12238127,no2,ppb,2025-07-11,9.73,19.95022,73.73148,check_required
3409453,MIDC Ambad,12238127,no2,ppb,2025-07-12,8.92,19.95022,73.73148,check_required
3409453,MIDC Ambad,12238127,no2,ppb,2025-07-13,11.1,19.95022,73.73148,check_required
3409453,MIDC Ambad,12238127,no2,ppb,2025-07-14,11.3,19.95022,73.73148,check_required
3409453,MIDC Ambad,12238127,no2,ppb,2025-07-15,13.4,19.95022,73.73148,check_required
3409453,MIDC Ambad,12238127,no2,ppb,2025-07-16,11.2,19.95022,73.73148,check_required
3409453,MIDC Ambad,12238127,no2,ppb,2025-07-17,11.6,19.95022,73.73148,check_required
3409453,MIDC Ambad,12238127,no2,ppb,2025-07-19,9.38,19.95022,73.73148,check_required
3409453,MIDC Ambad,12238127,no2,ppb,2025-07-20,10.6,19.95022,73.73148,check_required
3409453,MIDC Ambad,12238127,no2,ppb,2025-07-21,13.6,19.95022,73.73148,check_required
3409453,MIDC Ambad,12238127,no2,ppb,2025-07-22,12.9,19.95022,73.73148,check_required
3409453,MIDC Ambad,12238127,no2,ppb,2025-07-23,12.1,19.95022,73.73148,check_required
3409453,MIDC Ambad,12238127,no2,ppb,2025-07-24,10.6,19.95022,73.73148,check_required
3409453,MIDC Ambad,12238127,no2,ppb,2025-07-25,13.2,19.95022,73.73148,check_required
3409453,MIDC Ambad,12238127,no2,ppb,2025-07-26,7.49,19.95022,73.73148,check_required
3409453,MIDC Ambad,12238127,no2,ppb,2025-07-27,7.62,19.95022,73.73148,check_required
3409453,MIDC Ambad,12238127,no2,ppb,2025-07-28,7.25,19.95022,73.73148,check_required
3409453,MIDC Ambad,12238127,no2,ppb,2025-07-29,10.4,19.95022,73.73148,check_required
3409453,MIDC Ambad,12238127,no2,ppb,2025-07-30,8.28,19.95022,73.73148,check_required
3409453,MIDC Ambad,12238127,no2,ppb,2025-07-31,8.12,19.95022,73.73148,check_required
3409453,MIDC Ambad,12238127,no2,ppb,2025-08-01,9.59,19.95022,73.73148,check_required
3409453,MIDC Ambad,12238127,no2,ppb,2025-08-02,8.07,19.95022,73.73148,check_required
3409453,MIDC Ambad,12238127,no2,ppb,2025-08-03,9.53,19.95022,73.73148,check_required
3409453,MIDC Ambad,12238127,no2,ppb,2025-08-04,9.95,19.95022,73.73148,check_required
3409453,MIDC Ambad,12238127,no2,ppb,2025-08-05,9.69,19.95022,73.73148,check_required
3409453,MIDC Ambad,12238127,no2,ppb,2025-08-06,8.79,19.95022,73.73148,check_required
3409453,MIDC Ambad,12238127,no2,ppb,2025-08-07,8.15,19.95022,73.73148,check_required
3409453,MIDC Ambad,12238127,no2,ppb,2025-08-08,9.44,19.95022,73.73148,check_required
3409453,MIDC Ambad,12238127,no2,ppb,2025-08-09,6.19,19.95022,73.73148,check_required
3409453,MIDC Ambad,12238127,no2,ppb,2025-08-10,6.01,19.95022,73.73148,check_required
3409453,MIDC Ambad,12238127,no2,ppb,2025-08-11,9.04,19.95022,73.73148,check_required
3409453,MIDC Ambad,12238127,no2,ppb,2025-08-12,7.9,19.95022,73.73148,check_required
3409453,MIDC Ambad,12238127,no2,ppb,2025-08-13,8.15,19.95022,73.73148,check_required
3409453,MIDC Ambad,12238127,no2,ppb,2025-08-14,10.7,19.95022,73.73148,check_required
3409453,MIDC Ambad,12238127,no2,ppb,2025-08-15,6.57,19.95022,73.73148,check_required
3409453,MIDC Ambad,12238127,no2,ppb,2025-08-16,6.11,19.95022,73.73148,check_required
3409453,MIDC Ambad,12238127,no2,ppb,2025-08-17,7.56,19.95022,73.73148,check_required
3409453,MIDC Ambad,12238127,no2,ppb,2025-08-18,8.85,19.95022,73.73148,check_required
3409453,MIDC Ambad,12238127,no2,ppb,2025-08-19,8.5,19.95022,73.73148,check_required
3409453,MIDC Ambad,12238127,no2,ppb,2025-08-20,6.57,19.95022,73.73148,check_required
3409453,MIDC Ambad,12238127,no2,ppb,2025-08-21,5.58,19.95022,73.73148,check_required
3409453,MIDC Ambad,12238127,no2,ppb,2025-08-22,5.72,19.95022,73.73148,check_required
3409453,MIDC Ambad,12238127,no2,ppb,2025-08-23,5.15,19.95022,73.73148,check_required
3409453,MIDC Ambad,12238127,no2,ppb,2025-08-24,4.82,19.95022,73.73148,check_required
3409453,MIDC Ambad,12238127,no2,ppb,2025-08-25,7.2,19.95022,73.73148,check_required
3409453,MIDC Ambad,12238127,no2,ppb,2025-08-26,7.64,19.95022,73.73148,check_required
3409453,MIDC Ambad,12238127,no2,ppb,2025-08-27,5.39,19.95022,73.73148,check_required
3409453,MIDC Ambad,12238127,no2,ppb,2025-08-28,9.14,19.95022,73.73148,check_required
3409453,MIDC Ambad,12238127,no2,ppb,2025-08-29,9.79,19.95022,73.73148,check_required
3409453,MIDC Ambad,12238127,no2,ppb,2025-09-02,8.44,19.95022,73.73148,check_required
3409453,MIDC Ambad,12238127,no2,ppb,2025-09-03,6.74,19.95022,73.73148,check_required
3409453,MIDC Ambad,12238127,no2,ppb,2025-09-04,9.69,19.95022,73.73148,check_required
3409453,MIDC Ambad,12238127,no2,ppb,2025-09-05,11.7,19.95022,73.73148,check_required
3409453,MIDC Ambad,12238127,no2,ppb,2025-09-06,5.94,19.95022,73.73148,check_required
3409453,MIDC Ambad,12238127,no2,ppb,2025-09-07,7.94,19.95022,73.73148,check_required
3409453,MIDC Ambad,12238127,no2,ppb,2025-09-08,10.5,19.95022,73.73148,check_required
3409453,MIDC Ambad,12238127,no2,ppb,2025-09-09,6.82,19.95022,73.73148,check_required
3409453,MIDC Ambad,12238127,no2,ppb,2025-09-10,6.55,19.95022,73.73148,check_required
3409453,MIDC Ambad,12238127,no2,ppb,2025-09-11,6.29,19.95022,73.73148,check_required
3409453,MIDC Ambad,12238127,no2,ppb,2025-09-12,9.53,19.95022,73.73148,check_required
3409453,MIDC Ambad,12238127,no2,ppb,2025-09-13,6.06,19.95022,73.73148,check_required
3409453,MIDC Ambad,12238127,no2,ppb,2025-09-14,4.1,19.95022,73.73148,check_required
3409453,MIDC Ambad,12238127,no2,ppb,2025-09-15,4.57,19.95022,73.73148,check_required
3409453,MIDC Ambad,12238127,no2,ppb,2025-09-16,6.34,19.95022,73.73148,check_required
3409453,MIDC Ambad,12238127,no2,ppb,2025-09-17,7.46,19.95022,73.73148,check_required
3409453,MIDC Ambad,12238127,no2,ppb,2025-09-18,7.43,19.95022,73.73148,check_required
3409453,MIDC Ambad,12238127,no2,ppb,2025-09-19,7.82,19.95022,73.73148,check_required
3409453,MIDC Ambad,12238127,no2,ppb,2025-09-20,5.37,19.95022,73.73148,check_required
3409453,MIDC Ambad,12238127,no2,ppb,2025-09-21,6.03,19.95022,73.73148,check_required
3409453,MIDC Ambad,12238127,no2,ppb,2025-09-22,5.82,19.95022,73.73148,check_required
3409453,MIDC Ambad,12238127,no2,ppb,2025-09-23,7.11,19.95022,73.73148,check_required
3409453,MIDC Ambad,12238127,no2,ppb,2025-09-24,6.53,19.95022,73.73148,check_required
3409453,MIDC Ambad,12238127,no2,ppb,2025-09-25,7.39,19.95022,73.73148,check_required
3409453,MIDC Ambad,12238127,no2,ppb,2025-09-26,8.82,19.95022,73.73148,check_required
3409453,MIDC Ambad,12238127,no2,ppb,2025-09-27,5.97,19.95022,73.73148,check_required
3409453,MIDC Ambad,12238127,no2,ppb,2025-09-28,9.6,19.95022,73.73148,check_required
3409453,MIDC Ambad,12238127,no2,ppb,2025-09-29,9.5,19.95022,73.73148,check_required
3409453,MIDC Ambad,12238127,no2,ppb,2025-09-30,7.98,19.95022,73.73148,check_required
3409453,MIDC Ambad,12238127,no2,ppb,2025-10-01,9.3,19.95022,73.73148,check_required
3409453,MIDC Ambad,12238127,no2,ppb,2025-10-02,6.25,19.95022,73.73148,check_required
3409453,MIDC Ambad,12238127,no2,ppb,2025-10-03,5.57,19.95022,73.73148,check_required
3409453,MIDC Ambad,12238127,no2,ppb,2025-10-04,6.16,19.95022,73.73148,check_required
3409453,MIDC Ambad,12238127,no2,ppb,2025-10-05,7.99,19.95022,73.73148,check_required
3409453,MIDC Ambad,12238127,no2,ppb,2025-10-06,6.16,19.95022,73.73148,check_required
3409453,MIDC Ambad,12238127,no2,ppb,2025-10-07,7.25,19.95022,73.73148,check_required
3409453,MIDC Ambad,12238127,no2,ppb,2025-10-08,9.98,19.95022,73.73148,check_required
3409453,MIDC Ambad,12238127,no2,ppb,2025-10-09,13.3,19.95022,73.73148,check_required
3409453,MIDC Ambad,12238127,no2,ppb,2025-10-10,14.6,19.95022,73.73148,check_required
3409453,MIDC Ambad,12238127,no2,ppb,2025-10-11,13.3,19.95022,73.73148,check_required
3409453,MIDC Ambad,12238127,no2,ppb,2025-10-12,13.5,19.95022,73.73148,check_required
3409453,MIDC Ambad,12238127,no2,ppb,2025-10-13,20.8,19.95022,73.73148,check_required
3409453,MIDC Ambad,12238127,no2,ppb,2025-10-14,26.2,19.95022,73.73148,check_required
3409453,MIDC Ambad,12238127,no2,ppb,2025-10-15,21.2,19.95022,73.73148,check_required
3409453,MIDC Ambad,12238127,no2,ppb,2025-10-16,20.7,19.95022,73.73148,check_required
3409453,MIDC Ambad,12238127,no2,ppb,2025-10-17,16.5,19.95022,73.73148,check_required
3409453,MIDC Ambad,12238127,no2,ppb,2025-10-18,12.2,19.95022,73.73148,check_required
3409453,MIDC Ambad,12238127,no2,ppb,2025-10-19,19.7,19.95022,73.73148,check_required
3409453,MIDC Ambad,12238127,no2,ppb,2025-10-20,19.2,19.95022,73.73148,check_required
3409453,MIDC Ambad,12238127,no2,ppb,2025-10-21,9.46,19.95022,73.73148,check_required
3409453,MIDC Ambad,12238127,no2,ppb,2025-10-22,8.23,19.95022,73.73148,check_required
3409453,MIDC Ambad,12238127,no2,ppb,2025-10-23,10.1,19.95022,73.73148,check_required
3409453,MIDC Ambad,12238127,no2,ppb,2025-10-24,7.83,19.95022,73.73148,check_required
3409453,MIDC Ambad,12238127,no2,ppb,2025-10-25,6.63,19.95022,73.73148,check_required
3409453,MIDC Ambad,12238127,no2,ppb,2025-10-26,9.51,19.95022,73.73148,check_required
3409453,MIDC Ambad,12238127,no2,ppb,2025-10-27,7.0,19.95022,73.73148,check_required
3409453,MIDC Ambad,12238127,no2,ppb,2025-10-28,11.6,19.95022,73.73148,check_required
3409453,MIDC Ambad,12238127,no2,ppb,2025-10-29,15.1,19.95022,73.73148,check_required
3409453,MIDC Ambad,12238127,no2,ppb,2025-10-30,9.67,19.95022,73.73148,check_required
3409453,MIDC Ambad,12238127,no2,ppb,2025-10-31,7.13,19.95022,73.73148,check_required
3409453,MIDC Ambad,12238127,no2,ppb,2025-11-01,8.59,19.95022,73.73148,check_required
3409453,MIDC Ambad,12238127,no2,ppb,2025-11-02,4.32,19.95022,73.73148,check_required
3409453,MIDC Ambad,12238127,no2,ppb,2025-11-03,8.53,19.95022,73.73148,check_required
3409453,MIDC Ambad,12238127,no2,ppb,2025-11-04,10.0,19.95022,73.73148,check_required
3409453,MIDC Ambad,12238127,no2,ppb,2025-11-05,9.6,19.95022,73.73148,check_required
3409453,MIDC Ambad,12238127,no2,ppb,2025-11-06,17.4,19.95022,73.73148,check_required
3409453,MIDC Ambad,12238127,no2,ppb,2025-11-07,18.6,19.95022,73.73148,check_required
3409453,MIDC Ambad,12238127,no2,ppb,2025-11-08,12.8,19.95022,73.73148,check_required
3409453,MIDC Ambad,12238127,no2,ppb,2025-11-09,24.0,19.95022,73.73148,check_required
3409453,MIDC Ambad,12238127,no2,ppb,2025-11-10,42.2,19.95022,73.73148,check_required
3409453,MIDC Ambad,12238127,no2,ppb,2025-11-11,31.0,19.95022,73.73148,check_required
3409453,MIDC Ambad,12238127,no2,ppb,2025-11-12,35.8,19.95022,73.73148,check_required
3409453,MIDC Ambad,12238127,no2,ppb,2025-11-13,39.5,19.95022,73.73148,check_required
3409453,MIDC Ambad,12238127,no2,ppb,2025-11-14,34.9,19.95022,73.73148,check_required
3409453,MIDC Ambad,12238127,no2,ppb,2025-11-15,21.9,19.95022,73.73148,check_required
3409453,MIDC Ambad,12238127,no2,ppb,2025-11-16,29.1,19.95022,73.73148,check_required
3409453,MIDC Ambad,12238127,no2,ppb,2025-11-17,23.2,19.95022,73.73148,check_required
3409453,MIDC Ambad,12238127,no2,ppb,2025-11-18,31.1,19.95022,73.73148,check_required
3409453,MIDC Ambad,12238127,no2,ppb,2025-11-19,40.1,19.95022,73.73148,check_required
3409453,MIDC Ambad,12238127,no2,ppb,2025-11-20,35.2,19.95022,73.73148,check_required
3409453,MIDC Ambad,12238127,no2,ppb,2025-11-21,44.8,19.95022,73.73148,check_required
3409453,MIDC Ambad,12238127,no2,ppb,2025-11-22,24.1,19.95022,73.73148,check_required
3409453,MIDC Ambad,12238127,no2,ppb,2025-11-23,24.2,19.95022,73.73148,check_required
3409453,MIDC Ambad,12238127,no2,ppb,2025-11-24,26.8,19.95022,73.73148,check_required
3409453,MIDC Ambad,12238127,no2,ppb,2025-11-25,23.5,19.95022,73.73148,check_required
3409453,MIDC Ambad,12238127,no2,ppb,2025-11-26,26.5,19.95022,73.73148,check_required
3409453,MIDC Ambad,12238127,no2,ppb,2025-11-27,27.2,19.95022,73.73148,check_required
3409453,MIDC Ambad,12238127,no2,ppb,2025-11-28,30.3,19.95022,73.73148,check_required
3409453,MIDC Ambad,12238127,no2,ppb,2025-11-29,29.1,19.95022,73.73148,check_required
3409453,MIDC Ambad,12238127,no2,ppb,2025-11-30,32.0,19.95022,73.73148,check_required
3409453,MIDC Ambad,12238127,no2,ppb,2025-12-01,33.1,19.95022,73.73148,check_required
3409453,MIDC Ambad,12238127,no2,ppb,2025-12-02,36.2,19.95022,73.73148,check_required
3409453,MIDC Ambad,12238127,no2,ppb,2025-12-03,30.8,19.95022,73.73148,check_required
3409453,MIDC Ambad,12238127,no2,ppb,2025-12-04,37.8,19.95022,73.73148,check_required
3409453,MIDC Ambad,12238127,no2,ppb,2025-12-05,30.8,19.95022,73.73148,check_required
3409453,MIDC Ambad,12238127,no2,ppb,2025-12-06,26.9,19.95022,73.73148,check_required
3409453,MIDC Ambad,12238127,no2,ppb,2025-12-07,27.1,19.95022,73.73148,check_required
3409453,MIDC Ambad,12238127,no2,ppb,2025-12-08,32.7,19.95022,73.73148,check_required
3409453,MIDC Ambad,12238127,no2,ppb,2025-12-09,29.9,19.95022,73.73148,check_required
3409453,MIDC Ambad,12238127,no2,ppb,2025-12-10,25.8,19.95022,73.73148,check_required
3409453,MIDC Ambad,12238127,no2,ppb,2025-12-11,32.5,19.95022,73.73148,check_required
3409453,MIDC Ambad,12238127,no2,ppb,2025-12-12,41.4,19.95022,73.73148,check_required
3409453,MIDC Ambad,12238127,no2,ppb,2025-12-13,40.1,19.95022,73.73148,check_required
3409453,MIDC Ambad,12238127,no2,ppb,2025-12-14,37.7,19.95022,73.73148,check_required
3409453,MIDC Ambad,12238127,no2,ppb,2025-12-15,38.7,19.95022,73.73148,check_required
3409453,MIDC Ambad,12238127,no2,ppb,2025-12-16,35.6,19.95022,73.73148,check_required
3409453,MIDC Ambad,12238127,no2,ppb,2025-12-17,41.7,19.95022,73.73148,check_required
3409453,MIDC Ambad,12238127,no2,ppb,2025-12-18,43.6,19.95022,73.73148,check_required
3409453,MIDC Ambad,12238127,no2,ppb,2025-12-19,41.4,19.95022,73.73148,check_required
3409453,MIDC Ambad,12238127,no2,ppb,2025-12-20,41.3,19.95022,73.73148,check_required
3409453,MIDC Ambad,12238127,no2,ppb,2025-12-21,26.3,19.95022,73.73148,check_required
3409453,MIDC Ambad,12238127,no2,ppb,2025-12-22,50.8,19.95022,73.73148,check_required
3409453,MIDC Ambad,12238127,no2,ppb,2025-12-23,39.5,19.95022,73.73148,check_required
3409453,MIDC Ambad,12238127,no2,ppb,2025-12-24,29.6,19.95022,73.73148,check_required
3409453,MIDC Ambad,12238127,no2,ppb,2025-12-25,32.2,19.95022,73.73148,check_required
3409453,MIDC Ambad,12238127,no2,ppb,2025-12-26,57.4,19.95022,73.73148,check_required
3409453,MIDC Ambad,12238127,no2,ppb,2025-12-27,36.7,19.95022,73.73148,check_required
3409453,MIDC Ambad,12238127,no2,ppb,2025-12-28,37.9,19.95022,73.73148,check_required
3409453,MIDC Ambad,12238127,no2,ppb,2025-12-29,52.5,19.95022,73.73148,check_required
3409453,MIDC Ambad,12238127,no2,ppb,2025-12-30,33.9,19.95022,73.73148,check_required
3409453,MIDC Ambad,12238127,no2,ppb,2025-12-31,32.7,19.95022,73.73148,check_required
3409451,Pandav Nagari,12238109,no2,ppb,2025-02-19,7.69,19.9591346,73.7788008,check_required
3409451,Pandav Nagari,12238109,no2,ppb,2025-02-20,12.5,19.9591346,73.7788008,check_required
3409451,Pandav Nagari,12238109,no2,ppb,2025-02-21,18.5,19.9591346,73.7788008,check_required
3409451,Pandav Nagari,12238109,no2,ppb,2025-02-22,20.3,19.9591346,73.7788008,check_required
3409451,Pandav Nagari,12238109,no2,ppb,2025-02-24,21.2,19.9591346,73.7788008,check_required
3409451,Pandav Nagari,12238109,no2,ppb,2025-02-25,7.75,19.9591346,73.7788008,check_required
3409451,Pandav Nagari,12238109,no2,ppb,2025-02-26,22.7,19.9591346,73.7788008,check_required
3409451,Pandav Nagari,12238109,no2,ppb,2025-02-27,12.7,19.9591346,73.7788008,check_required
3409451,Pandav Nagari,12238109,no2,ppb,2025-02-28,10.7,19.9591346,73.7788008,check_required
3409451,Pandav Nagari,12238109,no2,ppb,2025-03-01,11.1,19.9591346,73.7788008,check_required
3409451,Pandav Nagari,12238109,no2,ppb,2025-03-02,6.33,19.9591346,73.7788008,check_required
3409451,Pandav Nagari,12238109,no2,ppb,2025-03-03,11.5,19.9591346,73.7788008,check_required
3409451,Pandav Nagari,12238109,no2,ppb,2025-03-04,6.8,19.9591346,73.7788008,check_required
3409451,Pandav Nagari,12238109,no2,ppb,2025-03-05,8.92,19.9591346,73.7788008,check_required
3409451,Pandav Nagari,12238109,no2,ppb,2025-03-06,14.7,19.9591346,73.7788008,check_required
3409451,Pandav Nagari,12238109,no2,ppb,2025-03-07,24.4,19.9591346,73.7788008,check_required
3409451,Pandav Nagari,12238109,no2,ppb,2025-03-08,8.02,19.9591346,73.7788008,check_required
3409451,Pandav Nagari,12238109,no2,ppb,2025-03-09,31.6,19.9591346,73.7788008,check_required
3409451,Pandav Nagari,12238109,no2,ppb,2025-03-10,9.5,19.9591346,73.7788008,check_required
3409451,Pandav Nagari,12238109,no2,ppb,2025-03-11,15.2,19.9591346,73.7788008,check_required
3409451,Pandav Nagari,12238109,no2,ppb,2025-03-12,11.7,19.9591346,73.7788008,check_required
3409451,Pandav Nagari,12238109,no2,ppb,2025-03-13,15.2,19.9591346,73.7788008,check_required
3409451,Pandav Nagari,12238109,no2,ppb,2025-03-14,9.43,19.9591346,73.7788008,check_required
3409451,Pandav Nagari,12238109,no2,ppb,2025-03-15,10.6,19.9591346,73.7788008,check_required
3409451,Pandav Nagari,12238109,no2,ppb,2025-03-16,5.82,19.9591346,73.7788008,check_required
3409451,Pandav Nagari,12238109,no2,ppb,2025-03-17,9.98,19.9591346,73.7788008,check_required
3409451,Pandav Nagari,12238109,no2,ppb,2025-03-18,17.7,19.9591346,73.7788008,check_required
3409451,Pandav Nagari,12238109,no2,ppb,2025-03-19,8.46,19.9591346,73.7788008,check_required
3409451,Pandav Nagari,12238109,no2,ppb,2025-03-20,7.9,19.9591346,73.7788008,check_required
3409451,Pandav Nagari,12238109,no2,ppb,2025-03-21,8.74,19.9591346,73.7788008,check_required
3409451,Pandav Nagari,12238109,no2,ppb,2025-03-22,9.92,19.9591346,73.7788008,check_required
3409451,Pandav Nagari,12238109,no2,ppb,2025-03-23,11.2,19.9591346,73.7788008,check_required
3409451,Pandav Nagari,12238109,no2,ppb,2025-03-24,7.61,19.9591346,73.7788008,check_required
3409451,Pandav Nagari,12238109,no2,ppb,2025-03-25,8.69,19.9591346,73.7788008,check_required
3409451,Pandav Nagari,12238109,no2,ppb,2025-03-26,10.4,19.9591346,73.7788008,check_required
3409451,Pandav Nagari,12238109,no2,ppb,2025-03-27,11.7,19.9591346,73.7788008,check_required
3409451,Pandav Nagari,12238109,no2,ppb,2025-03-28,9.14,19.9591346,73.7788008,check_required
3409451,Pandav Nagari,12238109,no2,ppb,2025-03-29,12.6,19.9591346,73.7788008,check_required
3409451,Pandav Nagari,12238109,no2,ppb,2025-03-30,17.4,19.9591346,73.7788008,check_required
3409451,Pandav Nagari,12238109,no2,ppb,2025-03-31,13.7,19.9591346,73.7788008,check_required
3409451,Pandav Nagari,12238109,no2,ppb,2025-04-01,14.9,19.9591346,73.7788008,check_required
3409451,Pandav Nagari,12238109,no2,ppb,2025-04-02,12.3,19.9591346,73.7788008,check_required
3409451,Pandav Nagari,12238109,no2,ppb,2025-04-03,12.0,19.9591346,73.7788008,check_required
3409451,Pandav Nagari,12238109,no2,ppb,2025-04-04,10.5,19.9591346,73.7788008,check_required
3409451,Pandav Nagari,12238109,no2,ppb,2025-04-05,14.2,19.9591346,73.7788008,check_required
3409451,Pandav Nagari,12238109,no2,ppb,2025-04-06,10.7,19.9591346,73.7788008,check_required
3409451,Pandav Nagari,12238109,no2,ppb,2025-04-07,12.2,19.9591346,73.7788008,check_required
3409451,Pandav Nagari,12238109,no2,ppb,2025-04-08,8.18,19.9591346,73.7788008,check_required
3409451,Pandav Nagari,12238109,no2,ppb,2025-04-09,6.0,19.9591346,73.7788008,check_required
3409451,Pandav Nagari,12238109,no2,ppb,2025-04-12,6.91,19.9591346,73.7788008,check_required
3409451,Pandav Nagari,12238109,no2,ppb,2025-04-13,7.85,19.9591346,73.7788008,check_required
3409451,Pandav Nagari,12238109,no2,ppb,2025-04-14,6.72,19.9591346,73.7788008,check_required
3409451,Pandav Nagari,12238109,no2,ppb,2025-04-15,8.09,19.9591346,73.7788008,check_required
3409451,Pandav Nagari,12238109,no2,ppb,2025-04-16,7.86,19.9591346,73.7788008,check_required
3409451,Pandav Nagari,12238109,no2,ppb,2025-04-17,8.75,19.9591346,73.7788008,check_required
3409451,Pandav Nagari,12238109,no2,ppb,2025-04-18,8.54,19.9591346,73.7788008,check_required
3409451,Pandav Nagari,12238109,no2,ppb,2025-04-19,6.5,19.9591346,73.7788008,check_required
3409451,Pandav Nagari,12238109,no2,ppb,2025-04-20,14.3,19.9591346,73.7788008,check_required
3409451,Pandav Nagari,12238109,no2,ppb,2025-04-21,8.43,19.9591346,73.7788008,check_required
3409451,Pandav Nagari,12238109,no2,ppb,2025-04-22,5.94,19.9591346,73.7788008,check_required
3409451,Pandav Nagari,12238109,no2,ppb,2025-04-23,7.09,19.9591346,73.7788008,check_required
3409451,Pandav Nagari,12238109,no2,ppb,2025-04-24,8.74,19.9591346,73.7788008,check_required
3409451,Pandav Nagari,12238109,no2,ppb,2025-04-25,11.3,19.9591346,73.7788008,check_required
3409451,Pandav Nagari,12238109,no2,ppb,2025-04-26,7.45,19.9591346,73.7788008,check_required
3409451,Pandav Nagari,12238109,no2,ppb,2025-04-27,6.37,19.9591346,73.7788008,check_required
3409451,Pandav Nagari,12238109,no2,ppb,2025-04-28,9.83,19.9591346,73.7788008,check_required
3409451,Pandav Nagari,12238109,no2,ppb,2025-04-29,6.1,19.9591346,73.7788008,check_required
3409451,Pandav Nagari,12238109,no2,ppb,2025-04-30,11.7,19.9591346,73.7788008,check_required
3409451,Pandav Nagari,12238109,no2,ppb,2025-05-01,6.36,19.9591346,73.7788008,check_required
3409451,Pandav Nagari,12238109,no2,ppb,2025-05-02,7.08,19.9591346,73.7788008,check_required
3409451,Pandav Nagari,12238109,no2,ppb,2025-05-03,5.16,19.9591346,73.7788008,check_required
3409451,Pandav Nagari,12238109,no2,ppb,2025-05-04,4.06,19.9591346,73.7788008,check_required
3409451,Pandav Nagari,12238109,no2,ppb,2025-05-05,4.33,19.9591346,73.7788008,check_required
3409451,Pandav Nagari,12238109,no2,ppb,2025-05-06,4.44,19.9591346,73.7788008,check_required
3409451,Pandav Nagari,12238109,no2,ppb,2025-05-07,8.68,19.9591346,73.7788008,check_required
3409451,Pandav Nagari,12238109,no2,ppb,2025-05-08,3.77,19.9591346,73.7788008,check_required
3409451,Pandav Nagari,12238109,no2,ppb,2025-05-09,3.36,19.9591346,73.7788008,check_required
3409451,Pandav Nagari,12238109,no2,ppb,2025-05-10,4.52,19.9591346,73.7788008,check_required
3409451,Pandav Nagari,12238109,no2,ppb,2025-05-11,7.12,19.9591346,73.7788008,check_required
3409451,Pandav Nagari,12238109,no2,ppb,2025-05-12,4.46,19.9591346,73.7788008,check_required
3409451,Pandav Nagari,12238109,no2,ppb,2025-05-13,6.03,19.9591346,73.7788008,check_required
3409451,Pandav Nagari,12238109,no2,ppb,2025-05-14,5.5,19.9591346,73.7788008,check_required
3409451,Pandav Nagari,12238109,no2,ppb,2025-05-15,7.15,19.9591346,73.7788008,check_required
3409451,Pandav Nagari,12238109,no2,ppb,2025-05-16,7.47,19.9591346,73.7788008,check_required
3409451,Pandav Nagari,12238109,no2,ppb,2025-05-17,4.03,19.9591346,73.7788008,check_required
3409451,Pandav Nagari,12238109,no2,ppb,2025-05-18,3.1,19.9591346,73.7788008,check_required
3409451,Pandav Nagari,12238109,no2,ppb,2025-05-19,4.09,19.9591346,73.7788008,check_required
3409451,Pandav Nagari,12238109,no2,ppb,2025-05-20,4.56,19.9591346,73.7788008,check_required
3409451,Pandav Nagari,12238109,no2,ppb,2025-05-21,4.69,19.9591346,73.7788008,check_required
3409451,Pandav Nagari,12238109,no2,ppb,2025-05-22,4.51,19.9591346,73.7788008,check_required
3409451,Pandav Nagari,12238109,no2,ppb,2025-05-23,4.39,19.9591346,73.7788008,check_required
3409451,Pandav Nagari,12238109,no2,ppb,2025-05-24,3.71,19.9591346,73.7788008,check_required
3409451,Pandav Nagari,12238109,no2,ppb,2025-05-25,2.92,19.9591346,73.7788008,check_required
3409451,Pandav Nagari,12238109,no2,ppb,2025-05-26,2.64,19.9591346,73.7788008,check_required
3409451,Pandav Nagari,12238109,no2,ppb,2025-05-27,2.67,19.9591346,73.7788008,check_required
3409451,Pandav Nagari,12238109,no2,ppb,2025-05-28,2.49,19.9591346,73.7788008,check_required
3409451,Pandav Nagari,12238109,no2,ppb,2025-05-29,2.44,19.9591346,73.7788008,check_required
3409451,Pandav Nagari,12238109,no2,ppb,2025-05-30,1.65,19.9591346,73.7788008,check_required
3409451,Pandav Nagari,12238109,no2,ppb,2025-05-31,1.66,19.9591346,73.7788008,check_required
3409451,Pandav Nagari,12238109,no2,ppb,2025-06-01,2.04,19.9591346,73.7788008,check_required
3409451,Pandav Nagari,12238109,no2,ppb,2025-06-02,1.9,19.9591346,73.7788008,check_required
3409451,Pandav Nagari,12238109,no2,ppb,2025-06-03,1.71,19.9591346,73.7788008,check_required
3409451,Pandav Nagari,12238109,no2,ppb,2025-06-04,1.24,19.9591346,73.7788008,check_required
3409451,Pandav Nagari,12238109,no2,ppb,2025-06-05,2.21,19.9591346,73.7788008,check_required
3409451,Pandav Nagari,12238109,no2,ppb,2025-06-06,3.03,19.9591346,73.7788008,check_required
3409451,Pandav Nagari,12238109,no2,ppb,2025-06-07,2.73,19.9591346,73.7788008,check_required
3409451,Pandav Nagari,12238109,no2,ppb,2025-06-08,2.11,19.9591346,73.7788008,check_required
3409451,Pandav Nagari,12238109,no2,ppb,2025-06-09,2.1,19.9591346,73.7788008,check_required
3409451,Pandav Nagari,12238109,no2,ppb,2025-06-10,1.62,19.9591346,73.7788008,check_required
3409451,Pandav Nagari,12238109,no2,ppb,2025-06-11,2.17,19.9591346,73.7788008,check_required
3409451,Pandav Nagari,12238109,no2,ppb,2025-06-12,2.64,19.9591346,73.7788008,check_required
3409451,Pandav Nagari,12238109,no2,ppb,2025-06-13,3.92,19.9591346,73.7788008,check_required
3409451,Pandav Nagari,12238109,no2,ppb,2025-06-14,4.58,19.9591346,73.7788008,check_required
3409451,Pandav Nagari,12238109,no2,ppb,2025-06-15,2.79,19.9591346,73.7788008,check_required
3409451,Pandav Nagari,12238109,no2,ppb,2025-06-16,3.51,19.9591346,73.7788008,check_required
3409451,Pandav Nagari,12238109,no2,ppb,2025-06-17,2.97,19.9591346,73.7788008,check_required
3409451,Pandav Nagari,12238109,no2,ppb,2025-06-18,1.89,19.9591346,73.7788008,check_required
3409451,Pandav Nagari,12238109,no2,ppb,2025-06-19,1.64,19.9591346,73.7788008,check_required
3409451,Pandav Nagari,12238109,no2,ppb,2025-06-20,1.28,19.9591346,73.7788008,check_required
3409451,Pandav Nagari,12238109,no2,ppb,2025-06-21,1.63,19.9591346,73.7788008,check_required
3409451,Pandav Nagari,12238109,no2,ppb,2025-06-22,1.46,19.9591346,73.7788008,check_required
3409451,Pandav Nagari,12238109,no2,ppb,2025-06-23,3.14,19.9591346,73.7788008,check_required
3409451,Pandav Nagari,12238109,no2,ppb,2025-06-24,2.08,19.9591346,73.7788008,check_required
3409451,Pandav Nagari,12238109,no2,ppb,2025-06-25,1.68,19.9591346,73.7788008,check_required
3409451,Pandav Nagari,12238109,no2,ppb,2025-06-26,1.59,19.9591346,73.7788008,check_required
3409451,Pandav Nagari,12238109,no2,ppb,2025-06-27,1.61,19.9591346,73.7788008,check_required
3409451,Pandav Nagari,12238109,no2,ppb,2025-06-29,1.89,19.9591346,73.7788008,check_required
3409451,Pandav Nagari,12238109,no2,ppb,2025-06-30,1.57,19.9591346,73.7788008,check_required
3409451,Pandav Nagari,12238109,no2,ppb,2025-07-01,2.41,19.9591346,73.7788008,check_required
3409451,Pandav Nagari,12238109,no2,ppb,2025-07-02,2.16,19.9591346,73.7788008,check_required
3409451,Pandav Nagari,12238109,no2,ppb,2025-07-03,1.83,19.9591346,73.7788008,check_required
3409451,Pandav Nagari,12238109,no2,ppb,2025-07-04,1.91,19.9591346,73.7788008,check_required
3409451,Pandav Nagari,12238109,no2,ppb,2025-07-05,1.85,19.9591346,73.7788008,check_required
3409451,Pandav Nagari,12238109,no2,ppb,2025-07-06,2.05,19.9591346,73.7788008,check_required
3409451,Pandav Nagari,12238109,no2,ppb,2025-07-07,2.48,19.9591346,73.7788008,check_required
3409451,Pandav Nagari,12238109,no2,ppb,2025-07-08,2.06,19.9591346,73.7788008,check_required
3409451,Pandav Nagari,12238109,no2,ppb,2025-07-09,2.54,19.9591346,73.7788008,check_required
3409451,Pandav Nagari,12238109,no2,ppb,2025-07-10,2.0,19.9591346,73.7788008,check_required
3409451,Pandav Nagari,12238109,no2,ppb,2025-07-11,3.28,19.9591346,73.7788008,check_required
3409451,Pandav Nagari,12238109,no2,ppb,2025-07-12,2.24,19.9591346,73.7788008,check_required
3409451,Pandav Nagari,12238109,no2,ppb,2025-07-14,3.11,19.9591346,73.7788008,check_required
3409451,Pandav Nagari,12238109,no2,ppb,2025-07-15,2.94,19.9591346,73.7788008,check_required
3409451,Pandav Nagari,12238109,no2,ppb,2025-07-16,2.89,19.9591346,73.7788008,check_required
3409451,Pandav Nagari,12238109,no2,ppb,2025-07-17,2.64,19.9591346,73.7788008,check_required
3409451,Pandav Nagari,12238109,no2,ppb,2025-07-18,2.74,19.9591346,73.7788008,check_required
3409451,Pandav Nagari,12238109,no2,ppb,2025-07-19,2.14,19.9591346,73.7788008,check_required
3409451,Pandav Nagari,12238109,no2,ppb,2025-07-20,1.62,19.9591346,73.7788008,check_required
3409451,Pandav Nagari,12238109,no2,ppb,2025-07-21,1.95,19.9591346,73.7788008,check_required
3409451,Pandav Nagari,12238109,no2,ppb,2025-07-22,3.18,19.9591346,73.7788008,check_required
3409451,Pandav Nagari,12238109,no2,ppb,2025-07-23,2.82,19.9591346,73.7788008,check_required
3409451,Pandav Nagari,12238109,no2,ppb,2025-07-24,3.24,19.9591346,73.7788008,check_required
3409451,Pandav Nagari,12238109,no2,ppb,2025-07-25,3.15,19.9591346,73.7788008,check_required
3409451,Pandav Nagari,12238109,no2,ppb,2025-07-26,3.04,19.9591346,73.7788008,check_required
3409451,Pandav Nagari,12238109,no2,ppb,2025-07-27,1.86,19.9591346,73.7788008,check_required
3409451,Pandav Nagari,12238109,no2,ppb,2025-07-28,2.01,19.9591346,73.7788008,check_required
3409451,Pandav Nagari,12238109,no2,ppb,2025-07-29,2.48,19.9591346,73.7788008,check_required
3409451,Pandav Nagari,12238109,no2,ppb,2025-07-30,1.91,19.9591346,73.7788008,check_required
3409451,Pandav Nagari,12238109,no2,ppb,2025-07-31,1.61,19.9591346,73.7788008,check_required
3409451,Pandav Nagari,12238109,no2,ppb,2025-08-01,2.28,19.9591346,73.7788008,check_required
3409451,Pandav Nagari,12238109,no2,ppb,2025-08-02,4.04,19.9591346,73.7788008,check_required
3409451,Pandav Nagari,12238109,no2,ppb,2025-08-03,2.17,19.9591346,73.7788008,check_required
3409451,Pandav Nagari,12238109,no2,ppb,2025-08-04,2.75,19.9591346,73.7788008,check_required
3409451,Pandav Nagari,12238109,no2,ppb,2025-08-05,3.65,19.9591346,73.7788008,check_required
3409451,Pandav Nagari,12238109,no2,ppb,2025-08-06,3.35,19.9591346,73.7788008,check_required
3409451,Pandav Nagari,12238109,no2,ppb,2025-08-07,3.7,19.9591346,73.7788008,check_required
3409451,Pandav Nagari,12238109,no2,ppb,2025-08-08,3.09,19.9591346,73.7788008,check_required
3409451,Pandav Nagari,12238109,no2,ppb,2025-08-09,2.78,19.9591346,73.7788008,check_required
3409451,Pandav Nagari,12238109,no2,ppb,2025-08-10,2.26,19.9591346,73.7788008,check_required
3409451,Pandav Nagari,12238109,no2,ppb,2025-08-11,2.77,19.9591346,73.7788008,check_required
3409451,Pandav Nagari,12238109,no2,ppb,2025-08-12,3.02,19.9591346,73.7788008,check_required
3409451,Pandav Nagari,12238109,no2,ppb,2025-08-13,3.38,19.9591346,73.7788008,check_required
3409451,Pandav Nagari,12238109,no2,ppb,2025-08-14,2.62,19.9591346,73.7788008,check_required
3409451,Pandav Nagari,12238109,no2,ppb,2025-08-15,2.8,19.9591346,73.7788008,check_required
3409451,Pandav Nagari,12238109,no2,ppb,2025-08-16,2.08,19.9591346,73.7788008,check_required
3409451,Pandav Nagari,12238109,no2,ppb,2025-08-17,2.04,19.9591346,73.7788008,check_required
3409451,Pandav Nagari,12238109,no2,ppb,2025-08-18,2.3,19.9591346,73.7788008,check_required
3409451,Pandav Nagari,12238109,no2,ppb,2025-08-19,2.11,19.9591346,73.7788008,check_required
3409451,Pandav Nagari,12238109,no2,ppb,2025-08-20,1.99,19.9591346,73.7788008,check_required
3409451,Pandav Nagari,12238109,no2,ppb,2025-08-21,1.29,19.9591346,73.7788008,check_required
3409451,Pandav Nagari,12238109,no2,ppb,2025-08-22,1.68,19.9591346,73.7788008,check_required
3409451,Pandav Nagari,12238109,no2,ppb,2025-08-23,1.82,19.9591346,73.7788008,check_required
3409451,Pandav Nagari,12238109,no2,ppb,2025-08-24,1.62,19.9591346,73.7788008,check_required
3409451,Pandav Nagari,12238109,no2,ppb,2025-08-25,1.87,19.9591346,73.7788008,check_required
3409451,Pandav Nagari,12238109,no2,ppb,2025-08-26,3.85,19.9591346,73.7788008,check_required
3409451,Pandav Nagari,12238109,no2,ppb,2025-08-27,2.38,19.9591346,73.7788008,check_required
3409451,Pandav Nagari,12238109,no2,ppb,2025-08-28,3.92,19.9591346,73.7788008,check_required
3409451,Pandav Nagari,12238109,no2,ppb,2025-08-29,3.11,19.9591346,73.7788008,check_required
3409451,Pandav Nagari,12238109,no2,ppb,2025-08-30,2.72,19.9591346,73.7788008,check_required
3409451,Pandav Nagari,12238109,no2,ppb,2025-08-31,2.49,19.9591346,73.7788008,check_required
3409451,Pandav Nagari,12238109,no2,ppb,2025-09-01,3.15,19.9591346,73.7788008,check_required
3409451,Pandav Nagari,12238109,no2,ppb,2025-09-02,3.28,19.9591346,73.7788008,check_required
3409451,Pandav Nagari,12238109,no2,ppb,2025-09-03,2.92,19.9591346,73.7788008,check_required
3409451,Pandav Nagari,12238109,no2,ppb,2025-09-04,2.97,19.9591346,73.7788008,check_required
3409451,Pandav Nagari,12238109,no2,ppb,2025-09-05,2.51,19.9591346,73.7788008,check_required
3409451,Pandav Nagari,12238109,no2,ppb,2025-09-06,2.11,19.9591346,73.7788008,check_required
3409451,Pandav Nagari,12238109,no2,ppb,2025-09-07,2.31,19.9591346,73.7788008,check_required
3409451,Pandav Nagari,12238109,no2,ppb,2025-09-08,2.73,19.9591346,73.7788008,check_required
3409451,Pandav Nagari,12238109,no2,ppb,2025-09-09,3.46,19.9591346,73.7788008,check_required
3409451,Pandav Nagari,12238109,no2,ppb,2025-09-10,4.79,19.9591346,73.7788008,check_required
3409451,Pandav Nagari,12238109,no2,ppb,2025-09-11,2.88,19.9591346,73.7788008,check_required
3409451,Pandav Nagari,12238109,no2,ppb,2025-09-12,3.08,19.9591346,73.7788008,check_required
3409451,Pandav Nagari,12238109,no2,ppb,2025-09-13,3.05,19.9591346,73.7788008,check_required
3409451,Pandav Nagari,12238109,no2,ppb,2025-09-14,2.12,19.9591346,73.7788008,check_required
3409451,Pandav Nagari,12238109,no2,ppb,2025-09-15,2.73,19.9591346,73.7788008,check_required
3409451,Pandav Nagari,12238109,no2,ppb,2025-09-16,3.3,19.9591346,73.7788008,check_required
3409451,Pandav Nagari,12238109,no2,ppb,2025-09-17,2.83,19.9591346,73.7788008,check_required
3409451,Pandav Nagari,12238109,no2,ppb,2025-09-18,3.17,19.9591346,73.7788008,check_required
3409451,Pandav Nagari,12238109,no2,ppb,2025-09-19,3.94,19.9591346,73.7788008,check_required
3409451,Pandav Nagari,12238109,no2,ppb,2025-09-20,2.29,19.9591346,73.7788008,check_required
3409451,Pandav Nagari,12238109,no2,ppb,2025-09-21,2.56,19.9591346,73.7788008,check_required
3409451,Pandav Nagari,12238109,no2,ppb,2025-09-22,0.82,19.9591346,73.7788008,check_required
3409451,Pandav Nagari,12238109,no2,ppb,2025-09-23,2.55,19.9591346,73.7788008,check_required
3409451,Pandav Nagari,12238109,no2,ppb,2025-09-24,2.88,19.9591346,73.7788008,check_required
3409451,Pandav Nagari,12238109,no2,ppb,2025-09-25,2.8,19.9591346,73.7788008,check_required
3409451,Pandav Nagari,12238109,no2,ppb,2025-09-26,3.21,19.9591346,73.7788008,check_required
3409451,Pandav Nagari,12238109,no2,ppb,2025-09-27,2.14,19.9591346,73.7788008,check_required
3409451,Pandav Nagari,12238109,no2,ppb,2025-09-28,2.61,19.9591346,73.7788008,check_required
3409451,Pandav Nagari,12238109,no2,ppb,2025-09-29,2.49,19.9591346,73.7788008,check_required
3409451,Pandav Nagari,12238109,no2,ppb,2025-09-30,1.97,19.9591346,73.7788008,check_required
3409451,Pandav Nagari,12238109,no2,ppb,2025-10-01,2.0,19.9591346,73.7788008,check_required
3409451,Pandav Nagari,12238109,no2,ppb,2025-10-02,2.12,19.9591346,73.7788008,check_required
3409451,Pandav Nagari,12238109,no2,ppb,2025-10-03,1.98,19.9591346,73.7788008,check_required
3409451,Pandav Nagari,12238109,no2,ppb,2025-10-04,2.73,19.9591346,73.7788008,check_required
3409451,Pandav Nagari,12238109,no2,ppb,2025-10-05,2.23,19.9591346,73.7788008,check_required
3409451,Pandav Nagari,12238109,no2,ppb,2025-10-06,2.54,19.9591346,73.7788008,check_required
3409451,Pandav Nagari,12238109,no2,ppb,2025-10-07,4.52,19.9591346,73.7788008,check_required
3409451,Pandav Nagari,12238109,no2,ppb,2025-10-08,5.51,19.9591346,73.7788008,check_required
3409451,Pandav Nagari,12238109,no2,ppb,2025-10-09,5.32,19.9591346,73.7788008,check_required
3409451,Pandav Nagari,12238109,no2,ppb,2025-10-10,5.03,19.9591346,73.7788008,check_required
3409451,Pandav Nagari,12238109,no2,ppb,2025-10-11,6.7,19.9591346,73.7788008,check_required
3409451,Pandav Nagari,12238109,no2,ppb,2025-10-12,8.43,19.9591346,73.7788008,check_required
3409451,Pandav Nagari,12238109,no2,ppb,2025-10-13,8.84,19.9591346,73.7788008,check_required
3409451,Pandav Nagari,12238109,no2,ppb,2025-10-14,10.5,19.9591346,73.7788008,check_required
3409451,Pandav Nagari,12238109,no2,ppb,2025-10-15,12.3,19.9591346,73.7788008,check_required
3409451,Pandav Nagari,12238109,no2,ppb,2025-10-16,4.78,19.9591346,73.7788008,check_required
3409451,Pandav Nagari,12238109,no2,ppb,2025-10-17,6.13,19.9591346,73.7788008,check_required
3409451,Pandav Nagari,12238109,no2,ppb,2025-10-18,5.56,19.9591346,73.7788008,check_required
3409451,Pandav Nagari,12238109,no2,ppb,2025-10-19,4.94,19.9591346,73.7788008,check_required
3409451,Pandav Nagari,12238109,no2,ppb,2025-10-20,4.8,19.9591346,73.7788008,check_required
3409451,Pandav Nagari,12238109,no2,ppb,2025-10-21,5.46,19.9591346,73.7788008,check_required
3409451,Pandav Nagari,12238109,no2,ppb,2025-10-22,3.52,19.9591346,73.7788008,check_required
3409451,Pandav Nagari,12238109,no2,ppb,2025-10-23,2.4,19.9591346,73.7788008,check_required
3409451,Pandav Nagari,12238109,no2,ppb,2025-10-24,2.51,19.9591346,73.7788008,check_required
3409451,Pandav Nagari,12238109,no2,ppb,2025-10-25,1.88,19.9591346,73.7788008,check_required
3409451,Pandav Nagari,12238109,no2,ppb,2025-10-26,1.4,19.9591346,73.7788008,check_required
3409451,Pandav Nagari,12238109,no2,ppb,2025-10-27,2.22,19.9591346,73.7788008,check_required
3409451,Pandav Nagari,12238109,no2,ppb,2025-10-28,3.44,19.9591346,73.7788008,check_required
3409451,Pandav Nagari,12238109,no2,ppb,2025-10-29,3.46,19.9591346,73.7788008,check_required
3409451,Pandav Nagari,12238109,no2,ppb,2025-10-30,2.92,19.9591346,73.7788008,check_required
3409451,Pandav Nagari,12238109,no2,ppb,2025-10-31,3.13,19.9591346,73.7788008,check_required
3409451,Pandav Nagari,12238109,no2,ppb,2025-11-01,3.7,19.9591346,73.7788008,check_required
3409451,Pandav Nagari,12238109,no2,ppb,2025-11-02,1.65,19.9591346,73.7788008,check_required
3409451,Pandav Nagari,12238109,no2,ppb,2025-11-03,3.45,19.9591346,73.7788008,check_required
3409451,Pandav Nagari,12238109,no2,ppb,2025-11-04,6.63,19.9591346,73.7788008,check_required
3409451,Pandav Nagari,12238109,no2,ppb,2025-11-05,5.38,19.9591346,73.7788008,check_required
3409451,Pandav Nagari,12238109,no2,ppb,2025-11-06,6.77,19.9591346,73.7788008,check_required
3409451,Pandav Nagari,12238109,no2,ppb,2025-11-07,10.2,19.9591346,73.7788008,check_required
3409451,Pandav Nagari,12238109,no2,ppb,2025-11-08,11.6,19.9591346,73.7788008,check_required
3409451,Pandav Nagari,12238109,no2,ppb,2025-11-09,10.2,19.9591346,73.7788008,check_required
3409451,Pandav Nagari,12238109,no2,ppb,2025-11-10,31.3,19.9591346,73.7788008,check_required
3409451,Pandav Nagari,12238109,no2,ppb,2025-11-11,17.8,19.9591346,73.7788008,check_required
3409451,Pandav Nagari,12238109,no2,ppb,2025-11-12,19.7,19.9591346,73.7788008,check_required
3409451,Pandav Nagari,12238109,no2,ppb,2025-11-13,17.6,19.9591346,73.7788008,check_required
3409451,Pandav Nagari,12238109,no2,ppb,2025-11-14,13.7,19.9591346,73.7788008,check_required
3409451,Pandav Nagari,12238109,no2,ppb,2025-11-15,13.7,19.9591346,73.7788008,check_required
3409451,Pandav Nagari,12238109,no2,ppb,2025-11-16,11.7,19.9591346,73.7788008,check_required
3409451,Pandav Nagari,12238109,no2,ppb,2025-11-17,11.6,19.9591346,73.7788008,check_required
3409451,Pandav Nagari,12238109,no2,ppb,2025-11-18,12.2,19.9591346,73.7788008,check_required
3409451,Pandav Nagari,12238109,no2,ppb,2025-11-19,13.4,19.9591346,73.7788008,check_required
3409451,Pandav Nagari,12238109,no2,ppb,2025-11-20,18.9,19.9591346,73.7788008,check_required
3409451,Pandav Nagari,12238109,no2,ppb,2025-11-21,16.1,19.9591346,73.7788008,check_required
3409451,Pandav Nagari,12238109,no2,ppb,2025-11-22,13.0,19.9591346,73.7788008,check_required
3409451,Pandav Nagari,12238109,no2,ppb,2025-11-23,18.7,19.9591346,73.7788008,check_required
3409451,Pandav Nagari,12238109,no2,ppb,2025-11-24,15.0,19.9591346,73.7788008,check_required
3409451,Pandav Nagari,12238109,no2,ppb,2025-11-25,9.48,19.9591346,73.7788008,check_required
3409451,Pandav Nagari,12238109,no2,ppb,2025-11-26,13.7,19.9591346,73.7788008,check_required
3409451,Pandav Nagari,12238109,no2,ppb,2025-11-27,9.5,19.9591346,73.7788008,check_required
3409451,Pandav Nagari,12238109,no2,ppb,2025-11-28,9.89,19.9591346,73.7788008,check_required
3409451,Pandav Nagari,12238109,no2,ppb,2025-11-29,10.0,19.9591346,73.7788008,check_required
3409451,Pandav Nagari,12238109,no2,ppb,2025-11-30,12.6,19.9591346,73.7788008,check_required
3409451,Pandav Nagari,12238109,no2,ppb,2025-12-01,13.9,19.9591346,73.7788008,check_required
3409451,Pandav Nagari,12238109,no2,ppb,2025-12-02,15.9,19.9591346,73.7788008,check_required
3409451,Pandav Nagari,12238109,no2,ppb,2025-12-03,14.4,19.9591346,73.7788008,check_required
3409451,Pandav Nagari,12238109,no2,ppb,2025-12-04,14.8,19.9591346,73.7788008,check_required
3409451,Pandav Nagari,12238109,no2,ppb,2025-12-05,15.0,19.9591346,73.7788008,check_required
3409451,Pandav Nagari,12238109,no2,ppb,2025-12-06,16.9,19.9591346,73.7788008,check_required
3409451,Pandav Nagari,12238109,no2,ppb,2025-12-07,18.5,19.9591346,73.7788008,check_required
3409451,Pandav Nagari,12238109,no2,ppb,2025-12-08,17.1,19.9591346,73.7788008,check_required
3409451,Pandav Nagari,12238109,no2,ppb,2025-12-09,10.2,19.9591346,73.7788008,check_required
3409451,Pandav Nagari,12238109,no2,ppb,2025-12-10,11.6,19.9591346,73.7788008,check_required
3409451,Pandav Nagari,12238109,no2,ppb,2025-12-11,22.0,19.9591346,73.7788008,check_required
3409451,Pandav Nagari,12238109,no2,ppb,2025-12-12,16.0,19.9591346,73.7788008,check_required
3409451,Pandav Nagari,12238109,no2,ppb,2025-12-13,22.4,19.9591346,73.7788008,check_required
3409451,Pandav Nagari,12238109,no2,ppb,2025-12-14,13.4,19.9591346,73.7788008,check_required
3409451,Pandav Nagari,12238109,no2,ppb,2025-12-15,13.9,19.9591346,73.7788008,check_required
3409451,Pandav Nagari,12238109,no2,ppb,2025-12-16,14.7,19.9591346,73.7788008,check_required
3409451,Pandav Nagari,12238109,no2,ppb,2025-12-17,11.1,19.9591346,73.7788008,check_required
3409451,Pandav Nagari,12238109,no2,ppb,2025-12-18,15.5,19.9591346,73.7788008,check_required
3409451,Pandav Nagari,12238109,no2,ppb,2025-12-19,20.7,19.9591346,73.7788008,check_required
3409451,Pandav Nagari,12238109,no2,ppb,2025-12-20,18.9,19.9591346,73.7788008,check_required
3409451,Pandav Nagari,12238109,no2,ppb,2025-12-21,13.9,19.9591346,73.7788008,check_required
3409451,Pandav Nagari,12238109,no2,ppb,2025-12-22,18.4,19.9591346,73.7788008,check_required
3409451,Pandav Nagari,12238109,no2,ppb,2025-12-23,17.9,19.9591346,73.7788008,check_required
3409451,Pandav Nagari,12238109,no2,ppb,2025-12-24,12.9,19.9591346,73.7788008,check_required
3409451,Pandav Nagari,12238109,no2,ppb,2025-12-25,13.3,19.9591346,73.7788008,check_required
3409451,Pandav Nagari,12238109,no2,ppb,2025-12-26,21.7,19.9591346,73.7788008,check_required
3409451,Pandav Nagari,12238109,no2,ppb,2025-12-27,18.4,19.9591346,73.7788008,check_required
3409451,Pandav Nagari,12238109,no2,ppb,2025-12-28,10.9,19.9591346,73.7788008,check_required
3409451,Pandav Nagari,12238109,no2,ppb,2025-12-29,18.0,19.9591346,73.7788008,check_required
3409451,Pandav Nagari,12238109,no2,ppb,2025-12-30,15.6,19.9591346,73.7788008,check_required
3409451,Pandav Nagari,12238109,no2,ppb,2025-12-31,17.5,19.9591346,73.7788008,check_required
5592,Gangapur Road,15265,o3,µg/m³,2019-01-03,9.55,20.0073285,73.7762427,check_required
5592,Gangapur Road,15265,o3,µg/m³,2019-02-13,92.3,20.0073285,73.7762427,check_required
5592,Gangapur Road,15265,o3,µg/m³,2019-02-14,45.5,20.0073285,73.7762427,check_required
5592,Gangapur Road,15265,o3,µg/m³,2019-04-27,34.0,20.0073285,73.7762427,check_required
5592,Gangapur Road,15265,o3,µg/m³,2019-04-28,32.8,20.0073285,73.7762427,check_required
5592,Gangapur Road,15265,o3,µg/m³,2019-04-29,33.1,20.0073285,73.7762427,check_required
5592,Gangapur Road,15265,o3,µg/m³,2019-04-30,32.9,20.0073285,73.7762427,check_required
5592,Gangapur Road,15265,o3,µg/m³,2019-05-01,31.8,20.0073285,73.7762427,check_required
5592,Gangapur Road,15265,o3,µg/m³,2019-05-02,31.2,20.0073285,73.7762427,check_required
5592,Gangapur Road,15265,o3,µg/m³,2019-05-03,27.2,20.0073285,73.7762427,check_required
5592,Gangapur Road,15265,o3,µg/m³,2019-06-19,31.3,20.0073285,73.7762427,check_required
5592,Gangapur Road,15265,o3,µg/m³,2019-06-20,29.8,20.0073285,73.7762427,check_required
5592,Gangapur Road,15265,o3,µg/m³,2019-06-21,30.4,20.0073285,73.7762427,check_required
5592,Gangapur Road,15265,o3,µg/m³,2019-06-22,27.9,20.0073285,73.7762427,check_required
5592,Gangapur Road,15265,o3,µg/m³,2019-06-23,28.1,20.0073285,73.7762427,check_required
5592,Gangapur Road,15265,o3,µg/m³,2019-06-24,30.2,20.0073285,73.7762427,check_required
5592,Gangapur Road,15265,o3,µg/m³,2019-06-25,30.1,20.0073285,73.7762427,check_required
5592,Gangapur Road,15265,o3,µg/m³,2019-06-26,30.4,20.0073285,73.7762427,check_required
5592,Gangapur Road,15265,o3,µg/m³,2019-06-27,31.2,20.0073285,73.7762427,check_required
5592,Gangapur Road,15265,o3,µg/m³,2019-06-28,31.0,20.0073285,73.7762427,check_required
5592,Gangapur Road,15265,o3,µg/m³,2019-06-29,31.1,20.0073285,73.7762427,check_required
5592,Gangapur Road,15265,o3,µg/m³,2019-07-01,30.5,20.0073285,73.7762427,check_required
5592,Gangapur Road,15265,o3,µg/m³,2019-07-08,29.9,20.0073285,73.7762427,check_required
5592,Gangapur Road,15265,o3,µg/m³,2019-07-09,30.1,20.0073285,73.7762427,check_required
5592,Gangapur Road,15265,o3,µg/m³,2019-07-10,31.5,20.0073285,73.7762427,check_required
5592,Gangapur Road,15265,o3,µg/m³,2019-07-11,29.4,20.0073285,73.7762427,check_required
5592,Gangapur Road,15265,o3,µg/m³,2019-07-12,31.5,20.0073285,73.7762427,check_required
5592,Gangapur Road,15265,o3,µg/m³,2019-07-13,30.8,20.0073285,73.7762427,check_required
5592,Gangapur Road,15265,o3,µg/m³,2019-07-14,30.0,20.0073285,73.7762427,check_required
5592,Gangapur Road,15265,o3,µg/m³,2019-07-15,29.9,20.0073285,73.7762427,check_required
5592,Gangapur Road,15265,o3,µg/m³,2019-07-16,30.0,20.0073285,73.7762427,check_required
5592,Gangapur Road,15265,o3,µg/m³,2019-07-17,30.5,20.0073285,73.7762427,check_required
5592,Gangapur Road,15265,o3,µg/m³,2019-07-18,31.4,20.0073285,73.7762427,check_required
5592,Gangapur Road,15265,o3,µg/m³,2019-07-19,31.0,20.0073285,73.7762427,check_required
5592,Gangapur Road,15265,o3,µg/m³,2019-07-20,28.9,20.0073285,73.7762427,check_required
5592,Gangapur Road,15265,o3,µg/m³,2019-07-21,30.0,20.0073285,73.7762427,check_required
5592,Gangapur Road,15265,o3,µg/m³,2019-07-22,31.0,20.0073285,73.7762427,check_required
5592,Gangapur Road,15265,o3,µg/m³,2019-07-23,31.3,20.0073285,73.7762427,check_required
5592,Gangapur Road,15265,o3,µg/m³,2019-07-24,30.5,20.0073285,73.7762427,check_required
5592,Gangapur Road,15265,o3,µg/m³,2019-07-25,30.8,20.0073285,73.7762427,check_required
5592,Gangapur Road,15265,o3,µg/m³,2019-07-26,30.4,20.0073285,73.7762427,check_required
5592,Gangapur Road,15265,o3,µg/m³,2019-07-27,30.5,20.0073285,73.7762427,check_required
5592,Gangapur Road,15265,o3,µg/m³,2019-07-28,31.2,20.0073285,73.7762427,check_required
5592,Gangapur Road,15265,o3,µg/m³,2019-07-29,31.0,20.0073285,73.7762427,check_required
5592,Gangapur Road,15265,o3,µg/m³,2019-07-30,31.2,20.0073285,73.7762427,check_required
5592,Gangapur Road,15265,o3,µg/m³,2019-07-31,29.6,20.0073285,73.7762427,check_required
5592,Gangapur Road,15265,o3,µg/m³,2019-08-01,31.8,20.0073285,73.7762427,check_required
5592,Gangapur Road,15265,o3,µg/m³,2019-08-02,30.7,20.0073285,73.7762427,check_required
5592,Gangapur Road,15265,o3,µg/m³,2019-08-03,30.6,20.0073285,73.7762427,check_required
5592,Gangapur Road,15265,o3,µg/m³,2019-08-04,33.0,20.0073285,73.7762427,check_required
5592,Gangapur Road,15265,o3,µg/m³,2019-08-05,30.9,20.0073285,73.7762427,check_required
5592,Gangapur Road,15265,o3,µg/m³,2019-08-06,31.5,20.0073285,73.7762427,check_required
5592,Gangapur Road,15265,o3,µg/m³,2019-08-07,30.7,20.0073285,73.7762427,check_required
5592,Gangapur Road,15265,o3,µg/m³,2019-08-08,31.1,20.0073285,73.7762427,check_required
5592,Gangapur Road,15265,o3,µg/m³,2019-08-09,31.3,20.0073285,73.7762427,check_required
5592,Gangapur Road,15265,o3,µg/m³,2019-08-10,31.5,20.0073285,73.7762427,check_required
5592,Gangapur Road,15265,o3,µg/m³,2019-08-11,31.4,20.0073285,73.7762427,check_required
5592,Gangapur Road,15265,o3,µg/m³,2019-08-12,30.9,20.0073285,73.7762427,check_required
5592,Gangapur Road,15265,o3,µg/m³,2019-08-13,31.7,20.0073285,73.7762427,check_required
5592,Gangapur Road,15265,o3,µg/m³,2019-08-14,33.1,20.0073285,73.7762427,check_required
5592,Gangapur Road,15265,o3,µg/m³,2019-08-15,30.5,20.0073285,73.7762427,check_required
5592,Gangapur Road,15265,o3,µg/m³,2019-08-16,32.7,20.0073285,73.7762427,check_required
5592,Gangapur Road,15265,o3,µg/m³,2019-08-17,33.0,20.0073285,73.7762427,check_required
5592,Gangapur Road,15265,o3,µg/m³,2019-08-18,33.4,20.0073285,73.7762427,check_required
5592,Gangapur Road,15265,o3,µg/m³,2019-08-19,33.6,20.0073285,73.7762427,check_required
5592,Gangapur Road,15265,o3,µg/m³,2019-08-20,33.8,20.0073285,73.7762427,check_required
5592,Gangapur Road,15265,o3,µg/m³,2019-08-21,32.8,20.0073285,73.7762427,check_required
5592,Gangapur Road,15265,o3,µg/m³,2019-08-22,33.4,20.0073285,73.7762427,check_required
5592,Gangapur Road,15265,o3,µg/m³,2019-08-23,33.7,20.0073285,73.7762427,check_required
5592,Gangapur Road,15265,o3,µg/m³,2019-08-24,32.9,20.0073285,73.7762427,check_required
5592,Gangapur Road,15265,o3,µg/m³,2019-08-25,34.3,20.0073285,73.7762427,check_required
5592,Gangapur Road,15265,o3,µg/m³,2019-08-26,32.2,20.0073285,73.7762427,check_required
5592,Gangapur Road,15265,o3,µg/m³,2019-08-27,33.4,20.0073285,73.7762427,check_required
5592,Gangapur Road,15265,o3,µg/m³,2019-08-28,33.3,20.0073285,73.7762427,check_required
5592,Gangapur Road,15265,o3,µg/m³,2019-08-29,33.7,20.0073285,73.7762427,check_required
5592,Gangapur Road,15265,o3,µg/m³,2019-08-30,33.6,20.0073285,73.7762427,check_required
5592,Gangapur Road,15265,o3,µg/m³,2019-08-31,32.7,20.0073285,73.7762427,check_required
5592,Gangapur Road,15265,o3,µg/m³,2019-09-01,32.7,20.0073285,73.7762427,check_required
5592,Gangapur Road,15265,o3,µg/m³,2019-09-02,33.5,20.0073285,73.7762427,check_required
5592,Gangapur Road,15265,o3,µg/m³,2019-09-03,33.1,20.0073285,73.7762427,check_required
5592,Gangapur Road,15265,o3,µg/m³,2019-09-04,33.3,20.0073285,73.7762427,check_required
5592,Gangapur Road,15265,o3,µg/m³,2019-09-05,33.6,20.0073285,73.7762427,check_required
5592,Gangapur Road,15265,o3,µg/m³,2019-09-06,33.6,20.0073285,73.7762427,check_required
5592,Gangapur Road,15265,o3,µg/m³,2019-09-07,33.0,20.0073285,73.7762427,check_required
5592,Gangapur Road,15265,o3,µg/m³,2019-09-08,32.5,20.0073285,73.7762427,check_required
5592,Gangapur Road,15265,o3,µg/m³,2019-09-09,34.0,20.0073285,73.7762427,check_required
5592,Gangapur Road,15265,o3,µg/m³,2019-09-10,34.0,20.0073285,73.7762427,check_required
5592,Gangapur Road,15265,o3,µg/m³,2019-09-11,33.1,20.0073285,73.7762427,check_required
5592,Gangapur Road,15265,o3,µg/m³,2019-09-12,33.8,20.0073285,73.7762427,check_required
5592,Gangapur Road,15265,o3,µg/m³,2019-09-13,33.3,20.0073285,73.7762427,check_required
5592,Gangapur Road,15265,o3,µg/m³,2019-09-14,33.2,20.0073285,73.7762427,check_required
5592,Gangapur Road,15265,o3,µg/m³,2019-09-15,34.1,20.0073285,73.7762427,check_required
5592,Gangapur Road,15265,o3,µg/m³,2019-09-16,34.2,20.0073285,73.7762427,check_required
5592,Gangapur Road,15265,o3,µg/m³,2019-09-17,33.8,20.0073285,73.7762427,check_required
5592,Gangapur Road,15265,o3,µg/m³,2019-09-18,33.2,20.0073285,73.7762427,check_required
5592,Gangapur Road,15265,o3,µg/m³,2019-09-19,34.3,20.0073285,73.7762427,check_required
5592,Gangapur Road,15265,o3,µg/m³,2019-09-20,33.3,20.0073285,73.7762427,check_required
5592,Gangapur Road,15265,o3,µg/m³,2019-09-21,33.4,20.0073285,73.7762427,check_required
5592,Gangapur Road,15265,o3,µg/m³,2019-09-22,33.2,20.0073285,73.7762427,check_required
5592,Gangapur Road,15265,o3,µg/m³,2019-09-23,32.5,20.0073285,73.7762427,check_required
5592,Gangapur Road,15265,o3,µg/m³,2019-09-24,31.1,20.0073285,73.7762427,check_required
5592,Gangapur Road,15265,o3,µg/m³,2019-09-25,32.4,20.0073285,73.7762427,check_required
5592,Gangapur Road,15265,o3,µg/m³,2019-09-26,32.1,20.0073285,73.7762427,check_required
5592,Gangapur Road,15265,o3,µg/m³,2019-09-27,29.7,20.0073285,73.7762427,check_required
5592,Gangapur Road,15265,o3,µg/m³,2019-09-28,30.2,20.0073285,73.7762427,check_required
5592,Gangapur Road,15265,o3,µg/m³,2019-09-29,32.3,20.0073285,73.7762427,check_required
5592,Gangapur Road,15265,o3,µg/m³,2019-09-30,31.4,20.0073285,73.7762427,check_required
5592,Gangapur Road,15265,o3,µg/m³,2019-10-01,29.5,20.0073285,73.7762427,check_required
5592,Gangapur Road,15265,o3,µg/m³,2019-10-02,31.1,20.0073285,73.7762427,check_required
5592,Gangapur Road,15265,o3,µg/m³,2019-10-03,30.6,20.0073285,73.7762427,check_required
5592,Gangapur Road,15265,o3,µg/m³,2019-10-04,32.1,20.0073285,73.7762427,check_required
5592,Gangapur Road,15265,o3,µg/m³,2019-10-05,31.2,20.0073285,73.7762427,check_required
5592,Gangapur Road,15265,o3,µg/m³,2019-10-06,31.7,20.0073285,73.7762427,check_required
5592,Gangapur Road,15265,o3,µg/m³,2019-10-07,31.1,20.0073285,73.7762427,check_required
5592,Gangapur Road,15265,o3,µg/m³,2019-10-08,31.2,20.0073285,73.7762427,check_required
5592,Gangapur Road,15265,o3,µg/m³,2019-10-09,31.3,20.0073285,73.7762427,check_required
5592,Gangapur Road,15265,o3,µg/m³,2019-10-10,31.0,20.0073285,73.7762427,check_required
5592,Gangapur Road,15265,o3,µg/m³,2019-10-11,31.3,20.0073285,73.7762427,check_required
5592,Gangapur Road,15265,o3,µg/m³,2019-10-12,32.6,20.0073285,73.7762427,check_required
5592,Gangapur Road,15265,o3,µg/m³,2019-10-13,32.5,20.0073285,73.7762427,check_required
5592,Gangapur Road,15265,o3,µg/m³,2019-10-14,33.4,20.0073285,73.7762427,check_required
5592,Gangapur Road,15265,o3,µg/m³,2019-10-15,32.1,20.0073285,73.7762427,check_required
5592,Gangapur Road,15265,o3,µg/m³,2019-10-16,74.4,20.0073285,73.7762427,check_required
5592,Gangapur Road,15265,o3,µg/m³,2019-10-17,9.06,20.0073285,73.7762427,check_required
5592,Gangapur Road,15265,o3,µg/m³,2019-10-18,0.298,20.0073285,73.7762427,check_required
5592,Gangapur Road,15265,o3,µg/m³,2019-10-19,0.0,20.0073285,73.7762427,check_required
5592,Gangapur Road,15265,o3,µg/m³,2019-10-20,19.9,20.0073285,73.7762427,check_required
5592,Gangapur Road,15265,o3,µg/m³,2019-10-21,2.18,20.0073285,73.7762427,check_required
5592,Gangapur Road,15265,o3,µg/m³,2019-10-22,15.5,20.0073285,73.7762427,check_required
5592,Gangapur Road,15265,o3,µg/m³,2019-10-23,39.7,20.0073285,73.7762427,check_required
5592,Gangapur Road,15265,o3,µg/m³,2019-10-24,22.3,20.0073285,73.7762427,check_required
5592,Gangapur Road,15265,o3,µg/m³,2019-10-25,24.6,20.0073285,73.7762427,check_required
5592,Gangapur Road,15265,o3,µg/m³,2019-10-26,15.8,20.0073285,73.7762427,check_required
5592,Gangapur Road,15265,o3,µg/m³,2019-10-27,25.3,20.0073285,73.7762427,check_required
5592,Gangapur Road,15265,o3,µg/m³,2019-10-28,27.8,20.0073285,73.7762427,check_required
5592,Gangapur Road,15265,o3,µg/m³,2019-10-29,29.6,20.0073285,73.7762427,check_required
5592,Gangapur Road,15265,o3,µg/m³,2019-10-30,26.3,20.0073285,73.7762427,check_required
5592,Gangapur Road,15265,o3,µg/m³,2019-11-11,34.0,20.0073285,73.7762427,check_required
5592,Gangapur Road,15265,o3,µg/m³,2019-11-12,35.4,20.0073285,73.7762427,check_required
5592,Gangapur Road,15265,o3,µg/m³,2019-11-13,37.9,20.0073285,73.7762427,check_required
5592,Gangapur Road,15265,o3,µg/m³,2019-11-14,38.1,20.0073285,73.7762427,check_required
5592,Gangapur Road,15265,o3,µg/m³,2019-11-15,38.3,20.0073285,73.7762427,check_required
5592,Gangapur Road,15265,o3,µg/m³,2019-11-16,37.5,20.0073285,73.7762427,check_required
5592,Gangapur Road,15265,o3,µg/m³,2019-11-17,46.4,20.0073285,73.7762427,check_required
5592,Gangapur Road,15265,o3,µg/m³,2019-11-18,52.4,20.0073285,73.7762427,check_required
5592,Gangapur Road,15265,o3,µg/m³,2019-11-19,67.1,20.0073285,73.7762427,check_required
5592,Gangapur Road,15265,o3,µg/m³,2019-11-20,39.5,20.0073285,73.7762427,check_required
5592,Gangapur Road,15265,o3,µg/m³,2019-11-21,45.4,20.0073285,73.7762427,check_required
5592,Gangapur Road,15265,o3,µg/m³,2019-11-22,41.3,20.0073285,73.7762427,check_required
5592,Gangapur Road,15265,o3,µg/m³,2019-11-23,41.2,20.0073285,73.7762427,check_required
5592,Gangapur Road,15265,o3,µg/m³,2019-11-24,45.6,20.0073285,73.7762427,check_required
5592,Gangapur Road,15265,o3,µg/m³,2019-11-25,43.5,20.0073285,73.7762427,check_required
5592,Gangapur Road,15265,o3,µg/m³,2019-11-26,39.6,20.0073285,73.7762427,check_required
5592,Gangapur Road,15265,o3,µg/m³,2019-11-27,44.6,20.0073285,73.7762427,check_required
5592,Gangapur Road,15265,o3,µg/m³,2019-11-28,39.7,20.0073285,73.7762427,check_required
5592,Gangapur Road,15265,o3,µg/m³,2019-11-29,46.7,20.0073285,73.7762427,check_required
5592,Gangapur Road,15265,o3,µg/m³,2019-11-30,48.0,20.0073285,73.7762427,check_required
5592,Gangapur Road,15265,o3,µg/m³,2019-12-01,49.5,20.0073285,73.7762427,check_required
5592,Gangapur Road,15265,o3,µg/m³,2019-12-02,47.7,20.0073285,73.7762427,check_required
5592,Gangapur Road,15265,o3,µg/m³,2019-12-03,59.9,20.0073285,73.7762427,check_required
5592,Gangapur Road,15265,o3,µg/m³,2019-12-04,67.0,20.0073285,73.7762427,check_required
5592,Gangapur Road,15265,o3,µg/m³,2019-12-05,46.5,20.0073285,73.7762427,check_required
5592,Gangapur Road,15265,o3,µg/m³,2019-12-06,53.2,20.0073285,73.7762427,check_required
5592,Gangapur Road,15265,o3,µg/m³,2019-12-07,63.0,20.0073285,73.7762427,check_required
5592,Gangapur Road,15265,o3,µg/m³,2019-12-08,66.9,20.0073285,73.7762427,check_required
5592,Gangapur Road,15265,o3,µg/m³,2019-12-10,60.6,20.0073285,73.7762427,check_required
5592,Gangapur Road,15265,o3,µg/m³,2019-12-11,49.8,20.0073285,73.7762427,check_required
5592,Gangapur Road,15265,o3,µg/m³,2019-12-12,51.4,20.0073285,73.7762427,check_required
5592,Gangapur Road,15265,o3,µg/m³,2019-12-13,53.0,20.0073285,73.7762427,check_required
5592,Gangapur Road,15265,o3,µg/m³,2019-12-14,73.0,20.0073285,73.7762427,check_required
5592,Gangapur Road,15265,o3,µg/m³,2019-12-15,78.6,20.0073285,73.7762427,check_required
5592,Gangapur Road,15265,o3,µg/m³,2019-12-16,64.1,20.0073285,73.7762427,check_required
5592,Gangapur Road,15265,o3,µg/m³,2019-12-17,53.1,20.0073285,73.7762427,check_required
5592,Gangapur Road,15265,o3,µg/m³,2019-12-18,60.0,20.0073285,73.7762427,check_required
5592,Gangapur Road,15265,o3,µg/m³,2019-12-19,50.8,20.0073285,73.7762427,check_required
5592,Gangapur Road,15265,o3,µg/m³,2019-12-20,82.7,20.0073285,73.7762427,check_required
5592,Gangapur Road,15265,o3,µg/m³,2019-12-21,29.9,20.0073285,73.7762427,check_required
5592,Gangapur Road,15265,o3,µg/m³,2019-12-22,64.5,20.0073285,73.7762427,check_required
5592,Gangapur Road,15265,o3,µg/m³,2019-12-23,62.7,20.0073285,73.7762427,check_required
5592,Gangapur Road,15265,o3,µg/m³,2019-12-24,48.1,20.0073285,73.7762427,check_required
5592,Gangapur Road,15265,o3,µg/m³,2019-12-25,40.8,20.0073285,73.7762427,check_required
5592,Gangapur Road,15265,o3,µg/m³,2019-12-26,42.5,20.0073285,73.7762427,check_required
5592,Gangapur Road,15265,o3,µg/m³,2019-12-27,50.2,20.0073285,73.7762427,check_required
5592,Gangapur Road,15265,o3,µg/m³,2019-12-28,55.5,20.0073285,73.7762427,check_required
5592,Gangapur Road,15265,o3,µg/m³,2019-12-29,52.4,20.0073285,73.7762427,check_required
5592,Gangapur Road,15265,o3,µg/m³,2019-12-30,48.6,20.0073285,73.7762427,check_required
5592,Gangapur Road,15265,o3,µg/m³,2019-12-31,48.3,20.0073285,73.7762427,check_required
5592,Gangapur Road,15265,o3,µg/m³,2020-01-01,52.2,20.0073285,73.7762427,check_required
5592,Gangapur Road,15265,o3,µg/m³,2020-01-02,54.5,20.0073285,73.7762427,check_required
5592,Gangapur Road,15265,o3,µg/m³,2020-01-03,52.1,20.0073285,73.7762427,check_required
5592,Gangapur Road,15265,o3,µg/m³,2020-01-04,50.7,20.0073285,73.7762427,check_required
5592,Gangapur Road,15265,o3,µg/m³,2020-01-05,62.4,20.0073285,73.7762427,check_required
5592,Gangapur Road,15265,o3,µg/m³,2020-01-06,55.0,20.0073285,73.7762427,check_required
5592,Gangapur Road,15265,o3,µg/m³,2020-01-07,45.9,20.0073285,73.7762427,check_required
5592,Gangapur Road,15265,o3,µg/m³,2020-01-08,42.1,20.0073285,73.7762427,check_required
5592,Gangapur Road,15265,o3,µg/m³,2020-01-09,46.6,20.0073285,73.7762427,check_required
5592,Gangapur Road,15265,o3,µg/m³,2020-01-10,60.5,20.0073285,73.7762427,check_required
5592,Gangapur Road,15265,o3,µg/m³,2020-01-11,61.1,20.0073285,73.7762427,check_required
5592,Gangapur Road,15265,o3,µg/m³,2020-01-12,51.8,20.0073285,73.7762427,check_required
5592,Gangapur Road,15265,o3,µg/m³,2020-01-13,45.4,20.0073285,73.7762427,check_required
5592,Gangapur Road,15265,o3,µg/m³,2020-01-14,40.5,20.0073285,73.7762427,check_required
5592,Gangapur Road,15265,o3,µg/m³,2020-01-15,54.7,20.0073285,73.7762427,check_required
5592,Gangapur Road,15265,o3,µg/m³,2020-01-16,60.2,20.0073285,73.7762427,check_required
5592,Gangapur Road,15265,o3,µg/m³,2020-01-17,54.4,20.0073285,73.7762427,check_required
5592,Gangapur Road,15265,o3,µg/m³,2020-01-18,48.3,20.0073285,73.7762427,check_required
5592,Gangapur Road,15265,o3,µg/m³,2020-01-19,51.3,20.0073285,73.7762427,check_required
5592,Gangapur Road,15265,o3,µg/m³,2020-01-20,42.6,20.0073285,73.7762427,check_required
5592,Gangapur Road,15265,o3,µg/m³,2020-01-21,38.3,20.0073285,73.7762427,check_required
5592,Gangapur Road,15265,o3,µg/m³,2020-01-22,41.0,20.0073285,73.7762427,check_required
5592,Gangapur Road,15265,o3,µg/m³,2020-01-23,33.2,20.0073285,73.7762427,check_required
5592,Gangapur Road,15265,o3,µg/m³,2020-01-24,49.8,20.0073285,73.7762427,check_required
5592,Gangapur Road,15265,o3,µg/m³,2020-01-25,36.4,20.0073285,73.7762427,check_required
5592,Gangapur Road,15265,o3,µg/m³,2020-01-26,32.9,20.0073285,73.7762427,check_required
5592,Gangapur Road,15265,o3,µg/m³,2020-01-27,42.6,20.0073285,73.7762427,check_required
5592,Gangapur Road,15265,o3,µg/m³,2020-01-28,40.4,20.0073285,73.7762427,check_required
5592,Gangapur Road,15265,o3,µg/m³,2020-01-29,40.9,20.0073285,73.7762427,check_required
5592,Gangapur Road,15265,o3,µg/m³,2020-01-30,41.5,20.0073285,73.7762427,check_required
5592,Gangapur Road,15265,o3,µg/m³,2020-01-31,48.1,20.0073285,73.7762427,check_required
5592,Gangapur Road,15265,o3,µg/m³,2020-02-01,52.0,20.0073285,73.7762427,check_required
5592,Gangapur Road,15265,o3,µg/m³,2020-02-02,54.6,20.0073285,73.7762427,check_required
5592,Gangapur Road,15265,o3,µg/m³,2020-02-03,44.7,20.0073285,73.7762427,check_required
5592,Gangapur Road,15265,o3,µg/m³,2020-02-04,43.9,20.0073285,73.7762427,check_required
5592,Gangapur Road,15265,o3,µg/m³,2020-02-05,42.3,20.0073285,73.7762427,check_required
5592,Gangapur Road,15265,o3,µg/m³,2020-02-06,39.9,20.0073285,73.7762427,check_required
5592,Gangapur Road,15265,o3,µg/m³,2020-02-07,34.0,20.0073285,73.7762427,check_required
5592,Gangapur Road,15265,o3,µg/m³,2020-02-08,85.8,20.0073285,73.7762427,check_required
5592,Gangapur Road,15265,o3,µg/m³,2020-02-09,88.2,20.0073285,73.7762427,check_required
5592,Gangapur Road,15265,o3,µg/m³,2020-02-10,63.8,20.0073285,73.7762427,check_required
5592,Gangapur Road,15265,o3,µg/m³,2020-02-11,38.7,20.0073285,73.7762427,check_required
5592,Gangapur Road,15265,o3,µg/m³,2020-02-12,57.5,20.0073285,73.7762427,check_required
5592,Gangapur Road,15265,o3,µg/m³,2020-02-13,58.6,20.0073285,73.7762427,check_required
5592,Gangapur Road,15265,o3,µg/m³,2020-02-14,113.0,20.0073285,73.7762427,check_required
5592,Gangapur Road,15265,o3,µg/m³,2020-02-15,99.6,20.0073285,73.7762427,check_required
5592,Gangapur Road,15265,o3,µg/m³,2020-02-16,77.6,20.0073285,73.7762427,check_required
5592,Gangapur Road,15265,o3,µg/m³,2020-02-17,62.3,20.0073285,73.7762427,check_required
5592,Gangapur Road,15265,o3,µg/m³,2020-02-18,69.4,20.0073285,73.7762427,check_required
5592,Gangapur Road,15265,o3,µg/m³,2020-02-19,80.1,20.0073285,73.7762427,check_required
5592,Gangapur Road,15265,o3,µg/m³,2020-02-20,82.6,20.0073285,73.7762427,check_required
5592,Gangapur Road,15265,o3,µg/m³,2020-02-21,81.8,20.0073285,73.7762427,check_required
5592,Gangapur Road,15265,o3,µg/m³,2020-02-22,82.5,20.0073285,73.7762427,check_required
5592,Gangapur Road,15265,o3,µg/m³,2020-02-23,73.9,20.0073285,73.7762427,check_required
5592,Gangapur Road,15265,o3,µg/m³,2020-02-24,76.4,20.0073285,73.7762427,check_required
5592,Gangapur Road,15265,o3,µg/m³,2020-02-25,58.5,20.0073285,73.7762427,check_required
5592,Gangapur Road,15265,o3,µg/m³,2020-02-26,49.8,20.0073285,73.7762427,check_required
5592,Gangapur Road,15265,o3,µg/m³,2020-02-27,52.4,20.0073285,73.7762427,check_required
5592,Gangapur Road,15265,o3,µg/m³,2020-02-28,76.6,20.0073285,73.7762427,check_required
5592,Gangapur Road,15265,o3,µg/m³,2020-02-29,73.8,20.0073285,73.7762427,check_required
5592,Gangapur Road,15265,o3,µg/m³,2020-03-01,21.1,20.0073285,73.7762427,check_required
5592,Gangapur Road,15265,o3,µg/m³,2020-03-02,52.3,20.0073285,73.7762427,check_required
5592,Gangapur Road,15265,o3,µg/m³,2020-03-03,46.5,20.0073285,73.7762427,check_required
5592,Gangapur Road,15265,o3,µg/m³,2020-03-04,47.9,20.0073285,73.7762427,check_required
5592,Gangapur Road,15265,o3,µg/m³,2020-03-05,28.7,20.0073285,73.7762427,check_required
5592,Gangapur Road,15265,o3,µg/m³,2020-03-06,16.6,20.0073285,73.7762427,check_required
5592,Gangapur Road,15265,o3,µg/m³,2020-03-07,23.6,20.0073285,73.7762427,check_required
5592,Gangapur Road,15265,o3,µg/m³,2020-03-08,16.8,20.0073285,73.7762427,check_required
5592,Gangapur Road,15265,o3,µg/m³,2020-03-09,1.34,20.0073285,73.7762427,check_required
5592,Gangapur Road,15265,o3,µg/m³,2020-03-10,0.00117,20.0073285,73.7762427,check_required
5592,Gangapur Road,15265,o3,µg/m³,2020-03-11,43.6,20.0073285,73.7762427,check_required
5592,Gangapur Road,15265,o3,µg/m³,2020-03-12,72.8,20.0073285,73.7762427,check_required
5592,Gangapur Road,15265,o3,µg/m³,2020-03-13,97.6,20.0073285,73.7762427,check_required
5592,Gangapur Road,15265,o3,µg/m³,2020-03-14,85.7,20.0073285,73.7762427,check_required
5592,Gangapur Road,15265,o3,µg/m³,2020-03-15,84.9,20.0073285,73.7762427,check_required
5592,Gangapur Road,15265,o3,µg/m³,2020-03-16,78.8,20.0073285,73.7762427,check_required
5592,Gangapur Road,15265,o3,µg/m³,2020-03-17,98.2,20.0073285,73.7762427,check_required
5592,Gangapur Road,15265,o3,µg/m³,2020-03-18,59.9,20.0073285,73.7762427,check_required
5592,Gangapur Road,15265,o3,µg/m³,2020-03-19,58.3,20.0073285,73.7762427,check_required
5592,Gangapur Road,15265,o3,µg/m³,2020-03-20,44.1,20.0073285,73.7762427,check_required
5592,Gangapur Road,15265,o3,µg/m³,2020-03-21,56.7,20.0073285,73.7762427,check_required
5592,Gangapur Road,15265,o3,µg/m³,2020-03-22,43.0,20.0073285,73.7762427,check_required
5592,Gangapur Road,15265,o3,µg/m³,2020-03-23,54.6,20.0073285,73.7762427,check_required
5592,Gangapur Road,15265,o3,µg/m³,2020-03-24,69.1,20.0073285,73.7762427,check_required
5592,Gangapur Road,15265,o3,µg/m³,2020-03-25,52.5,20.0073285,73.7762427,check_required
5592,Gangapur Road,15265,o3,µg/m³,2020-03-26,60.4,20.0073285,73.7762427,check_required
5592,Gangapur Road,15265,o3,µg/m³,2020-03-27,55.4,20.0073285,73.7762427,check_required
5592,Gangapur Road,15265,o3,µg/m³,2020-03-28,62.9,20.0073285,73.7762427,check_required
5592,Gangapur Road,15265,o3,µg/m³,2020-03-29,73.8,20.0073285,73.7762427,check_required
5592,Gangapur Road,15265,o3,µg/m³,2020-03-30,75.9,20.0073285,73.7762427,check_required
5592,Gangapur Road,15265,o3,µg/m³,2020-03-31,83.0,20.0073285,73.7762427,check_required
5592,Gangapur Road,15265,o3,µg/m³,2020-04-01,59.3,20.0073285,73.7762427,check_required
5592,Gangapur Road,15265,o3,µg/m³,2020-04-02,59.6,20.0073285,73.7762427,check_required
5592,Gangapur Road,15265,o3,µg/m³,2020-04-03,70.7,20.0073285,73.7762427,check_required
5592,Gangapur Road,15265,o3,µg/m³,2020-04-04,75.3,20.0073285,73.7762427,check_required
5592,Gangapur Road,15265,o3,µg/m³,2020-04-05,77.6,20.0073285,73.7762427,check_required
5592,Gangapur Road,15265,o3,µg/m³,2020-04-06,80.5,20.0073285,73.7762427,check_required
5592,Gangapur Road,15265,o3,µg/m³,2020-04-07,30.8,20.0073285,73.7762427,check_required
5592,Gangapur Road,15265,o3,µg/m³,2020-04-08,54.0,20.0073285,73.7762427,check_required
5592,Gangapur Road,15265,o3,µg/m³,2020-04-09,57.3,20.0073285,73.7762427,check_required
5592,Gangapur Road,15265,o3,µg/m³,2020-04-10,74.8,20.0073285,73.7762427,check_required
5592,Gangapur Road,15265,o3,µg/m³,2020-04-11,78.3,20.0073285,73.7762427,check_required
5592,Gangapur Road,15265,o3,µg/m³,2020-04-12,74.1,20.0073285,73.7762427,check_required
5592,Gangapur Road,15265,o3,µg/m³,2020-04-13,80.9,20.0073285,73.7762427,check_required
5592,Gangapur Road,15265,o3,µg/m³,2020-04-14,82.7,20.0073285,73.7762427,check_required
5592,Gangapur Road,15265,o3,µg/m³,2020-04-15,78.4,20.0073285,73.7762427,check_required
5592,Gangapur Road,15265,o3,µg/m³,2020-04-16,77.5,20.0073285,73.7762427,check_required
5592,Gangapur Road,15265,o3,µg/m³,2020-04-17,66.1,20.0073285,73.7762427,check_required
5592,Gangapur Road,15265,o3,µg/m³,2020-04-18,65.5,20.0073285,73.7762427,check_required
5592,Gangapur Road,15265,o3,µg/m³,2020-04-19,68.5,20.0073285,73.7762427,check_required
5592,Gangapur Road,15265,o3,µg/m³,2020-04-20,60.7,20.0073285,73.7762427,check_required
5592,Gangapur Road,15265,o3,µg/m³,2020-04-21,40.3,20.0073285,73.7762427,check_required
5592,Gangapur Road,15265,o3,µg/m³,2020-04-22,48.8,20.0073285,73.7762427,check_required
5592,Gangapur Road,15265,o3,µg/m³,2020-04-23,51.8,20.0073285,73.7762427,check_required
5592,Gangapur Road,15265,o3,µg/m³,2020-04-24,37.1,20.0073285,73.7762427,check_required
5592,Gangapur Road,15265,o3,µg/m³,2020-04-26,50.1,20.0073285,73.7762427,check_required
5592,Gangapur Road,15265,o3,µg/m³,2020-04-27,43.9,20.0073285,73.7762427,check_required
5592,Gangapur Road,15265,o3,µg/m³,2020-04-28,57.1,20.0073285,73.7762427,check_required
5592,Gangapur Road,15265,o3,µg/m³,2020-04-29,72.8,20.0073285,73.7762427,check_required
5592,Gangapur Road,15265,o3,µg/m³,2020-04-30,50.6,20.0073285,73.7762427,check_required
5592,Gangapur Road,15265,o3,µg/m³,2020-05-01,49.2,20.0073285,73.7762427,check_required
5592,Gangapur Road,15265,o3,µg/m³,2020-05-02,52.4,20.0073285,73.7762427,check_required
5592,Gangapur Road,15265,o3,µg/m³,2020-05-03,46.9,20.0073285,73.7762427,check_required
5592,Gangapur Road,15265,o3,µg/m³,2020-05-04,37.7,20.0073285,73.7762427,check_required
5592,Gangapur Road,15265,o3,µg/m³,2020-05-05,42.6,20.0073285,73.7762427,check_required
5592,Gangapur Road,15265,o3,µg/m³,2020-05-06,47.2,20.0073285,73.7762427,check_required
5592,Gangapur Road,15265,o3,µg/m³,2020-05-07,34.0,20.0073285,73.7762427,check_required
5592,Gangapur Road,15265,o3,µg/m³,2020-05-08,56.0,20.0073285,73.7762427,check_required
5592,Gangapur Road,15265,o3,µg/m³,2020-05-09,42.2,20.0073285,73.7762427,check_required
5592,Gangapur Road,15265,o3,µg/m³,2020-05-10,44.9,20.0073285,73.7762427,check_required
5592,Gangapur Road,15265,o3,µg/m³,2020-05-11,51.6,20.0073285,73.7762427,check_required
5592,Gangapur Road,15265,o3,µg/m³,2020-05-12,37.5,20.0073285,73.7762427,check_required
5592,Gangapur Road,15265,o3,µg/m³,2020-05-13,21.3,20.0073285,73.7762427,check_required
5592,Gangapur Road,15265,o3,µg/m³,2020-05-14,58.6,20.0073285,73.7762427,check_required
5592,Gangapur Road,15265,o3,µg/m³,2020-05-15,74.3,20.0073285,73.7762427,check_required
5592,Gangapur Road,15265,o3,µg/m³,2020-05-16,58.1,20.0073285,73.7762427,check_required
5592,Gangapur Road,15265,o3,µg/m³,2020-05-17,62.9,20.0073285,73.7762427,check_required
5592,Gangapur Road,15265,o3,µg/m³,2020-05-18,70.8,20.0073285,73.7762427,check_required
5592,Gangapur Road,15265,o3,µg/m³,2020-05-19,36.0,20.0073285,73.7762427,check_required
5592,Gangapur Road,15265,o3,µg/m³,2020-05-20,43.8,20.0073285,73.7762427,check_required
5592,Gangapur Road,15265,o3,µg/m³,2020-05-21,43.3,20.0073285,73.7762427,check_required
5592,Gangapur Road,15265,o3,µg/m³,2020-05-22,46.2,20.0073285,73.7762427,check_required
5592,Gangapur Road,15265,o3,µg/m³,2020-05-23,55.3,20.0073285,73.7762427,check_required
5592,Gangapur Road,15265,o3,µg/m³,2020-05-24,32.9,20.0073285,73.7762427,check_required
5592,Gangapur Road,15265,o3,µg/m³,2020-05-25,71.3,20.0073285,73.7762427,check_required
5592,Gangapur Road,15265,o3,µg/m³,2020-05-26,45.9,20.0073285,73.7762427,check_required
5592,Gangapur Road,15265,o3,µg/m³,2020-05-27,33.8,20.0073285,73.7762427,check_required
5592,Gangapur Road,15265,o3,µg/m³,2020-05-28,26.7,20.0073285,73.7762427,check_required
5592,Gangapur Road,15265,o3,µg/m³,2020-05-29,29.1,20.0073285,73.7762427,check_required
5592,Gangapur Road,15265,o3,µg/m³,2020-05-30,20.2,20.0073285,73.7762427,check_required
5592,Gangapur Road,15265,o3,µg/m³,2020-06-01,75.5,20.0073285,73.7762427,check_required
5592,Gangapur Road,15265,o3,µg/m³,2020-06-04,33.9,20.0073285,73.7762427,check_required
5592,Gangapur Road,15265,o3,µg/m³,2020-06-05,18.2,20.0073285,73.7762427,check_required
5592,Gangapur Road,15265,o3,µg/m³,2020-06-06,23.4,20.0073285,73.7762427,check_required
5592,Gangapur Road,15265,o3,µg/m³,2020-06-07,20.8,20.0073285,73.7762427,check_required
5592,Gangapur Road,15265,o3,µg/m³,2020-06-08,37.5,20.0073285,73.7762427,check_required
5592,Gangapur Road,15265,o3,µg/m³,2020-06-09,28.9,20.0073285,73.7762427,check_required
5592,Gangapur Road,15265,o3,µg/m³,2020-06-10,31.2,20.0073285,73.7762427,check_required
5592,Gangapur Road,15265,o3,µg/m³,2020-06-11,39.1,20.0073285,73.7762427,check_required
5592,Gangapur Road,15265,o3,µg/m³,2020-06-12,29.9,20.0073285,73.7762427,check_required
5592,Gangapur Road,15265,o3,µg/m³,2020-06-13,44.5,20.0073285,73.7762427,check_required
5592,Gangapur Road,15265,o3,µg/m³,2020-06-14,36.7,20.0073285,73.7762427,check_required
5592,Gangapur Road,15265,o3,µg/m³,2020-06-15,20.2,20.0073285,73.7762427,check_required
5592,Gangapur Road,15265,o3,µg/m³,2020-06-16,24.9,20.0073285,73.7762427,check_required
5592,Gangapur Road,15265,o3,µg/m³,2020-06-17,31.3,20.0073285,73.7762427,check_required
5592,Gangapur Road,15265,o3,µg/m³,2020-06-18,24.8,20.0073285,73.7762427,check_required
5592,Gangapur Road,15265,o3,µg/m³,2020-06-19,23.1,20.0073285,73.7762427,check_required
5592,Gangapur Road,15265,o3,µg/m³,2020-06-20,19.1,20.0073285,73.7762427,check_required
5592,Gangapur Road,15265,o3,µg/m³,2020-06-21,21.9,20.0073285,73.7762427,check_required
5592,Gangapur Road,15265,o3,µg/m³,2020-06-22,21.6,20.0073285,73.7762427,check_required
5592,Gangapur Road,15265,o3,µg/m³,2020-06-23,24.3,20.0073285,73.7762427,check_required
5592,Gangapur Road,15265,o3,µg/m³,2020-06-24,29.1,20.0073285,73.7762427,check_required
5592,Gangapur Road,15265,o3,µg/m³,2020-06-25,25.0,20.0073285,73.7762427,check_required
5592,Gangapur Road,15265,o3,µg/m³,2020-06-26,25.5,20.0073285,73.7762427,check_required
5592,Gangapur Road,15265,o3,µg/m³,2020-06-27,11.1,20.0073285,73.7762427,check_required
5592,Gangapur Road,15265,o3,µg/m³,2020-06-28,14.2,20.0073285,73.7762427,check_required
5592,Gangapur Road,15265,o3,µg/m³,2020-06-29,14.5,20.0073285,73.7762427,check_required
5592,Gangapur Road,15265,o3,µg/m³,2020-06-30,20.8,20.0073285,73.7762427,check_required
5592,Gangapur Road,15265,o3,µg/m³,2020-07-01,18.8,20.0073285,73.7762427,check_required
5592,Gangapur Road,15265,o3,µg/m³,2020-07-02,18.7,20.0073285,73.7762427,check_required
5592,Gangapur Road,15265,o3,µg/m³,2020-07-03,11.1,20.0073285,73.7762427,check_required
5592,Gangapur Road,15265,o3,µg/m³,2020-07-04,22.2,20.0073285,73.7762427,check_required
5592,Gangapur Road,15265,o3,µg/m³,2020-07-05,20.7,20.0073285,73.7762427,check_required
5592,Gangapur Road,15265,o3,µg/m³,2020-07-06,16.4,20.0073285,73.7762427,check_required
5592,Gangapur Road,15265,o3,µg/m³,2020-07-07,30.8,20.0073285,73.7762427,check_required
5592,Gangapur Road,15265,o3,µg/m³,2020-07-08,19.4,20.0073285,73.7762427,check_required
5592,Gangapur Road,15265,o3,µg/m³,2020-07-09,12.4,20.0073285,73.7762427,check_required
5592,Gangapur Road,15265,o3,µg/m³,2020-07-10,14.3,20.0073285,73.7762427,check_required
5592,Gangapur Road,15265,o3,µg/m³,2020-07-11,9.53,20.0073285,73.7762427,check_required
5592,Gangapur Road,15265,o3,µg/m³,2020-07-12,13.6,20.0073285,73.7762427,check_required
5592,Gangapur Road,15265,o3,µg/m³,2020-07-13,13.4,20.0073285,73.7762427,check_required
5592,Gangapur Road,15265,o3,µg/m³,2020-07-14,11.1,20.0073285,73.7762427,check_required
5592,Gangapur Road,15265,o3,µg/m³,2020-07-15,13.8,20.0073285,73.7762427,check_required
5592,Gangapur Road,15265,o3,µg/m³,2020-07-16,15.2,20.0073285,73.7762427,check_required
5592,Gangapur Road,15265,o3,µg/m³,2020-07-17,20.4,20.0073285,73.7762427,check_required
5592,Gangapur Road,15265,o3,µg/m³,2020-07-18,18.7,20.0073285,73.7762427,check_required
5592,Gangapur Road,15265,o3,µg/m³,2020-07-19,16.2,20.0073285,73.7762427,check_required
5592,Gangapur Road,15265,o3,µg/m³,2020-07-20,14.1,20.0073285,73.7762427,check_required
5592,Gangapur Road,15265,o3,µg/m³,2020-07-21,15.4,20.0073285,73.7762427,check_required
5592,Gangapur Road,15265,o3,µg/m³,2020-07-22,33.6,20.0073285,73.7762427,check_required
5592,Gangapur Road,15265,o3,µg/m³,2020-07-23,14.3,20.0073285,73.7762427,check_required
5592,Gangapur Road,15265,o3,µg/m³,2020-07-24,9.28,20.0073285,73.7762427,check_required
5592,Gangapur Road,15265,o3,µg/m³,2020-07-25,16.2,20.0073285,73.7762427,check_required
5592,Gangapur Road,15265,o3,µg/m³,2020-07-26,16.0,20.0073285,73.7762427,check_required
5592,Gangapur Road,15265,o3,µg/m³,2020-07-27,18.9,20.0073285,73.7762427,check_required
5592,Gangapur Road,15265,o3,µg/m³,2020-07-28,12.1,20.0073285,73.7762427,check_required
5592,Gangapur Road,15265,o3,µg/m³,2020-07-29,7.36,20.0073285,73.7762427,check_required
5592,Gangapur Road,15265,o3,µg/m³,2020-07-30,17.9,20.0073285,73.7762427,check_required
5592,Gangapur Road,15265,o3,µg/m³,2020-07-31,10.0,20.0073285,73.7762427,check_required
5592,Gangapur Road,15265,o3,µg/m³,2020-08-04,23.2,20.0073285,73.7762427,check_required
5592,Gangapur Road,15265,o3,µg/m³,2020-08-05,13.0,20.0073285,73.7762427,check_required
5592,Gangapur Road,15265,o3,µg/m³,2020-08-06,39.1,20.0073285,73.7762427,check_required
5592,Gangapur Road,15265,o3,µg/m³,2020-08-07,34.3,20.0073285,73.7762427,check_required
5592,Gangapur Road,15265,o3,µg/m³,2020-08-08,17.1,20.0073285,73.7762427,check_required
5592,Gangapur Road,15265,o3,µg/m³,2020-08-09,17.8,20.0073285,73.7762427,check_required
5592,Gangapur Road,15265,o3,µg/m³,2020-08-10,20.9,20.0073285,73.7762427,check_required
5592,Gangapur Road,15265,o3,µg/m³,2020-08-11,13.9,20.0073285,73.7762427,check_required
5592,Gangapur Road,15265,o3,µg/m³,2020-08-12,14.9,20.0073285,73.7762427,check_required
5592,Gangapur Road,15265,o3,µg/m³,2020-08-13,10.1,20.0073285,73.7762427,check_required
5592,Gangapur Road,15265,o3,µg/m³,2020-08-14,18.6,20.0073285,73.7762427,check_required
5592,Gangapur Road,15265,o3,µg/m³,2020-08-16,16.3,20.0073285,73.7762427,check_required
5592,Gangapur Road,15265,o3,µg/m³,2020-08-17,8.95,20.0073285,73.7762427,check_required
5592,Gangapur Road,15265,o3,µg/m³,2020-08-18,6.13,20.0073285,73.7762427,check_required
5592,Gangapur Road,15265,o3,µg/m³,2020-08-19,4.99,20.0073285,73.7762427,check_required
5592,Gangapur Road,15265,o3,µg/m³,2020-08-22,0.185,20.0073285,73.7762427,check_required
5592,Gangapur Road,15265,o3,µg/m³,2020-08-23,10.8,20.0073285,73.7762427,check_required
5592,Gangapur Road,15265,o3,µg/m³,2020-08-24,5.86,20.0073285,73.7762427,check_required
5592,Gangapur Road,15265,o3,µg/m³,2020-08-25,8.17,20.0073285,73.7762427,check_required
5592,Gangapur Road,15265,o3,µg/m³,2020-08-26,5.51,20.0073285,73.7762427,check_required
5592,Gangapur Road,15265,o3,µg/m³,2020-08-27,2.38,20.0073285,73.7762427,check_required
5592,Gangapur Road,15265,o3,µg/m³,2020-08-28,7.24,20.0073285,73.7762427,check_required
5592,Gangapur Road,15265,o3,µg/m³,2020-08-30,9.41,20.0073285,73.7762427,check_required
5592,Gangapur Road,15265,o3,µg/m³,2020-08-31,4.89,20.0073285,73.7762427,check_required
5592,Gangapur Road,15265,o3,µg/m³,2020-09-01,4.31,20.0073285,73.7762427,check_required
5592,Gangapur Road,15265,o3,µg/m³,2020-09-03,9.08,20.0073285,73.7762427,check_required
5592,Gangapur Road,15265,o3,µg/m³,2020-09-04,0.0,20.0073285,73.7762427,check_required
5592,Gangapur Road,15265,o3,µg/m³,2020-09-06,42.5,20.0073285,73.7762427,check_required
5592,Gangapur Road,15265,o3,µg/m³,2020-09-07,30.1,20.0073285,73.7762427,check_required
5592,Gangapur Road,15265,o3,µg/m³,2020-09-09,0.09,20.0073285,73.7762427,check_required
5592,Gangapur Road,15265,o3,µg/m³,2020-09-10,0.0,20.0073285,73.7762427,check_required
5592,Gangapur Road,15265,o3,µg/m³,2020-09-11,4.5,20.0073285,73.7762427,check_required
5592,Gangapur Road,15265,o3,µg/m³,2020-09-12,28.7,20.0073285,73.7762427,check_required
5592,Gangapur Road,15265,o3,µg/m³,2020-09-13,25.5,20.0073285,73.7762427,check_required
5592,Gangapur Road,15265,o3,µg/m³,2020-09-14,19.8,20.0073285,73.7762427,check_required
5592,Gangapur Road,15265,o3,µg/m³,2020-09-15,8.67,20.0073285,73.7762427,check_required
5592,Gangapur Road,15265,o3,µg/m³,2020-09-16,10.8,20.0073285,73.7762427,check_required
5592,Gangapur Road,15265,o3,µg/m³,2020-09-17,14.7,20.0073285,73.7762427,check_required
5592,Gangapur Road,15265,o3,µg/m³,2020-09-18,8.31,20.0073285,73.7762427,check_required
5592,Gangapur Road,15265,o3,µg/m³,2020-09-19,23.6,20.0073285,73.7762427,check_required
5592,Gangapur Road,15265,o3,µg/m³,2020-09-20,30.3,20.0073285,73.7762427,check_required
5592,Gangapur Road,15265,o3,µg/m³,2020-09-21,35.2,20.0073285,73.7762427,check_required
5592,Gangapur Road,15265,o3,µg/m³,2020-09-22,20.8,20.0073285,73.7762427,check_required
5592,Gangapur Road,15265,o3,µg/m³,2020-09-23,42.7,20.0073285,73.7762427,check_required
5592,Gangapur Road,15265,o3,µg/m³,2020-09-24,25.8,20.0073285,73.7762427,check_required
5592,Gangapur Road,15265,o3,µg/m³,2020-09-25,19.5,20.0073285,73.7762427,check_required
5592,Gangapur Road,15265,o3,µg/m³,2020-09-26,20.9,20.0073285,73.7762427,check_required
5592,Gangapur Road,15265,o3,µg/m³,2020-09-27,16.6,20.0073285,73.7762427,check_required
5592,Gangapur Road,15265,o3,µg/m³,2020-09-28,17.9,20.0073285,73.7762427,check_required
5592,Gangapur Road,15265,o3,µg/m³,2020-09-29,31.2,20.0073285,73.7762427,check_required
5592,Gangapur Road,15265,o3,µg/m³,2020-09-30,36.6,20.0073285,73.7762427,check_required
5592,Gangapur Road,15265,o3,µg/m³,2020-10-01,45.4,20.0073285,73.7762427,check_required
5592,Gangapur Road,15265,o3,µg/m³,2020-10-02,43.1,20.0073285,73.7762427,check_required
5592,Gangapur Road,15265,o3,µg/m³,2020-10-03,36.1,20.0073285,73.7762427,check_required
5592,Gangapur Road,15265,o3,µg/m³,2020-10-04,34.6,20.0073285,73.7762427,check_required
5592,Gangapur Road,15265,o3,µg/m³,2020-10-05,40.6,20.0073285,73.7762427,check_required
5592,Gangapur Road,15265,o3,µg/m³,2020-10-06,37.2,20.0073285,73.7762427,check_required
5592,Gangapur Road,15265,o3,µg/m³,2020-10-07,47.9,20.0073285,73.7762427,check_required
5592,Gangapur Road,15265,o3,µg/m³,2020-10-08,37.7,20.0073285,73.7762427,check_required
5592,Gangapur Road,15265,o3,µg/m³,2020-10-09,50.3,20.0073285,73.7762427,check_required
5592,Gangapur Road,15265,o3,µg/m³,2020-10-10,39.1,20.0073285,73.7762427,check_required
5592,Gangapur Road,15265,o3,µg/m³,2020-10-11,46.8,20.0073285,73.7762427,check_required
5592,Gangapur Road,15265,o3,µg/m³,2020-10-12,20.7,20.0073285,73.7762427,check_required
5592,Gangapur Road,15265,o3,µg/m³,2020-10-13,43.7,20.0073285,73.7762427,check_required
5592,Gangapur Road,15265,o3,µg/m³,2020-10-14,44.9,20.0073285,73.7762427,check_required
5592,Gangapur Road,15265,o3,µg/m³,2020-10-15,31.5,20.0073285,73.7762427,check_required
5592,Gangapur Road,15265,o3,µg/m³,2020-10-16,39.6,20.0073285,73.7762427,check_required
5592,Gangapur Road,15265,o3,µg/m³,2020-10-17,39.4,20.0073285,73.7762427,check_required
5592,Gangapur Road,15265,o3,µg/m³,2020-10-18,25.6,20.0073285,73.7762427,check_required
5592,Gangapur Road,15265,o3,µg/m³,2020-10-19,36.1,20.0073285,73.7762427,check_required
5592,Gangapur Road,15265,o3,µg/m³,2020-10-20,58.6,20.0073285,73.7762427,check_required
5592,Gangapur Road,15265,o3,µg/m³,2020-10-21,55.7,20.0073285,73.7762427,check_required
5592,Gangapur Road,15265,o3,µg/m³,2020-10-22,52.6,20.0073285,73.7762427,check_required
5592,Gangapur Road,15265,o3,µg/m³,2020-10-23,22.9,20.0073285,73.7762427,check_required
5592,Gangapur Road,15265,o3,µg/m³,2020-10-24,24.7,20.0073285,73.7762427,check_required
5592,Gangapur Road,15265,o3,µg/m³,2020-10-25,30.7,20.0073285,73.7762427,check_required
5592,Gangapur Road,15265,o3,µg/m³,2020-10-26,20.2,20.0073285,73.7762427,check_required
5592,Gangapur Road,15265,o3,µg/m³,2020-10-27,25.9,20.0073285,73.7762427,check_required
5592,Gangapur Road,15265,o3,µg/m³,2020-10-28,37.8,20.0073285,73.7762427,check_required
5592,Gangapur Road,15265,o3,µg/m³,2020-10-29,69.1,20.0073285,73.7762427,check_required
5592,Gangapur Road,15265,o3,µg/m³,2020-10-30,8.63,20.0073285,73.7762427,check_required
5592,Gangapur Road,15265,o3,µg/m³,2020-10-31,28.7,20.0073285,73.7762427,check_required
5592,Gangapur Road,15265,o3,µg/m³,2020-11-01,0.66,20.0073285,73.7762427,check_required
5592,Gangapur Road,15265,o3,µg/m³,2020-11-02,75.1,20.0073285,73.7762427,check_required
5592,Gangapur Road,15265,o3,µg/m³,2020-11-03,1.93,20.0073285,73.7762427,check_required
5592,Gangapur Road,15265,o3,µg/m³,2020-11-04,53.6,20.0073285,73.7762427,check_required
5592,Gangapur Road,15265,o3,µg/m³,2020-11-05,48.4,20.0073285,73.7762427,check_required
5592,Gangapur Road,15265,o3,µg/m³,2020-11-06,21.6,20.0073285,73.7762427,check_required
5592,Gangapur Road,15265,o3,µg/m³,2020-11-07,89.8,20.0073285,73.7762427,check_required
5592,Gangapur Road,15265,o3,µg/m³,2020-11-08,55.6,20.0073285,73.7762427,check_required
5592,Gangapur Road,15265,o3,µg/m³,2020-11-09,10.6,20.0073285,73.7762427,check_required
5592,Gangapur Road,15265,o3,µg/m³,2020-11-10,33.2,20.0073285,73.7762427,check_required
5592,Gangapur Road,15265,o3,µg/m³,2020-11-11,50.2,20.0073285,73.7762427,check_required
5592,Gangapur Road,15265,o3,µg/m³,2020-11-12,72.3,20.0073285,73.7762427,check_required
5592,Gangapur Road,15265,o3,µg/m³,2020-11-13,27.1,20.0073285,73.7762427,check_required
5592,Gangapur Road,15265,o3,µg/m³,2020-11-14,27.6,20.0073285,73.7762427,check_required
5592,Gangapur Road,15265,o3,µg/m³,2020-11-15,25.4,20.0073285,73.7762427,check_required
5592,Gangapur Road,15265,o3,µg/m³,2020-11-16,25.2,20.0073285,73.7762427,check_required
5592,Gangapur Road,15265,o3,µg/m³,2020-11-17,20.3,20.0073285,73.7762427,check_required
5592,Gangapur Road,15265,o3,µg/m³,2020-11-18,41.2,20.0073285,73.7762427,check_required
5592,Gangapur Road,15265,o3,µg/m³,2020-11-19,29.1,20.0073285,73.7762427,check_required
5592,Gangapur Road,15265,o3,µg/m³,2020-11-20,27.1,20.0073285,73.7762427,check_required
5592,Gangapur Road,15265,o3,µg/m³,2020-11-21,30.2,20.0073285,73.7762427,check_required
5592,Gangapur Road,15265,o3,µg/m³,2020-11-22,74.6,20.0073285,73.7762427,check_required
5592,Gangapur Road,15265,o3,µg/m³,2020-11-23,29.7,20.0073285,73.7762427,check_required
5592,Gangapur Road,15265,o3,µg/m³,2020-11-24,34.3,20.0073285,73.7762427,check_required
5592,Gangapur Road,15265,o3,µg/m³,2020-11-25,4.46,20.0073285,73.7762427,check_required
5592,Gangapur Road,15265,o3,µg/m³,2020-11-26,14.6,20.0073285,73.7762427,check_required
5592,Gangapur Road,15265,o3,µg/m³,2020-11-27,73.0,20.0073285,73.7762427,check_required
5592,Gangapur Road,15265,o3,µg/m³,2020-11-28,55.2,20.0073285,73.7762427,check_required
5592,Gangapur Road,15265,o3,µg/m³,2020-11-29,38.9,20.0073285,73.7762427,check_required
5592,Gangapur Road,15265,o3,µg/m³,2020-11-30,25.4,20.0073285,73.7762427,check_required
5592,Gangapur Road,15265,o3,µg/m³,2020-12-01,0.04,20.0073285,73.7762427,check_required
5592,Gangapur Road,15265,o3,µg/m³,2020-12-02,49.4,20.0073285,73.7762427,check_required
5592,Gangapur Road,15265,o3,µg/m³,2020-12-03,0.388,20.0073285,73.7762427,check_required
5592,Gangapur Road,15265,o3,µg/m³,2020-12-04,44.6,20.0073285,73.7762427,check_required
5592,Gangapur Road,15265,o3,µg/m³,2020-12-05,21.1,20.0073285,73.7762427,check_required
5592,Gangapur Road,15265,o3,µg/m³,2020-12-06,66.2,20.0073285,73.7762427,check_required
5592,Gangapur Road,15265,o3,µg/m³,2020-12-07,22.4,20.0073285,73.7762427,check_required
5592,Gangapur Road,15265,o3,µg/m³,2020-12-08,1.23,20.0073285,73.7762427,check_required
5592,Gangapur Road,15265,o3,µg/m³,2020-12-09,35.0,20.0073285,73.7762427,check_required
5592,Gangapur Road,15265,o3,µg/m³,2020-12-10,37.9,20.0073285,73.7762427,check_required
5592,Gangapur Road,15265,o3,µg/m³,2020-12-11,14.0,20.0073285,73.7762427,check_required
5592,Gangapur Road,15265,o3,µg/m³,2020-12-14,21.9,20.0073285,73.7762427,check_required
5592,Gangapur Road,15265,o3,µg/m³,2020-12-15,20.0,20.0073285,73.7762427,check_required
5592,Gangapur Road,15265,o3,µg/m³,2020-12-16,37.2,20.0073285,73.7762427,check_required
5592,Gangapur Road,15265,o3,µg/m³,2020-12-17,42.1,20.0073285,73.7762427,check_required
5592,Gangapur Road,15265,o3,µg/m³,2020-12-18,33.7,20.0073285,73.7762427,check_required
5592,Gangapur Road,15265,o3,µg/m³,2020-12-19,17.6,20.0073285,73.7762427,check_required
5592,Gangapur Road,15265,o3,µg/m³,2020-12-20,59.7,20.0073285,73.7762427,check_required
5592,Gangapur Road,15265,o3,µg/m³,2020-12-21,47.8,20.0073285,73.7762427,check_required
5592,Gangapur Road,15265,o3,µg/m³,2020-12-22,0.0,20.0073285,73.7762427,check_required
5592,Gangapur Road,15265,o3,µg/m³,2020-12-24,4.73,20.0073285,73.7762427,check_required
5592,Gangapur Road,15265,o3,µg/m³,2020-12-25,29.1,20.0073285,73.7762427,check_required
5592,Gangapur Road,15265,o3,µg/m³,2020-12-26,26.6,20.0073285,73.7762427,check_required
5592,Gangapur Road,15265,o3,µg/m³,2020-12-27,26.7,20.0073285,73.7762427,check_required
5592,Gangapur Road,15265,o3,µg/m³,2020-12-28,49.2,20.0073285,73.7762427,check_required
5592,Gangapur Road,15265,o3,µg/m³,2020-12-29,59.4,20.0073285,73.7762427,check_required
5592,Gangapur Road,15265,o3,µg/m³,2020-12-31,64.5,20.0073285,73.7762427,check_required
5592,Gangapur Road,15265,o3,µg/m³,2021-01-01,60.8,20.0073285,73.7762427,check_required
5592,Gangapur Road,15265,o3,µg/m³,2021-01-02,0.0,20.0073285,73.7762427,check_required
5592,Gangapur Road,15265,o3,µg/m³,2021-01-03,85.7,20.0073285,73.7762427,check_required
5592,Gangapur Road,15265,o3,µg/m³,2021-01-04,60.4,20.0073285,73.7762427,check_required
5592,Gangapur Road,15265,o3,µg/m³,2021-01-05,30.0,20.0073285,73.7762427,check_required
5592,Gangapur Road,15265,o3,µg/m³,2021-01-06,50.0,20.0073285,73.7762427,check_required
5592,Gangapur Road,15265,o3,µg/m³,2021-01-07,19.2,20.0073285,73.7762427,check_required
5592,Gangapur Road,15265,o3,µg/m³,2021-01-08,8.98,20.0073285,73.7762427,check_required
5592,Gangapur Road,15265,o3,µg/m³,2021-01-09,27.8,20.0073285,73.7762427,check_required
5592,Gangapur Road,15265,o3,µg/m³,2021-01-10,4.14,20.0073285,73.7762427,check_required
5592,Gangapur Road,15265,o3,µg/m³,2021-01-11,26.8,20.0073285,73.7762427,check_required
5592,Gangapur Road,15265,o3,µg/m³,2021-01-12,27.1,20.0073285,73.7762427,check_required
5592,Gangapur Road,15265,o3,µg/m³,2021-01-13,17.3,20.0073285,73.7762427,check_required
5592,Gangapur Road,15265,o3,µg/m³,2021-01-14,15.3,20.0073285,73.7762427,check_required
5592,Gangapur Road,15265,o3,µg/m³,2021-01-15,41.8,20.0073285,73.7762427,check_required
5592,Gangapur Road,15265,o3,µg/m³,2021-01-16,41.9,20.0073285,73.7762427,check_required
5592,Gangapur Road,15265,o3,µg/m³,2021-01-17,30.9,20.0073285,73.7762427,check_required
5592,Gangapur Road,15265,o3,µg/m³,2021-01-18,18.6,20.0073285,73.7762427,check_required
5592,Gangapur Road,15265,o3,µg/m³,2021-01-19,29.4,20.0073285,73.7762427,check_required
5592,Gangapur Road,15265,o3,µg/m³,2021-01-20,39.2,20.0073285,73.7762427,check_required
5592,Gangapur Road,15265,o3,µg/m³,2021-01-21,91.0,20.0073285,73.7762427,check_required
5592,Gangapur Road,15265,o3,µg/m³,2021-01-22,31.4,20.0073285,73.7762427,check_required
5592,Gangapur Road,15265,o3,µg/m³,2021-01-23,92.5,20.0073285,73.7762427,check_required
5592,Gangapur Road,15265,o3,µg/m³,2021-01-24,70.5,20.0073285,73.7762427,check_required
5592,Gangapur Road,15265,o3,µg/m³,2021-01-25,51.3,20.0073285,73.7762427,check_required
5592,Gangapur Road,15265,o3,µg/m³,2021-01-26,51.4,20.0073285,73.7762427,check_required
5592,Gangapur Road,15265,o3,µg/m³,2021-01-27,0.56,20.0073285,73.7762427,check_required
5592,Gangapur Road,15265,o3,µg/m³,2021-02-05,38.7,20.0073285,73.7762427,check_required
5592,Gangapur Road,15265,o3,µg/m³,2021-02-06,36.1,20.0073285,73.7762427,check_required
5592,Gangapur Road,15265,o3,µg/m³,2021-02-07,39.9,20.0073285,73.7762427,check_required
5592,Gangapur Road,15265,o3,µg/m³,2021-02-08,34.3,20.0073285,73.7762427,check_required
5592,Gangapur Road,15265,o3,µg/m³,2021-02-09,25.2,20.0073285,73.7762427,check_required
5592,Gangapur Road,15265,o3,µg/m³,2021-02-10,97.1,20.0073285,73.7762427,check_required
5592,Gangapur Road,15265,o3,µg/m³,2021-02-11,87.2,20.0073285,73.7762427,check_required
5592,Gangapur Road,15265,o3,µg/m³,2021-02-12,44.5,20.0073285,73.7762427,check_required
5592,Gangapur Road,15265,o3,µg/m³,2021-02-13,48.7,20.0073285,73.7762427,check_required
5592,Gangapur Road,15265,o3,µg/m³,2021-02-14,94.3,20.0073285,73.7762427,check_required
5592,Gangapur Road,15265,o3,µg/m³,2021-02-15,53.6,20.0073285,73.7762427,check_required
5592,Gangapur Road,15265,o3,µg/m³,2021-02-16,76.8,20.0073285,73.7762427,check_required
5592,Gangapur Road,15265,o3,µg/m³,2021-02-17,54.6,20.0073285,73.7762427,check_required
5592,Gangapur Road,15265,o3,µg/m³,2021-02-18,48.4,20.0073285,73.7762427,check_required
5592,Gangapur Road,15265,o3,µg/m³,2021-02-19,26.1,20.0073285,73.7762427,check_required
5592,Gangapur Road,15265,o3,µg/m³,2021-02-21,57.4,20.0073285,73.7762427,check_required
5592,Gangapur Road,15265,o3,µg/m³,2021-02-22,63.4,20.0073285,73.7762427,check_required
5592,Gangapur Road,15265,o3,µg/m³,2021-02-23,106.0,20.0073285,73.7762427,check_required
5592,Gangapur Road,15265,o3,µg/m³,2021-02-24,114.0,20.0073285,73.7762427,check_required
5592,Gangapur Road,15265,o3,µg/m³,2021-02-25,116.0,20.0073285,73.7762427,check_required
5592,Gangapur Road,15265,o3,µg/m³,2021-02-26,15.4,20.0073285,73.7762427,check_required
5592,Gangapur Road,15265,o3,µg/m³,2021-03-01,75.7,20.0073285,73.7762427,check_required
5592,Gangapur Road,15265,o3,µg/m³,2021-03-02,59.7,20.0073285,73.7762427,check_required
5592,Gangapur Road,15265,o3,µg/m³,2021-03-03,48.2,20.0073285,73.7762427,check_required
5592,Gangapur Road,15265,o3,µg/m³,2021-03-04,39.8,20.0073285,73.7762427,check_required
5592,Gangapur Road,15265,o3,µg/m³,2021-03-05,38.9,20.0073285,73.7762427,check_required
5592,Gangapur Road,15265,o3,µg/m³,2021-03-06,37.5,20.0073285,73.7762427,check_required
5592,Gangapur Road,15265,o3,µg/m³,2021-03-07,34.9,20.0073285,73.7762427,check_required
5592,Gangapur Road,15265,o3,µg/m³,2021-03-08,23.4,20.0073285,73.7762427,check_required
5592,Gangapur Road,15265,o3,µg/m³,2021-03-13,27.3,20.0073285,73.7762427,check_required
5592,Gangapur Road,15265,o3,µg/m³,2021-03-14,23.2,20.0073285,73.7762427,check_required
5592,Gangapur Road,15265,o3,µg/m³,2021-03-17,115.0,20.0073285,73.7762427,check_required
5592,Gangapur Road,15265,o3,µg/m³,2021-03-18,59.7,20.0073285,73.7762427,check_required
5592,Gangapur Road,15265,o3,µg/m³,2021-03-19,89.6,20.0073285,73.7762427,check_required
5592,Gangapur Road,15265,o3,µg/m³,2021-03-20,53.9,20.0073285,73.7762427,check_required
5592,Gangapur Road,15265,o3,µg/m³,2021-03-21,35.6,20.0073285,73.7762427,check_required
5592,Gangapur Road,15265,o3,µg/m³,2021-03-22,34.4,20.0073285,73.7762427,check_required
5592,Gangapur Road,15265,o3,µg/m³,2021-03-23,48.5,20.0073285,73.7762427,check_required
5592,Gangapur Road,15265,o3,µg/m³,2021-03-24,38.4,20.0073285,73.7762427,check_required
5592,Gangapur Road,15265,o3,µg/m³,2021-03-25,51.1,20.0073285,73.7762427,check_required
5592,Gangapur Road,15265,o3,µg/m³,2021-03-26,63.1,20.0073285,73.7762427,check_required
5592,Gangapur Road,15265,o3,µg/m³,2021-03-28,17.5,20.0073285,73.7762427,check_required
5592,Gangapur Road,15265,o3,µg/m³,2021-03-29,82.7,20.0073285,73.7762427,check_required
5592,Gangapur Road,15265,o3,µg/m³,2021-04-07,87.1,20.0073285,73.7762427,check_required
5592,Gangapur Road,15265,o3,µg/m³,2021-04-08,77.4,20.0073285,73.7762427,check_required
5592,Gangapur Road,15265,o3,µg/m³,2021-04-09,63.6,20.0073285,73.7762427,check_required
5592,Gangapur Road,15265,o3,µg/m³,2021-04-13,57.3,20.0073285,73.7762427,check_required
5592,Gangapur Road,15265,o3,µg/m³,2021-04-15,60.7,20.0073285,73.7762427,check_required
5592,Gangapur Road,15265,o3,µg/m³,2021-04-20,27.3,20.0073285,73.7762427,check_required
5592,Gangapur Road,15265,o3,µg/m³,2021-04-22,47.2,20.0073285,73.7762427,check_required
5592,Gangapur Road,15265,o3,µg/m³,2021-04-23,89.2,20.0073285,73.7762427,check_required
5592,Gangapur Road,15265,o3,µg/m³,2021-05-05,67.7,20.0073285,73.7762427,check_required
5592,Gangapur Road,15265,o3,µg/m³,2021-05-10,17.6,20.0073285,73.7762427,check_required
5592,Gangapur Road,15265,o3,µg/m³,2021-05-12,25.0,20.0073285,73.7762427,check_required
5592,Gangapur Road,15265,o3,µg/m³,2021-05-13,28.3,20.0073285,73.7762427,check_required
5592,Gangapur Road,15265,o3,µg/m³,2021-05-15,89.5,20.0073285,73.7762427,check_required
5592,Gangapur Road,15265,o3,µg/m³,2021-05-17,32.8,20.0073285,73.7762427,check_required
5592,Gangapur Road,15265,o3,µg/m³,2021-05-19,50.9,20.0073285,73.7762427,check_required
5592,Gangapur Road,15265,o3,µg/m³,2021-05-20,71.6,20.0073285,73.7762427,check_required
5592,Gangapur Road,15265,o3,µg/m³,2021-05-25,21.3,20.0073285,73.7762427,check_required
5592,Gangapur Road,15265,o3,µg/m³,2021-06-01,7.5,20.0073285,73.7762427,check_required
5592,Gangapur Road,15265,o3,µg/m³,2021-06-02,51.2,20.0073285,73.7762427,check_required
5592,Gangapur Road,15265,o3,µg/m³,2021-06-03,89.6,20.0073285,73.7762427,check_required
5592,Gangapur Road,15265,o3,µg/m³,2021-06-04,21.4,20.0073285,73.7762427,check_required
5592,Gangapur Road,15265,o3,µg/m³,2021-06-06,33.6,20.0073285,73.7762427,check_required
5592,Gangapur Road,15265,o3,µg/m³,2021-06-07,15.6,20.0073285,73.7762427,check_required
5592,Gangapur Road,15265,o3,µg/m³,2021-06-08,21.1,20.0073285,73.7762427,check_required
5592,Gangapur Road,15265,o3,µg/m³,2021-06-20,17.3,20.0073285,73.7762427,check_required
5592,Gangapur Road,15265,o3,µg/m³,2021-06-24,25.7,20.0073285,73.7762427,check_required
5592,Gangapur Road,15265,o3,µg/m³,2021-06-26,18.6,20.0073285,73.7762427,check_required
5592,Gangapur Road,15265,o3,µg/m³,2021-06-27,17.1,20.0073285,73.7762427,check_required
5592,Gangapur Road,15265,o3,µg/m³,2021-06-28,171.0,20.0073285,73.7762427,check_required
5592,Gangapur Road,15265,o3,µg/m³,2021-06-29,31.4,20.0073285,73.7762427,check_required
5592,Gangapur Road,15265,o3,µg/m³,2021-07-01,13.1,20.0073285,73.7762427,check_required
5592,Gangapur Road,15265,o3,µg/m³,2021-07-04,14.9,20.0073285,73.7762427,check_required
5592,Gangapur Road,15265,o3,µg/m³,2021-07-06,20.6,20.0073285,73.7762427,check_required
5592,Gangapur Road,15265,o3,µg/m³,2021-07-08,16.7,20.0073285,73.7762427,check_required
5592,Gangapur Road,15265,o3,µg/m³,2021-07-09,13.9,20.0073285,73.7762427,check_required
5592,Gangapur Road,15265,o3,µg/m³,2021-07-15,16.9,20.0073285,73.7762427,check_required
5592,Gangapur Road,15265,o3,µg/m³,2021-07-18,16.8,20.0073285,73.7762427,check_required
5592,Gangapur Road,15265,o3,µg/m³,2021-07-19,13.3,20.0073285,73.7762427,check_required
5592,Gangapur Road,15265,o3,µg/m³,2021-07-20,10.3,20.0073285,73.7762427,check_required
5592,Gangapur Road,15265,o3,µg/m³,2021-07-21,16.2,20.0073285,73.7762427,check_required
5592,Gangapur Road,15265,o3,µg/m³,2021-07-22,7.94,20.0073285,73.7762427,check_required
5592,Gangapur Road,15265,o3,µg/m³,2021-07-23,14.0,20.0073285,73.7762427,check_required
5592,Gangapur Road,15265,o3,µg/m³,2021-07-24,8.0,20.0073285,73.7762427,check_required
5592,Gangapur Road,15265,o3,µg/m³,2021-07-25,13.9,20.0073285,73.7762427,check_required
5592,Gangapur Road,15265,o3,µg/m³,2021-08-25,3.38,20.0073285,73.7762427,check_required
5592,Gangapur Road,15265,o3,µg/m³,2021-09-01,10.9,20.0073285,73.7762427,check_required
5592,Gangapur Road,15265,o3,µg/m³,2021-09-02,14.6,20.0073285,73.7762427,check_required
5592,Gangapur Road,15265,o3,µg/m³,2021-09-03,11.5,20.0073285,73.7762427,check_required
5592,Gangapur Road,15265,o3,µg/m³,2021-09-08,13.0,20.0073285,73.7762427,check_required
5592,Gangapur Road,15265,o3,µg/m³,2021-09-09,7.49,20.0073285,73.7762427,check_required
5592,Gangapur Road,15265,o3,µg/m³,2021-09-11,4.01,20.0073285,73.7762427,check_required
5592,Gangapur Road,15265,o3,µg/m³,2021-09-12,14.2,20.0073285,73.7762427,check_required
5592,Gangapur Road,15265,o3,µg/m³,2021-09-13,14.4,20.0073285,73.7762427,check_required
5592,Gangapur Road,15265,o3,µg/m³,2021-09-14,18.8,20.0073285,73.7762427,check_required
5592,Gangapur Road,15265,o3,µg/m³,2021-09-15,11.9,20.0073285,73.7762427,check_required
5592,Gangapur Road,15265,o3,µg/m³,2021-09-16,15.4,20.0073285,73.7762427,check_required
5592,Gangapur Road,15265,o3,µg/m³,2021-09-17,8.98,20.0073285,73.7762427,check_required
5592,Gangapur Road,15265,o3,µg/m³,2021-09-18,10.6,20.0073285,73.7762427,check_required
5592,Gangapur Road,15265,o3,µg/m³,2021-09-19,4.71,20.0073285,73.7762427,check_required
5592,Gangapur Road,15265,o3,µg/m³,2021-09-20,7.25,20.0073285,73.7762427,check_required
5592,Gangapur Road,15265,o3,µg/m³,2021-09-21,6.24,20.0073285,73.7762427,check_required
5592,Gangapur Road,15265,o3,µg/m³,2021-09-22,4.31,20.0073285,73.7762427,check_required
5592,Gangapur Road,15265,o3,µg/m³,2021-09-23,18.9,20.0073285,73.7762427,check_required
5592,Gangapur Road,15265,o3,µg/m³,2021-09-24,14.2,20.0073285,73.7762427,check_required
5592,Gangapur Road,15265,o3,µg/m³,2021-09-25,15.4,20.0073285,73.7762427,check_required
5592,Gangapur Road,15265,o3,µg/m³,2021-09-26,12.2,20.0073285,73.7762427,check_required
5592,Gangapur Road,15265,o3,µg/m³,2021-09-27,16.5,20.0073285,73.7762427,check_required
5592,Gangapur Road,15265,o3,µg/m³,2021-09-28,11.9,20.0073285,73.7762427,check_required
5592,Gangapur Road,15265,o3,µg/m³,2021-09-29,7.73,20.0073285,73.7762427,check_required
5592,Gangapur Road,15265,o3,µg/m³,2021-09-30,6.65,20.0073285,73.7762427,check_required
5592,Gangapur Road,15265,o3,µg/m³,2021-10-13,2.3,20.0073285,73.7762427,check_required
5592,Gangapur Road,15265,o3,µg/m³,2021-10-14,46.5,20.0073285,73.7762427,check_required
5592,Gangapur Road,15265,o3,µg/m³,2021-10-15,43.4,20.0073285,73.7762427,check_required
5592,Gangapur Road,15265,o3,µg/m³,2021-10-16,54.2,20.0073285,73.7762427,check_required
5592,Gangapur Road,15265,o3,µg/m³,2021-10-17,48.1,20.0073285,73.7762427,check_required
5592,Gangapur Road,15265,o3,µg/m³,2021-10-18,71.5,20.0073285,73.7762427,check_required
5592,Gangapur Road,15265,o3,µg/m³,2021-10-19,52.3,20.0073285,73.7762427,check_required
5592,Gangapur Road,15265,o3,µg/m³,2021-10-20,66.7,20.0073285,73.7762427,check_required
5592,Gangapur Road,15265,o3,µg/m³,2021-10-21,72.6,20.0073285,73.7762427,check_required
5592,Gangapur Road,15265,o3,µg/m³,2021-10-22,37.2,20.0073285,73.7762427,check_required
5592,Gangapur Road,15265,o3,µg/m³,2021-10-23,24.6,20.0073285,73.7762427,check_required
5592,Gangapur Road,15265,o3,µg/m³,2021-10-24,22.1,20.0073285,73.7762427,check_required
5592,Gangapur Road,15265,o3,µg/m³,2021-10-25,29.6,20.0073285,73.7762427,check_required
5592,Gangapur Road,15265,o3,µg/m³,2021-10-26,33.8,20.0073285,73.7762427,check_required
5592,Gangapur Road,15265,o3,µg/m³,2021-10-27,44.7,20.0073285,73.7762427,check_required
5592,Gangapur Road,15265,o3,µg/m³,2021-10-28,47.6,20.0073285,73.7762427,check_required
5592,Gangapur Road,15265,o3,µg/m³,2021-10-29,21.1,20.0073285,73.7762427,check_required
5592,Gangapur Road,15265,o3,µg/m³,2021-10-30,53.7,20.0073285,73.7762427,check_required
5592,Gangapur Road,15265,o3,µg/m³,2021-10-31,54.3,20.0073285,73.7762427,check_required
5592,Gangapur Road,15265,o3,µg/m³,2021-11-01,37.4,20.0073285,73.7762427,check_required
5592,Gangapur Road,15265,o3,µg/m³,2021-11-02,32.9,20.0073285,73.7762427,check_required
5592,Gangapur Road,15265,o3,µg/m³,2021-11-03,40.5,20.0073285,73.7762427,check_required
5592,Gangapur Road,15265,o3,µg/m³,2021-11-04,44.8,20.0073285,73.7762427,check_required
5592,Gangapur Road,15265,o3,µg/m³,2021-11-05,39.0,20.0073285,73.7762427,check_required
5592,Gangapur Road,15265,o3,µg/m³,2021-11-06,37.1,20.0073285,73.7762427,check_required
5592,Gangapur Road,15265,o3,µg/m³,2021-11-07,54.4,20.0073285,73.7762427,check_required
5592,Gangapur Road,15265,o3,µg/m³,2021-11-08,63.8,20.0073285,73.7762427,check_required
5592,Gangapur Road,15265,o3,µg/m³,2021-11-09,47.8,20.0073285,73.7762427,check_required
5592,Gangapur Road,15265,o3,µg/m³,2021-11-10,13.6,20.0073285,73.7762427,check_required
5592,Gangapur Road,15265,o3,µg/m³,2021-11-11,14.0,20.0073285,73.7762427,check_required
5592,Gangapur Road,15265,o3,µg/m³,2021-11-12,58.9,20.0073285,73.7762427,check_required
5592,Gangapur Road,15265,o3,µg/m³,2021-11-13,37.4,20.0073285,73.7762427,check_required
5592,Gangapur Road,15265,o3,µg/m³,2021-11-14,35.2,20.0073285,73.7762427,check_required
5592,Gangapur Road,15265,o3,µg/m³,2021-11-16,64.1,20.0073285,73.7762427,check_required
5592,Gangapur Road,15265,o3,µg/m³,2021-11-17,50.3,20.0073285,73.7762427,check_required
5592,Gangapur Road,15265,o3,µg/m³,2021-11-18,15.3,20.0073285,73.7762427,check_required
5592,Gangapur Road,15265,o3,µg/m³,2021-11-19,14.2,20.0073285,73.7762427,check_required
5592,Gangapur Road,15265,o3,µg/m³,2021-11-20,31.1,20.0073285,73.7762427,check_required
5592,Gangapur Road,15265,o3,µg/m³,2021-11-21,21.2,20.0073285,73.7762427,check_required
5592,Gangapur Road,15265,o3,µg/m³,2021-11-22,24.8,20.0073285,73.7762427,check_required
5592,Gangapur Road,15265,o3,µg/m³,2021-11-23,33.2,20.0073285,73.7762427,check_required
5592,Gangapur Road,15265,o3,µg/m³,2021-11-24,31.9,20.0073285,73.7762427,check_required
5592,Gangapur Road,15265,o3,µg/m³,2021-11-25,6.86,20.0073285,73.7762427,check_required
5592,Gangapur Road,15265,o3,µg/m³,2021-11-29,120.0,20.0073285,73.7762427,check_required
5592,Gangapur Road,15265,o3,µg/m³,2021-11-30,44.8,20.0073285,73.7762427,check_required
5592,Gangapur Road,15265,o3,µg/m³,2021-12-01,45.1,20.0073285,73.7762427,check_required
5592,Gangapur Road,15265,o3,µg/m³,2021-12-02,44.9,20.0073285,73.7762427,check_required
5592,Gangapur Road,15265,o3,µg/m³,2021-12-03,45.2,20.0073285,73.7762427,check_required
5592,Gangapur Road,15265,o3,µg/m³,2021-12-04,44.9,20.0073285,73.7762427,check_required
5592,Gangapur Road,15265,o3,µg/m³,2021-12-05,45.0,20.0073285,73.7762427,check_required
5592,Gangapur Road,15265,o3,µg/m³,2021-12-06,44.9,20.0073285,73.7762427,check_required
5592,Gangapur Road,15265,o3,µg/m³,2021-12-07,45.1,20.0073285,73.7762427,check_required
5592,Gangapur Road,15265,o3,µg/m³,2021-12-08,44.8,20.0073285,73.7762427,check_required
5592,Gangapur Road,15265,o3,µg/m³,2021-12-09,45.0,20.0073285,73.7762427,check_required
5592,Gangapur Road,15265,o3,µg/m³,2021-12-10,45.2,20.0073285,73.7762427,check_required
5592,Gangapur Road,15265,o3,µg/m³,2021-12-11,45.1,20.0073285,73.7762427,check_required
5592,Gangapur Road,15265,o3,µg/m³,2021-12-12,45.0,20.0073285,73.7762427,check_required
5592,Gangapur Road,15265,o3,µg/m³,2021-12-13,44.9,20.0073285,73.7762427,check_required
5592,Gangapur Road,15265,o3,µg/m³,2021-12-14,45.1,20.0073285,73.7762427,check_required
5592,Gangapur Road,15265,o3,µg/m³,2021-12-15,44.9,20.0073285,73.7762427,check_required
5592,Gangapur Road,15265,o3,µg/m³,2021-12-16,45.0,20.0073285,73.7762427,check_required
5592,Gangapur Road,15265,o3,µg/m³,2021-12-17,45.1,20.0073285,73.7762427,check_required
5592,Gangapur Road,15265,o3,µg/m³,2021-12-18,45.2,20.0073285,73.7762427,check_required
5592,Gangapur Road,15265,o3,µg/m³,2021-12-19,45.2,20.0073285,73.7762427,check_required
5592,Gangapur Road,15265,o3,µg/m³,2021-12-20,45.1,20.0073285,73.7762427,check_required
5592,Gangapur Road,15265,o3,µg/m³,2021-12-22,45.0,20.0073285,73.7762427,check_required
5592,Gangapur Road,15265,o3,µg/m³,2021-12-23,45.0,20.0073285,73.7762427,check_required
5592,Gangapur Road,15265,o3,µg/m³,2021-12-24,45.2,20.0073285,73.7762427,check_required
5592,Gangapur Road,15265,o3,µg/m³,2021-12-25,45.0,20.0073285,73.7762427,check_required
5592,Gangapur Road,15265,o3,µg/m³,2021-12-26,44.9,20.0073285,73.7762427,check_required
5592,Gangapur Road,15265,o3,µg/m³,2021-12-27,44.8,20.0073285,73.7762427,check_required
5592,Gangapur Road,15265,o3,µg/m³,2021-12-28,45.1,20.0073285,73.7762427,check_required
5592,Gangapur Road,15265,o3,µg/m³,2021-12-29,45.6,20.0073285,73.7762427,check_required
5592,Gangapur Road,15265,o3,µg/m³,2021-12-30,45.2,20.0073285,73.7762427,check_required
5592,Gangapur Road,15265,o3,µg/m³,2021-12-31,44.7,20.0073285,73.7762427,check_required
5592,Gangapur Road,15265,o3,µg/m³,2022-01-01,45.1,20.0073285,73.7762427,check_required
5592,Gangapur Road,15265,o3,µg/m³,2022-01-02,45.3,20.0073285,73.7762427,check_required
5592,Gangapur Road,15265,o3,µg/m³,2022-01-03,44.9,20.0073285,73.7762427,check_required
5592,Gangapur Road,15265,o3,µg/m³,2022-01-04,44.9,20.0073285,73.7762427,check_required
5592,Gangapur Road,15265,o3,µg/m³,2022-01-05,45.1,20.0073285,73.7762427,check_required
5592,Gangapur Road,15265,o3,µg/m³,2022-01-06,45.1,20.0073285,73.7762427,check_required
5592,Gangapur Road,15265,o3,µg/m³,2022-01-07,45.1,20.0073285,73.7762427,check_required
5592,Gangapur Road,15265,o3,µg/m³,2022-01-08,44.9,20.0073285,73.7762427,check_required
5592,Gangapur Road,15265,o3,µg/m³,2022-01-09,44.9,20.0073285,73.7762427,check_required
5592,Gangapur Road,15265,o3,µg/m³,2022-01-10,45.0,20.0073285,73.7762427,check_required
5592,Gangapur Road,15265,o3,µg/m³,2022-01-11,45.1,20.0073285,73.7762427,check_required
5592,Gangapur Road,15265,o3,µg/m³,2022-01-12,45.1,20.0073285,73.7762427,check_required
5592,Gangapur Road,15265,o3,µg/m³,2022-01-13,45.0,20.0073285,73.7762427,check_required
5592,Gangapur Road,15265,o3,µg/m³,2022-01-14,45.0,20.0073285,73.7762427,check_required
5592,Gangapur Road,15265,o3,µg/m³,2022-01-15,45.1,20.0073285,73.7762427,check_required
5592,Gangapur Road,15265,o3,µg/m³,2022-01-16,45.0,20.0073285,73.7762427,check_required
5592,Gangapur Road,15265,o3,µg/m³,2022-01-17,45.1,20.0073285,73.7762427,check_required
5592,Gangapur Road,15265,o3,µg/m³,2022-01-18,45.0,20.0073285,73.7762427,check_required
5592,Gangapur Road,15265,o3,µg/m³,2022-01-19,45.3,20.0073285,73.7762427,check_required
5592,Gangapur Road,15265,o3,µg/m³,2022-01-20,45.1,20.0073285,73.7762427,check_required
5592,Gangapur Road,15265,o3,µg/m³,2022-01-21,45.2,20.0073285,73.7762427,check_required
5592,Gangapur Road,15265,o3,µg/m³,2022-01-22,45.7,20.0073285,73.7762427,check_required
5592,Gangapur Road,15265,o3,µg/m³,2022-01-23,45.1,20.0073285,73.7762427,check_required
5592,Gangapur Road,15265,o3,µg/m³,2022-01-24,45.1,20.0073285,73.7762427,check_required
5592,Gangapur Road,15265,o3,µg/m³,2022-01-25,44.2,20.0073285,73.7762427,check_required
5592,Gangapur Road,15265,o3,µg/m³,2022-01-26,44.7,20.0073285,73.7762427,check_required
5592,Gangapur Road,15265,o3,µg/m³,2022-01-28,45.8,20.0073285,73.7762427,check_required
5592,Gangapur Road,15265,o3,µg/m³,2022-01-29,44.7,20.0073285,73.7762427,check_required
5592,Gangapur Road,15265,o3,µg/m³,2022-02-02,45.0,20.0073285,73.7762427,check_required
5592,Gangapur Road,15265,o3,µg/m³,2022-02-03,45.2,20.0073285,73.7762427,check_required
5592,Gangapur Road,15265,o3,µg/m³,2022-02-04,45.0,20.0073285,73.7762427,check_required
5592,Gangapur Road,15265,o3,µg/m³,2022-02-05,45.2,20.0073285,73.7762427,check_required
5592,Gangapur Road,15265,o3,µg/m³,2022-03-25,45.1,20.0073285,73.7762427,check_required
5592,Gangapur Road,15265,o3,µg/m³,2022-03-26,44.6,20.0073285,73.7762427,check_required
5592,Gangapur Road,15265,o3,µg/m³,2022-03-27,45.4,20.0073285,73.7762427,check_required
5592,Gangapur Road,15265,o3,µg/m³,2022-03-28,44.4,20.0073285,73.7762427,check_required
5592,Gangapur Road,15265,o3,µg/m³,2022-03-29,44.9,20.0073285,73.7762427,check_required
5592,Gangapur Road,15265,o3,µg/m³,2022-04-01,45.1,20.0073285,73.7762427,check_required
5592,Gangapur Road,15265,o3,µg/m³,2022-04-02,16.4,20.0073285,73.7762427,check_required
5592,Gangapur Road,15265,o3,µg/m³,2022-04-04,37.1,20.0073285,73.7762427,check_required
5592,Gangapur Road,15265,o3,µg/m³,2022-04-05,168.0,20.0073285,73.7762427,check_required
5592,Gangapur Road,15265,o3,µg/m³,2022-04-06,12.7,20.0073285,73.7762427,check_required
5592,Gangapur Road,15265,o3,µg/m³,2022-04-07,59.2,20.0073285,73.7762427,check_required
5592,Gangapur Road,15265,o3,µg/m³,2022-04-08,52.4,20.0073285,73.7762427,check_required
5592,Gangapur Road,15265,o3,µg/m³,2022-04-09,43.0,20.0073285,73.7762427,check_required
5592,Gangapur Road,15265,o3,µg/m³,2022-04-10,41.1,20.0073285,73.7762427,check_required
5592,Gangapur Road,15265,o3,µg/m³,2022-04-11,58.1,20.0073285,73.7762427,check_required
5592,Gangapur Road,15265,o3,µg/m³,2022-04-12,41.1,20.0073285,73.7762427,check_required
5592,Gangapur Road,15265,o3,µg/m³,2022-04-13,43.5,20.0073285,73.7762427,check_required
5592,Gangapur Road,15265,o3,µg/m³,2022-04-14,53.7,20.0073285,73.7762427,check_required
5592,Gangapur Road,15265,o3,µg/m³,2022-04-15,50.8,20.0073285,73.7762427,check_required
5592,Gangapur Road,15265,o3,µg/m³,2022-04-18,53.3,20.0073285,73.7762427,check_required
5592,Gangapur Road,15265,o3,µg/m³,2022-04-19,41.4,20.0073285,73.7762427,check_required
5592,Gangapur Road,15265,o3,µg/m³,2022-04-20,47.4,20.0073285,73.7762427,check_required
5592,Gangapur Road,15265,o3,µg/m³,2022-04-21,57.1,20.0073285,73.7762427,check_required
5592,Gangapur Road,15265,o3,µg/m³,2022-04-22,72.6,20.0073285,73.7762427,check_required
5592,Gangapur Road,15265,o3,µg/m³,2022-04-23,67.0,20.0073285,73.7762427,check_required
5592,Gangapur Road,15265,o3,µg/m³,2022-04-25,66.5,20.0073285,73.7762427,check_required
5592,Gangapur Road,15265,o3,µg/m³,2022-04-26,55.9,20.0073285,73.7762427,check_required
5592,Gangapur Road,15265,o3,µg/m³,2022-04-28,119.0,20.0073285,73.7762427,check_required
5592,Gangapur Road,15265,o3,µg/m³,2022-04-29,91.8,20.0073285,73.7762427,check_required
5592,Gangapur Road,15265,o3,µg/m³,2022-04-30,26.4,20.0073285,73.7762427,check_required
5592,Gangapur Road,15265,o3,µg/m³,2022-05-01,62.8,20.0073285,73.7762427,check_required
5592,Gangapur Road,15265,o3,µg/m³,2022-05-05,67.2,20.0073285,73.7762427,check_required
5592,Gangapur Road,15265,o3,µg/m³,2022-05-06,42.7,20.0073285,73.7762427,check_required
5592,Gangapur Road,15265,o3,µg/m³,2022-05-07,58.0,20.0073285,73.7762427,check_required
5592,Gangapur Road,15265,o3,µg/m³,2022-05-08,76.2,20.0073285,73.7762427,check_required
5592,Gangapur Road,15265,o3,µg/m³,2022-05-09,86.4,20.0073285,73.7762427,check_required
5592,Gangapur Road,15265,o3,µg/m³,2022-05-10,82.0,20.0073285,73.7762427,check_required
5592,Gangapur Road,15265,o3,µg/m³,2022-05-11,48.0,20.0073285,73.7762427,check_required
5592,Gangapur Road,15265,o3,µg/m³,2022-05-12,32.9,20.0073285,73.7762427,check_required
5592,Gangapur Road,15265,o3,µg/m³,2022-05-15,38.7,20.0073285,73.7762427,check_required
5592,Gangapur Road,15265,o3,µg/m³,2022-05-16,34.4,20.0073285,73.7762427,check_required
5592,Gangapur Road,15265,o3,µg/m³,2022-05-17,62.8,20.0073285,73.7762427,check_required
5592,Gangapur Road,15265,o3,µg/m³,2022-05-18,55.1,20.0073285,73.7762427,check_required
5592,Gangapur Road,15265,o3,µg/m³,2022-05-20,42.1,20.0073285,73.7762427,check_required
5592,Gangapur Road,15265,o3,µg/m³,2022-05-21,32.2,20.0073285,73.7762427,check_required
5592,Gangapur Road,15265,o3,µg/m³,2022-05-23,31.3,20.0073285,73.7762427,check_required
5592,Gangapur Road,15265,o3,µg/m³,2022-05-24,39.0,20.0073285,73.7762427,check_required
5592,Gangapur Road,15265,o3,µg/m³,2022-05-25,37.7,20.0073285,73.7762427,check_required
5592,Gangapur Road,15265,o3,µg/m³,2022-05-26,40.6,20.0073285,73.7762427,check_required
5592,Gangapur Road,15265,o3,µg/m³,2022-05-28,28.1,20.0073285,73.7762427,check_required
5592,Gangapur Road,15265,o3,µg/m³,2022-05-29,35.1,20.0073285,73.7762427,check_required
5592,Gangapur Road,15265,o3,µg/m³,2022-06-03,49.8,20.0073285,73.7762427,check_required
5592,Gangapur Road,15265,o3,µg/m³,2022-06-04,34.5,20.0073285,73.7762427,check_required
5592,Gangapur Road,15265,o3,µg/m³,2022-06-09,17.3,20.0073285,73.7762427,check_required
5592,Gangapur Road,15265,o3,µg/m³,2022-06-10,55.6,20.0073285,73.7762427,check_required
5592,Gangapur Road,15265,o3,µg/m³,2022-06-13,27.8,20.0073285,73.7762427,check_required
5592,Gangapur Road,15265,o3,µg/m³,2022-06-14,30.3,20.0073285,73.7762427,check_required
5592,Gangapur Road,15265,o3,µg/m³,2022-06-15,35.8,20.0073285,73.7762427,check_required
5592,Gangapur Road,15265,o3,µg/m³,2022-06-18,35.4,20.0073285,73.7762427,check_required
5592,Gangapur Road,15265,o3,µg/m³,2022-06-19,15.1,20.0073285,73.7762427,check_required
5592,Gangapur Road,15265,o3,µg/m³,2022-06-20,16.2,20.0073285,73.7762427,check_required
5592,Gangapur Road,15265,o3,µg/m³,2022-06-21,17.8,20.0073285,73.7762427,check_required
5592,Gangapur Road,15265,o3,µg/m³,2022-06-22,19.6,20.0073285,73.7762427,check_required
5592,Gangapur Road,15265,o3,µg/m³,2022-07-05,16.2,20.0073285,73.7762427,check_required
5592,Gangapur Road,15265,o3,µg/m³,2022-07-08,14.7,20.0073285,73.7762427,check_required
5592,Gangapur Road,15265,o3,µg/m³,2022-07-09,8.98,20.0073285,73.7762427,check_required
5592,Gangapur Road,15265,o3,µg/m³,2022-07-11,12.0,20.0073285,73.7762427,check_required
5592,Gangapur Road,15265,o3,µg/m³,2022-07-13,7.32,20.0073285,73.7762427,check_required
5592,Gangapur Road,15265,o3,µg/m³,2022-07-14,14.6,20.0073285,73.7762427,check_required
5592,Gangapur Road,15265,o3,µg/m³,2022-07-15,8.0,20.0073285,73.7762427,check_required
5592,Gangapur Road,15265,o3,µg/m³,2022-07-18,8.71,20.0073285,73.7762427,check_required
5592,Gangapur Road,15265,o3,µg/m³,2022-07-19,12.2,20.0073285,73.7762427,check_required
5592,Gangapur Road,15265,o3,µg/m³,2022-07-20,14.9,20.0073285,73.7762427,check_required
5592,Gangapur Road,15265,o3,µg/m³,2022-07-21,13.2,20.0073285,73.7762427,check_required
5592,Gangapur Road,15265,o3,µg/m³,2022-07-22,14.3,20.0073285,73.7762427,check_required
5592,Gangapur Road,15265,o3,µg/m³,2022-07-23,12.7,20.0073285,73.7762427,check_required
5592,Gangapur Road,15265,o3,µg/m³,2022-07-24,12.1,20.0073285,73.7762427,check_required
5592,Gangapur Road,15265,o3,µg/m³,2022-07-25,5.47,20.0073285,73.7762427,check_required
5592,Gangapur Road,15265,o3,µg/m³,2022-07-26,7.23,20.0073285,73.7762427,check_required
5592,Gangapur Road,15265,o3,µg/m³,2022-07-27,11.4,20.0073285,73.7762427,check_required
5592,Gangapur Road,15265,o3,µg/m³,2022-07-28,16.2,20.0073285,73.7762427,check_required
5592,Gangapur Road,15265,o3,µg/m³,2022-07-29,18.5,20.0073285,73.7762427,check_required
5592,Gangapur Road,15265,o3,µg/m³,2022-07-30,16.3,20.0073285,73.7762427,check_required
5592,Gangapur Road,15265,o3,µg/m³,2022-07-31,13.4,20.0073285,73.7762427,check_required
5592,Gangapur Road,15265,o3,µg/m³,2022-08-02,12.6,20.0073285,73.7762427,check_required
5592,Gangapur Road,15265,o3,µg/m³,2022-08-03,13.5,20.0073285,73.7762427,check_required
5592,Gangapur Road,15265,o3,µg/m³,2022-09-13,44.4,20.0073285,73.7762427,check_required
5592,Gangapur Road,15265,o3,µg/m³,2022-09-14,44.8,20.0073285,73.7762427,check_required
5592,Gangapur Road,15265,o3,µg/m³,2022-09-15,44.7,20.0073285,73.7762427,check_required
5592,Gangapur Road,15265,o3,µg/m³,2022-09-16,45.3,20.0073285,73.7762427,check_required
5592,Gangapur Road,15265,o3,µg/m³,2022-09-17,45.0,20.0073285,73.7762427,check_required
5592,Gangapur Road,15265,o3,µg/m³,2022-09-18,44.0,20.0073285,73.7762427,check_required
5592,Gangapur Road,15265,o3,µg/m³,2022-09-19,44.3,20.0073285,73.7762427,check_required
5592,Gangapur Road,15265,o3,µg/m³,2022-09-20,45.0,20.0073285,73.7762427,check_required
5592,Gangapur Road,15265,o3,µg/m³,2022-09-21,45.8,20.0073285,73.7762427,check_required
5592,Gangapur Road,15265,o3,µg/m³,2022-09-22,44.6,20.0073285,73.7762427,check_required
5592,Gangapur Road,15265,o3,µg/m³,2022-09-23,44.9,20.0073285,73.7762427,check_required
5592,Gangapur Road,15265,o3,µg/m³,2022-09-24,45.5,20.0073285,73.7762427,check_required
5592,Gangapur Road,15265,o3,µg/m³,2022-09-25,44.2,20.0073285,73.7762427,check_required
5592,Gangapur Road,15265,o3,µg/m³,2022-09-26,44.9,20.0073285,73.7762427,check_required
5592,Gangapur Road,15265,o3,µg/m³,2022-09-27,45.2,20.0073285,73.7762427,check_required
5592,Gangapur Road,15265,o3,µg/m³,2022-09-28,45.3,20.0073285,73.7762427,check_required
5592,Gangapur Road,15265,o3,µg/m³,2022-09-29,44.6,20.0073285,73.7762427,check_required
5592,Gangapur Road,15265,o3,µg/m³,2022-09-30,44.9,20.0073285,73.7762427,check_required
5592,Gangapur Road,15265,o3,µg/m³,2022-10-01,44.8,20.0073285,73.7762427,check_required
5592,Gangapur Road,15265,o3,µg/m³,2022-10-02,45.0,20.0073285,73.7762427,check_required
5592,Gangapur Road,15265,o3,µg/m³,2022-10-03,45.0,20.0073285,73.7762427,check_required
5592,Gangapur Road,15265,o3,µg/m³,2022-10-04,44.9,20.0073285,73.7762427,check_required
5592,Gangapur Road,15265,o3,µg/m³,2022-10-05,45.2,20.0073285,73.7762427,check_required
5592,Gangapur Road,15265,o3,µg/m³,2022-10-06,44.8,20.0073285,73.7762427,check_required
5592,Gangapur Road,15265,o3,µg/m³,2022-10-07,45.0,20.0073285,73.7762427,check_required
5592,Gangapur Road,15265,o3,µg/m³,2022-10-08,44.8,20.0073285,73.7762427,check_required
5592,Gangapur Road,15265,o3,µg/m³,2022-10-09,44.9,20.0073285,73.7762427,check_required
5592,Gangapur Road,15265,o3,µg/m³,2022-10-10,45.0,20.0073285,73.7762427,check_required
5592,Gangapur Road,15265,o3,µg/m³,2022-10-11,29.4,20.0073285,73.7762427,check_required
5592,Gangapur Road,15265,o3,µg/m³,2022-10-12,12.3,20.0073285,73.7762427,check_required
5592,Gangapur Road,15265,o3,µg/m³,2022-10-13,23.1,20.0073285,73.7762427,check_required
5592,Gangapur Road,15265,o3,µg/m³,2022-10-14,23.0,20.0073285,73.7762427,check_required
5592,Gangapur Road,15265,o3,µg/m³,2022-10-15,53.5,20.0073285,73.7762427,check_required
5592,Gangapur Road,15265,o3,µg/m³,2022-10-16,0.01,20.0073285,73.7762427,check_required
5592,Gangapur Road,15265,o3,µg/m³,2022-10-31,0.145,20.0073285,73.7762427,check_required
5592,Gangapur Road,12235633,o3,µg/m³,2025-02-19,44.9,20.0073285,73.7762427,check_required
5592,Gangapur Road,12235633,o3,µg/m³,2025-02-20,44.6,20.0073285,73.7762427,check_required
5592,Gangapur Road,12235633,o3,µg/m³,2025-02-21,40.4,20.0073285,73.7762427,check_required
5592,Gangapur Road,12235633,o3,µg/m³,2025-02-22,51.3,20.0073285,73.7762427,check_required
5592,Gangapur Road,12235633,o3,µg/m³,2025-02-23,49.9,20.0073285,73.7762427,check_required
5592,Gangapur Road,12235633,o3,µg/m³,2025-02-24,50.5,20.0073285,73.7762427,check_required
5592,Gangapur Road,12235633,o3,µg/m³,2025-02-25,47.4,20.0073285,73.7762427,check_required
5592,Gangapur Road,12235633,o3,µg/m³,2025-02-26,42.4,20.0073285,73.7762427,check_required
5592,Gangapur Road,12235633,o3,µg/m³,2025-02-27,47.7,20.0073285,73.7762427,check_required
5592,Gangapur Road,12235633,o3,µg/m³,2025-02-28,48.7,20.0073285,73.7762427,check_required
5592,Gangapur Road,12235633,o3,µg/m³,2025-03-01,47.0,20.0073285,73.7762427,check_required
5592,Gangapur Road,12235633,o3,µg/m³,2025-03-02,52.9,20.0073285,73.7762427,check_required
5592,Gangapur Road,12235633,o3,µg/m³,2025-03-03,51.0,20.0073285,73.7762427,check_required
5592,Gangapur Road,12235633,o3,µg/m³,2025-03-04,49.7,20.0073285,73.7762427,check_required
5592,Gangapur Road,12235633,o3,µg/m³,2025-03-05,45.4,20.0073285,73.7762427,check_required
5592,Gangapur Road,12235633,o3,µg/m³,2025-03-06,45.9,20.0073285,73.7762427,check_required
5592,Gangapur Road,12235633,o3,µg/m³,2025-03-07,49.9,20.0073285,73.7762427,check_required
5592,Gangapur Road,12235633,o3,µg/m³,2025-03-08,51.0,20.0073285,73.7762427,check_required
5592,Gangapur Road,12235633,o3,µg/m³,2025-03-09,43.2,20.0073285,73.7762427,check_required
5592,Gangapur Road,12235633,o3,µg/m³,2025-03-10,32.6,20.0073285,73.7762427,check_required
5592,Gangapur Road,12235633,o3,µg/m³,2025-03-12,56.7,20.0073285,73.7762427,check_required
5592,Gangapur Road,12235633,o3,µg/m³,2025-03-13,52.3,20.0073285,73.7762427,check_required
5592,Gangapur Road,12235633,o3,µg/m³,2025-03-14,53.8,20.0073285,73.7762427,check_required
5592,Gangapur Road,12235633,o3,µg/m³,2025-03-15,42.3,20.0073285,73.7762427,check_required
5592,Gangapur Road,12235633,o3,µg/m³,2025-03-17,51.6,20.0073285,73.7762427,check_required
5592,Gangapur Road,12235633,o3,µg/m³,2025-03-18,50.9,20.0073285,73.7762427,check_required
5592,Gangapur Road,12235633,o3,µg/m³,2025-03-19,54.5,20.0073285,73.7762427,check_required
5592,Gangapur Road,12235633,o3,µg/m³,2025-03-20,45.9,20.0073285,73.7762427,check_required
5592,Gangapur Road,12235633,o3,µg/m³,2025-03-21,49.1,20.0073285,73.7762427,check_required
5592,Gangapur Road,12235633,o3,µg/m³,2025-03-22,54.8,20.0073285,73.7762427,check_required
5592,Gangapur Road,12235633,o3,µg/m³,2025-03-23,52.5,20.0073285,73.7762427,check_required
5592,Gangapur Road,12235633,o3,µg/m³,2025-03-24,58.7,20.0073285,73.7762427,check_required
5592,Gangapur Road,12235633,o3,µg/m³,2025-03-25,56.4,20.0073285,73.7762427,check_required
5592,Gangapur Road,12235633,o3,µg/m³,2025-03-26,56.3,20.0073285,73.7762427,check_required
5592,Gangapur Road,12235633,o3,µg/m³,2025-03-27,52.1,20.0073285,73.7762427,check_required
5592,Gangapur Road,12235633,o3,µg/m³,2025-03-28,64.0,20.0073285,73.7762427,check_required
5592,Gangapur Road,12235633,o3,µg/m³,2025-03-29,50.4,20.0073285,73.7762427,check_required
5592,Gangapur Road,12235633,o3,µg/m³,2025-03-30,47.5,20.0073285,73.7762427,check_required
5592,Gangapur Road,12235633,o3,µg/m³,2025-03-31,50.8,20.0073285,73.7762427,check_required
5592,Gangapur Road,12235633,o3,µg/m³,2025-04-01,41.1,20.0073285,73.7762427,check_required
5592,Gangapur Road,12235633,o3,µg/m³,2025-04-02,44.1,20.0073285,73.7762427,check_required
5592,Gangapur Road,12235633,o3,µg/m³,2025-04-03,48.8,20.0073285,73.7762427,check_required
5592,Gangapur Road,12235633,o3,µg/m³,2025-04-04,50.0,20.0073285,73.7762427,check_required
5592,Gangapur Road,12235633,o3,µg/m³,2025-04-05,58.3,20.0073285,73.7762427,check_required
5592,Gangapur Road,12235633,o3,µg/m³,2025-04-06,56.2,20.0073285,73.7762427,check_required
5592,Gangapur Road,12235633,o3,µg/m³,2025-04-07,50.1,20.0073285,73.7762427,check_required
5592,Gangapur Road,12235633,o3,µg/m³,2025-04-08,51.3,20.0073285,73.7762427,check_required
5592,Gangapur Road,12235633,o3,µg/m³,2025-04-09,38.7,20.0073285,73.7762427,check_required
5592,Gangapur Road,12235633,o3,µg/m³,2025-04-11,39.5,20.0073285,73.7762427,check_required
5592,Gangapur Road,12235633,o3,µg/m³,2025-04-12,49.6,20.0073285,73.7762427,check_required
5592,Gangapur Road,12235633,o3,µg/m³,2025-04-13,46.0,20.0073285,73.7762427,check_required
5592,Gangapur Road,12235633,o3,µg/m³,2025-04-14,38.4,20.0073285,73.7762427,check_required
5592,Gangapur Road,12235633,o3,µg/m³,2025-04-15,52.9,20.0073285,73.7762427,check_required
5592,Gangapur Road,12235633,o3,µg/m³,2025-04-16,58.4,20.0073285,73.7762427,check_required
5592,Gangapur Road,12235633,o3,µg/m³,2025-04-17,48.8,20.0073285,73.7762427,check_required
5592,Gangapur Road,12235633,o3,µg/m³,2025-04-18,52.2,20.0073285,73.7762427,check_required
5592,Gangapur Road,12235633,o3,µg/m³,2025-04-19,51.4,20.0073285,73.7762427,check_required
5592,Gangapur Road,12235633,o3,µg/m³,2025-04-20,47.9,20.0073285,73.7762427,check_required
5592,Gangapur Road,12235633,o3,µg/m³,2025-04-21,46.2,20.0073285,73.7762427,check_required
5592,Gangapur Road,12235633,o3,µg/m³,2025-04-22,47.1,20.0073285,73.7762427,check_required
5592,Gangapur Road,12235633,o3,µg/m³,2025-04-23,47.0,20.0073285,73.7762427,check_required
5592,Gangapur Road,12235633,o3,µg/m³,2025-04-24,54.0,20.0073285,73.7762427,check_required
5592,Gangapur Road,12235633,o3,µg/m³,2025-04-25,44.3,20.0073285,73.7762427,check_required
5592,Gangapur Road,12235633,o3,µg/m³,2025-04-26,47.5,20.0073285,73.7762427,check_required
5592,Gangapur Road,12235633,o3,µg/m³,2025-04-27,43.3,20.0073285,73.7762427,check_required
5592,Gangapur Road,12235633,o3,µg/m³,2025-04-28,48.9,20.0073285,73.7762427,check_required
5592,Gangapur Road,12235633,o3,µg/m³,2025-04-29,44.7,20.0073285,73.7762427,check_required
5592,Gangapur Road,12235633,o3,µg/m³,2025-04-30,48.3,20.0073285,73.7762427,check_required
5592,Gangapur Road,12235633,o3,µg/m³,2025-05-01,27.7,20.0073285,73.7762427,check_required
5592,Gangapur Road,12235633,o3,µg/m³,2025-05-06,51.4,20.0073285,73.7762427,check_required
5592,Gangapur Road,12235633,o3,µg/m³,2025-05-07,33.1,20.0073285,73.7762427,check_required
5592,Gangapur Road,12235633,o3,µg/m³,2025-05-08,35.8,20.0073285,73.7762427,check_required
5592,Gangapur Road,12235633,o3,µg/m³,2025-05-09,35.6,20.0073285,73.7762427,check_required
5592,Gangapur Road,12235633,o3,µg/m³,2025-05-10,38.3,20.0073285,73.7762427,check_required
5592,Gangapur Road,12235633,o3,µg/m³,2025-05-11,52.6,20.0073285,73.7762427,check_required
5592,Gangapur Road,12235633,o3,µg/m³,2025-05-12,43.1,20.0073285,73.7762427,check_required
5592,Gangapur Road,12235633,o3,µg/m³,2025-05-13,28.0,20.0073285,73.7762427,check_required
5592,Gangapur Road,12235633,o3,µg/m³,2025-05-14,38.3,20.0073285,73.7762427,check_required
5592,Gangapur Road,12235633,o3,µg/m³,2025-05-15,34.9,20.0073285,73.7762427,check_required
5592,Gangapur Road,12235633,o3,µg/m³,2025-05-16,37.6,20.0073285,73.7762427,check_required
5592,Gangapur Road,12235633,o3,µg/m³,2025-05-17,32.1,20.0073285,73.7762427,check_required
5592,Gangapur Road,12235633,o3,µg/m³,2025-05-18,39.3,20.0073285,73.7762427,check_required
5592,Gangapur Road,12235633,o3,µg/m³,2025-05-19,80.8,20.0073285,73.7762427,check_required
5592,Gangapur Road,12235633,o3,µg/m³,2025-05-20,98.6,20.0073285,73.7762427,check_required
5592,Gangapur Road,12235633,o3,µg/m³,2025-05-21,37.1,20.0073285,73.7762427,check_required
5592,Gangapur Road,12235633,o3,µg/m³,2025-05-22,32.6,20.0073285,73.7762427,check_required
5592,Gangapur Road,12235633,o3,µg/m³,2025-05-23,34.7,20.0073285,73.7762427,check_required
5592,Gangapur Road,12235633,o3,µg/m³,2025-05-24,35.5,20.0073285,73.7762427,check_required
5592,Gangapur Road,12235633,o3,µg/m³,2025-05-25,34.1,20.0073285,73.7762427,check_required
5592,Gangapur Road,12235633,o3,µg/m³,2025-05-26,32.4,20.0073285,73.7762427,check_required
5592,Gangapur Road,12235633,o3,µg/m³,2025-05-27,30.6,20.0073285,73.7762427,check_required
5592,Gangapur Road,12235633,o3,µg/m³,2025-05-28,25.9,20.0073285,73.7762427,check_required
5592,Gangapur Road,12235633,o3,µg/m³,2025-05-29,30.9,20.0073285,73.7762427,check_required
5592,Gangapur Road,12235633,o3,µg/m³,2025-05-30,36.4,20.0073285,73.7762427,check_required
5592,Gangapur Road,12235633,o3,µg/m³,2025-05-31,36.8,20.0073285,73.7762427,check_required
5592,Gangapur Road,12235633,o3,µg/m³,2025-06-01,33.2,20.0073285,73.7762427,check_required
5592,Gangapur Road,12235633,o3,µg/m³,2025-06-02,26.9,20.0073285,73.7762427,check_required
5592,Gangapur Road,12235633,o3,µg/m³,2025-06-03,39.0,20.0073285,73.7762427,check_required
5592,Gangapur Road,12235633,o3,µg/m³,2025-06-04,35.1,20.0073285,73.7762427,check_required
5592,Gangapur Road,12235633,o3,µg/m³,2025-06-05,31.4,20.0073285,73.7762427,check_required
5592,Gangapur Road,12235633,o3,µg/m³,2025-06-06,29.5,20.0073285,73.7762427,check_required
5592,Gangapur Road,12235633,o3,µg/m³,2025-06-07,31.5,20.0073285,73.7762427,check_required
5592,Gangapur Road,12235633,o3,µg/m³,2025-06-08,35.0,20.0073285,73.7762427,check_required
5592,Gangapur Road,12235633,o3,µg/m³,2025-06-09,39.0,20.0073285,73.7762427,check_required
5592,Gangapur Road,12235633,o3,µg/m³,2025-06-10,41.0,20.0073285,73.7762427,check_required
5592,Gangapur Road,12235633,o3,µg/m³,2025-06-11,38.1,20.0073285,73.7762427,check_required
5592,Gangapur Road,12235633,o3,µg/m³,2025-06-12,43.4,20.0073285,73.7762427,check_required
5592,Gangapur Road,12235633,o3,µg/m³,2025-06-13,33.2,20.0073285,73.7762427,check_required
5592,Gangapur Road,12235633,o3,µg/m³,2025-06-14,37.4,20.0073285,73.7762427,check_required
5592,Gangapur Road,12235633,o3,µg/m³,2025-06-15,40.9,20.0073285,73.7762427,check_required
5592,Gangapur Road,12235633,o3,µg/m³,2025-06-16,33.3,20.0073285,73.7762427,check_required
5592,Gangapur Road,12235633,o3,µg/m³,2025-06-17,34.2,20.0073285,73.7762427,check_required
5592,Gangapur Road,12235633,o3,µg/m³,2025-06-18,29.9,20.0073285,73.7762427,check_required
5592,Gangapur Road,12235633,o3,µg/m³,2025-06-19,32.6,20.0073285,73.7762427,check_required
5592,Gangapur Road,12235633,o3,µg/m³,2025-06-20,32.6,20.0073285,73.7762427,check_required
5592,Gangapur Road,12235633,o3,µg/m³,2025-06-21,26.0,20.0073285,73.7762427,check_required
5592,Gangapur Road,12235633,o3,µg/m³,2025-06-22,31.1,20.0073285,73.7762427,check_required
5592,Gangapur Road,12235633,o3,µg/m³,2025-06-23,28.6,20.0073285,73.7762427,check_required
5592,Gangapur Road,12235633,o3,µg/m³,2025-06-24,32.9,20.0073285,73.7762427,check_required
5592,Gangapur Road,12235633,o3,µg/m³,2025-06-25,35.8,20.0073285,73.7762427,check_required
5592,Gangapur Road,12235633,o3,µg/m³,2025-06-26,30.7,20.0073285,73.7762427,check_required
5592,Gangapur Road,12235633,o3,µg/m³,2025-06-27,29.3,20.0073285,73.7762427,check_required
5592,Gangapur Road,12235633,o3,µg/m³,2025-06-28,31.8,20.0073285,73.7762427,check_required
5592,Gangapur Road,12235633,o3,µg/m³,2025-06-29,31.6,20.0073285,73.7762427,check_required
5592,Gangapur Road,12235633,o3,µg/m³,2025-06-30,30.6,20.0073285,73.7762427,check_required
5592,Gangapur Road,12235633,o3,µg/m³,2025-07-01,28.4,20.0073285,73.7762427,check_required
5592,Gangapur Road,12235633,o3,µg/m³,2025-07-02,26.1,20.0073285,73.7762427,check_required
5592,Gangapur Road,12235633,o3,µg/m³,2025-07-03,26.4,20.0073285,73.7762427,check_required
5592,Gangapur Road,12235633,o3,µg/m³,2025-07-04,24.8,20.0073285,73.7762427,check_required
5592,Gangapur Road,12235633,o3,µg/m³,2025-07-05,19.9,20.0073285,73.7762427,check_required
5592,Gangapur Road,12235633,o3,µg/m³,2025-07-06,16.6,20.0073285,73.7762427,check_required
5592,Gangapur Road,12235633,o3,µg/m³,2025-07-07,16.7,20.0073285,73.7762427,check_required
5592,Gangapur Road,12235633,o3,µg/m³,2025-07-08,16.2,20.0073285,73.7762427,check_required
5592,Gangapur Road,12235633,o3,µg/m³,2025-07-09,16.5,20.0073285,73.7762427,check_required
5592,Gangapur Road,12235633,o3,µg/m³,2025-07-10,15.4,20.0073285,73.7762427,check_required
5592,Gangapur Road,12235633,o3,µg/m³,2025-07-11,15.6,20.0073285,73.7762427,check_required
5592,Gangapur Road,12235633,o3,µg/m³,2025-07-12,17.1,20.0073285,73.7762427,check_required
5592,Gangapur Road,12235633,o3,µg/m³,2025-07-13,17.4,20.0073285,73.7762427,check_required
5592,Gangapur Road,12235633,o3,µg/m³,2025-07-14,16.1,20.0073285,73.7762427,check_required
5592,Gangapur Road,12235633,o3,µg/m³,2025-07-15,15.6,20.0073285,73.7762427,check_required
5592,Gangapur Road,12235633,o3,µg/m³,2025-07-16,16.3,20.0073285,73.7762427,check_required
5592,Gangapur Road,12235633,o3,µg/m³,2025-07-17,16.0,20.0073285,73.7762427,check_required
5592,Gangapur Road,12235633,o3,µg/m³,2025-07-18,20.3,20.0073285,73.7762427,check_required
5592,Gangapur Road,12235633,o3,µg/m³,2025-07-19,17.7,20.0073285,73.7762427,check_required
5592,Gangapur Road,12235633,o3,µg/m³,2025-07-20,17.9,20.0073285,73.7762427,check_required
5592,Gangapur Road,12235633,o3,µg/m³,2025-07-21,20.3,20.0073285,73.7762427,check_required
5592,Gangapur Road,12235633,o3,µg/m³,2025-07-22,18.5,20.0073285,73.7762427,check_required
5592,Gangapur Road,12235633,o3,µg/m³,2025-07-23,17.2,20.0073285,73.7762427,check_required
5592,Gangapur Road,12235633,o3,µg/m³,2025-07-24,18.7,20.0073285,73.7762427,check_required
5592,Gangapur Road,12235633,o3,µg/m³,2025-07-25,14.7,20.0073285,73.7762427,check_required
5592,Gangapur Road,12235633,o3,µg/m³,2025-07-26,14.5,20.0073285,73.7762427,check_required
5592,Gangapur Road,12235633,o3,µg/m³,2025-07-27,14.8,20.0073285,73.7762427,check_required
5592,Gangapur Road,12235633,o3,µg/m³,2025-07-28,17.0,20.0073285,73.7762427,check_required
5592,Gangapur Road,12235633,o3,µg/m³,2025-07-29,17.5,20.0073285,73.7762427,check_required
5592,Gangapur Road,12235633,o3,µg/m³,2025-07-30,17.4,20.0073285,73.7762427,check_required
5592,Gangapur Road,12235633,o3,µg/m³,2025-07-31,17.9,20.0073285,73.7762427,check_required
5592,Gangapur Road,12235633,o3,µg/m³,2025-08-01,15.4,20.0073285,73.7762427,check_required
5592,Gangapur Road,12235633,o3,µg/m³,2025-08-02,14.0,20.0073285,73.7762427,check_required
5592,Gangapur Road,12235633,o3,µg/m³,2025-08-03,15.1,20.0073285,73.7762427,check_required
5592,Gangapur Road,12235633,o3,µg/m³,2025-08-04,20.2,20.0073285,73.7762427,check_required
5592,Gangapur Road,12235633,o3,µg/m³,2025-08-05,16.6,20.0073285,73.7762427,check_required
5592,Gangapur Road,12235633,o3,µg/m³,2025-08-06,16.8,20.0073285,73.7762427,check_required
5592,Gangapur Road,12235633,o3,µg/m³,2025-08-07,19.1,20.0073285,73.7762427,check_required
5592,Gangapur Road,12235633,o3,µg/m³,2025-08-08,15.6,20.0073285,73.7762427,check_required
5592,Gangapur Road,12235633,o3,µg/m³,2025-08-09,14.6,20.0073285,73.7762427,check_required
5592,Gangapur Road,12235633,o3,µg/m³,2025-08-10,14.6,20.0073285,73.7762427,check_required
5592,Gangapur Road,12235633,o3,µg/m³,2025-08-11,14.5,20.0073285,73.7762427,check_required
5592,Gangapur Road,12235633,o3,µg/m³,2025-08-12,14.6,20.0073285,73.7762427,check_required
5592,Gangapur Road,12235633,o3,µg/m³,2025-08-13,14.5,20.0073285,73.7762427,check_required
5592,Gangapur Road,12235633,o3,µg/m³,2025-08-14,17.4,20.0073285,73.7762427,check_required
5592,Gangapur Road,12235633,o3,µg/m³,2025-08-15,18.8,20.0073285,73.7762427,check_required
5592,Gangapur Road,12235633,o3,µg/m³,2025-08-16,18.8,20.0073285,73.7762427,check_required
5592,Gangapur Road,12235633,o3,µg/m³,2025-08-17,18.8,20.0073285,73.7762427,check_required
5592,Gangapur Road,12235633,o3,µg/m³,2025-08-18,18.4,20.0073285,73.7762427,check_required
5592,Gangapur Road,12235633,o3,µg/m³,2025-08-19,17.7,20.0073285,73.7762427,check_required
5592,Gangapur Road,12235633,o3,µg/m³,2025-08-20,14.9,20.0073285,73.7762427,check_required
5592,Gangapur Road,12235633,o3,µg/m³,2025-08-21,17.3,20.0073285,73.7762427,check_required
5592,Gangapur Road,12235633,o3,µg/m³,2025-08-22,19.5,20.0073285,73.7762427,check_required
5592,Gangapur Road,12235633,o3,µg/m³,2025-08-23,19.4,20.0073285,73.7762427,check_required
5592,Gangapur Road,12235633,o3,µg/m³,2025-08-24,18.8,20.0073285,73.7762427,check_required
5592,Gangapur Road,12235633,o3,µg/m³,2025-08-25,16.9,20.0073285,73.7762427,check_required
5592,Gangapur Road,12235633,o3,µg/m³,2025-08-26,16.8,20.0073285,73.7762427,check_required
5592,Gangapur Road,12235633,o3,µg/m³,2025-08-27,19.7,20.0073285,73.7762427,check_required
5592,Gangapur Road,12235633,o3,µg/m³,2025-08-28,20.6,20.0073285,73.7762427,check_required
5592,Gangapur Road,12235633,o3,µg/m³,2025-08-29,16.9,20.0073285,73.7762427,check_required
5592,Gangapur Road,12235633,o3,µg/m³,2025-08-30,16.9,20.0073285,73.7762427,check_required
5592,Gangapur Road,12235633,o3,µg/m³,2025-08-31,16.3,20.0073285,73.7762427,check_required
5592,Gangapur Road,12235633,o3,µg/m³,2025-09-01,16.1,20.0073285,73.7762427,check_required
5592,Gangapur Road,12235633,o3,µg/m³,2025-09-02,18.5,20.0073285,73.7762427,check_required
5592,Gangapur Road,12235633,o3,µg/m³,2025-09-03,18.8,20.0073285,73.7762427,check_required
5592,Gangapur Road,12235633,o3,µg/m³,2025-09-04,14.4,20.0073285,73.7762427,check_required
5592,Gangapur Road,12235633,o3,µg/m³,2025-09-05,17.7,20.0073285,73.7762427,check_required
5592,Gangapur Road,12235633,o3,µg/m³,2025-09-06,16.5,20.0073285,73.7762427,check_required
5592,Gangapur Road,12235633,o3,µg/m³,2025-09-07,16.8,20.0073285,73.7762427,check_required
5592,Gangapur Road,12235633,o3,µg/m³,2025-09-08,18.7,20.0073285,73.7762427,check_required
5592,Gangapur Road,12235633,o3,µg/m³,2025-09-09,21.3,20.0073285,73.7762427,check_required
5592,Gangapur Road,12235633,o3,µg/m³,2025-09-10,20.8,20.0073285,73.7762427,check_required
5592,Gangapur Road,12235633,o3,µg/m³,2025-09-11,20.8,20.0073285,73.7762427,check_required
5592,Gangapur Road,12235633,o3,µg/m³,2025-09-12,22.3,20.0073285,73.7762427,check_required
5592,Gangapur Road,12235633,o3,µg/m³,2025-09-13,22.4,20.0073285,73.7762427,check_required
5592,Gangapur Road,12235633,o3,µg/m³,2025-09-14,22.5,20.0073285,73.7762427,check_required
5592,Gangapur Road,12235633,o3,µg/m³,2025-09-15,16.8,20.0073285,73.7762427,check_required
5592,Gangapur Road,12235633,o3,µg/m³,2025-09-16,15.8,20.0073285,73.7762427,check_required
5592,Gangapur Road,12235633,o3,µg/m³,2025-09-17,17.7,20.0073285,73.7762427,check_required
5592,Gangapur Road,12235633,o3,µg/m³,2025-09-18,17.7,20.0073285,73.7762427,check_required
5592,Gangapur Road,12235633,o3,µg/m³,2025-09-19,12.4,20.0073285,73.7762427,check_required
5592,Gangapur Road,12235633,o3,µg/m³,2025-09-20,10.4,20.0073285,73.7762427,check_required
5592,Gangapur Road,12235633,o3,µg/m³,2025-09-21,12.4,20.0073285,73.7762427,check_required
5592,Gangapur Road,12235633,o3,µg/m³,2025-09-22,17.0,20.0073285,73.7762427,check_required
5592,Gangapur Road,12235633,o3,µg/m³,2025-09-23,15.3,20.0073285,73.7762427,check_required
5592,Gangapur Road,12235633,o3,µg/m³,2025-09-24,20.7,20.0073285,73.7762427,check_required
5592,Gangapur Road,12235633,o3,µg/m³,2025-09-25,19.9,20.0073285,73.7762427,check_required
5592,Gangapur Road,12235633,o3,µg/m³,2025-09-26,14.0,20.0073285,73.7762427,check_required
5592,Gangapur Road,12235633,o3,µg/m³,2025-09-27,13.9,20.0073285,73.7762427,check_required
5592,Gangapur Road,12235633,o3,µg/m³,2025-09-28,13.7,20.0073285,73.7762427,check_required
5592,Gangapur Road,12235633,o3,µg/m³,2025-09-29,12.8,20.0073285,73.7762427,check_required
5592,Gangapur Road,12235633,o3,µg/m³,2025-09-30,12.4,20.0073285,73.7762427,check_required
5592,Gangapur Road,12235633,o3,µg/m³,2025-10-01,12.4,20.0073285,73.7762427,check_required
5592,Gangapur Road,12235633,o3,µg/m³,2025-10-02,12.4,20.0073285,73.7762427,check_required
5592,Gangapur Road,12235633,o3,µg/m³,2025-10-03,12.4,20.0073285,73.7762427,check_required
5592,Gangapur Road,12235633,o3,µg/m³,2025-10-04,12.3,20.0073285,73.7762427,check_required
5592,Gangapur Road,12235633,o3,µg/m³,2025-10-05,12.2,20.0073285,73.7762427,check_required
5592,Gangapur Road,12235633,o3,µg/m³,2025-10-06,12.3,20.0073285,73.7762427,check_required
5592,Gangapur Road,12235633,o3,µg/m³,2025-10-07,12.3,20.0073285,73.7762427,check_required
5592,Gangapur Road,12235633,o3,µg/m³,2025-10-08,12.4,20.0073285,73.7762427,check_required
5592,Gangapur Road,12235633,o3,µg/m³,2025-10-09,13.3,20.0073285,73.7762427,check_required
5592,Gangapur Road,12235633,o3,µg/m³,2025-10-10,13.3,20.0073285,73.7762427,check_required
5592,Gangapur Road,12235633,o3,µg/m³,2025-10-11,14.4,20.0073285,73.7762427,check_required
5592,Gangapur Road,12235633,o3,µg/m³,2025-10-12,14.3,20.0073285,73.7762427,check_required
5592,Gangapur Road,12235633,o3,µg/m³,2025-10-13,19.1,20.0073285,73.7762427,check_required
5592,Gangapur Road,12235633,o3,µg/m³,2025-10-14,17.2,20.0073285,73.7762427,check_required
5592,Gangapur Road,12235633,o3,µg/m³,2025-10-15,8.57,20.0073285,73.7762427,check_required
5592,Gangapur Road,12235633,o3,µg/m³,2025-10-16,7.8,20.0073285,73.7762427,check_required
5592,Gangapur Road,12235633,o3,µg/m³,2025-10-17,11.8,20.0073285,73.7762427,check_required
5592,Gangapur Road,12235633,o3,µg/m³,2025-10-18,11.4,20.0073285,73.7762427,check_required
5592,Gangapur Road,12235633,o3,µg/m³,2025-10-19,22.8,20.0073285,73.7762427,check_required
5592,Gangapur Road,12235633,o3,µg/m³,2025-10-20,35.2,20.0073285,73.7762427,check_required
5592,Gangapur Road,12235633,o3,µg/m³,2025-10-21,34.8,20.0073285,73.7762427,check_required
5592,Gangapur Road,12235633,o3,µg/m³,2025-10-22,41.8,20.0073285,73.7762427,check_required
5592,Gangapur Road,12235633,o3,µg/m³,2025-10-23,33.7,20.0073285,73.7762427,check_required
5592,Gangapur Road,12235633,o3,µg/m³,2025-10-24,31.4,20.0073285,73.7762427,check_required
5592,Gangapur Road,12235633,o3,µg/m³,2025-10-25,23.3,20.0073285,73.7762427,check_required
5592,Gangapur Road,12235633,o3,µg/m³,2025-10-26,30.7,20.0073285,73.7762427,check_required
5592,Gangapur Road,12235633,o3,µg/m³,2025-10-27,21.5,20.0073285,73.7762427,check_required
5592,Gangapur Road,12235633,o3,µg/m³,2025-10-28,22.4,20.0073285,73.7762427,check_required
5592,Gangapur Road,12235633,o3,µg/m³,2025-10-29,17.5,20.0073285,73.7762427,check_required
5592,Gangapur Road,12235633,o3,µg/m³,2025-10-30,17.2,20.0073285,73.7762427,check_required
5592,Gangapur Road,12235633,o3,µg/m³,2025-10-31,19.6,20.0073285,73.7762427,check_required
5592,Gangapur Road,12235633,o3,µg/m³,2025-11-01,20.8,20.0073285,73.7762427,check_required
5592,Gangapur Road,12235633,o3,µg/m³,2025-11-02,26.1,20.0073285,73.7762427,check_required
5592,Gangapur Road,12235633,o3,µg/m³,2025-11-03,17.9,20.0073285,73.7762427,check_required
5592,Gangapur Road,12235633,o3,µg/m³,2025-11-04,14.0,20.0073285,73.7762427,check_required
5592,Gangapur Road,12235633,o3,µg/m³,2025-11-05,21.8,20.0073285,73.7762427,check_required
5592,Gangapur Road,12235633,o3,µg/m³,2025-11-06,21.2,20.0073285,73.7762427,check_required
5592,Gangapur Road,12235633,o3,µg/m³,2025-11-07,26.4,20.0073285,73.7762427,check_required
5592,Gangapur Road,12235633,o3,µg/m³,2025-11-08,31.9,20.0073285,73.7762427,check_required
5592,Gangapur Road,12235633,o3,µg/m³,2025-11-11,28.6,20.0073285,73.7762427,check_required
5592,Gangapur Road,12235633,o3,µg/m³,2025-11-12,10.8,20.0073285,73.7762427,check_required
5592,Gangapur Road,12235633,o3,µg/m³,2025-11-13,16.3,20.0073285,73.7762427,check_required
5592,Gangapur Road,12235633,o3,µg/m³,2025-11-14,11.7,20.0073285,73.7762427,check_required
5592,Gangapur Road,12235633,o3,µg/m³,2025-11-15,11.9,20.0073285,73.7762427,check_required
5592,Gangapur Road,12235633,o3,µg/m³,2025-11-16,11.8,20.0073285,73.7762427,check_required
5592,Gangapur Road,12235633,o3,µg/m³,2025-11-17,12.0,20.0073285,73.7762427,check_required
5592,Gangapur Road,12235633,o3,µg/m³,2025-11-18,12.0,20.0073285,73.7762427,check_required
5592,Gangapur Road,12235633,o3,µg/m³,2025-11-19,12.1,20.0073285,73.7762427,check_required
5592,Gangapur Road,12235633,o3,µg/m³,2025-11-20,12.4,20.0073285,73.7762427,check_required
5592,Gangapur Road,12235633,o3,µg/m³,2025-11-21,11.7,20.0073285,73.7762427,check_required
5592,Gangapur Road,12235633,o3,µg/m³,2025-11-22,11.8,20.0073285,73.7762427,check_required
5592,Gangapur Road,12235633,o3,µg/m³,2025-11-23,11.7,20.0073285,73.7762427,check_required
5592,Gangapur Road,12235633,o3,µg/m³,2025-11-24,11.9,20.0073285,73.7762427,check_required
5592,Gangapur Road,12235633,o3,µg/m³,2025-11-25,18.3,20.0073285,73.7762427,check_required
5592,Gangapur Road,12235633,o3,µg/m³,2025-11-26,22.3,20.0073285,73.7762427,check_required
5592,Gangapur Road,12235633,o3,µg/m³,2025-11-27,30.7,20.0073285,73.7762427,check_required
5592,Gangapur Road,12235633,o3,µg/m³,2025-11-28,30.8,20.0073285,73.7762427,check_required
5592,Gangapur Road,12235633,o3,µg/m³,2025-11-29,30.6,20.0073285,73.7762427,check_required
5592,Gangapur Road,12235633,o3,µg/m³,2025-11-30,29.7,20.0073285,73.7762427,check_required
5592,Gangapur Road,12235633,o3,µg/m³,2025-12-01,24.7,20.0073285,73.7762427,check_required
5592,Gangapur Road,12235633,o3,µg/m³,2025-12-02,38.5,20.0073285,73.7762427,check_required
5592,Gangapur Road,12235633,o3,µg/m³,2025-12-03,16.5,20.0073285,73.7762427,check_required
5592,Gangapur Road,12235633,o3,µg/m³,2025-12-04,19.3,20.0073285,73.7762427,check_required
5592,Gangapur Road,12235633,o3,µg/m³,2025-12-05,22.8,20.0073285,73.7762427,check_required
5592,Gangapur Road,12235633,o3,µg/m³,2025-12-06,50.7,20.0073285,73.7762427,check_required
5592,Gangapur Road,12235633,o3,µg/m³,2025-12-07,38.5,20.0073285,73.7762427,check_required
5592,Gangapur Road,12235633,o3,µg/m³,2025-12-08,31.5,20.0073285,73.7762427,check_required
5592,Gangapur Road,12235633,o3,µg/m³,2025-12-09,27.5,20.0073285,73.7762427,check_required
5592,Gangapur Road,12235633,o3,µg/m³,2025-12-10,38.4,20.0073285,73.7762427,check_required
5592,Gangapur Road,12235633,o3,µg/m³,2025-12-11,34.5,20.0073285,73.7762427,check_required
5592,Gangapur Road,12235633,o3,µg/m³,2025-12-12,39.0,20.0073285,73.7762427,check_required
5592,Gangapur Road,12235633,o3,µg/m³,2025-12-13,26.3,20.0073285,73.7762427,check_required
5592,Gangapur Road,12235633,o3,µg/m³,2025-12-14,21.3,20.0073285,73.7762427,check_required
5592,Gangapur Road,12235633,o3,µg/m³,2025-12-15,26.0,20.0073285,73.7762427,check_required
5592,Gangapur Road,12235633,o3,µg/m³,2025-12-16,28.4,20.0073285,73.7762427,check_required
5592,Gangapur Road,12235633,o3,µg/m³,2025-12-17,35.0,20.0073285,73.7762427,check_required
5592,Gangapur Road,12235633,o3,µg/m³,2025-12-18,26.7,20.0073285,73.7762427,check_required
5592,Gangapur Road,12235633,o3,µg/m³,2025-12-19,31.8,20.0073285,73.7762427,check_required
5592,Gangapur Road,12235633,o3,µg/m³,2025-12-20,22.0,20.0073285,73.7762427,check_required
5592,Gangapur Road,12235633,o3,µg/m³,2025-12-21,25.0,20.0073285,73.7762427,check_required
5592,Gangapur Road,12235633,o3,µg/m³,2025-12-22,24.0,20.0073285,73.7762427,check_required
5592,Gangapur Road,12235633,o3,µg/m³,2025-12-23,26.4,20.0073285,73.7762427,check_required
5592,Gangapur Road,12235633,o3,µg/m³,2025-12-24,34.0,20.0073285,73.7762427,check_required
5592,Gangapur Road,12235633,o3,µg/m³,2025-12-25,30.0,20.0073285,73.7762427,check_required
5592,Gangapur Road,12235633,o3,µg/m³,2025-12-26,29.9,20.0073285,73.7762427,check_required
5592,Gangapur Road,12235633,o3,µg/m³,2025-12-27,32.6,20.0073285,73.7762427,check_required
5592,Gangapur Road,12235633,o3,µg/m³,2025-12-28,28.0,20.0073285,73.7762427,check_required
5592,Gangapur Road,12235633,o3,µg/m³,2025-12-29,23.8,20.0073285,73.7762427,check_required
5592,Gangapur Road,12235633,o3,µg/m³,2025-12-30,24.8,20.0073285,73.7762427,check_required
5592,Gangapur Road,12235633,o3,µg/m³,2025-12-31,17.7,20.0073285,73.7762427,check_required
3409454,Hirawadi,12238137,o3,µg/m³,2025-02-19,40.7,20.021503,73.813844,check_required
3409454,Hirawadi,12238137,o3,µg/m³,2025-02-20,37.4,20.021503,73.813844,check_required
3409454,Hirawadi,12238137,o3,µg/m³,2025-02-21,34.9,20.021503,73.813844,check_required
3409454,Hirawadi,12238137,o3,µg/m³,2025-02-22,30.9,20.021503,73.813844,check_required
3409454,Hirawadi,12238137,o3,µg/m³,2025-02-23,44.0,20.021503,73.813844,check_required
3409454,Hirawadi,12238137,o3,µg/m³,2025-02-24,36.4,20.021503,73.813844,check_required
3409454,Hirawadi,12238137,o3,µg/m³,2025-02-25,40.7,20.021503,73.813844,check_required
3409454,Hirawadi,12238137,o3,µg/m³,2025-02-26,49.3,20.021503,73.813844,check_required
3409454,Hirawadi,12238137,o3,µg/m³,2025-02-27,53.9,20.021503,73.813844,check_required
3409454,Hirawadi,12238137,o3,µg/m³,2025-02-28,50.2,20.021503,73.813844,check_required
3409454,Hirawadi,12238137,o3,µg/m³,2025-03-01,57.3,20.021503,73.813844,check_required
3409454,Hirawadi,12238137,o3,µg/m³,2025-03-02,45.4,20.021503,73.813844,check_required
3409454,Hirawadi,12238137,o3,µg/m³,2025-03-03,44.0,20.021503,73.813844,check_required
3409454,Hirawadi,12238137,o3,µg/m³,2025-03-04,50.0,20.021503,73.813844,check_required
3409454,Hirawadi,12238137,o3,µg/m³,2025-03-05,43.3,20.021503,73.813844,check_required
3409454,Hirawadi,12238137,o3,µg/m³,2025-03-06,33.0,20.021503,73.813844,check_required
3409454,Hirawadi,12238137,o3,µg/m³,2025-03-07,38.1,20.021503,73.813844,check_required
3409454,Hirawadi,12238137,o3,µg/m³,2025-03-08,41.6,20.021503,73.813844,check_required
3409454,Hirawadi,12238137,o3,µg/m³,2025-03-09,33.7,20.021503,73.813844,check_required
3409454,Hirawadi,12238137,o3,µg/m³,2025-03-10,48.5,20.021503,73.813844,check_required
3409454,Hirawadi,12238137,o3,µg/m³,2025-03-11,47.5,20.021503,73.813844,check_required
3409454,Hirawadi,12238137,o3,µg/m³,2025-03-12,65.2,20.021503,73.813844,check_required
3409454,Hirawadi,12238137,o3,µg/m³,2025-03-13,47.1,20.021503,73.813844,check_required
3409454,Hirawadi,12238137,o3,µg/m³,2025-03-14,48.4,20.021503,73.813844,check_required
3409454,Hirawadi,12238137,o3,µg/m³,2025-03-15,47.0,20.021503,73.813844,check_required
3409454,Hirawadi,12238137,o3,µg/m³,2025-03-16,47.0,20.021503,73.813844,check_required
3409454,Hirawadi,12238137,o3,µg/m³,2025-03-17,38.7,20.021503,73.813844,check_required
3409454,Hirawadi,12238137,o3,µg/m³,2025-03-18,47.4,20.021503,73.813844,check_required
3409454,Hirawadi,12238137,o3,µg/m³,2025-03-19,56.5,20.021503,73.813844,check_required
3409454,Hirawadi,12238137,o3,µg/m³,2025-03-20,47.7,20.021503,73.813844,check_required
3409454,Hirawadi,12238137,o3,µg/m³,2025-03-21,49.4,20.021503,73.813844,check_required
3409454,Hirawadi,12238137,o3,µg/m³,2025-03-22,50.8,20.021503,73.813844,check_required
3409454,Hirawadi,12238137,o3,µg/m³,2025-03-23,50.9,20.021503,73.813844,check_required
3409454,Hirawadi,12238137,o3,µg/m³,2025-03-24,51.9,20.021503,73.813844,check_required
3409454,Hirawadi,12238137,o3,µg/m³,2025-03-25,68.1,20.021503,73.813844,check_required
3409454,Hirawadi,12238137,o3,µg/m³,2025-03-26,60.4,20.021503,73.813844,check_required
3409454,Hirawadi,12238137,o3,µg/m³,2025-03-27,45.9,20.021503,73.813844,check_required
3409454,Hirawadi,12238137,o3,µg/m³,2025-03-28,40.2,20.021503,73.813844,check_required
3409454,Hirawadi,12238137,o3,µg/m³,2025-03-29,47.1,20.021503,73.813844,check_required
3409454,Hirawadi,12238137,o3,µg/m³,2025-03-30,49.8,20.021503,73.813844,check_required
3409454,Hirawadi,12238137,o3,µg/m³,2025-03-31,59.3,20.021503,73.813844,check_required
3409454,Hirawadi,12238137,o3,µg/m³,2025-04-01,38.2,20.021503,73.813844,check_required
3409454,Hirawadi,12238137,o3,µg/m³,2025-04-02,41.3,20.021503,73.813844,check_required
3409454,Hirawadi,12238137,o3,µg/m³,2025-04-03,47.1,20.021503,73.813844,check_required
3409454,Hirawadi,12238137,o3,µg/m³,2025-04-04,40.2,20.021503,73.813844,check_required
3409454,Hirawadi,12238137,o3,µg/m³,2025-04-05,40.5,20.021503,73.813844,check_required
3409454,Hirawadi,12238137,o3,µg/m³,2025-04-06,35.0,20.021503,73.813844,check_required
3409454,Hirawadi,12238137,o3,µg/m³,2025-04-07,45.7,20.021503,73.813844,check_required
3409454,Hirawadi,12238137,o3,µg/m³,2025-04-08,44.1,20.021503,73.813844,check_required
3409454,Hirawadi,12238137,o3,µg/m³,2025-04-09,27.6,20.021503,73.813844,check_required
3409454,Hirawadi,12238137,o3,µg/m³,2025-04-11,25.9,20.021503,73.813844,check_required
3409454,Hirawadi,12238137,o3,µg/m³,2025-04-12,21.5,20.021503,73.813844,check_required
3409454,Hirawadi,12238137,o3,µg/m³,2025-04-18,30.0,20.021503,73.813844,check_required
3409454,Hirawadi,12238137,o3,µg/m³,2025-04-19,43.9,20.021503,73.813844,check_required
3409454,Hirawadi,12238137,o3,µg/m³,2025-04-20,39.2,20.021503,73.813844,check_required
3409454,Hirawadi,12238137,o3,µg/m³,2025-04-21,42.8,20.021503,73.813844,check_required
3409454,Hirawadi,12238137,o3,µg/m³,2025-04-22,47.2,20.021503,73.813844,check_required
3409454,Hirawadi,12238137,o3,µg/m³,2025-04-23,47.5,20.021503,73.813844,check_required
3409454,Hirawadi,12238137,o3,µg/m³,2025-04-24,50.2,20.021503,73.813844,check_required
3409454,Hirawadi,12238137,o3,µg/m³,2025-04-25,41.9,20.021503,73.813844,check_required
3409454,Hirawadi,12238137,o3,µg/m³,2025-04-26,46.3,20.021503,73.813844,check_required
3409454,Hirawadi,12238137,o3,µg/m³,2025-04-27,40.4,20.021503,73.813844,check_required
3409454,Hirawadi,12238137,o3,µg/m³,2025-04-28,49.0,20.021503,73.813844,check_required
3409454,Hirawadi,12238137,o3,µg/m³,2025-04-29,41.7,20.021503,73.813844,check_required
3409454,Hirawadi,12238137,o3,µg/m³,2025-04-30,37.0,20.021503,73.813844,check_required
3409454,Hirawadi,12238137,o3,µg/m³,2025-05-01,39.1,20.021503,73.813844,check_required
3409454,Hirawadi,12238137,o3,µg/m³,2025-05-02,43.3,20.021503,73.813844,check_required
3409454,Hirawadi,12238137,o3,µg/m³,2025-05-03,43.1,20.021503,73.813844,check_required
3409454,Hirawadi,12238137,o3,µg/m³,2025-05-04,34.7,20.021503,73.813844,check_required
3409454,Hirawadi,12238137,o3,µg/m³,2025-05-05,36.8,20.021503,73.813844,check_required
3409454,Hirawadi,12238137,o3,µg/m³,2025-05-06,30.8,20.021503,73.813844,check_required
3409454,Hirawadi,12238137,o3,µg/m³,2025-05-07,34.0,20.021503,73.813844,check_required
3409454,Hirawadi,12238137,o3,µg/m³,2025-05-08,35.7,20.021503,73.813844,check_required
3409454,Hirawadi,12238137,o3,µg/m³,2025-05-09,36.1,20.021503,73.813844,check_required
3409454,Hirawadi,12238137,o3,µg/m³,2025-05-10,38.9,20.021503,73.813844,check_required
3409454,Hirawadi,12238137,o3,µg/m³,2025-05-11,32.4,20.021503,73.813844,check_required
3409454,Hirawadi,12238137,o3,µg/m³,2025-05-12,31.4,20.021503,73.813844,check_required
3409454,Hirawadi,12238137,o3,µg/m³,2025-05-13,33.6,20.021503,73.813844,check_required
3409454,Hirawadi,12238137,o3,µg/m³,2025-05-14,30.4,20.021503,73.813844,check_required
3409454,Hirawadi,12238137,o3,µg/m³,2025-05-15,30.0,20.021503,73.813844,check_required
3409454,Hirawadi,12238137,o3,µg/m³,2025-05-16,29.9,20.021503,73.813844,check_required
3409454,Hirawadi,12238137,o3,µg/m³,2025-05-17,22.0,20.021503,73.813844,check_required
3409454,Hirawadi,12238137,o3,µg/m³,2025-05-18,32.3,20.021503,73.813844,check_required
3409454,Hirawadi,12238137,o3,µg/m³,2025-05-19,31.0,20.021503,73.813844,check_required
3409454,Hirawadi,12238137,o3,µg/m³,2025-05-20,41.8,20.021503,73.813844,check_required
3409454,Hirawadi,12238137,o3,µg/m³,2025-05-21,45.5,20.021503,73.813844,check_required
3409454,Hirawadi,12238137,o3,µg/m³,2025-05-22,35.7,20.021503,73.813844,check_required
3409454,Hirawadi,12238137,o3,µg/m³,2025-05-23,26.7,20.021503,73.813844,check_required
3409454,Hirawadi,12238137,o3,µg/m³,2025-05-24,35.0,20.021503,73.813844,check_required
3409454,Hirawadi,12238137,o3,µg/m³,2025-05-25,26.7,20.021503,73.813844,check_required
3409454,Hirawadi,12238137,o3,µg/m³,2025-05-26,40.1,20.021503,73.813844,check_required
3409454,Hirawadi,12238137,o3,µg/m³,2025-05-27,36.4,20.021503,73.813844,check_required
3409454,Hirawadi,12238137,o3,µg/m³,2025-05-28,23.0,20.021503,73.813844,check_required
3409454,Hirawadi,12238137,o3,µg/m³,2025-05-29,23.2,20.021503,73.813844,check_required
3409454,Hirawadi,12238137,o3,µg/m³,2025-05-30,26.1,20.021503,73.813844,check_required
3409454,Hirawadi,12238137,o3,µg/m³,2025-05-31,26.8,20.021503,73.813844,check_required
3409454,Hirawadi,12238137,o3,µg/m³,2025-06-01,25.6,20.021503,73.813844,check_required
3409454,Hirawadi,12238137,o3,µg/m³,2025-06-02,25.8,20.021503,73.813844,check_required
3409454,Hirawadi,12238137,o3,µg/m³,2025-06-03,26.4,20.021503,73.813844,check_required
3409454,Hirawadi,12238137,o3,µg/m³,2025-06-04,28.2,20.021503,73.813844,check_required
3409454,Hirawadi,12238137,o3,µg/m³,2025-06-05,25.7,20.021503,73.813844,check_required
3409454,Hirawadi,12238137,o3,µg/m³,2025-06-06,37.8,20.021503,73.813844,check_required
3409454,Hirawadi,12238137,o3,µg/m³,2025-06-07,24.6,20.021503,73.813844,check_required
3409454,Hirawadi,12238137,o3,µg/m³,2025-06-08,36.7,20.021503,73.813844,check_required
3409454,Hirawadi,12238137,o3,µg/m³,2025-06-09,25.0,20.021503,73.813844,check_required
3409454,Hirawadi,12238137,o3,µg/m³,2025-06-10,25.9,20.021503,73.813844,check_required
3409454,Hirawadi,12238137,o3,µg/m³,2025-06-11,34.9,20.021503,73.813844,check_required
3409454,Hirawadi,12238137,o3,µg/m³,2025-06-12,36.7,20.021503,73.813844,check_required
3409454,Hirawadi,12238137,o3,µg/m³,2025-06-13,28.2,20.021503,73.813844,check_required
3409454,Hirawadi,12238137,o3,µg/m³,2025-06-14,29.8,20.021503,73.813844,check_required
3409454,Hirawadi,12238137,o3,µg/m³,2025-06-15,35.3,20.021503,73.813844,check_required
3409454,Hirawadi,12238137,o3,µg/m³,2025-06-16,26.6,20.021503,73.813844,check_required
3409454,Hirawadi,12238137,o3,µg/m³,2025-06-17,26.6,20.021503,73.813844,check_required
3409454,Hirawadi,12238137,o3,µg/m³,2025-06-18,31.3,20.021503,73.813844,check_required
3409454,Hirawadi,12238137,o3,µg/m³,2025-06-19,24.4,20.021503,73.813844,check_required
3409454,Hirawadi,12238137,o3,µg/m³,2025-06-20,20.2,20.021503,73.813844,check_required
3409454,Hirawadi,12238137,o3,µg/m³,2025-06-21,17.2,20.021503,73.813844,check_required
3409454,Hirawadi,12238137,o3,µg/m³,2025-06-22,19.7,20.021503,73.813844,check_required
3409454,Hirawadi,12238137,o3,µg/m³,2025-06-23,21.4,20.021503,73.813844,check_required
3409454,Hirawadi,12238137,o3,µg/m³,2025-06-24,26.8,20.021503,73.813844,check_required
3409454,Hirawadi,12238137,o3,µg/m³,2025-06-25,23.3,20.021503,73.813844,check_required
3409454,Hirawadi,12238137,o3,µg/m³,2025-06-26,16.6,20.021503,73.813844,check_required
3409454,Hirawadi,12238137,o3,µg/m³,2025-06-27,18.1,20.021503,73.813844,check_required
3409454,Hirawadi,12238137,o3,µg/m³,2025-06-28,26.7,20.021503,73.813844,check_required
3409454,Hirawadi,12238137,o3,µg/m³,2025-06-29,20.9,20.021503,73.813844,check_required
3409454,Hirawadi,12238137,o3,µg/m³,2025-06-30,21.0,20.021503,73.813844,check_required
3409454,Hirawadi,12238137,o3,µg/m³,2025-07-01,16.9,20.021503,73.813844,check_required
3409454,Hirawadi,12238137,o3,µg/m³,2025-07-02,17.0,20.021503,73.813844,check_required
3409454,Hirawadi,12238137,o3,µg/m³,2025-07-03,17.9,20.021503,73.813844,check_required
3409454,Hirawadi,12238137,o3,µg/m³,2025-07-04,20.3,20.021503,73.813844,check_required
3409454,Hirawadi,12238137,o3,µg/m³,2025-07-05,16.7,20.021503,73.813844,check_required
3409454,Hirawadi,12238137,o3,µg/m³,2025-07-06,20.1,20.021503,73.813844,check_required
3409454,Hirawadi,12238137,o3,µg/m³,2025-07-07,25.4,20.021503,73.813844,check_required
3409454,Hirawadi,12238137,o3,µg/m³,2025-07-08,12.5,20.021503,73.813844,check_required
3409454,Hirawadi,12238137,o3,µg/m³,2025-07-09,16.8,20.021503,73.813844,check_required
3409454,Hirawadi,12238137,o3,µg/m³,2025-07-10,16.7,20.021503,73.813844,check_required
3409454,Hirawadi,12238137,o3,µg/m³,2025-07-11,18.9,20.021503,73.813844,check_required
3409454,Hirawadi,12238137,o3,µg/m³,2025-07-12,20.2,20.021503,73.813844,check_required
3409454,Hirawadi,12238137,o3,µg/m³,2025-07-13,20.4,20.021503,73.813844,check_required
3409454,Hirawadi,12238137,o3,µg/m³,2025-07-14,17.1,20.021503,73.813844,check_required
3409454,Hirawadi,12238137,o3,µg/m³,2025-07-15,18.1,20.021503,73.813844,check_required
3409454,Hirawadi,12238137,o3,µg/m³,2025-07-16,19.7,20.021503,73.813844,check_required
3409454,Hirawadi,12238137,o3,µg/m³,2025-07-17,19.0,20.021503,73.813844,check_required
3409454,Hirawadi,12238137,o3,µg/m³,2025-07-18,18.5,20.021503,73.813844,check_required
3409454,Hirawadi,12238137,o3,µg/m³,2025-07-19,18.4,20.021503,73.813844,check_required
3409454,Hirawadi,12238137,o3,µg/m³,2025-07-20,17.7,20.021503,73.813844,check_required
3409454,Hirawadi,12238137,o3,µg/m³,2025-07-21,18.1,20.021503,73.813844,check_required
3409454,Hirawadi,12238137,o3,µg/m³,2025-07-22,19.8,20.021503,73.813844,check_required
3409454,Hirawadi,12238137,o3,µg/m³,2025-07-23,20.8,20.021503,73.813844,check_required
3409454,Hirawadi,12238137,o3,µg/m³,2025-07-24,18.5,20.021503,73.813844,check_required
3409454,Hirawadi,12238137,o3,µg/m³,2025-07-25,14.9,20.021503,73.813844,check_required
3409454,Hirawadi,12238137,o3,µg/m³,2025-07-26,19.6,20.021503,73.813844,check_required
3409454,Hirawadi,12238137,o3,µg/m³,2025-07-27,21.9,20.021503,73.813844,check_required
3409454,Hirawadi,12238137,o3,µg/m³,2025-07-28,21.3,20.021503,73.813844,check_required
3409454,Hirawadi,12238137,o3,µg/m³,2025-07-29,22.8,20.021503,73.813844,check_required
3409454,Hirawadi,12238137,o3,µg/m³,2025-07-30,19.2,20.021503,73.813844,check_required
3409454,Hirawadi,12238137,o3,µg/m³,2025-07-31,19.0,20.021503,73.813844,check_required
3409454,Hirawadi,12238137,o3,µg/m³,2025-08-01,15.8,20.021503,73.813844,check_required
3409454,Hirawadi,12238137,o3,µg/m³,2025-08-02,16.5,20.021503,73.813844,check_required
3409454,Hirawadi,12238137,o3,µg/m³,2025-08-03,17.6,20.021503,73.813844,check_required
3409454,Hirawadi,12238137,o3,µg/m³,2025-08-04,16.7,20.021503,73.813844,check_required
3409454,Hirawadi,12238137,o3,µg/m³,2025-08-05,17.1,20.021503,73.813844,check_required
3409454,Hirawadi,12238137,o3,µg/m³,2025-08-06,16.6,20.021503,73.813844,check_required
3409454,Hirawadi,12238137,o3,µg/m³,2025-08-07,24.3,20.021503,73.813844,check_required
3409454,Hirawadi,12238137,o3,µg/m³,2025-08-08,12.9,20.021503,73.813844,check_required
3409454,Hirawadi,12238137,o3,µg/m³,2025-08-09,14.8,20.021503,73.813844,check_required
3409454,Hirawadi,12238137,o3,µg/m³,2025-08-10,14.0,20.021503,73.813844,check_required
3409454,Hirawadi,12238137,o3,µg/m³,2025-08-11,13.4,20.021503,73.813844,check_required
3409454,Hirawadi,12238137,o3,µg/m³,2025-08-12,14.5,20.021503,73.813844,check_required
3409454,Hirawadi,12238137,o3,µg/m³,2025-08-13,12.6,20.021503,73.813844,check_required
3409454,Hirawadi,12238137,o3,µg/m³,2025-08-14,18.6,20.021503,73.813844,check_required
3409454,Hirawadi,12238137,o3,µg/m³,2025-08-15,18.6,20.021503,73.813844,check_required
3409454,Hirawadi,12238137,o3,µg/m³,2025-08-16,17.3,20.021503,73.813844,check_required
3409454,Hirawadi,12238137,o3,µg/m³,2025-08-17,18.0,20.021503,73.813844,check_required
3409454,Hirawadi,12238137,o3,µg/m³,2025-08-18,15.6,20.021503,73.813844,check_required
3409454,Hirawadi,12238137,o3,µg/m³,2025-08-19,17.8,20.021503,73.813844,check_required
3409454,Hirawadi,12238137,o3,µg/m³,2025-08-20,16.2,20.021503,73.813844,check_required
3409454,Hirawadi,12238137,o3,µg/m³,2025-08-21,14.8,20.021503,73.813844,check_required
3409454,Hirawadi,12238137,o3,µg/m³,2025-08-22,17.8,20.021503,73.813844,check_required
3409454,Hirawadi,12238137,o3,µg/m³,2025-08-23,15.9,20.021503,73.813844,check_required
3409454,Hirawadi,12238137,o3,µg/m³,2025-08-24,18.2,20.021503,73.813844,check_required
3409454,Hirawadi,12238137,o3,µg/m³,2025-08-25,18.2,20.021503,73.813844,check_required
3409454,Hirawadi,12238137,o3,µg/m³,2025-08-26,14.8,20.021503,73.813844,check_required
3409454,Hirawadi,12238137,o3,µg/m³,2025-08-27,14.8,20.021503,73.813844,check_required
3409454,Hirawadi,12238137,o3,µg/m³,2025-08-28,15.0,20.021503,73.813844,check_required
3409454,Hirawadi,12238137,o3,µg/m³,2025-08-29,16.1,20.021503,73.813844,check_required
3409454,Hirawadi,12238137,o3,µg/m³,2025-08-30,16.2,20.021503,73.813844,check_required
3409454,Hirawadi,12238137,o3,µg/m³,2025-08-31,15.1,20.021503,73.813844,check_required
3409454,Hirawadi,12238137,o3,µg/m³,2025-09-02,17.7,20.021503,73.813844,check_required
3409454,Hirawadi,12238137,o3,µg/m³,2025-09-04,21.9,20.021503,73.813844,check_required
3409454,Hirawadi,12238137,o3,µg/m³,2025-09-11,12.8,20.021503,73.813844,check_required
3409454,Hirawadi,12238137,o3,µg/m³,2025-09-15,29.2,20.021503,73.813844,check_required
3409454,Hirawadi,12238137,o3,µg/m³,2025-09-17,17.1,20.021503,73.813844,check_required
3409454,Hirawadi,12238137,o3,µg/m³,2025-09-18,30.4,20.021503,73.813844,check_required
3409454,Hirawadi,12238137,o3,µg/m³,2025-09-19,24.1,20.021503,73.813844,check_required
3409454,Hirawadi,12238137,o3,µg/m³,2025-09-21,29.1,20.021503,73.813844,check_required
3409454,Hirawadi,12238137,o3,µg/m³,2025-09-22,24.9,20.021503,73.813844,check_required
3409454,Hirawadi,12238137,o3,µg/m³,2025-09-23,19.1,20.021503,73.813844,check_required
3409454,Hirawadi,12238137,o3,µg/m³,2025-09-24,19.3,20.021503,73.813844,check_required
3409454,Hirawadi,12238137,o3,µg/m³,2025-09-25,12.1,20.021503,73.813844,check_required
3409454,Hirawadi,12238137,o3,µg/m³,2025-09-26,18.9,20.021503,73.813844,check_required
3409454,Hirawadi,12238137,o3,µg/m³,2025-09-27,36.6,20.021503,73.813844,check_required
3409454,Hirawadi,12238137,o3,µg/m³,2025-09-28,28.7,20.021503,73.813844,check_required
3409454,Hirawadi,12238137,o3,µg/m³,2025-09-29,28.9,20.021503,73.813844,check_required
3409454,Hirawadi,12238137,o3,µg/m³,2025-09-30,26.9,20.021503,73.813844,check_required
3409454,Hirawadi,12238137,o3,µg/m³,2025-10-01,18.6,20.021503,73.813844,check_required
3409454,Hirawadi,12238137,o3,µg/m³,2025-10-02,21.5,20.021503,73.813844,check_required
3409454,Hirawadi,12238137,o3,µg/m³,2025-10-03,29.7,20.021503,73.813844,check_required
3409454,Hirawadi,12238137,o3,µg/m³,2025-10-04,26.2,20.021503,73.813844,check_required
3409454,Hirawadi,12238137,o3,µg/m³,2025-10-05,6.92,20.021503,73.813844,check_required
3409454,Hirawadi,12238137,o3,µg/m³,2025-10-06,20.2,20.021503,73.813844,check_required
3409454,Hirawadi,12238137,o3,µg/m³,2025-10-08,26.4,20.021503,73.813844,check_required
3409454,Hirawadi,12238137,o3,µg/m³,2025-10-09,31.0,20.021503,73.813844,check_required
3409454,Hirawadi,12238137,o3,µg/m³,2025-10-10,44.6,20.021503,73.813844,check_required
3409454,Hirawadi,12238137,o3,µg/m³,2025-10-11,10.4,20.021503,73.813844,check_required
3409454,Hirawadi,12238137,o3,µg/m³,2025-10-12,30.0,20.021503,73.813844,check_required
3409454,Hirawadi,12238137,o3,µg/m³,2025-10-13,0.7,20.021503,73.813844,check_required
3409454,Hirawadi,12238137,o3,µg/m³,2025-10-14,42.3,20.021503,73.813844,check_required
3409454,Hirawadi,12238137,o3,µg/m³,2025-10-15,34.0,20.021503,73.813844,check_required
3409454,Hirawadi,12238137,o3,µg/m³,2025-10-16,30.8,20.021503,73.813844,check_required
3409454,Hirawadi,12238137,o3,µg/m³,2025-10-17,24.7,20.021503,73.813844,check_required
3409454,Hirawadi,12238137,o3,µg/m³,2025-10-18,26.1,20.021503,73.813844,check_required
3409454,Hirawadi,12238137,o3,µg/m³,2025-10-19,47.7,20.021503,73.813844,check_required
3409454,Hirawadi,12238137,o3,µg/m³,2025-10-20,50.9,20.021503,73.813844,check_required
3409454,Hirawadi,12238137,o3,µg/m³,2025-10-21,58.4,20.021503,73.813844,check_required
3409454,Hirawadi,12238137,o3,µg/m³,2025-10-22,23.9,20.021503,73.813844,check_required
3409454,Hirawadi,12238137,o3,µg/m³,2025-10-23,29.5,20.021503,73.813844,check_required
3409454,Hirawadi,12238137,o3,µg/m³,2025-10-24,30.9,20.021503,73.813844,check_required
3409454,Hirawadi,12238137,o3,µg/m³,2025-10-25,15.3,20.021503,73.813844,check_required
3409454,Hirawadi,12238137,o3,µg/m³,2025-10-27,15.9,20.021503,73.813844,check_required
3409454,Hirawadi,12238137,o3,µg/m³,2025-10-28,25.3,20.021503,73.813844,check_required
3409454,Hirawadi,12238137,o3,µg/m³,2025-10-29,20.7,20.021503,73.813844,check_required
3409454,Hirawadi,12238137,o3,µg/m³,2025-10-30,28.7,20.021503,73.813844,check_required
3409454,Hirawadi,12238137,o3,µg/m³,2025-10-31,18.2,20.021503,73.813844,check_required
3409454,Hirawadi,12238137,o3,µg/m³,2025-11-01,29.1,20.021503,73.813844,check_required
3409454,Hirawadi,12238137,o3,µg/m³,2025-11-02,27.9,20.021503,73.813844,check_required
3409454,Hirawadi,12238137,o3,µg/m³,2025-11-03,32.3,20.021503,73.813844,check_required
3409454,Hirawadi,12238137,o3,µg/m³,2025-11-04,36.7,20.021503,73.813844,check_required
3409454,Hirawadi,12238137,o3,µg/m³,2025-11-05,25.8,20.021503,73.813844,check_required
3409454,Hirawadi,12238137,o3,µg/m³,2025-11-06,25.4,20.021503,73.813844,check_required
3409454,Hirawadi,12238137,o3,µg/m³,2025-11-07,30.2,20.021503,73.813844,check_required
3409454,Hirawadi,12238137,o3,µg/m³,2025-11-08,45.1,20.021503,73.813844,check_required
3409454,Hirawadi,12238137,o3,µg/m³,2025-11-09,32.3,20.021503,73.813844,check_required
3409454,Hirawadi,12238137,o3,µg/m³,2025-11-10,34.1,20.021503,73.813844,check_required
3409454,Hirawadi,12238137,o3,µg/m³,2025-11-11,43.0,20.021503,73.813844,check_required
3409454,Hirawadi,12238137,o3,µg/m³,2025-11-12,46.5,20.021503,73.813844,check_required
3409454,Hirawadi,12238137,o3,µg/m³,2025-11-13,49.2,20.021503,73.813844,check_required
3409454,Hirawadi,12238137,o3,µg/m³,2025-11-14,65.8,20.021503,73.813844,check_required
3409454,Hirawadi,12238137,o3,µg/m³,2025-11-15,59.7,20.021503,73.813844,check_required
3409454,Hirawadi,12238137,o3,µg/m³,2025-11-16,50.4,20.021503,73.813844,check_required
3409454,Hirawadi,12238137,o3,µg/m³,2025-11-17,63.6,20.021503,73.813844,check_required
3409454,Hirawadi,12238137,o3,µg/m³,2025-11-19,54.1,20.021503,73.813844,check_required
3409454,Hirawadi,12238137,o3,µg/m³,2025-11-20,74.6,20.021503,73.813844,check_required
3409454,Hirawadi,12238137,o3,µg/m³,2025-11-21,41.0,20.021503,73.813844,check_required
3409454,Hirawadi,12238137,o3,µg/m³,2025-11-22,6.79,20.021503,73.813844,check_required
3409454,Hirawadi,12238137,o3,µg/m³,2025-11-23,51.5,20.021503,73.813844,check_required
3409454,Hirawadi,12238137,o3,µg/m³,2025-11-24,33.2,20.021503,73.813844,check_required
3409454,Hirawadi,12238137,o3,µg/m³,2025-11-25,46.0,20.021503,73.813844,check_required
3409454,Hirawadi,12238137,o3,µg/m³,2025-11-26,37.1,20.021503,73.813844,check_required
3409454,Hirawadi,12238137,o3,µg/m³,2025-11-28,46.0,20.021503,73.813844,check_required
3409454,Hirawadi,12238137,o3,µg/m³,2025-11-29,54.6,20.021503,73.813844,check_required
3409454,Hirawadi,12238137,o3,µg/m³,2025-11-30,40.6,20.021503,73.813844,check_required
3409454,Hirawadi,12238137,o3,µg/m³,2025-12-01,45.7,20.021503,73.813844,check_required
3409454,Hirawadi,12238137,o3,µg/m³,2025-12-02,41.3,20.021503,73.813844,check_required
3409454,Hirawadi,12238137,o3,µg/m³,2025-12-03,69.0,20.021503,73.813844,check_required
3409454,Hirawadi,12238137,o3,µg/m³,2025-12-04,41.7,20.021503,73.813844,check_required
3409454,Hirawadi,12238137,o3,µg/m³,2025-12-05,49.6,20.021503,73.813844,check_required
3409454,Hirawadi,12238137,o3,µg/m³,2025-12-06,31.8,20.021503,73.813844,check_required
3409454,Hirawadi,12238137,o3,µg/m³,2025-12-07,63.1,20.021503,73.813844,check_required
3409454,Hirawadi,12238137,o3,µg/m³,2025-12-08,43.2,20.021503,73.813844,check_required
3409454,Hirawadi,12238137,o3,µg/m³,2025-12-09,78.1,20.021503,73.813844,check_required
3409454,Hirawadi,12238137,o3,µg/m³,2025-12-10,61.5,20.021503,73.813844,check_required
3409454,Hirawadi,12238137,o3,µg/m³,2025-12-11,40.7,20.021503,73.813844,check_required
3409454,Hirawadi,12238137,o3,µg/m³,2025-12-12,28.8,20.021503,73.813844,check_required
3409454,Hirawadi,12238137,o3,µg/m³,2025-12-13,42.0,20.021503,73.813844,check_required
3409454,Hirawadi,12238137,o3,µg/m³,2025-12-14,18.6,20.021503,73.813844,check_required
3409454,Hirawadi,12238137,o3,µg/m³,2025-12-17,68.1,20.021503,73.813844,check_required
3409454,Hirawadi,12238137,o3,µg/m³,2025-12-18,58.8,20.021503,73.813844,check_required
3409454,Hirawadi,12238137,o3,µg/m³,2025-12-20,36.7,20.021503,73.813844,check_required
3409454,Hirawadi,12238137,o3,µg/m³,2025-12-21,40.1,20.021503,73.813844,check_required
3409454,Hirawadi,12238137,o3,µg/m³,2025-12-22,71.1,20.021503,73.813844,check_required
3409454,Hirawadi,12238137,o3,µg/m³,2025-12-23,48.7,20.021503,73.813844,check_required
3409454,Hirawadi,12238137,o3,µg/m³,2025-12-24,34.5,20.021503,73.813844,check_required
3409454,Hirawadi,12238137,o3,µg/m³,2025-12-25,28.4,20.021503,73.813844,check_required
3409454,Hirawadi,12238137,o3,µg/m³,2025-12-26,42.0,20.021503,73.813844,check_required
3409454,Hirawadi,12238137,o3,µg/m³,2025-12-27,49.9,20.021503,73.813844,check_required
3409454,Hirawadi,12238137,o3,µg/m³,2025-12-28,36.3,20.021503,73.813844,check_required
3409454,Hirawadi,12238137,o3,µg/m³,2025-12-29,21.1,20.021503,73.813844,check_required
3409454,Hirawadi,12238137,o3,µg/m³,2025-12-30,71.3,20.021503,73.813844,check_required
3409454,Hirawadi,12238137,o3,µg/m³,2025-12-31,17.6,20.021503,73.813844,check_required
3409453,MIDC Ambad,12238128,o3,µg/m³,2025-02-19,46.1,19.95022,73.73148,check_required
3409453,MIDC Ambad,12238128,o3,µg/m³,2025-02-20,36.2,19.95022,73.73148,check_required
3409453,MIDC Ambad,12238128,o3,µg/m³,2025-02-21,40.6,19.95022,73.73148,check_required
3409453,MIDC Ambad,12238128,o3,µg/m³,2025-02-22,21.4,19.95022,73.73148,check_required
3409453,MIDC Ambad,12238128,o3,µg/m³,2025-02-23,37.5,19.95022,73.73148,check_required
3409453,MIDC Ambad,12238128,o3,µg/m³,2025-02-24,37.4,19.95022,73.73148,check_required
3409453,MIDC Ambad,12238128,o3,µg/m³,2025-02-25,51.0,19.95022,73.73148,check_required
3409453,MIDC Ambad,12238128,o3,µg/m³,2025-02-26,42.7,19.95022,73.73148,check_required
3409453,MIDC Ambad,12238128,o3,µg/m³,2025-02-27,60.4,19.95022,73.73148,check_required
3409453,MIDC Ambad,12238128,o3,µg/m³,2025-02-28,66.3,19.95022,73.73148,check_required
3409453,MIDC Ambad,12238128,o3,µg/m³,2025-03-01,72.4,19.95022,73.73148,check_required
3409453,MIDC Ambad,12238128,o3,µg/m³,2025-03-02,66.7,19.95022,73.73148,check_required
3409453,MIDC Ambad,12238128,o3,µg/m³,2025-03-03,50.2,19.95022,73.73148,check_required
3409453,MIDC Ambad,12238128,o3,µg/m³,2025-03-04,59.2,19.95022,73.73148,check_required
3409453,MIDC Ambad,12238128,o3,µg/m³,2025-03-05,43.4,19.95022,73.73148,check_required
3409453,MIDC Ambad,12238128,o3,µg/m³,2025-03-06,59.5,19.95022,73.73148,check_required
3409453,MIDC Ambad,12238128,o3,µg/m³,2025-03-07,44.0,19.95022,73.73148,check_required
3409453,MIDC Ambad,12238128,o3,µg/m³,2025-03-08,64.1,19.95022,73.73148,check_required
3409453,MIDC Ambad,12238128,o3,µg/m³,2025-03-09,52.6,19.95022,73.73148,check_required
3409453,MIDC Ambad,12238128,o3,µg/m³,2025-03-10,51.5,19.95022,73.73148,check_required
3409453,MIDC Ambad,12238128,o3,µg/m³,2025-03-11,56.8,19.95022,73.73148,check_required
3409453,MIDC Ambad,12238128,o3,µg/m³,2025-03-12,55.2,19.95022,73.73148,check_required
3409453,MIDC Ambad,12238128,o3,µg/m³,2025-03-13,56.7,19.95022,73.73148,check_required
3409453,MIDC Ambad,12238128,o3,µg/m³,2025-03-14,50.4,19.95022,73.73148,check_required
3409453,MIDC Ambad,12238128,o3,µg/m³,2025-03-15,54.7,19.95022,73.73148,check_required
3409453,MIDC Ambad,12238128,o3,µg/m³,2025-03-16,48.7,19.95022,73.73148,check_required
3409453,MIDC Ambad,12238128,o3,µg/m³,2025-03-17,42.1,19.95022,73.73148,check_required
3409453,MIDC Ambad,12238128,o3,µg/m³,2025-03-18,55.3,19.95022,73.73148,check_required
3409453,MIDC Ambad,12238128,o3,µg/m³,2025-03-19,47.1,19.95022,73.73148,check_required
3409453,MIDC Ambad,12238128,o3,µg/m³,2025-03-20,47.4,19.95022,73.73148,check_required
3409453,MIDC Ambad,12238128,o3,µg/m³,2025-03-21,54.9,19.95022,73.73148,check_required
3409453,MIDC Ambad,12238128,o3,µg/m³,2025-03-22,58.5,19.95022,73.73148,check_required
3409453,MIDC Ambad,12238128,o3,µg/m³,2025-03-23,63.1,19.95022,73.73148,check_required
3409453,MIDC Ambad,12238128,o3,µg/m³,2025-03-24,57.1,19.95022,73.73148,check_required
3409453,MIDC Ambad,12238128,o3,µg/m³,2025-03-25,62.6,19.95022,73.73148,check_required
3409453,MIDC Ambad,12238128,o3,µg/m³,2025-03-26,63.8,19.95022,73.73148,check_required
3409453,MIDC Ambad,12238128,o3,µg/m³,2025-03-27,45.9,19.95022,73.73148,check_required
3409453,MIDC Ambad,12238128,o3,µg/m³,2025-03-28,56.2,19.95022,73.73148,check_required
3409453,MIDC Ambad,12238128,o3,µg/m³,2025-03-29,68.7,19.95022,73.73148,check_required
3409453,MIDC Ambad,12238128,o3,µg/m³,2025-03-30,47.9,19.95022,73.73148,check_required
3409453,MIDC Ambad,12238128,o3,µg/m³,2025-03-31,60.0,19.95022,73.73148,check_required
3409453,MIDC Ambad,12238128,o3,µg/m³,2025-04-01,43.2,19.95022,73.73148,check_required
3409453,MIDC Ambad,12238128,o3,µg/m³,2025-04-02,44.1,19.95022,73.73148,check_required
3409453,MIDC Ambad,12238128,o3,µg/m³,2025-04-03,48.6,19.95022,73.73148,check_required
3409453,MIDC Ambad,12238128,o3,µg/m³,2025-04-04,41.4,19.95022,73.73148,check_required
3409453,MIDC Ambad,12238128,o3,µg/m³,2025-04-05,51.8,19.95022,73.73148,check_required
3409453,MIDC Ambad,12238128,o3,µg/m³,2025-04-06,51.7,19.95022,73.73148,check_required
3409453,MIDC Ambad,12238128,o3,µg/m³,2025-04-07,67.3,19.95022,73.73148,check_required
3409453,MIDC Ambad,12238128,o3,µg/m³,2025-04-08,49.6,19.95022,73.73148,check_required
3409453,MIDC Ambad,12238128,o3,µg/m³,2025-04-09,41.6,19.95022,73.73148,check_required
3409453,MIDC Ambad,12238128,o3,µg/m³,2025-04-11,36.2,19.95022,73.73148,check_required
3409453,MIDC Ambad,12238128,o3,µg/m³,2025-04-12,29.8,19.95022,73.73148,check_required
3409453,MIDC Ambad,12238128,o3,µg/m³,2025-04-13,35.4,19.95022,73.73148,check_required
3409453,MIDC Ambad,12238128,o3,µg/m³,2025-04-14,36.5,19.95022,73.73148,check_required
3409453,MIDC Ambad,12238128,o3,µg/m³,2025-04-15,49.9,19.95022,73.73148,check_required
3409453,MIDC Ambad,12238128,o3,µg/m³,2025-04-16,54.1,19.95022,73.73148,check_required
3409453,MIDC Ambad,12238128,o3,µg/m³,2025-04-17,40.9,19.95022,73.73148,check_required
3409453,MIDC Ambad,12238128,o3,µg/m³,2025-04-18,38.2,19.95022,73.73148,check_required
3409453,MIDC Ambad,12238128,o3,µg/m³,2025-04-19,43.9,19.95022,73.73148,check_required
3409453,MIDC Ambad,12238128,o3,µg/m³,2025-04-20,38.2,19.95022,73.73148,check_required
3409453,MIDC Ambad,12238128,o3,µg/m³,2025-04-21,43.3,19.95022,73.73148,check_required
3409453,MIDC Ambad,12238128,o3,µg/m³,2025-04-22,52.9,19.95022,73.73148,check_required
3409453,MIDC Ambad,12238128,o3,µg/m³,2025-04-23,52.6,19.95022,73.73148,check_required
3409453,MIDC Ambad,12238128,o3,µg/m³,2025-04-24,49.5,19.95022,73.73148,check_required
3409453,MIDC Ambad,12238128,o3,µg/m³,2025-04-25,42.2,19.95022,73.73148,check_required
3409453,MIDC Ambad,12238128,o3,µg/m³,2025-04-26,31.0,19.95022,73.73148,check_required
3409453,MIDC Ambad,12238128,o3,µg/m³,2025-04-27,40.2,19.95022,73.73148,check_required
3409453,MIDC Ambad,12238128,o3,µg/m³,2025-04-28,45.8,19.95022,73.73148,check_required
3409453,MIDC Ambad,12238128,o3,µg/m³,2025-04-29,39.9,19.95022,73.73148,check_required
3409453,MIDC Ambad,12238128,o3,µg/m³,2025-04-30,37.7,19.95022,73.73148,check_required
3409453,MIDC Ambad,12238128,o3,µg/m³,2025-05-01,44.5,19.95022,73.73148,check_required
3409453,MIDC Ambad,12238128,o3,µg/m³,2025-05-02,46.0,19.95022,73.73148,check_required
3409453,MIDC Ambad,12238128,o3,µg/m³,2025-05-03,45.7,19.95022,73.73148,check_required
3409453,MIDC Ambad,12238128,o3,µg/m³,2025-05-04,29.9,19.95022,73.73148,check_required
3409453,MIDC Ambad,12238128,o3,µg/m³,2025-05-05,28.5,19.95022,73.73148,check_required
3409453,MIDC Ambad,12238128,o3,µg/m³,2025-05-06,26.6,19.95022,73.73148,check_required
3409453,MIDC Ambad,12238128,o3,µg/m³,2025-05-07,30.6,19.95022,73.73148,check_required
3409453,MIDC Ambad,12238128,o3,µg/m³,2025-05-08,36.2,19.95022,73.73148,check_required
3409453,MIDC Ambad,12238128,o3,µg/m³,2025-05-09,32.1,19.95022,73.73148,check_required
3409453,MIDC Ambad,12238128,o3,µg/m³,2025-05-10,20.0,19.95022,73.73148,check_required
3409453,MIDC Ambad,12238128,o3,µg/m³,2025-05-11,24.4,19.95022,73.73148,check_required
3409453,MIDC Ambad,12238128,o3,µg/m³,2025-05-12,27.3,19.95022,73.73148,check_required
3409453,MIDC Ambad,12238128,o3,µg/m³,2025-05-13,19.7,19.95022,73.73148,check_required
3409453,MIDC Ambad,12238128,o3,µg/m³,2025-05-14,18.9,19.95022,73.73148,check_required
3409453,MIDC Ambad,12238128,o3,µg/m³,2025-05-15,17.8,19.95022,73.73148,check_required
3409453,MIDC Ambad,12238128,o3,µg/m³,2025-05-16,26.3,19.95022,73.73148,check_required
3409453,MIDC Ambad,12238128,o3,µg/m³,2025-05-17,16.9,19.95022,73.73148,check_required
3409453,MIDC Ambad,12238128,o3,µg/m³,2025-05-18,21.4,19.95022,73.73148,check_required
3409453,MIDC Ambad,12238128,o3,µg/m³,2025-05-19,23.2,19.95022,73.73148,check_required
3409453,MIDC Ambad,12238128,o3,µg/m³,2025-05-20,24.6,19.95022,73.73148,check_required
3409453,MIDC Ambad,12238128,o3,µg/m³,2025-05-21,38.0,19.95022,73.73148,check_required
3409453,MIDC Ambad,12238128,o3,µg/m³,2025-05-22,26.3,19.95022,73.73148,check_required
3409453,MIDC Ambad,12238128,o3,µg/m³,2025-05-23,18.0,19.95022,73.73148,check_required
3409453,MIDC Ambad,12238128,o3,µg/m³,2025-05-24,22.8,19.95022,73.73148,check_required
3409453,MIDC Ambad,12238128,o3,µg/m³,2025-05-25,27.2,19.95022,73.73148,check_required
3409453,MIDC Ambad,12238128,o3,µg/m³,2025-05-26,27.8,19.95022,73.73148,check_required
3409453,MIDC Ambad,12238128,o3,µg/m³,2025-05-27,31.1,19.95022,73.73148,check_required
3409453,MIDC Ambad,12238128,o3,µg/m³,2025-05-28,27.8,19.95022,73.73148,check_required
3409453,MIDC Ambad,12238128,o3,µg/m³,2025-05-29,26.4,19.95022,73.73148,check_required
3409453,MIDC Ambad,12238128,o3,µg/m³,2025-05-30,37.7,19.95022,73.73148,check_required
3409453,MIDC Ambad,12238128,o3,µg/m³,2025-05-31,41.5,19.95022,73.73148,check_required
3409453,MIDC Ambad,12238128,o3,µg/m³,2025-06-01,28.5,19.95022,73.73148,check_required
3409453,MIDC Ambad,12238128,o3,µg/m³,2025-06-02,37.5,19.95022,73.73148,check_required
3409453,MIDC Ambad,12238128,o3,µg/m³,2025-06-03,37.3,19.95022,73.73148,check_required
3409453,MIDC Ambad,12238128,o3,µg/m³,2025-06-06,34.7,19.95022,73.73148,check_required
3409453,MIDC Ambad,12238128,o3,µg/m³,2025-06-07,19.4,19.95022,73.73148,check_required
3409453,MIDC Ambad,12238128,o3,µg/m³,2025-06-08,26.1,19.95022,73.73148,check_required
3409453,MIDC Ambad,12238128,o3,µg/m³,2025-06-09,23.0,19.95022,73.73148,check_required
3409453,MIDC Ambad,12238128,o3,µg/m³,2025-06-10,33.0,19.95022,73.73148,check_required
3409453,MIDC Ambad,12238128,o3,µg/m³,2025-06-11,36.6,19.95022,73.73148,check_required
3409453,MIDC Ambad,12238128,o3,µg/m³,2025-06-12,40.1,19.95022,73.73148,check_required
3409453,MIDC Ambad,12238128,o3,µg/m³,2025-06-13,19.6,19.95022,73.73148,check_required
3409453,MIDC Ambad,12238128,o3,µg/m³,2025-06-14,22.2,19.95022,73.73148,check_required
3409453,MIDC Ambad,12238128,o3,µg/m³,2025-06-15,22.1,19.95022,73.73148,check_required
3409453,MIDC Ambad,12238128,o3,µg/m³,2025-06-16,29.7,19.95022,73.73148,check_required
3409453,MIDC Ambad,12238128,o3,µg/m³,2025-06-17,32.3,19.95022,73.73148,check_required
3409453,MIDC Ambad,12238128,o3,µg/m³,2025-06-18,32.2,19.95022,73.73148,check_required
3409453,MIDC Ambad,12238128,o3,µg/m³,2025-06-19,23.0,19.95022,73.73148,check_required
3409453,MIDC Ambad,12238128,o3,µg/m³,2025-06-20,24.1,19.95022,73.73148,check_required
3409453,MIDC Ambad,12238128,o3,µg/m³,2025-06-21,20.6,19.95022,73.73148,check_required
3409453,MIDC Ambad,12238128,o3,µg/m³,2025-06-22,20.1,19.95022,73.73148,check_required
3409453,MIDC Ambad,12238128,o3,µg/m³,2025-06-23,22.9,19.95022,73.73148,check_required
3409453,MIDC Ambad,12238128,o3,µg/m³,2025-06-24,28.4,19.95022,73.73148,check_required
3409453,MIDC Ambad,12238128,o3,µg/m³,2025-06-25,24.9,19.95022,73.73148,check_required
3409453,MIDC Ambad,12238128,o3,µg/m³,2025-06-26,19.8,19.95022,73.73148,check_required
3409453,MIDC Ambad,12238128,o3,µg/m³,2025-06-27,19.5,19.95022,73.73148,check_required
3409453,MIDC Ambad,12238128,o3,µg/m³,2025-06-28,29.1,19.95022,73.73148,check_required
3409453,MIDC Ambad,12238128,o3,µg/m³,2025-06-29,24.2,19.95022,73.73148,check_required
3409453,MIDC Ambad,12238128,o3,µg/m³,2025-06-30,24.8,19.95022,73.73148,check_required
3409453,MIDC Ambad,12238128,o3,µg/m³,2025-07-01,20.0,19.95022,73.73148,check_required
3409453,MIDC Ambad,12238128,o3,µg/m³,2025-07-02,18.3,19.95022,73.73148,check_required
3409453,MIDC Ambad,12238128,o3,µg/m³,2025-07-03,20.2,19.95022,73.73148,check_required
3409453,MIDC Ambad,12238128,o3,µg/m³,2025-07-04,21.7,19.95022,73.73148,check_required
3409453,MIDC Ambad,12238128,o3,µg/m³,2025-07-05,18.4,19.95022,73.73148,check_required
3409453,MIDC Ambad,12238128,o3,µg/m³,2025-07-07,29.1,19.95022,73.73148,check_required
3409453,MIDC Ambad,12238128,o3,µg/m³,2025-07-08,20.8,19.95022,73.73148,check_required
3409453,MIDC Ambad,12238128,o3,µg/m³,2025-07-09,21.4,19.95022,73.73148,check_required
3409453,MIDC Ambad,12238128,o3,µg/m³,2025-07-10,23.4,19.95022,73.73148,check_required
3409453,MIDC Ambad,12238128,o3,µg/m³,2025-07-11,22.3,19.95022,73.73148,check_required
3409453,MIDC Ambad,12238128,o3,µg/m³,2025-07-12,20.3,19.95022,73.73148,check_required
3409453,MIDC Ambad,12238128,o3,µg/m³,2025-07-13,20.8,19.95022,73.73148,check_required
3409453,MIDC Ambad,12238128,o3,µg/m³,2025-07-14,17.9,19.95022,73.73148,check_required
3409453,MIDC Ambad,12238128,o3,µg/m³,2025-07-15,12.6,19.95022,73.73148,check_required
3409453,MIDC Ambad,12238128,o3,µg/m³,2025-07-16,22.5,19.95022,73.73148,check_required
3409453,MIDC Ambad,12238128,o3,µg/m³,2025-07-17,12.9,19.95022,73.73148,check_required
3409453,MIDC Ambad,12238128,o3,µg/m³,2025-07-19,19.0,19.95022,73.73148,check_required
3409453,MIDC Ambad,12238128,o3,µg/m³,2025-07-20,19.9,19.95022,73.73148,check_required
3409453,MIDC Ambad,12238128,o3,µg/m³,2025-07-21,19.0,19.95022,73.73148,check_required
3409453,MIDC Ambad,12238128,o3,µg/m³,2025-07-22,16.5,19.95022,73.73148,check_required
3409453,MIDC Ambad,12238128,o3,µg/m³,2025-07-23,20.3,19.95022,73.73148,check_required
3409453,MIDC Ambad,12238128,o3,µg/m³,2025-07-24,19.6,19.95022,73.73148,check_required
3409453,MIDC Ambad,12238128,o3,µg/m³,2025-07-25,13.1,19.95022,73.73148,check_required
3409453,MIDC Ambad,12238128,o3,µg/m³,2025-07-26,17.2,19.95022,73.73148,check_required
3409453,MIDC Ambad,12238128,o3,µg/m³,2025-07-27,19.2,19.95022,73.73148,check_required
3409453,MIDC Ambad,12238128,o3,µg/m³,2025-07-28,25.1,19.95022,73.73148,check_required
3409453,MIDC Ambad,12238128,o3,µg/m³,2025-07-29,24.9,19.95022,73.73148,check_required
3409453,MIDC Ambad,12238128,o3,µg/m³,2025-07-30,23.4,19.95022,73.73148,check_required
3409453,MIDC Ambad,12238128,o3,µg/m³,2025-07-31,22.1,19.95022,73.73148,check_required
3409453,MIDC Ambad,12238128,o3,µg/m³,2025-08-01,18.0,19.95022,73.73148,check_required
3409453,MIDC Ambad,12238128,o3,µg/m³,2025-08-02,15.5,19.95022,73.73148,check_required
3409453,MIDC Ambad,12238128,o3,µg/m³,2025-08-03,18.6,19.95022,73.73148,check_required
3409453,MIDC Ambad,12238128,o3,µg/m³,2025-08-04,17.7,19.95022,73.73148,check_required
3409453,MIDC Ambad,12238128,o3,µg/m³,2025-08-05,14.2,19.95022,73.73148,check_required
3409453,MIDC Ambad,12238128,o3,µg/m³,2025-08-06,13.6,19.95022,73.73148,check_required
3409453,MIDC Ambad,12238128,o3,µg/m³,2025-08-07,14.7,19.95022,73.73148,check_required
3409453,MIDC Ambad,12238128,o3,µg/m³,2025-08-08,11.4,19.95022,73.73148,check_required
3409453,MIDC Ambad,12238128,o3,µg/m³,2025-08-09,10.7,19.95022,73.73148,check_required
3409453,MIDC Ambad,12238128,o3,µg/m³,2025-08-10,10.2,19.95022,73.73148,check_required
3409453,MIDC Ambad,12238128,o3,µg/m³,2025-08-11,11.6,19.95022,73.73148,check_required
3409453,MIDC Ambad,12238128,o3,µg/m³,2025-08-12,13.4,19.95022,73.73148,check_required
3409453,MIDC Ambad,12238128,o3,µg/m³,2025-08-13,10.6,19.95022,73.73148,check_required
3409453,MIDC Ambad,12238128,o3,µg/m³,2025-08-14,17.3,19.95022,73.73148,check_required
3409453,MIDC Ambad,12238128,o3,µg/m³,2025-08-15,13.1,19.95022,73.73148,check_required
3409453,MIDC Ambad,12238128,o3,µg/m³,2025-08-16,16.1,19.95022,73.73148,check_required
3409453,MIDC Ambad,12238128,o3,µg/m³,2025-08-17,19.6,19.95022,73.73148,check_required
3409453,MIDC Ambad,12238128,o3,µg/m³,2025-08-18,18.7,19.95022,73.73148,check_required
3409453,MIDC Ambad,12238128,o3,µg/m³,2025-08-19,17.0,19.95022,73.73148,check_required
3409453,MIDC Ambad,12238128,o3,µg/m³,2025-08-20,21.4,19.95022,73.73148,check_required
3409453,MIDC Ambad,12238128,o3,µg/m³,2025-08-21,22.7,19.95022,73.73148,check_required
3409453,MIDC Ambad,12238128,o3,µg/m³,2025-08-22,23.9,19.95022,73.73148,check_required
3409453,MIDC Ambad,12238128,o3,µg/m³,2025-08-23,23.9,19.95022,73.73148,check_required
3409453,MIDC Ambad,12238128,o3,µg/m³,2025-08-24,22.3,19.95022,73.73148,check_required
3409453,MIDC Ambad,12238128,o3,µg/m³,2025-08-25,18.9,19.95022,73.73148,check_required
3409453,MIDC Ambad,12238128,o3,µg/m³,2025-08-26,10.8,19.95022,73.73148,check_required
3409453,MIDC Ambad,12238128,o3,µg/m³,2025-08-27,12.4,19.95022,73.73148,check_required
3409453,MIDC Ambad,12238128,o3,µg/m³,2025-08-28,13.3,19.95022,73.73148,check_required
3409453,MIDC Ambad,12238128,o3,µg/m³,2025-08-29,14.2,19.95022,73.73148,check_required
3409453,MIDC Ambad,12238128,o3,µg/m³,2025-09-02,18.8,19.95022,73.73148,check_required
3409453,MIDC Ambad,12238128,o3,µg/m³,2025-09-03,21.4,19.95022,73.73148,check_required
3409453,MIDC Ambad,12238128,o3,µg/m³,2025-09-04,23.9,19.95022,73.73148,check_required
3409453,MIDC Ambad,12238128,o3,µg/m³,2025-09-05,29.2,19.95022,73.73148,check_required
3409453,MIDC Ambad,12238128,o3,µg/m³,2025-09-06,25.4,19.95022,73.73148,check_required
3409453,MIDC Ambad,12238128,o3,µg/m³,2025-09-07,19.7,19.95022,73.73148,check_required
3409453,MIDC Ambad,12238128,o3,µg/m³,2025-09-08,36.6,19.95022,73.73148,check_required
3409453,MIDC Ambad,12238128,o3,µg/m³,2025-09-09,15.0,19.95022,73.73148,check_required
3409453,MIDC Ambad,12238128,o3,µg/m³,2025-09-10,13.6,19.95022,73.73148,check_required
3409453,MIDC Ambad,12238128,o3,µg/m³,2025-09-11,19.1,19.95022,73.73148,check_required
3409453,MIDC Ambad,12238128,o3,µg/m³,2025-09-12,12.9,19.95022,73.73148,check_required
3409453,MIDC Ambad,12238128,o3,µg/m³,2025-09-13,19.9,19.95022,73.73148,check_required
3409453,MIDC Ambad,12238128,o3,µg/m³,2025-09-14,25.1,19.95022,73.73148,check_required
3409453,MIDC Ambad,12238128,o3,µg/m³,2025-09-15,20.7,19.95022,73.73148,check_required
3409453,MIDC Ambad,12238128,o3,µg/m³,2025-09-16,11.0,19.95022,73.73148,check_required
3409453,MIDC Ambad,12238128,o3,µg/m³,2025-09-17,12.9,19.95022,73.73148,check_required
3409453,MIDC Ambad,12238128,o3,µg/m³,2025-09-18,16.2,19.95022,73.73148,check_required
3409453,MIDC Ambad,12238128,o3,µg/m³,2025-09-19,13.9,19.95022,73.73148,check_required
3409453,MIDC Ambad,12238128,o3,µg/m³,2025-09-20,14.7,19.95022,73.73148,check_required
3409453,MIDC Ambad,12238128,o3,µg/m³,2025-09-21,22.7,19.95022,73.73148,check_required
3409453,MIDC Ambad,12238128,o3,µg/m³,2025-09-22,20.4,19.95022,73.73148,check_required
3409453,MIDC Ambad,12238128,o3,µg/m³,2025-09-23,13.5,19.95022,73.73148,check_required
3409453,MIDC Ambad,12238128,o3,µg/m³,2025-09-24,17.3,19.95022,73.73148,check_required
3409453,MIDC Ambad,12238128,o3,µg/m³,2025-09-25,17.1,19.95022,73.73148,check_required
3409453,MIDC Ambad,12238128,o3,µg/m³,2025-09-26,18.0,19.95022,73.73148,check_required
3409453,MIDC Ambad,12238128,o3,µg/m³,2025-09-27,31.7,19.95022,73.73148,check_required
3409453,MIDC Ambad,12238128,o3,µg/m³,2025-09-28,38.6,19.95022,73.73148,check_required
3409453,MIDC Ambad,12238128,o3,µg/m³,2025-09-29,31.5,19.95022,73.73148,check_required
3409453,MIDC Ambad,12238128,o3,µg/m³,2025-09-30,20.9,19.95022,73.73148,check_required
3409453,MIDC Ambad,12238128,o3,µg/m³,2025-10-01,21.3,19.95022,73.73148,check_required
3409453,MIDC Ambad,12238128,o3,µg/m³,2025-10-02,20.3,19.95022,73.73148,check_required
3409453,MIDC Ambad,12238128,o3,µg/m³,2025-10-03,18.5,19.95022,73.73148,check_required
3409453,MIDC Ambad,12238128,o3,µg/m³,2025-10-04,19.9,19.95022,73.73148,check_required
3409453,MIDC Ambad,12238128,o3,µg/m³,2025-10-05,22.1,19.95022,73.73148,check_required
3409453,MIDC Ambad,12238128,o3,µg/m³,2025-10-06,39.3,19.95022,73.73148,check_required
3409453,MIDC Ambad,12238128,o3,µg/m³,2025-10-07,14.7,19.95022,73.73148,check_required
3409453,MIDC Ambad,12238128,o3,µg/m³,2025-10-08,22.0,19.95022,73.73148,check_required
3409453,MIDC Ambad,12238128,o3,µg/m³,2025-10-09,30.4,19.95022,73.73148,check_required
3409453,MIDC Ambad,12238128,o3,µg/m³,2025-10-10,31.5,19.95022,73.73148,check_required
3409453,MIDC Ambad,12238128,o3,µg/m³,2025-10-11,42.8,19.95022,73.73148,check_required
3409453,MIDC Ambad,12238128,o3,µg/m³,2025-10-12,52.3,19.95022,73.73148,check_required
3409453,MIDC Ambad,12238128,o3,µg/m³,2025-10-13,39.6,19.95022,73.73148,check_required
3409453,MIDC Ambad,12238128,o3,µg/m³,2025-10-14,46.2,19.95022,73.73148,check_required
3409453,MIDC Ambad,12238128,o3,µg/m³,2025-10-15,46.6,19.95022,73.73148,check_required
3409453,MIDC Ambad,12238128,o3,µg/m³,2025-10-16,23.7,19.95022,73.73148,check_required
3409453,MIDC Ambad,12238128,o3,µg/m³,2025-10-17,38.7,19.95022,73.73148,check_required
3409453,MIDC Ambad,12238128,o3,µg/m³,2025-10-18,43.6,19.95022,73.73148,check_required
3409453,MIDC Ambad,12238128,o3,µg/m³,2025-10-19,47.2,19.95022,73.73148,check_required
3409453,MIDC Ambad,12238128,o3,µg/m³,2025-10-20,53.5,19.95022,73.73148,check_required
3409453,MIDC Ambad,12238128,o3,µg/m³,2025-10-21,64.7,19.95022,73.73148,check_required
3409453,MIDC Ambad,12238128,o3,µg/m³,2025-10-22,25.7,19.95022,73.73148,check_required
3409453,MIDC Ambad,12238128,o3,µg/m³,2025-10-23,31.8,19.95022,73.73148,check_required
3409453,MIDC Ambad,12238128,o3,µg/m³,2025-10-24,38.8,19.95022,73.73148,check_required
3409453,MIDC Ambad,12238128,o3,µg/m³,2025-10-25,22.9,19.95022,73.73148,check_required
3409453,MIDC Ambad,12238128,o3,µg/m³,2025-10-26,19.8,19.95022,73.73148,check_required
3409453,MIDC Ambad,12238128,o3,µg/m³,2025-10-27,19.0,19.95022,73.73148,check_required
3409453,MIDC Ambad,12238128,o3,µg/m³,2025-10-28,17.4,19.95022,73.73148,check_required
3409453,MIDC Ambad,12238128,o3,µg/m³,2025-10-29,11.5,19.95022,73.73148,check_required
3409453,MIDC Ambad,12238128,o3,µg/m³,2025-10-30,33.6,19.95022,73.73148,check_required
3409453,MIDC Ambad,12238128,o3,µg/m³,2025-10-31,17.5,19.95022,73.73148,check_required
3409453,MIDC Ambad,12238128,o3,µg/m³,2025-11-01,22.4,19.95022,73.73148,check_required
3409453,MIDC Ambad,12238128,o3,µg/m³,2025-11-02,26.3,19.95022,73.73148,check_required
3409453,MIDC Ambad,12238128,o3,µg/m³,2025-11-03,25.3,19.95022,73.73148,check_required
3409453,MIDC Ambad,12238128,o3,µg/m³,2025-11-04,29.9,19.95022,73.73148,check_required
3409453,MIDC Ambad,12238128,o3,µg/m³,2025-11-05,30.0,19.95022,73.73148,check_required
3409453,MIDC Ambad,12238128,o3,µg/m³,2025-11-06,34.1,19.95022,73.73148,check_required
3409453,MIDC Ambad,12238128,o3,µg/m³,2025-11-07,41.4,19.95022,73.73148,check_required
3409453,MIDC Ambad,12238128,o3,µg/m³,2025-11-08,47.1,19.95022,73.73148,check_required
3409453,MIDC Ambad,12238128,o3,µg/m³,2025-11-09,52.5,19.95022,73.73148,check_required
3409453,MIDC Ambad,12238128,o3,µg/m³,2025-11-10,32.7,19.95022,73.73148,check_required
3409453,MIDC Ambad,12238128,o3,µg/m³,2025-11-11,58.7,19.95022,73.73148,check_required
3409453,MIDC Ambad,12238128,o3,µg/m³,2025-11-12,52.5,19.95022,73.73148,check_required
3409453,MIDC Ambad,12238128,o3,µg/m³,2025-11-13,56.5,19.95022,73.73148,check_required
3409453,MIDC Ambad,12238128,o3,µg/m³,2025-11-14,51.9,19.95022,73.73148,check_required
3409453,MIDC Ambad,12238128,o3,µg/m³,2025-11-15,48.1,19.95022,73.73148,check_required
3409453,MIDC Ambad,12238128,o3,µg/m³,2025-11-16,55.1,19.95022,73.73148,check_required
3409453,MIDC Ambad,12238128,o3,µg/m³,2025-11-17,67.9,19.95022,73.73148,check_required
3409453,MIDC Ambad,12238128,o3,µg/m³,2025-11-18,55.3,19.95022,73.73148,check_required
3409453,MIDC Ambad,12238128,o3,µg/m³,2025-11-19,51.3,19.95022,73.73148,check_required
3409453,MIDC Ambad,12238128,o3,µg/m³,2025-11-20,51.0,19.95022,73.73148,check_required
3409453,MIDC Ambad,12238128,o3,µg/m³,2025-11-21,47.5,19.95022,73.73148,check_required
3409453,MIDC Ambad,12238128,o3,µg/m³,2025-11-22,55.7,19.95022,73.73148,check_required
3409453,MIDC Ambad,12238128,o3,µg/m³,2025-11-23,55.0,19.95022,73.73148,check_required
3409453,MIDC Ambad,12238128,o3,µg/m³,2025-11-24,40.6,19.95022,73.73148,check_required
3409453,MIDC Ambad,12238128,o3,µg/m³,2025-11-25,39.7,19.95022,73.73148,check_required
3409453,MIDC Ambad,12238128,o3,µg/m³,2025-11-26,48.7,19.95022,73.73148,check_required
3409453,MIDC Ambad,12238128,o3,µg/m³,2025-11-27,47.0,19.95022,73.73148,check_required
3409453,MIDC Ambad,12238128,o3,µg/m³,2025-11-28,43.8,19.95022,73.73148,check_required
3409453,MIDC Ambad,12238128,o3,µg/m³,2025-11-29,50.7,19.95022,73.73148,check_required
3409453,MIDC Ambad,12238128,o3,µg/m³,2025-11-30,50.9,19.95022,73.73148,check_required
3409453,MIDC Ambad,12238128,o3,µg/m³,2025-12-01,60.9,19.95022,73.73148,check_required
3409453,MIDC Ambad,12238128,o3,µg/m³,2025-12-02,48.6,19.95022,73.73148,check_required
3409453,MIDC Ambad,12238128,o3,µg/m³,2025-12-03,60.1,19.95022,73.73148,check_required
3409453,MIDC Ambad,12238128,o3,µg/m³,2025-12-04,49.5,19.95022,73.73148,check_required
3409453,MIDC Ambad,12238128,o3,µg/m³,2025-12-05,55.6,19.95022,73.73148,check_required
3409453,MIDC Ambad,12238128,o3,µg/m³,2025-12-06,48.0,19.95022,73.73148,check_required
3409453,MIDC Ambad,12238128,o3,µg/m³,2025-12-07,53.4,19.95022,73.73148,check_required
3409453,MIDC Ambad,12238128,o3,µg/m³,2025-12-08,54.3,19.95022,73.73148,check_required
3409453,MIDC Ambad,12238128,o3,µg/m³,2025-12-09,54.3,19.95022,73.73148,check_required
3409453,MIDC Ambad,12238128,o3,µg/m³,2025-12-10,52.7,19.95022,73.73148,check_required
3409453,MIDC Ambad,12238128,o3,µg/m³,2025-12-11,51.3,19.95022,73.73148,check_required
3409453,MIDC Ambad,12238128,o3,µg/m³,2025-12-12,48.7,19.95022,73.73148,check_required
3409453,MIDC Ambad,12238128,o3,µg/m³,2025-12-13,41.5,19.95022,73.73148,check_required
3409453,MIDC Ambad,12238128,o3,µg/m³,2025-12-14,45.7,19.95022,73.73148,check_required
3409453,MIDC Ambad,12238128,o3,µg/m³,2025-12-15,40.7,19.95022,73.73148,check_required
3409453,MIDC Ambad,12238128,o3,µg/m³,2025-12-16,55.1,19.95022,73.73148,check_required
3409453,MIDC Ambad,12238128,o3,µg/m³,2025-12-17,44.3,19.95022,73.73148,check_required
3409453,MIDC Ambad,12238128,o3,µg/m³,2025-12-18,33.0,19.95022,73.73148,check_required
3409453,MIDC Ambad,12238128,o3,µg/m³,2025-12-19,28.2,19.95022,73.73148,check_required
3409453,MIDC Ambad,12238128,o3,µg/m³,2025-12-20,33.3,19.95022,73.73148,check_required
3409453,MIDC Ambad,12238128,o3,µg/m³,2025-12-21,44.9,19.95022,73.73148,check_required
3409453,MIDC Ambad,12238128,o3,µg/m³,2025-12-22,44.7,19.95022,73.73148,check_required
3409453,MIDC Ambad,12238128,o3,µg/m³,2025-12-23,31.0,19.95022,73.73148,check_required
3409453,MIDC Ambad,12238128,o3,µg/m³,2025-12-24,42.1,19.95022,73.73148,check_required
3409453,MIDC Ambad,12238128,o3,µg/m³,2025-12-25,50.5,19.95022,73.73148,check_required
3409453,MIDC Ambad,12238128,o3,µg/m³,2025-12-26,53.9,19.95022,73.73148,check_required
3409453,MIDC Ambad,12238128,o3,µg/m³,2025-12-27,58.2,19.95022,73.73148,check_required
3409453,MIDC Ambad,12238128,o3,µg/m³,2025-12-28,51.1,19.95022,73.73148,check_required
3409453,MIDC Ambad,12238128,o3,µg/m³,2025-12-29,34.4,19.95022,73.73148,check_required
3409453,MIDC Ambad,12238128,o3,µg/m³,2025-12-30,56.0,19.95022,73.73148,check_required
3409453,MIDC Ambad,12238128,o3,µg/m³,2025-12-31,47.8,19.95022,73.73148,check_required
3409451,Pandav Nagari,12238110,o3,µg/m³,2025-02-19,47.5,19.9591346,73.7788008,check_required
3409451,Pandav Nagari,12238110,o3,µg/m³,2025-02-20,38.2,19.9591346,73.7788008,check_required
3409451,Pandav Nagari,12238110,o3,µg/m³,2025-02-21,25.5,19.9591346,73.7788008,check_required
3409451,Pandav Nagari,12238110,o3,µg/m³,2025-02-24,31.2,19.9591346,73.7788008,check_required
3409451,Pandav Nagari,12238110,o3,µg/m³,2025-02-25,49.0,19.9591346,73.7788008,check_required
3409451,Pandav Nagari,12238110,o3,µg/m³,2025-02-26,33.9,19.9591346,73.7788008,check_required
3409451,Pandav Nagari,12238110,o3,µg/m³,2025-02-27,39.6,19.9591346,73.7788008,check_required
3409451,Pandav Nagari,12238110,o3,µg/m³,2025-02-28,75.4,19.9591346,73.7788008,check_required
3409451,Pandav Nagari,12238110,o3,µg/m³,2025-03-01,46.7,19.9591346,73.7788008,check_required
3409451,Pandav Nagari,12238110,o3,µg/m³,2025-03-02,60.1,19.9591346,73.7788008,check_required
3409451,Pandav Nagari,12238110,o3,µg/m³,2025-03-03,45.7,19.9591346,73.7788008,check_required
3409451,Pandav Nagari,12238110,o3,µg/m³,2025-03-04,43.7,19.9591346,73.7788008,check_required
3409451,Pandav Nagari,12238110,o3,µg/m³,2025-03-05,27.8,19.9591346,73.7788008,check_required
3409451,Pandav Nagari,12238110,o3,µg/m³,2025-03-06,24.2,19.9591346,73.7788008,check_required
3409451,Pandav Nagari,12238110,o3,µg/m³,2025-03-07,19.5,19.9591346,73.7788008,check_required
3409451,Pandav Nagari,12238110,o3,µg/m³,2025-03-08,70.1,19.9591346,73.7788008,check_required
3409451,Pandav Nagari,12238110,o3,µg/m³,2025-03-09,11.1,19.9591346,73.7788008,check_required
3409451,Pandav Nagari,12238110,o3,µg/m³,2025-03-11,67.7,19.9591346,73.7788008,check_required
3409451,Pandav Nagari,12238110,o3,µg/m³,2025-03-12,49.6,19.9591346,73.7788008,check_required
3409451,Pandav Nagari,12238110,o3,µg/m³,2025-03-13,36.3,19.9591346,73.7788008,check_required
3409451,Pandav Nagari,12238110,o3,µg/m³,2025-03-14,73.4,19.9591346,73.7788008,check_required
3409451,Pandav Nagari,12238110,o3,µg/m³,2025-03-15,58.9,19.9591346,73.7788008,check_required
3409451,Pandav Nagari,12238110,o3,µg/m³,2025-03-16,68.0,19.9591346,73.7788008,check_required
3409451,Pandav Nagari,12238110,o3,µg/m³,2025-03-17,44.2,19.9591346,73.7788008,check_required
3409451,Pandav Nagari,12238110,o3,µg/m³,2025-03-18,44.9,19.9591346,73.7788008,check_required
3409451,Pandav Nagari,12238110,o3,µg/m³,2025-03-19,74.7,19.9591346,73.7788008,check_required
3409451,Pandav Nagari,12238110,o3,µg/m³,2025-03-20,61.5,19.9591346,73.7788008,check_required
3409451,Pandav Nagari,12238110,o3,µg/m³,2025-03-21,41.8,19.9591346,73.7788008,check_required
3409451,Pandav Nagari,12238110,o3,µg/m³,2025-03-22,61.4,19.9591346,73.7788008,check_required
3409451,Pandav Nagari,12238110,o3,µg/m³,2025-03-23,95.7,19.9591346,73.7788008,check_required
3409451,Pandav Nagari,12238110,o3,µg/m³,2025-03-24,116.0,19.9591346,73.7788008,check_required
3409451,Pandav Nagari,12238110,o3,µg/m³,2025-03-25,83.5,19.9591346,73.7788008,check_required
3409451,Pandav Nagari,12238110,o3,µg/m³,2025-03-26,82.0,19.9591346,73.7788008,check_required
3409451,Pandav Nagari,12238110,o3,µg/m³,2025-03-27,35.4,19.9591346,73.7788008,check_required
3409451,Pandav Nagari,12238110,o3,µg/m³,2025-03-28,53.3,19.9591346,73.7788008,check_required
3409451,Pandav Nagari,12238110,o3,µg/m³,2025-03-29,53.0,19.9591346,73.7788008,check_required
3409451,Pandav Nagari,12238110,o3,µg/m³,2025-03-30,40.7,19.9591346,73.7788008,check_required
3409451,Pandav Nagari,12238110,o3,µg/m³,2025-03-31,64.3,19.9591346,73.7788008,check_required
3409451,Pandav Nagari,12238110,o3,µg/m³,2025-04-01,44.5,19.9591346,73.7788008,check_required
3409451,Pandav Nagari,12238110,o3,µg/m³,2025-04-02,37.5,19.9591346,73.7788008,check_required
3409451,Pandav Nagari,12238110,o3,µg/m³,2025-04-03,63.3,19.9591346,73.7788008,check_required
3409451,Pandav Nagari,12238110,o3,µg/m³,2025-04-04,56.8,19.9591346,73.7788008,check_required
3409451,Pandav Nagari,12238110,o3,µg/m³,2025-04-05,45.6,19.9591346,73.7788008,check_required
3409451,Pandav Nagari,12238110,o3,µg/m³,2025-04-06,33.2,19.9591346,73.7788008,check_required
3409451,Pandav Nagari,12238110,o3,µg/m³,2025-04-07,48.2,19.9591346,73.7788008,check_required
3409451,Pandav Nagari,12238110,o3,µg/m³,2025-04-08,64.6,19.9591346,73.7788008,check_required
3409451,Pandav Nagari,12238110,o3,µg/m³,2025-04-09,34.7,19.9591346,73.7788008,check_required
3409451,Pandav Nagari,12238110,o3,µg/m³,2025-04-12,32.8,19.9591346,73.7788008,check_required
3409451,Pandav Nagari,12238110,o3,µg/m³,2025-04-13,36.8,19.9591346,73.7788008,check_required
3409451,Pandav Nagari,12238110,o3,µg/m³,2025-04-14,36.8,19.9591346,73.7788008,check_required
3409451,Pandav Nagari,12238110,o3,µg/m³,2025-04-15,63.5,19.9591346,73.7788008,check_required
3409451,Pandav Nagari,12238110,o3,µg/m³,2025-04-16,70.1,19.9591346,73.7788008,check_required
3409451,Pandav Nagari,12238110,o3,µg/m³,2025-04-17,42.1,19.9591346,73.7788008,check_required
3409451,Pandav Nagari,12238110,o3,µg/m³,2025-04-18,51.6,19.9591346,73.7788008,check_required
3409451,Pandav Nagari,12238110,o3,µg/m³,2025-04-19,59.3,19.9591346,73.7788008,check_required
3409451,Pandav Nagari,12238110,o3,µg/m³,2025-04-20,33.2,19.9591346,73.7788008,check_required
3409451,Pandav Nagari,12238110,o3,µg/m³,2025-04-21,57.7,19.9591346,73.7788008,check_required
3409451,Pandav Nagari,12238110,o3,µg/m³,2025-04-22,45.2,19.9591346,73.7788008,check_required
3409451,Pandav Nagari,12238110,o3,µg/m³,2025-04-23,59.4,19.9591346,73.7788008,check_required
3409451,Pandav Nagari,12238110,o3,µg/m³,2025-04-24,52.3,19.9591346,73.7788008,check_required
3409451,Pandav Nagari,12238110,o3,µg/m³,2025-04-25,62.4,19.9591346,73.7788008,check_required
3409451,Pandav Nagari,12238110,o3,µg/m³,2025-04-26,36.7,19.9591346,73.7788008,check_required
3409451,Pandav Nagari,12238110,o3,µg/m³,2025-04-27,20.4,19.9591346,73.7788008,check_required
3409451,Pandav Nagari,12238110,o3,µg/m³,2025-04-28,14.6,19.9591346,73.7788008,check_required
3409451,Pandav Nagari,12238110,o3,µg/m³,2025-04-29,54.0,19.9591346,73.7788008,check_required
3409451,Pandav Nagari,12238110,o3,µg/m³,2025-04-30,44.1,19.9591346,73.7788008,check_required
3409451,Pandav Nagari,12238110,o3,µg/m³,2025-05-01,34.9,19.9591346,73.7788008,check_required
3409451,Pandav Nagari,12238110,o3,µg/m³,2025-05-02,51.0,19.9591346,73.7788008,check_required
3409451,Pandav Nagari,12238110,o3,µg/m³,2025-05-03,35.2,19.9591346,73.7788008,check_required
3409451,Pandav Nagari,12238110,o3,µg/m³,2025-05-04,23.3,19.9591346,73.7788008,check_required
3409451,Pandav Nagari,12238110,o3,µg/m³,2025-05-05,28.2,19.9591346,73.7788008,check_required
3409451,Pandav Nagari,12238110,o3,µg/m³,2025-05-06,31.9,19.9591346,73.7788008,check_required
3409451,Pandav Nagari,12238110,o3,µg/m³,2025-05-07,26.3,19.9591346,73.7788008,check_required
3409451,Pandav Nagari,12238110,o3,µg/m³,2025-05-08,22.7,19.9591346,73.7788008,check_required
3409451,Pandav Nagari,12238110,o3,µg/m³,2025-05-09,27.6,19.9591346,73.7788008,check_required
3409451,Pandav Nagari,12238110,o3,µg/m³,2025-05-10,27.0,19.9591346,73.7788008,check_required
3409451,Pandav Nagari,12238110,o3,µg/m³,2025-05-11,22.4,19.9591346,73.7788008,check_required
3409451,Pandav Nagari,12238110,o3,µg/m³,2025-05-12,28.7,19.9591346,73.7788008,check_required
3409451,Pandav Nagari,12238110,o3,µg/m³,2025-05-13,21.7,19.9591346,73.7788008,check_required
3409451,Pandav Nagari,12238110,o3,µg/m³,2025-05-14,33.2,19.9591346,73.7788008,check_required
3409451,Pandav Nagari,12238110,o3,µg/m³,2025-05-15,20.5,19.9591346,73.7788008,check_required
3409451,Pandav Nagari,12238110,o3,µg/m³,2025-05-16,16.4,19.9591346,73.7788008,check_required
3409451,Pandav Nagari,12238110,o3,µg/m³,2025-05-17,14.2,19.9591346,73.7788008,check_required
3409451,Pandav Nagari,12238110,o3,µg/m³,2025-05-18,18.6,19.9591346,73.7788008,check_required
3409451,Pandav Nagari,12238110,o3,µg/m³,2025-05-19,11.5,19.9591346,73.7788008,check_required
3409451,Pandav Nagari,12238110,o3,µg/m³,2025-05-20,22.8,19.9591346,73.7788008,check_required
3409451,Pandav Nagari,12238110,o3,µg/m³,2025-05-21,31.9,19.9591346,73.7788008,check_required
3409451,Pandav Nagari,12238110,o3,µg/m³,2025-05-22,32.0,19.9591346,73.7788008,check_required
3409451,Pandav Nagari,12238110,o3,µg/m³,2025-05-23,13.2,19.9591346,73.7788008,check_required
3409451,Pandav Nagari,12238110,o3,µg/m³,2025-05-24,23.5,19.9591346,73.7788008,check_required
3409451,Pandav Nagari,12238110,o3,µg/m³,2025-05-25,29.2,19.9591346,73.7788008,check_required
3409451,Pandav Nagari,12238110,o3,µg/m³,2025-05-26,25.3,19.9591346,73.7788008,check_required
3409451,Pandav Nagari,12238110,o3,µg/m³,2025-05-27,25.4,19.9591346,73.7788008,check_required
3409451,Pandav Nagari,12238110,o3,µg/m³,2025-05-28,25.8,19.9591346,73.7788008,check_required
3409451,Pandav Nagari,12238110,o3,µg/m³,2025-05-29,15.3,19.9591346,73.7788008,check_required
3409451,Pandav Nagari,12238110,o3,µg/m³,2025-05-30,19.1,19.9591346,73.7788008,check_required
3409451,Pandav Nagari,12238110,o3,µg/m³,2025-05-31,23.5,19.9591346,73.7788008,check_required
3409451,Pandav Nagari,12238110,o3,µg/m³,2025-06-01,21.0,19.9591346,73.7788008,check_required
3409451,Pandav Nagari,12238110,o3,µg/m³,2025-06-02,25.1,19.9591346,73.7788008,check_required
3409451,Pandav Nagari,12238110,o3,µg/m³,2025-06-03,30.9,19.9591346,73.7788008,check_required
3409451,Pandav Nagari,12238110,o3,µg/m³,2025-06-04,21.2,19.9591346,73.7788008,check_required
3409451,Pandav Nagari,12238110,o3,µg/m³,2025-06-05,29.2,19.9591346,73.7788008,check_required
3409451,Pandav Nagari,12238110,o3,µg/m³,2025-06-06,20.9,19.9591346,73.7788008,check_required
3409451,Pandav Nagari,12238110,o3,µg/m³,2025-06-07,20.7,19.9591346,73.7788008,check_required
3409451,Pandav Nagari,12238110,o3,µg/m³,2025-06-08,24.8,19.9591346,73.7788008,check_required
3409451,Pandav Nagari,12238110,o3,µg/m³,2025-06-09,21.0,19.9591346,73.7788008,check_required
3409451,Pandav Nagari,12238110,o3,µg/m³,2025-06-10,30.2,19.9591346,73.7788008,check_required
3409451,Pandav Nagari,12238110,o3,µg/m³,2025-06-11,29.6,19.9591346,73.7788008,check_required
3409451,Pandav Nagari,12238110,o3,µg/m³,2025-06-12,23.1,19.9591346,73.7788008,check_required
3409451,Pandav Nagari,12238110,o3,µg/m³,2025-06-13,29.5,19.9591346,73.7788008,check_required
3409451,Pandav Nagari,12238110,o3,µg/m³,2025-06-14,24.2,19.9591346,73.7788008,check_required
3409451,Pandav Nagari,12238110,o3,µg/m³,2025-06-15,29.6,19.9591346,73.7788008,check_required
3409451,Pandav Nagari,12238110,o3,µg/m³,2025-06-16,17.8,19.9591346,73.7788008,check_required
3409451,Pandav Nagari,12238110,o3,µg/m³,2025-06-17,32.8,19.9591346,73.7788008,check_required
3409451,Pandav Nagari,12238110,o3,µg/m³,2025-06-18,33.2,19.9591346,73.7788008,check_required
3409451,Pandav Nagari,12238110,o3,µg/m³,2025-06-19,30.4,19.9591346,73.7788008,check_required
3409451,Pandav Nagari,12238110,o3,µg/m³,2025-06-20,24.8,19.9591346,73.7788008,check_required
3409451,Pandav Nagari,12238110,o3,µg/m³,2025-06-21,22.7,19.9591346,73.7788008,check_required
3409451,Pandav Nagari,12238110,o3,µg/m³,2025-06-22,21.3,19.9591346,73.7788008,check_required
3409451,Pandav Nagari,12238110,o3,µg/m³,2025-06-23,19.0,19.9591346,73.7788008,check_required
3409451,Pandav Nagari,12238110,o3,µg/m³,2025-06-24,33.2,19.9591346,73.7788008,check_required
3409451,Pandav Nagari,12238110,o3,µg/m³,2025-06-25,28.5,19.9591346,73.7788008,check_required
3409451,Pandav Nagari,12238110,o3,µg/m³,2025-06-26,22.2,19.9591346,73.7788008,check_required
3409451,Pandav Nagari,12238110,o3,µg/m³,2025-06-27,14.9,19.9591346,73.7788008,check_required
3409451,Pandav Nagari,12238110,o3,µg/m³,2025-06-29,22.1,19.9591346,73.7788008,check_required
3409451,Pandav Nagari,12238110,o3,µg/m³,2025-06-30,21.9,19.9591346,73.7788008,check_required
3409451,Pandav Nagari,12238110,o3,µg/m³,2025-07-01,15.8,19.9591346,73.7788008,check_required
3409451,Pandav Nagari,12238110,o3,µg/m³,2025-07-02,18.0,19.9591346,73.7788008,check_required
3409451,Pandav Nagari,12238110,o3,µg/m³,2025-07-03,16.7,19.9591346,73.7788008,check_required
3409451,Pandav Nagari,12238110,o3,µg/m³,2025-07-04,17.2,19.9591346,73.7788008,check_required
3409451,Pandav Nagari,12238110,o3,µg/m³,2025-07-05,17.2,19.9591346,73.7788008,check_required
3409451,Pandav Nagari,12238110,o3,µg/m³,2025-07-06,19.7,19.9591346,73.7788008,check_required
3409451,Pandav Nagari,12238110,o3,µg/m³,2025-07-07,16.7,19.9591346,73.7788008,check_required
3409451,Pandav Nagari,12238110,o3,µg/m³,2025-07-08,18.5,19.9591346,73.7788008,check_required
3409451,Pandav Nagari,12238110,o3,µg/m³,2025-07-09,17.4,19.9591346,73.7788008,check_required
3409451,Pandav Nagari,12238110,o3,µg/m³,2025-07-10,16.8,19.9591346,73.7788008,check_required
3409451,Pandav Nagari,12238110,o3,µg/m³,2025-07-11,15.6,19.9591346,73.7788008,check_required
3409451,Pandav Nagari,12238110,o3,µg/m³,2025-07-12,14.3,19.9591346,73.7788008,check_required
3409451,Pandav Nagari,12238110,o3,µg/m³,2025-07-14,16.2,19.9591346,73.7788008,check_required
3409451,Pandav Nagari,12238110,o3,µg/m³,2025-07-15,9.57,19.9591346,73.7788008,check_required
3409451,Pandav Nagari,12238110,o3,µg/m³,2025-07-16,17.0,19.9591346,73.7788008,check_required
3409451,Pandav Nagari,12238110,o3,µg/m³,2025-07-17,18.4,19.9591346,73.7788008,check_required
3409451,Pandav Nagari,12238110,o3,µg/m³,2025-07-18,19.2,19.9591346,73.7788008,check_required
3409451,Pandav Nagari,12238110,o3,µg/m³,2025-07-19,18.0,19.9591346,73.7788008,check_required
3409451,Pandav Nagari,12238110,o3,µg/m³,2025-07-20,20.7,19.9591346,73.7788008,check_required
3409451,Pandav Nagari,12238110,o3,µg/m³,2025-07-21,19.2,19.9591346,73.7788008,check_required
3409451,Pandav Nagari,12238110,o3,µg/m³,2025-07-22,16.7,19.9591346,73.7788008,check_required
3409451,Pandav Nagari,12238110,o3,µg/m³,2025-07-23,20.2,19.9591346,73.7788008,check_required
3409451,Pandav Nagari,12238110,o3,µg/m³,2025-07-24,18.8,19.9591346,73.7788008,check_required
3409451,Pandav Nagari,12238110,o3,µg/m³,2025-07-25,13.3,19.9591346,73.7788008,check_required
3409451,Pandav Nagari,12238110,o3,µg/m³,2025-07-26,15.0,19.9591346,73.7788008,check_required
3409451,Pandav Nagari,12238110,o3,µg/m³,2025-07-27,20.4,19.9591346,73.7788008,check_required
3409451,Pandav Nagari,12238110,o3,µg/m³,2025-07-28,21.9,19.9591346,73.7788008,check_required
3409451,Pandav Nagari,12238110,o3,µg/m³,2025-07-29,20.9,19.9591346,73.7788008,check_required
3409451,Pandav Nagari,12238110,o3,µg/m³,2025-07-30,20.6,19.9591346,73.7788008,check_required
3409451,Pandav Nagari,12238110,o3,µg/m³,2025-07-31,19.7,19.9591346,73.7788008,check_required
3409451,Pandav Nagari,12238110,o3,µg/m³,2025-08-01,15.8,19.9591346,73.7788008,check_required
3409451,Pandav Nagari,12238110,o3,µg/m³,2025-08-02,14.5,19.9591346,73.7788008,check_required
3409451,Pandav Nagari,12238110,o3,µg/m³,2025-08-03,19.1,19.9591346,73.7788008,check_required
3409451,Pandav Nagari,12238110,o3,µg/m³,2025-08-04,17.5,19.9591346,73.7788008,check_required
3409451,Pandav Nagari,12238110,o3,µg/m³,2025-08-05,14.7,19.9591346,73.7788008,check_required
3409451,Pandav Nagari,12238110,o3,µg/m³,2025-08-06,11.7,19.9591346,73.7788008,check_required
3409451,Pandav Nagari,12238110,o3,µg/m³,2025-08-07,23.9,19.9591346,73.7788008,check_required
3409451,Pandav Nagari,12238110,o3,µg/m³,2025-08-08,14.1,19.9591346,73.7788008,check_required
3409451,Pandav Nagari,12238110,o3,µg/m³,2025-08-09,12.0,19.9591346,73.7788008,check_required
3409451,Pandav Nagari,12238110,o3,µg/m³,2025-08-10,12.0,19.9591346,73.7788008,check_required
3409451,Pandav Nagari,12238110,o3,µg/m³,2025-08-11,14.3,19.9591346,73.7788008,check_required
3409451,Pandav Nagari,12238110,o3,µg/m³,2025-08-12,13.0,19.9591346,73.7788008,check_required
3409451,Pandav Nagari,12238110,o3,µg/m³,2025-08-13,12.5,19.9591346,73.7788008,check_required
3409451,Pandav Nagari,12238110,o3,µg/m³,2025-08-14,14.8,19.9591346,73.7788008,check_required
3409451,Pandav Nagari,12238110,o3,µg/m³,2025-08-15,18.6,19.9591346,73.7788008,check_required
3409451,Pandav Nagari,12238110,o3,µg/m³,2025-08-16,16.8,19.9591346,73.7788008,check_required
3409451,Pandav Nagari,12238110,o3,µg/m³,2025-08-17,24.9,19.9591346,73.7788008,check_required
3409451,Pandav Nagari,12238110,o3,µg/m³,2025-08-18,19.7,19.9591346,73.7788008,check_required
3409451,Pandav Nagari,12238110,o3,µg/m³,2025-08-19,20.3,19.9591346,73.7788008,check_required
3409451,Pandav Nagari,12238110,o3,µg/m³,2025-08-20,23.2,19.9591346,73.7788008,check_required
3409451,Pandav Nagari,12238110,o3,µg/m³,2025-08-21,20.5,19.9591346,73.7788008,check_required
3409451,Pandav Nagari,12238110,o3,µg/m³,2025-08-22,22.2,19.9591346,73.7788008,check_required
3409451,Pandav Nagari,12238110,o3,µg/m³,2025-08-23,22.3,19.9591346,73.7788008,check_required
3409451,Pandav Nagari,12238110,o3,µg/m³,2025-08-24,20.0,19.9591346,73.7788008,check_required
3409451,Pandav Nagari,12238110,o3,µg/m³,2025-08-25,16.7,19.9591346,73.7788008,check_required
3409451,Pandav Nagari,12238110,o3,µg/m³,2025-08-26,9.68,19.9591346,73.7788008,check_required
3409451,Pandav Nagari,12238110,o3,µg/m³,2025-08-27,12.1,19.9591346,73.7788008,check_required
3409451,Pandav Nagari,12238110,o3,µg/m³,2025-08-28,13.2,19.9591346,73.7788008,check_required
3409451,Pandav Nagari,12238110,o3,µg/m³,2025-08-29,17.7,19.9591346,73.7788008,check_required
3409451,Pandav Nagari,12238110,o3,µg/m³,2025-08-30,15.9,19.9591346,73.7788008,check_required
3409451,Pandav Nagari,12238110,o3,µg/m³,2025-08-31,19.8,19.9591346,73.7788008,check_required
3409451,Pandav Nagari,12238110,o3,µg/m³,2025-09-01,13.6,19.9591346,73.7788008,check_required
3409451,Pandav Nagari,12238110,o3,µg/m³,2025-09-02,16.4,19.9591346,73.7788008,check_required
3409451,Pandav Nagari,12238110,o3,µg/m³,2025-09-03,16.5,19.9591346,73.7788008,check_required
3409451,Pandav Nagari,12238110,o3,µg/m³,2025-09-04,21.9,19.9591346,73.7788008,check_required
3409451,Pandav Nagari,12238110,o3,µg/m³,2025-09-05,25.9,19.9591346,73.7788008,check_required
3409451,Pandav Nagari,12238110,o3,µg/m³,2025-09-06,20.1,19.9591346,73.7788008,check_required
3409451,Pandav Nagari,12238110,o3,µg/m³,2025-09-07,17.2,19.9591346,73.7788008,check_required
3409451,Pandav Nagari,12238110,o3,µg/m³,2025-09-08,16.6,19.9591346,73.7788008,check_required
3409451,Pandav Nagari,12238110,o3,µg/m³,2025-09-09,14.7,19.9591346,73.7788008,check_required
3409451,Pandav Nagari,12238110,o3,µg/m³,2025-09-10,22.2,19.9591346,73.7788008,check_required
3409451,Pandav Nagari,12238110,o3,µg/m³,2025-09-11,19.2,19.9591346,73.7788008,check_required
3409451,Pandav Nagari,12238110,o3,µg/m³,2025-09-12,15.7,19.9591346,73.7788008,check_required
3409451,Pandav Nagari,12238110,o3,µg/m³,2025-09-13,19.4,19.9591346,73.7788008,check_required
3409451,Pandav Nagari,12238110,o3,µg/m³,2025-09-14,34.1,19.9591346,73.7788008,check_required
3409451,Pandav Nagari,12238110,o3,µg/m³,2025-09-15,20.7,19.9591346,73.7788008,check_required
3409451,Pandav Nagari,12238110,o3,µg/m³,2025-09-16,13.2,19.9591346,73.7788008,check_required
3409451,Pandav Nagari,12238110,o3,µg/m³,2025-09-17,13.2,19.9591346,73.7788008,check_required
3409451,Pandav Nagari,12238110,o3,µg/m³,2025-09-18,19.2,19.9591346,73.7788008,check_required
3409451,Pandav Nagari,12238110,o3,µg/m³,2025-09-19,15.8,19.9591346,73.7788008,check_required
3409451,Pandav Nagari,12238110,o3,µg/m³,2025-09-20,13.3,19.9591346,73.7788008,check_required
3409451,Pandav Nagari,12238110,o3,µg/m³,2025-09-21,12.9,19.9591346,73.7788008,check_required
3409451,Pandav Nagari,12238110,o3,µg/m³,2025-09-22,22.8,19.9591346,73.7788008,check_required
3409451,Pandav Nagari,12238110,o3,µg/m³,2025-09-23,14.1,19.9591346,73.7788008,check_required
3409451,Pandav Nagari,12238110,o3,µg/m³,2025-09-24,17.5,19.9591346,73.7788008,check_required
3409451,Pandav Nagari,12238110,o3,µg/m³,2025-09-25,19.9,19.9591346,73.7788008,check_required
3409451,Pandav Nagari,12238110,o3,µg/m³,2025-09-26,18.8,19.9591346,73.7788008,check_required
3409451,Pandav Nagari,12238110,o3,µg/m³,2025-09-27,29.8,19.9591346,73.7788008,check_required
3409451,Pandav Nagari,12238110,o3,µg/m³,2025-09-28,28.4,19.9591346,73.7788008,check_required
3409451,Pandav Nagari,12238110,o3,µg/m³,2025-09-29,32.1,19.9591346,73.7788008,check_required
3409451,Pandav Nagari,12238110,o3,µg/m³,2025-09-30,20.9,19.9591346,73.7788008,check_required
3409451,Pandav Nagari,12238110,o3,µg/m³,2025-10-01,17.3,19.9591346,73.7788008,check_required
3409451,Pandav Nagari,12238110,o3,µg/m³,2025-10-02,19.6,19.9591346,73.7788008,check_required
3409451,Pandav Nagari,12238110,o3,µg/m³,2025-10-03,17.9,19.9591346,73.7788008,check_required
3409451,Pandav Nagari,12238110,o3,µg/m³,2025-10-04,15.7,19.9591346,73.7788008,check_required
3409451,Pandav Nagari,12238110,o3,µg/m³,2025-10-05,16.3,19.9591346,73.7788008,check_required
3409451,Pandav Nagari,12238110,o3,µg/m³,2025-10-06,15.2,19.9591346,73.7788008,check_required
3409451,Pandav Nagari,12238110,o3,µg/m³,2025-10-07,11.6,19.9591346,73.7788008,check_required
3409451,Pandav Nagari,12238110,o3,µg/m³,2025-10-08,14.8,19.9591346,73.7788008,check_required
3409451,Pandav Nagari,12238110,o3,µg/m³,2025-10-09,27.0,19.9591346,73.7788008,check_required
3409451,Pandav Nagari,12238110,o3,µg/m³,2025-10-10,28.0,19.9591346,73.7788008,check_required
3409451,Pandav Nagari,12238110,o3,µg/m³,2025-10-11,33.5,19.9591346,73.7788008,check_required
3409451,Pandav Nagari,12238110,o3,µg/m³,2025-10-12,37.5,19.9591346,73.7788008,check_required
3409451,Pandav Nagari,12238110,o3,µg/m³,2025-10-13,41.2,19.9591346,73.7788008,check_required
3409451,Pandav Nagari,12238110,o3,µg/m³,2025-10-14,34.2,19.9591346,73.7788008,check_required
3409451,Pandav Nagari,12238110,o3,µg/m³,2025-10-15,18.2,19.9591346,73.7788008,check_required
3409451,Pandav Nagari,12238110,o3,µg/m³,2025-10-16,27.4,19.9591346,73.7788008,check_required
3409451,Pandav Nagari,12238110,o3,µg/m³,2025-10-17,23.8,19.9591346,73.7788008,check_required
3409451,Pandav Nagari,12238110,o3,µg/m³,2025-10-18,39.7,19.9591346,73.7788008,check_required
3409451,Pandav Nagari,12238110,o3,µg/m³,2025-10-19,40.9,19.9591346,73.7788008,check_required
3409451,Pandav Nagari,12238110,o3,µg/m³,2025-10-20,38.0,19.9591346,73.7788008,check_required
3409451,Pandav Nagari,12238110,o3,µg/m³,2025-10-21,43.9,19.9591346,73.7788008,check_required
3409451,Pandav Nagari,12238110,o3,µg/m³,2025-10-22,20.6,19.9591346,73.7788008,check_required
3409451,Pandav Nagari,12238110,o3,µg/m³,2025-10-23,27.5,19.9591346,73.7788008,check_required
3409451,Pandav Nagari,12238110,o3,µg/m³,2025-10-24,27.2,19.9591346,73.7788008,check_required
3409451,Pandav Nagari,12238110,o3,µg/m³,2025-10-25,18.3,19.9591346,73.7788008,check_required
3409451,Pandav Nagari,12238110,o3,µg/m³,2025-10-26,17.4,19.9591346,73.7788008,check_required
3409451,Pandav Nagari,12238110,o3,µg/m³,2025-10-27,13.8,19.9591346,73.7788008,check_required
3409451,Pandav Nagari,12238110,o3,µg/m³,2025-10-28,16.3,19.9591346,73.7788008,check_required
3409451,Pandav Nagari,12238110,o3,µg/m³,2025-10-29,13.5,19.9591346,73.7788008,check_required
3409451,Pandav Nagari,12238110,o3,µg/m³,2025-10-30,29.5,19.9591346,73.7788008,check_required
3409451,Pandav Nagari,12238110,o3,µg/m³,2025-10-31,14.7,19.9591346,73.7788008,check_required
3409451,Pandav Nagari,12238110,o3,µg/m³,2025-11-01,12.7,19.9591346,73.7788008,check_required
3409451,Pandav Nagari,12238110,o3,µg/m³,2025-11-02,20.3,19.9591346,73.7788008,check_required
3409451,Pandav Nagari,12238110,o3,µg/m³,2025-11-03,20.9,19.9591346,73.7788008,check_required
3409451,Pandav Nagari,12238110,o3,µg/m³,2025-11-04,25.7,19.9591346,73.7788008,check_required
3409451,Pandav Nagari,12238110,o3,µg/m³,2025-11-05,25.8,19.9591346,73.7788008,check_required
3409451,Pandav Nagari,12238110,o3,µg/m³,2025-11-06,17.7,19.9591346,73.7788008,check_required
3409451,Pandav Nagari,12238110,o3,µg/m³,2025-11-07,30.7,19.9591346,73.7788008,check_required
3409451,Pandav Nagari,12238110,o3,µg/m³,2025-11-08,31.4,19.9591346,73.7788008,check_required
3409451,Pandav Nagari,12238110,o3,µg/m³,2025-11-09,30.4,19.9591346,73.7788008,check_required
3409451,Pandav Nagari,12238110,o3,µg/m³,2025-11-10,34.9,19.9591346,73.7788008,check_required
3409451,Pandav Nagari,12238110,o3,µg/m³,2025-11-11,29.6,19.9591346,73.7788008,check_required
3409451,Pandav Nagari,12238110,o3,µg/m³,2025-11-12,22.0,19.9591346,73.7788008,check_required
3409451,Pandav Nagari,12238110,o3,µg/m³,2025-11-13,20.0,19.9591346,73.7788008,check_required
3409451,Pandav Nagari,12238110,o3,µg/m³,2025-11-14,42.1,19.9591346,73.7788008,check_required
3409451,Pandav Nagari,12238110,o3,µg/m³,2025-11-15,37.8,19.9591346,73.7788008,check_required
3409451,Pandav Nagari,12238110,o3,µg/m³,2025-11-16,45.9,19.9591346,73.7788008,check_required
3409451,Pandav Nagari,12238110,o3,µg/m³,2025-11-17,57.0,19.9591346,73.7788008,check_required
3409451,Pandav Nagari,12238110,o3,µg/m³,2025-11-18,47.4,19.9591346,73.7788008,check_required
3409451,Pandav Nagari,12238110,o3,µg/m³,2025-11-19,48.5,19.9591346,73.7788008,check_required
3409451,Pandav Nagari,12238110,o3,µg/m³,2025-11-20,36.0,19.9591346,73.7788008,check_required
3409451,Pandav Nagari,12238110,o3,µg/m³,2025-11-21,40.4,19.9591346,73.7788008,check_required
3409451,Pandav Nagari,12238110,o3,µg/m³,2025-11-22,37.2,19.9591346,73.7788008,check_required
3409451,Pandav Nagari,12238110,o3,µg/m³,2025-11-23,11.6,19.9591346,73.7788008,check_required
3409451,Pandav Nagari,12238110,o3,µg/m³,2025-11-24,33.5,19.9591346,73.7788008,check_required
3409451,Pandav Nagari,12238110,o3,µg/m³,2025-11-25,33.3,19.9591346,73.7788008,check_required
3409451,Pandav Nagari,12238110,o3,µg/m³,2025-11-26,26.0,19.9591346,73.7788008,check_required
3409451,Pandav Nagari,12238110,o3,µg/m³,2025-11-27,30.7,19.9591346,73.7788008,check_required
3409451,Pandav Nagari,12238110,o3,µg/m³,2025-11-28,38.8,19.9591346,73.7788008,check_required
3409451,Pandav Nagari,12238110,o3,µg/m³,2025-11-29,43.9,19.9591346,73.7788008,check_required
3409451,Pandav Nagari,12238110,o3,µg/m³,2025-11-30,38.8,19.9591346,73.7788008,check_required
3409451,Pandav Nagari,12238110,o3,µg/m³,2025-12-01,44.8,19.9591346,73.7788008,check_required
3409451,Pandav Nagari,12238110,o3,µg/m³,2025-12-02,35.4,19.9591346,73.7788008,check_required
3409451,Pandav Nagari,12238110,o3,µg/m³,2025-12-03,44.1,19.9591346,73.7788008,check_required
3409451,Pandav Nagari,12238110,o3,µg/m³,2025-12-04,45.7,19.9591346,73.7788008,check_required
3409451,Pandav Nagari,12238110,o3,µg/m³,2025-12-05,47.2,19.9591346,73.7788008,check_required
3409451,Pandav Nagari,12238110,o3,µg/m³,2025-12-06,39.7,19.9591346,73.7788008,check_required
3409451,Pandav Nagari,12238110,o3,µg/m³,2025-12-07,45.6,19.9591346,73.7788008,check_required
3409451,Pandav Nagari,12238110,o3,µg/m³,2025-12-08,28.7,19.9591346,73.7788008,check_required
3409451,Pandav Nagari,12238110,o3,µg/m³,2025-12-09,37.8,19.9591346,73.7788008,check_required
3409451,Pandav Nagari,12238110,o3,µg/m³,2025-12-10,32.1,19.9591346,73.7788008,check_required
3409451,Pandav Nagari,12238110,o3,µg/m³,2025-12-11,24.3,19.9591346,73.7788008,check_required
3409451,Pandav Nagari,12238110,o3,µg/m³,2025-12-12,23.3,19.9591346,73.7788008,check_required
3409451,Pandav Nagari,12238110,o3,µg/m³,2025-12-13,46.3,19.9591346,73.7788008,check_required
3409451,Pandav Nagari,12238110,o3,µg/m³,2025-12-14,15.8,19.9591346,73.7788008,check_required
3409451,Pandav Nagari,12238110,o3,µg/m³,2025-12-15,19.6,19.9591346,73.7788008,check_required
3409451,Pandav Nagari,12238110,o3,µg/m³,2025-12-16,37.4,19.9591346,73.7788008,check_required
3409451,Pandav Nagari,12238110,o3,µg/m³,2025-12-17,49.2,19.9591346,73.7788008,check_required
3409451,Pandav Nagari,12238110,o3,µg/m³,2025-12-18,30.9,19.9591346,73.7788008,check_required
3409451,Pandav Nagari,12238110,o3,µg/m³,2025-12-19,18.9,19.9591346,73.7788008,check_required
3409451,Pandav Nagari,12238110,o3,µg/m³,2025-12-20,16.2,19.9591346,73.7788008,check_required
3409451,Pandav Nagari,12238110,o3,µg/m³,2025-12-21,21.1,19.9591346,73.7788008,check_required
3409451,Pandav Nagari,12238110,o3,µg/m³,2025-12-22,30.6,19.9591346,73.7788008,check_required
3409451,Pandav Nagari,12238110,o3,µg/m³,2025-12-23,20.7,19.9591346,73.7788008,check_required
3409451,Pandav Nagari,12238110,o3,µg/m³,2025-12-24,25.3,19.9591346,73.7788008,check_required
3409451,Pandav Nagari,12238110,o3,µg/m³,2025-12-25,34.1,19.9591346,73.7788008,check_required
3409451,Pandav Nagari,12238110,o3,µg/m³,2025-12-26,15.0,19.9591346,73.7788008,check_required
3409451,Pandav Nagari,12238110,o3,µg/m³,2025-12-27,32.8,19.9591346,73.7788008,check_required
3409451,Pandav Nagari,12238110,o3,µg/m³,2025-12-28,20.1,19.9591346,73.7788008,check_required
3409451,Pandav Nagari,12238110,o3,µg/m³,2025-12-29,32.6,19.9591346,73.7788008,check_required
3409451,Pandav Nagari,12238110,o3,µg/m³,2025-12-30,34.1,19.9591346,73.7788008,check_required
3409451,Pandav Nagari,12238110,o3,µg/m³,2025-12-31,29.6,19.9591346,73.7788008,check_required
5592,Gangapur Road,14795,pm10,µg/m³,2019-01-03,223.0,20.0073285,73.7762427,check_required
5592,Gangapur Road,14795,pm10,µg/m³,2019-02-13,65.9,20.0073285,73.7762427,check_required
5592,Gangapur Road,14795,pm10,µg/m³,2019-02-14,61.2,20.0073285,73.7762427,check_required
5592,Gangapur Road,14795,pm10,µg/m³,2019-04-27,86.9,20.0073285,73.7762427,check_required
5592,Gangapur Road,14795,pm10,µg/m³,2019-04-28,96.0,20.0073285,73.7762427,check_required
5592,Gangapur Road,14795,pm10,µg/m³,2019-04-29,99.2,20.0073285,73.7762427,check_required
5592,Gangapur Road,14795,pm10,µg/m³,2019-04-30,88.9,20.0073285,73.7762427,check_required
5592,Gangapur Road,14795,pm10,µg/m³,2019-05-01,133.0,20.0073285,73.7762427,check_required
5592,Gangapur Road,14795,pm10,µg/m³,2019-05-02,111.0,20.0073285,73.7762427,check_required
5592,Gangapur Road,14795,pm10,µg/m³,2019-05-03,75.9,20.0073285,73.7762427,check_required
5592,Gangapur Road,14795,pm10,µg/m³,2019-06-19,88.4,20.0073285,73.7762427,check_required
5592,Gangapur Road,14795,pm10,µg/m³,2019-06-20,85.2,20.0073285,73.7762427,check_required
5592,Gangapur Road,14795,pm10,µg/m³,2019-06-21,69.6,20.0073285,73.7762427,check_required
5592,Gangapur Road,14795,pm10,µg/m³,2019-06-24,76.4,20.0073285,73.7762427,check_required
5592,Gangapur Road,14795,pm10,µg/m³,2019-06-25,53.5,20.0073285,73.7762427,check_required
5592,Gangapur Road,14795,pm10,µg/m³,2019-06-26,44.7,20.0073285,73.7762427,check_required
5592,Gangapur Road,14795,pm10,µg/m³,2019-06-27,20.9,20.0073285,73.7762427,check_required
5592,Gangapur Road,14795,pm10,µg/m³,2019-06-28,15.9,20.0073285,73.7762427,check_required
5592,Gangapur Road,14795,pm10,µg/m³,2019-06-29,18.8,20.0073285,73.7762427,check_required
5592,Gangapur Road,14795,pm10,µg/m³,2019-07-01,6.53,20.0073285,73.7762427,check_required
5592,Gangapur Road,14795,pm10,µg/m³,2019-07-08,17.1,20.0073285,73.7762427,check_required
5592,Gangapur Road,14795,pm10,µg/m³,2019-07-09,28.7,20.0073285,73.7762427,check_required
5592,Gangapur Road,14795,pm10,µg/m³,2019-07-10,26.8,20.0073285,73.7762427,check_required
5592,Gangapur Road,14795,pm10,µg/m³,2019-07-11,33.5,20.0073285,73.7762427,check_required
5592,Gangapur Road,14795,pm10,µg/m³,2019-07-12,33.8,20.0073285,73.7762427,check_required
5592,Gangapur Road,14795,pm10,µg/m³,2019-07-13,46.2,20.0073285,73.7762427,check_required
5592,Gangapur Road,14795,pm10,µg/m³,2019-07-14,38.0,20.0073285,73.7762427,check_required
5592,Gangapur Road,14795,pm10,µg/m³,2019-07-15,80.9,20.0073285,73.7762427,check_required
5592,Gangapur Road,14795,pm10,µg/m³,2019-07-16,104.0,20.0073285,73.7762427,check_required
5592,Gangapur Road,14795,pm10,µg/m³,2019-07-17,98.2,20.0073285,73.7762427,check_required
5592,Gangapur Road,14795,pm10,µg/m³,2019-07-18,98.8,20.0073285,73.7762427,check_required
5592,Gangapur Road,14795,pm10,µg/m³,2019-07-19,67.6,20.0073285,73.7762427,check_required
5592,Gangapur Road,14795,pm10,µg/m³,2019-07-20,18.4,20.0073285,73.7762427,check_required
5592,Gangapur Road,14795,pm10,µg/m³,2019-07-21,27.7,20.0073285,73.7762427,check_required
5592,Gangapur Road,14795,pm10,µg/m³,2019-07-22,25.9,20.0073285,73.7762427,check_required
5592,Gangapur Road,14795,pm10,µg/m³,2019-07-23,30.0,20.0073285,73.7762427,check_required
5592,Gangapur Road,14795,pm10,µg/m³,2019-07-24,24.7,20.0073285,73.7762427,check_required
5592,Gangapur Road,14795,pm10,µg/m³,2019-07-25,19.6,20.0073285,73.7762427,check_required
5592,Gangapur Road,14795,pm10,µg/m³,2019-07-26,39.0,20.0073285,73.7762427,check_required
5592,Gangapur Road,14795,pm10,µg/m³,2019-07-27,30.0,20.0073285,73.7762427,check_required
5592,Gangapur Road,14795,pm10,µg/m³,2019-07-28,119.0,20.0073285,73.7762427,check_required
5592,Gangapur Road,14795,pm10,µg/m³,2019-07-29,38.3,20.0073285,73.7762427,check_required
5592,Gangapur Road,14795,pm10,µg/m³,2019-07-30,17.6,20.0073285,73.7762427,check_required
5592,Gangapur Road,14795,pm10,µg/m³,2019-07-31,27.4,20.0073285,73.7762427,check_required
5592,Gangapur Road,14795,pm10,µg/m³,2019-08-01,24.4,20.0073285,73.7762427,check_required
5592,Gangapur Road,14795,pm10,µg/m³,2019-08-02,20.1,20.0073285,73.7762427,check_required
5592,Gangapur Road,14795,pm10,µg/m³,2019-08-03,18.6,20.0073285,73.7762427,check_required
5592,Gangapur Road,14795,pm10,µg/m³,2019-08-04,40.7,20.0073285,73.7762427,check_required
5592,Gangapur Road,14795,pm10,µg/m³,2019-08-05,25.7,20.0073285,73.7762427,check_required
5592,Gangapur Road,14795,pm10,µg/m³,2019-08-06,27.1,20.0073285,73.7762427,check_required
5592,Gangapur Road,14795,pm10,µg/m³,2019-08-07,32.3,20.0073285,73.7762427,check_required
5592,Gangapur Road,14795,pm10,µg/m³,2019-08-08,46.8,20.0073285,73.7762427,check_required
5592,Gangapur Road,14795,pm10,µg/m³,2019-08-09,30.9,20.0073285,73.7762427,check_required
5592,Gangapur Road,14795,pm10,µg/m³,2019-08-10,37.2,20.0073285,73.7762427,check_required
5592,Gangapur Road,14795,pm10,µg/m³,2019-08-11,35.1,20.0073285,73.7762427,check_required
5592,Gangapur Road,14795,pm10,µg/m³,2019-08-12,68.6,20.0073285,73.7762427,check_required
5592,Gangapur Road,14795,pm10,µg/m³,2019-08-13,62.1,20.0073285,73.7762427,check_required
5592,Gangapur Road,14795,pm10,µg/m³,2019-08-14,42.7,20.0073285,73.7762427,check_required
5592,Gangapur Road,14795,pm10,µg/m³,2019-08-15,30.8,20.0073285,73.7762427,check_required
5592,Gangapur Road,14795,pm10,µg/m³,2019-08-16,26.9,20.0073285,73.7762427,check_required
5592,Gangapur Road,14795,pm10,µg/m³,2019-08-17,42.1,20.0073285,73.7762427,check_required
5592,Gangapur Road,14795,pm10,µg/m³,2019-08-18,40.2,20.0073285,73.7762427,check_required
5592,Gangapur Road,14795,pm10,µg/m³,2019-08-19,33.9,20.0073285,73.7762427,check_required
5592,Gangapur Road,14795,pm10,µg/m³,2019-08-20,32.9,20.0073285,73.7762427,check_required
5592,Gangapur Road,14795,pm10,µg/m³,2019-08-21,43.4,20.0073285,73.7762427,check_required
5592,Gangapur Road,14795,pm10,µg/m³,2019-08-22,55.7,20.0073285,73.7762427,check_required
5592,Gangapur Road,14795,pm10,µg/m³,2019-08-23,41.2,20.0073285,73.7762427,check_required
5592,Gangapur Road,14795,pm10,µg/m³,2019-08-24,30.3,20.0073285,73.7762427,check_required
5592,Gangapur Road,14795,pm10,µg/m³,2019-08-25,22.7,20.0073285,73.7762427,check_required
5592,Gangapur Road,14795,pm10,µg/m³,2019-08-26,25.0,20.0073285,73.7762427,check_required
5592,Gangapur Road,14795,pm10,µg/m³,2019-08-27,60.5,20.0073285,73.7762427,check_required
5592,Gangapur Road,14795,pm10,µg/m³,2019-08-28,58.6,20.0073285,73.7762427,check_required
5592,Gangapur Road,14795,pm10,µg/m³,2019-08-29,35.6,20.0073285,73.7762427,check_required
5592,Gangapur Road,14795,pm10,µg/m³,2019-08-30,23.5,20.0073285,73.7762427,check_required
5592,Gangapur Road,14795,pm10,µg/m³,2019-08-31,23.2,20.0073285,73.7762427,check_required
5592,Gangapur Road,14795,pm10,µg/m³,2019-09-01,16.0,20.0073285,73.7762427,check_required
5592,Gangapur Road,14795,pm10,µg/m³,2019-09-02,27.8,20.0073285,73.7762427,check_required
5592,Gangapur Road,14795,pm10,µg/m³,2019-09-03,29.0,20.0073285,73.7762427,check_required
5592,Gangapur Road,14795,pm10,µg/m³,2019-09-04,26.3,20.0073285,73.7762427,check_required
5592,Gangapur Road,14795,pm10,µg/m³,2019-09-05,14.4,20.0073285,73.7762427,check_required
5592,Gangapur Road,14795,pm10,µg/m³,2019-09-06,16.1,20.0073285,73.7762427,check_required
5592,Gangapur Road,14795,pm10,µg/m³,2019-09-07,19.6,20.0073285,73.7762427,check_required
5592,Gangapur Road,14795,pm10,µg/m³,2019-09-08,10.9,20.0073285,73.7762427,check_required
5592,Gangapur Road,14795,pm10,µg/m³,2019-09-09,13.4,20.0073285,73.7762427,check_required
5592,Gangapur Road,14795,pm10,µg/m³,2019-09-10,12.1,20.0073285,73.7762427,check_required
5592,Gangapur Road,14795,pm10,µg/m³,2019-09-11,28.0,20.0073285,73.7762427,check_required
5592,Gangapur Road,14795,pm10,µg/m³,2019-09-12,31.1,20.0073285,73.7762427,check_required
5592,Gangapur Road,14795,pm10,µg/m³,2019-09-13,30.4,20.0073285,73.7762427,check_required
5592,Gangapur Road,14795,pm10,µg/m³,2019-09-14,22.3,20.0073285,73.7762427,check_required
5592,Gangapur Road,14795,pm10,µg/m³,2019-09-15,30.8,20.0073285,73.7762427,check_required
5592,Gangapur Road,14795,pm10,µg/m³,2019-09-16,42.4,20.0073285,73.7762427,check_required
5592,Gangapur Road,14795,pm10,µg/m³,2019-09-17,39.0,20.0073285,73.7762427,check_required
5592,Gangapur Road,14795,pm10,µg/m³,2019-09-18,52.8,20.0073285,73.7762427,check_required
5592,Gangapur Road,14795,pm10,µg/m³,2019-09-19,34.6,20.0073285,73.7762427,check_required
5592,Gangapur Road,14795,pm10,µg/m³,2019-09-20,40.0,20.0073285,73.7762427,check_required
5592,Gangapur Road,14795,pm10,µg/m³,2019-09-21,50.3,20.0073285,73.7762427,check_required
5592,Gangapur Road,14795,pm10,µg/m³,2019-09-22,46.8,20.0073285,73.7762427,check_required
5592,Gangapur Road,14795,pm10,µg/m³,2019-09-23,46.7,20.0073285,73.7762427,check_required
5592,Gangapur Road,14795,pm10,µg/m³,2019-09-24,42.9,20.0073285,73.7762427,check_required
5592,Gangapur Road,14795,pm10,µg/m³,2019-09-25,36.8,20.0073285,73.7762427,check_required
5592,Gangapur Road,14795,pm10,µg/m³,2019-09-26,24.9,20.0073285,73.7762427,check_required
5592,Gangapur Road,14795,pm10,µg/m³,2019-09-27,16.8,20.0073285,73.7762427,check_required
5592,Gangapur Road,14795,pm10,µg/m³,2019-09-28,23.2,20.0073285,73.7762427,check_required
5592,Gangapur Road,14795,pm10,µg/m³,2019-09-29,33.7,20.0073285,73.7762427,check_required
5592,Gangapur Road,14795,pm10,µg/m³,2019-09-30,31.2,20.0073285,73.7762427,check_required
5592,Gangapur Road,14795,pm10,µg/m³,2019-10-01,28.8,20.0073285,73.7762427,check_required
5592,Gangapur Road,14795,pm10,µg/m³,2019-10-02,19.5,20.0073285,73.7762427,check_required
5592,Gangapur Road,14795,pm10,µg/m³,2019-10-03,26.1,20.0073285,73.7762427,check_required
5592,Gangapur Road,14795,pm10,µg/m³,2019-10-04,42.3,20.0073285,73.7762427,check_required
5592,Gangapur Road,14795,pm10,µg/m³,2019-10-05,37.0,20.0073285,73.7762427,check_required
5592,Gangapur Road,14795,pm10,µg/m³,2019-10-06,25.9,20.0073285,73.7762427,check_required
5592,Gangapur Road,14795,pm10,µg/m³,2019-10-07,51.9,20.0073285,73.7762427,check_required
5592,Gangapur Road,14795,pm10,µg/m³,2019-10-08,47.6,20.0073285,73.7762427,check_required
5592,Gangapur Road,14795,pm10,µg/m³,2019-10-09,54.3,20.0073285,73.7762427,check_required
5592,Gangapur Road,14795,pm10,µg/m³,2019-10-10,38.9,20.0073285,73.7762427,check_required
5592,Gangapur Road,14795,pm10,µg/m³,2019-10-11,65.9,20.0073285,73.7762427,check_required
5592,Gangapur Road,14795,pm10,µg/m³,2019-10-12,58.4,20.0073285,73.7762427,check_required
5592,Gangapur Road,14795,pm10,µg/m³,2019-10-13,67.8,20.0073285,73.7762427,check_required
5592,Gangapur Road,14795,pm10,µg/m³,2019-10-14,55.3,20.0073285,73.7762427,check_required
5592,Gangapur Road,14795,pm10,µg/m³,2019-10-15,71.1,20.0073285,73.7762427,check_required
5592,Gangapur Road,14795,pm10,µg/m³,2019-10-16,72.9,20.0073285,73.7762427,check_required
5592,Gangapur Road,14795,pm10,µg/m³,2019-10-17,87.0,20.0073285,73.7762427,check_required
5592,Gangapur Road,14795,pm10,µg/m³,2019-10-18,89.2,20.0073285,73.7762427,check_required
5592,Gangapur Road,14795,pm10,µg/m³,2019-10-19,16.1,20.0073285,73.7762427,check_required
5592,Gangapur Road,14795,pm10,µg/m³,2019-10-20,19.2,20.0073285,73.7762427,check_required
5592,Gangapur Road,14795,pm10,µg/m³,2019-10-21,34.6,20.0073285,73.7762427,check_required
5592,Gangapur Road,14795,pm10,µg/m³,2019-10-22,31.4,20.0073285,73.7762427,check_required
5592,Gangapur Road,14795,pm10,µg/m³,2019-10-23,19.9,20.0073285,73.7762427,check_required
5592,Gangapur Road,14795,pm10,µg/m³,2019-10-24,34.5,20.0073285,73.7762427,check_required
5592,Gangapur Road,14795,pm10,µg/m³,2019-10-25,35.0,20.0073285,73.7762427,check_required
5592,Gangapur Road,14795,pm10,µg/m³,2019-10-26,30.8,20.0073285,73.7762427,check_required
5592,Gangapur Road,14795,pm10,µg/m³,2019-10-27,70.0,20.0073285,73.7762427,check_required
5592,Gangapur Road,14795,pm10,µg/m³,2019-10-28,53.4,20.0073285,73.7762427,check_required
5592,Gangapur Road,14795,pm10,µg/m³,2019-10-29,33.6,20.0073285,73.7762427,check_required
5592,Gangapur Road,14795,pm10,µg/m³,2019-10-30,39.7,20.0073285,73.7762427,check_required
5592,Gangapur Road,14795,pm10,µg/m³,2019-11-11,80.7,20.0073285,73.7762427,check_required
5592,Gangapur Road,14795,pm10,µg/m³,2019-11-12,104.0,20.0073285,73.7762427,check_required
5592,Gangapur Road,14795,pm10,µg/m³,2019-11-13,89.4,20.0073285,73.7762427,check_required
5592,Gangapur Road,14795,pm10,µg/m³,2019-11-14,98.4,20.0073285,73.7762427,check_required
5592,Gangapur Road,14795,pm10,µg/m³,2019-11-15,94.6,20.0073285,73.7762427,check_required
5592,Gangapur Road,14795,pm10,µg/m³,2019-11-16,82.7,20.0073285,73.7762427,check_required
5592,Gangapur Road,14795,pm10,µg/m³,2019-11-17,72.5,20.0073285,73.7762427,check_required
5592,Gangapur Road,14795,pm10,µg/m³,2019-11-18,96.6,20.0073285,73.7762427,check_required
5592,Gangapur Road,14795,pm10,µg/m³,2019-11-19,105.0,20.0073285,73.7762427,check_required
5592,Gangapur Road,14795,pm10,µg/m³,2019-11-20,105.0,20.0073285,73.7762427,check_required
5592,Gangapur Road,14795,pm10,µg/m³,2019-11-21,99.9,20.0073285,73.7762427,check_required
5592,Gangapur Road,14795,pm10,µg/m³,2019-11-22,104.0,20.0073285,73.7762427,check_required
5592,Gangapur Road,14795,pm10,µg/m³,2019-11-23,114.0,20.0073285,73.7762427,check_required
5592,Gangapur Road,14795,pm10,µg/m³,2019-11-24,111.0,20.0073285,73.7762427,check_required
5592,Gangapur Road,14795,pm10,µg/m³,2019-11-25,105.0,20.0073285,73.7762427,check_required
5592,Gangapur Road,14795,pm10,µg/m³,2019-11-26,96.2,20.0073285,73.7762427,check_required
5592,Gangapur Road,14795,pm10,µg/m³,2019-11-27,87.9,20.0073285,73.7762427,check_required
5592,Gangapur Road,14795,pm10,µg/m³,2019-11-28,106.0,20.0073285,73.7762427,check_required
5592,Gangapur Road,14795,pm10,µg/m³,2019-11-29,102.0,20.0073285,73.7762427,check_required
5592,Gangapur Road,14795,pm10,µg/m³,2019-11-30,91.7,20.0073285,73.7762427,check_required
5592,Gangapur Road,14795,pm10,µg/m³,2019-12-01,87.9,20.0073285,73.7762427,check_required
5592,Gangapur Road,14795,pm10,µg/m³,2019-12-02,78.9,20.0073285,73.7762427,check_required
5592,Gangapur Road,14795,pm10,µg/m³,2019-12-03,64.3,20.0073285,73.7762427,check_required
5592,Gangapur Road,14795,pm10,µg/m³,2019-12-04,76.7,20.0073285,73.7762427,check_required
5592,Gangapur Road,14795,pm10,µg/m³,2019-12-05,96.4,20.0073285,73.7762427,check_required
5592,Gangapur Road,14795,pm10,µg/m³,2019-12-06,80.3,20.0073285,73.7762427,check_required
5592,Gangapur Road,14795,pm10,µg/m³,2019-12-07,86.2,20.0073285,73.7762427,check_required
5592,Gangapur Road,14795,pm10,µg/m³,2019-12-08,90.3,20.0073285,73.7762427,check_required
5592,Gangapur Road,14795,pm10,µg/m³,2019-12-10,115.0,20.0073285,73.7762427,check_required
5592,Gangapur Road,14795,pm10,µg/m³,2019-12-11,109.0,20.0073285,73.7762427,check_required
5592,Gangapur Road,14795,pm10,µg/m³,2019-12-12,128.0,20.0073285,73.7762427,check_required
5592,Gangapur Road,14795,pm10,µg/m³,2019-12-13,102.0,20.0073285,73.7762427,check_required
5592,Gangapur Road,14795,pm10,µg/m³,2019-12-14,82.8,20.0073285,73.7762427,check_required
5592,Gangapur Road,14795,pm10,µg/m³,2019-12-15,78.8,20.0073285,73.7762427,check_required
5592,Gangapur Road,14795,pm10,µg/m³,2019-12-16,83.4,20.0073285,73.7762427,check_required
5592,Gangapur Road,14795,pm10,µg/m³,2019-12-17,82.4,20.0073285,73.7762427,check_required
5592,Gangapur Road,14795,pm10,µg/m³,2019-12-18,106.0,20.0073285,73.7762427,check_required
5592,Gangapur Road,14795,pm10,µg/m³,2019-12-19,110.0,20.0073285,73.7762427,check_required
5592,Gangapur Road,14795,pm10,µg/m³,2019-12-20,121.0,20.0073285,73.7762427,check_required
5592,Gangapur Road,14795,pm10,µg/m³,2019-12-21,113.0,20.0073285,73.7762427,check_required
5592,Gangapur Road,14795,pm10,µg/m³,2019-12-22,122.0,20.0073285,73.7762427,check_required
5592,Gangapur Road,14795,pm10,µg/m³,2019-12-23,115.0,20.0073285,73.7762427,check_required
5592,Gangapur Road,14795,pm10,µg/m³,2019-12-24,114.0,20.0073285,73.7762427,check_required
5592,Gangapur Road,14795,pm10,µg/m³,2019-12-25,94.3,20.0073285,73.7762427,check_required
5592,Gangapur Road,14795,pm10,µg/m³,2019-12-26,90.4,20.0073285,73.7762427,check_required
5592,Gangapur Road,14795,pm10,µg/m³,2019-12-27,78.6,20.0073285,73.7762427,check_required
5592,Gangapur Road,14795,pm10,µg/m³,2019-12-28,55.6,20.0073285,73.7762427,check_required
5592,Gangapur Road,14795,pm10,µg/m³,2019-12-29,58.1,20.0073285,73.7762427,check_required
5592,Gangapur Road,14795,pm10,µg/m³,2019-12-30,35.1,20.0073285,73.7762427,check_required
5592,Gangapur Road,14795,pm10,µg/m³,2019-12-31,16.3,20.0073285,73.7762427,check_required
5592,Gangapur Road,14795,pm10,µg/m³,2020-01-01,147.0,20.0073285,73.7762427,check_required
5592,Gangapur Road,14795,pm10,µg/m³,2020-01-02,114.0,20.0073285,73.7762427,check_required
5592,Gangapur Road,14795,pm10,µg/m³,2020-01-03,72.0,20.0073285,73.7762427,check_required
5592,Gangapur Road,14795,pm10,µg/m³,2020-01-04,91.6,20.0073285,73.7762427,check_required
5592,Gangapur Road,14795,pm10,µg/m³,2020-01-05,79.9,20.0073285,73.7762427,check_required
5592,Gangapur Road,14795,pm10,µg/m³,2020-01-06,94.6,20.0073285,73.7762427,check_required
5592,Gangapur Road,14795,pm10,µg/m³,2020-01-07,117.0,20.0073285,73.7762427,check_required
5592,Gangapur Road,14795,pm10,µg/m³,2020-01-08,74.7,20.0073285,73.7762427,check_required
5592,Gangapur Road,14795,pm10,µg/m³,2020-01-09,81.0,20.0073285,73.7762427,check_required
5592,Gangapur Road,14795,pm10,µg/m³,2020-01-10,79.5,20.0073285,73.7762427,check_required
5592,Gangapur Road,14795,pm10,µg/m³,2020-01-11,93.1,20.0073285,73.7762427,check_required
5592,Gangapur Road,14795,pm10,µg/m³,2020-01-12,113.0,20.0073285,73.7762427,check_required
5592,Gangapur Road,14795,pm10,µg/m³,2020-01-13,92.5,20.0073285,73.7762427,check_required
5592,Gangapur Road,14795,pm10,µg/m³,2020-01-14,64.0,20.0073285,73.7762427,check_required
5592,Gangapur Road,14795,pm10,µg/m³,2020-01-15,57.5,20.0073285,73.7762427,check_required
5592,Gangapur Road,14795,pm10,µg/m³,2020-01-16,62.5,20.0073285,73.7762427,check_required
5592,Gangapur Road,14795,pm10,µg/m³,2020-01-17,51.4,20.0073285,73.7762427,check_required
5592,Gangapur Road,14795,pm10,µg/m³,2020-01-18,94.1,20.0073285,73.7762427,check_required
5592,Gangapur Road,14795,pm10,µg/m³,2020-01-19,92.8,20.0073285,73.7762427,check_required
5592,Gangapur Road,14795,pm10,µg/m³,2020-01-20,91.7,20.0073285,73.7762427,check_required
5592,Gangapur Road,14795,pm10,µg/m³,2020-01-21,88.2,20.0073285,73.7762427,check_required
5592,Gangapur Road,14795,pm10,µg/m³,2020-01-22,82.5,20.0073285,73.7762427,check_required
5592,Gangapur Road,14795,pm10,µg/m³,2020-01-23,90.1,20.0073285,73.7762427,check_required
5592,Gangapur Road,14795,pm10,µg/m³,2020-01-24,89.4,20.0073285,73.7762427,check_required
5592,Gangapur Road,14795,pm10,µg/m³,2020-01-25,82.7,20.0073285,73.7762427,check_required
5592,Gangapur Road,14795,pm10,µg/m³,2020-01-26,96.0,20.0073285,73.7762427,check_required
5592,Gangapur Road,14795,pm10,µg/m³,2020-01-27,149.0,20.0073285,73.7762427,check_required
5592,Gangapur Road,14795,pm10,µg/m³,2020-01-28,105.0,20.0073285,73.7762427,check_required
5592,Gangapur Road,14795,pm10,µg/m³,2020-01-29,71.0,20.0073285,73.7762427,check_required
5592,Gangapur Road,14795,pm10,µg/m³,2020-01-30,80.2,20.0073285,73.7762427,check_required
5592,Gangapur Road,14795,pm10,µg/m³,2020-01-31,83.7,20.0073285,73.7762427,check_required
5592,Gangapur Road,14795,pm10,µg/m³,2020-02-01,77.9,20.0073285,73.7762427,check_required
5592,Gangapur Road,14795,pm10,µg/m³,2020-02-02,78.3,20.0073285,73.7762427,check_required
5592,Gangapur Road,14795,pm10,µg/m³,2020-02-03,123.0,20.0073285,73.7762427,check_required
5592,Gangapur Road,14795,pm10,µg/m³,2020-02-04,98.5,20.0073285,73.7762427,check_required
5592,Gangapur Road,14795,pm10,µg/m³,2020-02-05,106.0,20.0073285,73.7762427,check_required
5592,Gangapur Road,14795,pm10,µg/m³,2020-02-06,95.7,20.0073285,73.7762427,check_required
5592,Gangapur Road,14795,pm10,µg/m³,2020-02-07,52.4,20.0073285,73.7762427,check_required
5592,Gangapur Road,14795,pm10,µg/m³,2020-02-08,87.4,20.0073285,73.7762427,check_required
5592,Gangapur Road,14795,pm10,µg/m³,2020-02-09,84.0,20.0073285,73.7762427,check_required
5592,Gangapur Road,14795,pm10,µg/m³,2020-02-10,80.5,20.0073285,73.7762427,check_required
5592,Gangapur Road,14795,pm10,µg/m³,2020-02-11,76.2,20.0073285,73.7762427,check_required
5592,Gangapur Road,14795,pm10,µg/m³,2020-02-12,67.7,20.0073285,73.7762427,check_required
5592,Gangapur Road,14795,pm10,µg/m³,2020-02-13,110.0,20.0073285,73.7762427,check_required
5592,Gangapur Road,14795,pm10,µg/m³,2020-02-14,93.6,20.0073285,73.7762427,check_required
5592,Gangapur Road,14795,pm10,µg/m³,2020-02-15,81.7,20.0073285,73.7762427,check_required
5592,Gangapur Road,14795,pm10,µg/m³,2020-02-16,97.5,20.0073285,73.7762427,check_required
5592,Gangapur Road,14795,pm10,µg/m³,2020-02-17,120.0,20.0073285,73.7762427,check_required
5592,Gangapur Road,14795,pm10,µg/m³,2020-02-18,90.7,20.0073285,73.7762427,check_required
5592,Gangapur Road,14795,pm10,µg/m³,2020-02-19,59.2,20.0073285,73.7762427,check_required
5592,Gangapur Road,14795,pm10,µg/m³,2020-02-20,86.9,20.0073285,73.7762427,check_required
5592,Gangapur Road,14795,pm10,µg/m³,2020-02-21,66.4,20.0073285,73.7762427,check_required
5592,Gangapur Road,14795,pm10,µg/m³,2020-02-22,70.4,20.0073285,73.7762427,check_required
5592,Gangapur Road,14795,pm10,µg/m³,2020-02-23,71.4,20.0073285,73.7762427,check_required
5592,Gangapur Road,14795,pm10,µg/m³,2020-02-24,89.3,20.0073285,73.7762427,check_required
5592,Gangapur Road,14795,pm10,µg/m³,2020-02-25,69.8,20.0073285,73.7762427,check_required
5592,Gangapur Road,14795,pm10,µg/m³,2020-02-26,81.3,20.0073285,73.7762427,check_required
5592,Gangapur Road,14795,pm10,µg/m³,2020-02-27,85.0,20.0073285,73.7762427,check_required
5592,Gangapur Road,14795,pm10,µg/m³,2020-02-28,98.4,20.0073285,73.7762427,check_required
5592,Gangapur Road,14795,pm10,µg/m³,2020-02-29,106.0,20.0073285,73.7762427,check_required
5592,Gangapur Road,14795,pm10,µg/m³,2020-03-01,61.6,20.0073285,73.7762427,check_required
5592,Gangapur Road,14795,pm10,µg/m³,2020-03-02,125.0,20.0073285,73.7762427,check_required
5592,Gangapur Road,14795,pm10,µg/m³,2020-03-03,122.0,20.0073285,73.7762427,check_required
5592,Gangapur Road,14795,pm10,µg/m³,2020-03-04,116.0,20.0073285,73.7762427,check_required
5592,Gangapur Road,14795,pm10,µg/m³,2020-03-05,119.0,20.0073285,73.7762427,check_required
5592,Gangapur Road,14795,pm10,µg/m³,2020-03-06,116.0,20.0073285,73.7762427,check_required
5592,Gangapur Road,14795,pm10,µg/m³,2020-03-07,64.8,20.0073285,73.7762427,check_required
5592,Gangapur Road,14795,pm10,µg/m³,2020-03-08,70.5,20.0073285,73.7762427,check_required
5592,Gangapur Road,14795,pm10,µg/m³,2020-03-09,104.0,20.0073285,73.7762427,check_required
5592,Gangapur Road,14795,pm10,µg/m³,2020-03-10,67.1,20.0073285,73.7762427,check_required
5592,Gangapur Road,14795,pm10,µg/m³,2020-03-11,101.0,20.0073285,73.7762427,check_required
5592,Gangapur Road,14795,pm10,µg/m³,2020-03-12,88.0,20.0073285,73.7762427,check_required
5592,Gangapur Road,14795,pm10,µg/m³,2020-03-13,51.1,20.0073285,73.7762427,check_required
5592,Gangapur Road,14795,pm10,µg/m³,2020-03-14,84.0,20.0073285,73.7762427,check_required
5592,Gangapur Road,14795,pm10,µg/m³,2020-03-15,101.0,20.0073285,73.7762427,check_required
5592,Gangapur Road,14795,pm10,µg/m³,2020-03-16,86.8,20.0073285,73.7762427,check_required
5592,Gangapur Road,14795,pm10,µg/m³,2020-03-17,72.1,20.0073285,73.7762427,check_required
5592,Gangapur Road,14795,pm10,µg/m³,2020-03-18,67.3,20.0073285,73.7762427,check_required
5592,Gangapur Road,14795,pm10,µg/m³,2020-03-19,44.6,20.0073285,73.7762427,check_required
5592,Gangapur Road,14795,pm10,µg/m³,2020-03-20,85.3,20.0073285,73.7762427,check_required
5592,Gangapur Road,14795,pm10,µg/m³,2020-03-21,54.5,20.0073285,73.7762427,check_required
5592,Gangapur Road,14795,pm10,µg/m³,2020-03-22,43.2,20.0073285,73.7762427,check_required
5592,Gangapur Road,14795,pm10,µg/m³,2020-03-23,53.2,20.0073285,73.7762427,check_required
5592,Gangapur Road,14795,pm10,µg/m³,2020-03-24,68.2,20.0073285,73.7762427,check_required
5592,Gangapur Road,14795,pm10,µg/m³,2020-03-25,51.8,20.0073285,73.7762427,check_required
5592,Gangapur Road,14795,pm10,µg/m³,2020-03-26,30.8,20.0073285,73.7762427,check_required
5592,Gangapur Road,14795,pm10,µg/m³,2020-03-27,49.6,20.0073285,73.7762427,check_required
5592,Gangapur Road,14795,pm10,µg/m³,2020-03-28,41.2,20.0073285,73.7762427,check_required
5592,Gangapur Road,14795,pm10,µg/m³,2020-03-29,47.1,20.0073285,73.7762427,check_required
5592,Gangapur Road,14795,pm10,µg/m³,2020-03-30,46.7,20.0073285,73.7762427,check_required
5592,Gangapur Road,14795,pm10,µg/m³,2020-03-31,39.8,20.0073285,73.7762427,check_required
5592,Gangapur Road,14795,pm10,µg/m³,2020-04-01,32.7,20.0073285,73.7762427,check_required
5592,Gangapur Road,14795,pm10,µg/m³,2020-04-02,53.2,20.0073285,73.7762427,check_required
5592,Gangapur Road,14795,pm10,µg/m³,2020-04-03,70.0,20.0073285,73.7762427,check_required
5592,Gangapur Road,14795,pm10,µg/m³,2020-04-04,42.4,20.0073285,73.7762427,check_required
5592,Gangapur Road,14795,pm10,µg/m³,2020-04-05,49.2,20.0073285,73.7762427,check_required
5592,Gangapur Road,14795,pm10,µg/m³,2020-04-06,54.1,20.0073285,73.7762427,check_required
5592,Gangapur Road,14795,pm10,µg/m³,2020-04-07,50.0,20.0073285,73.7762427,check_required
5592,Gangapur Road,14795,pm10,µg/m³,2020-04-08,67.1,20.0073285,73.7762427,check_required
5592,Gangapur Road,14795,pm10,µg/m³,2020-04-09,67.6,20.0073285,73.7762427,check_required
5592,Gangapur Road,14795,pm10,µg/m³,2020-04-10,64.4,20.0073285,73.7762427,check_required
5592,Gangapur Road,14795,pm10,µg/m³,2020-04-11,55.9,20.0073285,73.7762427,check_required
5592,Gangapur Road,14795,pm10,µg/m³,2020-04-12,57.3,20.0073285,73.7762427,check_required
5592,Gangapur Road,14795,pm10,µg/m³,2020-04-13,55.6,20.0073285,73.7762427,check_required
5592,Gangapur Road,14795,pm10,µg/m³,2020-04-14,53.4,20.0073285,73.7762427,check_required
5592,Gangapur Road,14795,pm10,µg/m³,2020-04-15,52.4,20.0073285,73.7762427,check_required
5592,Gangapur Road,14795,pm10,µg/m³,2020-04-16,49.9,20.0073285,73.7762427,check_required
5592,Gangapur Road,14795,pm10,µg/m³,2020-04-17,50.4,20.0073285,73.7762427,check_required
5592,Gangapur Road,14795,pm10,µg/m³,2020-04-18,51.3,20.0073285,73.7762427,check_required
5592,Gangapur Road,14795,pm10,µg/m³,2020-04-19,57.8,20.0073285,73.7762427,check_required
5592,Gangapur Road,14795,pm10,µg/m³,2020-04-20,46.2,20.0073285,73.7762427,check_required
5592,Gangapur Road,14795,pm10,µg/m³,2020-04-21,43.2,20.0073285,73.7762427,check_required
5592,Gangapur Road,14795,pm10,µg/m³,2020-04-22,46.7,20.0073285,73.7762427,check_required
5592,Gangapur Road,14795,pm10,µg/m³,2020-04-23,52.0,20.0073285,73.7762427,check_required
5592,Gangapur Road,14795,pm10,µg/m³,2020-04-24,35.4,20.0073285,73.7762427,check_required
5592,Gangapur Road,14795,pm10,µg/m³,2020-04-26,42.5,20.0073285,73.7762427,check_required
5592,Gangapur Road,14795,pm10,µg/m³,2020-04-27,43.3,20.0073285,73.7762427,check_required
5592,Gangapur Road,14795,pm10,µg/m³,2020-04-28,53.6,20.0073285,73.7762427,check_required
5592,Gangapur Road,14795,pm10,µg/m³,2020-04-29,63.6,20.0073285,73.7762427,check_required
5592,Gangapur Road,14795,pm10,µg/m³,2020-04-30,54.5,20.0073285,73.7762427,check_required
5592,Gangapur Road,14795,pm10,µg/m³,2020-05-01,53.5,20.0073285,73.7762427,check_required
5592,Gangapur Road,14795,pm10,µg/m³,2020-05-02,44.1,20.0073285,73.7762427,check_required
5592,Gangapur Road,14795,pm10,µg/m³,2020-05-03,37.1,20.0073285,73.7762427,check_required
5592,Gangapur Road,14795,pm10,µg/m³,2020-05-04,35.6,20.0073285,73.7762427,check_required
5592,Gangapur Road,14795,pm10,µg/m³,2020-05-05,58.1,20.0073285,73.7762427,check_required
5592,Gangapur Road,14795,pm10,µg/m³,2020-05-06,78.1,20.0073285,73.7762427,check_required
5592,Gangapur Road,14795,pm10,µg/m³,2020-05-07,62.8,20.0073285,73.7762427,check_required
5592,Gangapur Road,14795,pm10,µg/m³,2020-05-08,49.3,20.0073285,73.7762427,check_required
5592,Gangapur Road,14795,pm10,µg/m³,2020-05-09,44.9,20.0073285,73.7762427,check_required
5592,Gangapur Road,14795,pm10,µg/m³,2020-05-10,46.4,20.0073285,73.7762427,check_required
5592,Gangapur Road,14795,pm10,µg/m³,2020-05-11,41.6,20.0073285,73.7762427,check_required
5592,Gangapur Road,14795,pm10,µg/m³,2020-05-12,40.2,20.0073285,73.7762427,check_required
5592,Gangapur Road,14795,pm10,µg/m³,2020-05-13,54.7,20.0073285,73.7762427,check_required
5592,Gangapur Road,14795,pm10,µg/m³,2020-05-14,49.7,20.0073285,73.7762427,check_required
5592,Gangapur Road,14795,pm10,µg/m³,2020-05-15,51.2,20.0073285,73.7762427,check_required
5592,Gangapur Road,14795,pm10,µg/m³,2020-05-16,68.1,20.0073285,73.7762427,check_required
5592,Gangapur Road,14795,pm10,µg/m³,2020-05-17,103.0,20.0073285,73.7762427,check_required
5592,Gangapur Road,14795,pm10,µg/m³,2020-05-18,68.2,20.0073285,73.7762427,check_required
5592,Gangapur Road,14795,pm10,µg/m³,2020-05-19,40.9,20.0073285,73.7762427,check_required
5592,Gangapur Road,14795,pm10,µg/m³,2020-05-20,35.0,20.0073285,73.7762427,check_required
5592,Gangapur Road,14795,pm10,µg/m³,2020-05-21,40.4,20.0073285,73.7762427,check_required
5592,Gangapur Road,14795,pm10,µg/m³,2020-05-22,38.4,20.0073285,73.7762427,check_required
5592,Gangapur Road,14795,pm10,µg/m³,2020-05-23,40.3,20.0073285,73.7762427,check_required
5592,Gangapur Road,14795,pm10,µg/m³,2020-05-24,35.1,20.0073285,73.7762427,check_required
5592,Gangapur Road,14795,pm10,µg/m³,2020-05-25,53.0,20.0073285,73.7762427,check_required
5592,Gangapur Road,14795,pm10,µg/m³,2020-05-26,41.3,20.0073285,73.7762427,check_required
5592,Gangapur Road,14795,pm10,µg/m³,2020-05-27,41.2,20.0073285,73.7762427,check_required
5592,Gangapur Road,14795,pm10,µg/m³,2020-05-28,33.6,20.0073285,73.7762427,check_required
5592,Gangapur Road,14795,pm10,µg/m³,2020-05-29,26.6,20.0073285,73.7762427,check_required
5592,Gangapur Road,14795,pm10,µg/m³,2020-05-30,16.4,20.0073285,73.7762427,check_required
5592,Gangapur Road,14795,pm10,µg/m³,2020-05-31,42.6,20.0073285,73.7762427,check_required
5592,Gangapur Road,14795,pm10,µg/m³,2020-06-01,27.8,20.0073285,73.7762427,check_required
5592,Gangapur Road,14795,pm10,µg/m³,2020-06-04,25.8,20.0073285,73.7762427,check_required
5592,Gangapur Road,14795,pm10,µg/m³,2020-06-05,27.6,20.0073285,73.7762427,check_required
5592,Gangapur Road,14795,pm10,µg/m³,2020-06-06,21.5,20.0073285,73.7762427,check_required
5592,Gangapur Road,14795,pm10,µg/m³,2020-06-07,14.1,20.0073285,73.7762427,check_required
5592,Gangapur Road,14795,pm10,µg/m³,2020-06-08,18.4,20.0073285,73.7762427,check_required
5592,Gangapur Road,14795,pm10,µg/m³,2020-06-09,22.0,20.0073285,73.7762427,check_required
5592,Gangapur Road,14795,pm10,µg/m³,2020-06-10,17.0,20.0073285,73.7762427,check_required
5592,Gangapur Road,14795,pm10,µg/m³,2020-06-11,14.3,20.0073285,73.7762427,check_required
5592,Gangapur Road,14795,pm10,µg/m³,2020-06-12,14.3,20.0073285,73.7762427,check_required
5592,Gangapur Road,14795,pm10,µg/m³,2020-06-13,18.9,20.0073285,73.7762427,check_required
5592,Gangapur Road,14795,pm10,µg/m³,2020-06-14,16.0,20.0073285,73.7762427,check_required
5592,Gangapur Road,14795,pm10,µg/m³,2020-06-15,17.5,20.0073285,73.7762427,check_required
5592,Gangapur Road,14795,pm10,µg/m³,2020-06-16,26.4,20.0073285,73.7762427,check_required
5592,Gangapur Road,14795,pm10,µg/m³,2020-06-17,16.9,20.0073285,73.7762427,check_required
5592,Gangapur Road,14795,pm10,µg/m³,2020-06-18,21.0,20.0073285,73.7762427,check_required
5592,Gangapur Road,14795,pm10,µg/m³,2020-06-19,38.9,20.0073285,73.7762427,check_required
5592,Gangapur Road,14795,pm10,µg/m³,2020-06-20,40.0,20.0073285,73.7762427,check_required
5592,Gangapur Road,14795,pm10,µg/m³,2020-06-21,31.5,20.0073285,73.7762427,check_required
5592,Gangapur Road,14795,pm10,µg/m³,2020-06-22,37.1,20.0073285,73.7762427,check_required
5592,Gangapur Road,14795,pm10,µg/m³,2020-06-23,42.8,20.0073285,73.7762427,check_required
5592,Gangapur Road,14795,pm10,µg/m³,2020-06-24,35.9,20.0073285,73.7762427,check_required
5592,Gangapur Road,14795,pm10,µg/m³,2020-06-25,26.1,20.0073285,73.7762427,check_required
5592,Gangapur Road,14795,pm10,µg/m³,2020-06-26,23.8,20.0073285,73.7762427,check_required
5592,Gangapur Road,14795,pm10,µg/m³,2020-06-27,26.6,20.0073285,73.7762427,check_required
5592,Gangapur Road,14795,pm10,µg/m³,2020-06-28,27.6,20.0073285,73.7762427,check_required
5592,Gangapur Road,14795,pm10,µg/m³,2020-06-29,23.2,20.0073285,73.7762427,check_required
5592,Gangapur Road,14795,pm10,µg/m³,2020-06-30,17.8,20.0073285,73.7762427,check_required
5592,Gangapur Road,14795,pm10,µg/m³,2020-07-01,15.0,20.0073285,73.7762427,check_required
5592,Gangapur Road,14795,pm10,µg/m³,2020-07-02,21.1,20.0073285,73.7762427,check_required
5592,Gangapur Road,14795,pm10,µg/m³,2020-07-03,19.2,20.0073285,73.7762427,check_required
5592,Gangapur Road,14795,pm10,µg/m³,2020-07-04,13.1,20.0073285,73.7762427,check_required
5592,Gangapur Road,14795,pm10,µg/m³,2020-07-05,19.0,20.0073285,73.7762427,check_required
5592,Gangapur Road,14795,pm10,µg/m³,2020-07-06,17.7,20.0073285,73.7762427,check_required
5592,Gangapur Road,14795,pm10,µg/m³,2020-07-07,19.3,20.0073285,73.7762427,check_required
5592,Gangapur Road,14795,pm10,µg/m³,2020-07-08,25.2,20.0073285,73.7762427,check_required
5592,Gangapur Road,14795,pm10,µg/m³,2020-07-09,29.4,20.0073285,73.7762427,check_required
5592,Gangapur Road,14795,pm10,µg/m³,2020-07-10,32.8,20.0073285,73.7762427,check_required
5592,Gangapur Road,14795,pm10,µg/m³,2020-07-11,29.8,20.0073285,73.7762427,check_required
5592,Gangapur Road,14795,pm10,µg/m³,2020-07-12,20.9,20.0073285,73.7762427,check_required
5592,Gangapur Road,14795,pm10,µg/m³,2020-07-13,20.7,20.0073285,73.7762427,check_required
5592,Gangapur Road,14795,pm10,µg/m³,2020-07-14,18.8,20.0073285,73.7762427,check_required
5592,Gangapur Road,14795,pm10,µg/m³,2020-07-15,6.81,20.0073285,73.7762427,check_required
5592,Gangapur Road,14795,pm10,µg/m³,2020-07-16,12.2,20.0073285,73.7762427,check_required
5592,Gangapur Road,14795,pm10,µg/m³,2020-07-17,19.3,20.0073285,73.7762427,check_required
5592,Gangapur Road,14795,pm10,µg/m³,2020-07-18,24.2,20.0073285,73.7762427,check_required
5592,Gangapur Road,14795,pm10,µg/m³,2020-07-19,26.2,20.0073285,73.7762427,check_required
5592,Gangapur Road,14795,pm10,µg/m³,2020-07-20,32.9,20.0073285,73.7762427,check_required
5592,Gangapur Road,14795,pm10,µg/m³,2020-07-21,35.2,20.0073285,73.7762427,check_required
5592,Gangapur Road,14795,pm10,µg/m³,2020-07-22,22.9,20.0073285,73.7762427,check_required
5592,Gangapur Road,14795,pm10,µg/m³,2020-07-23,33.4,20.0073285,73.7762427,check_required
5592,Gangapur Road,14795,pm10,µg/m³,2020-07-24,22.5,20.0073285,73.7762427,check_required
5592,Gangapur Road,14795,pm10,µg/m³,2020-07-25,26.0,20.0073285,73.7762427,check_required
5592,Gangapur Road,14795,pm10,µg/m³,2020-07-26,17.7,20.0073285,73.7762427,check_required
5592,Gangapur Road,14795,pm10,µg/m³,2020-07-27,13.2,20.0073285,73.7762427,check_required
5592,Gangapur Road,14795,pm10,µg/m³,2020-07-28,15.7,20.0073285,73.7762427,check_required
5592,Gangapur Road,14795,pm10,µg/m³,2020-07-29,16.1,20.0073285,73.7762427,check_required
5592,Gangapur Road,14795,pm10,µg/m³,2020-07-30,18.4,20.0073285,73.7762427,check_required
5592,Gangapur Road,14795,pm10,µg/m³,2020-07-31,13.3,20.0073285,73.7762427,check_required
5592,Gangapur Road,14795,pm10,µg/m³,2020-08-04,9.64,20.0073285,73.7762427,check_required
5592,Gangapur Road,14795,pm10,µg/m³,2020-08-05,8.47,20.0073285,73.7762427,check_required
5592,Gangapur Road,14795,pm10,µg/m³,2020-08-06,10.6,20.0073285,73.7762427,check_required
5592,Gangapur Road,14795,pm10,µg/m³,2020-08-07,15.5,20.0073285,73.7762427,check_required
5592,Gangapur Road,14795,pm10,µg/m³,2020-08-08,23.0,20.0073285,73.7762427,check_required
5592,Gangapur Road,14795,pm10,µg/m³,2020-08-09,24.5,20.0073285,73.7762427,check_required
5592,Gangapur Road,14795,pm10,µg/m³,2020-08-10,18.5,20.0073285,73.7762427,check_required
5592,Gangapur Road,14795,pm10,µg/m³,2020-08-11,19.7,20.0073285,73.7762427,check_required
5592,Gangapur Road,14795,pm10,µg/m³,2020-08-12,18.6,20.0073285,73.7762427,check_required
5592,Gangapur Road,14795,pm10,µg/m³,2020-08-13,19.3,20.0073285,73.7762427,check_required
5592,Gangapur Road,14795,pm10,µg/m³,2020-08-14,14.2,20.0073285,73.7762427,check_required
5592,Gangapur Road,14795,pm10,µg/m³,2020-08-16,23.0,20.0073285,73.7762427,check_required
5592,Gangapur Road,14795,pm10,µg/m³,2020-08-17,18.0,20.0073285,73.7762427,check_required
5592,Gangapur Road,14795,pm10,µg/m³,2020-08-18,19.3,20.0073285,73.7762427,check_required
5592,Gangapur Road,14795,pm10,µg/m³,2020-08-19,11.9,20.0073285,73.7762427,check_required
5592,Gangapur Road,14795,pm10,µg/m³,2020-08-22,9.32,20.0073285,73.7762427,check_required
5592,Gangapur Road,14795,pm10,µg/m³,2020-08-23,20.9,20.0073285,73.7762427,check_required
5592,Gangapur Road,14795,pm10,µg/m³,2020-08-24,19.1,20.0073285,73.7762427,check_required
5592,Gangapur Road,14795,pm10,µg/m³,2020-08-25,30.6,20.0073285,73.7762427,check_required
5592,Gangapur Road,14795,pm10,µg/m³,2020-08-26,47.1,20.0073285,73.7762427,check_required
5592,Gangapur Road,14795,pm10,µg/m³,2020-08-27,25.9,20.0073285,73.7762427,check_required
5592,Gangapur Road,14795,pm10,µg/m³,2020-08-28,25.3,20.0073285,73.7762427,check_required
5592,Gangapur Road,14795,pm10,µg/m³,2020-08-30,8.83,20.0073285,73.7762427,check_required
5592,Gangapur Road,14795,pm10,µg/m³,2020-08-31,21.0,20.0073285,73.7762427,check_required
5592,Gangapur Road,14795,pm10,µg/m³,2020-09-01,20.5,20.0073285,73.7762427,check_required
5592,Gangapur Road,14795,pm10,µg/m³,2020-09-03,31.9,20.0073285,73.7762427,check_required
5592,Gangapur Road,14795,pm10,µg/m³,2020-09-04,28.6,20.0073285,73.7762427,check_required
5592,Gangapur Road,14795,pm10,µg/m³,2020-09-06,46.6,20.0073285,73.7762427,check_required
5592,Gangapur Road,14795,pm10,µg/m³,2020-09-07,41.4,20.0073285,73.7762427,check_required
5592,Gangapur Road,14795,pm10,µg/m³,2020-09-09,34.0,20.0073285,73.7762427,check_required
5592,Gangapur Road,14795,pm10,µg/m³,2020-09-10,32.4,20.0073285,73.7762427,check_required
5592,Gangapur Road,14795,pm10,µg/m³,2020-09-11,45.1,20.0073285,73.7762427,check_required
5592,Gangapur Road,14795,pm10,µg/m³,2020-09-12,27.5,20.0073285,73.7762427,check_required
5592,Gangapur Road,14795,pm10,µg/m³,2020-09-13,15.7,20.0073285,73.7762427,check_required
5592,Gangapur Road,14795,pm10,µg/m³,2020-09-14,28.0,20.0073285,73.7762427,check_required
5592,Gangapur Road,14795,pm10,µg/m³,2020-09-15,16.3,20.0073285,73.7762427,check_required
5592,Gangapur Road,14795,pm10,µg/m³,2020-09-16,21.7,20.0073285,73.7762427,check_required
5592,Gangapur Road,14795,pm10,µg/m³,2020-09-17,19.6,20.0073285,73.7762427,check_required
5592,Gangapur Road,14795,pm10,µg/m³,2020-09-18,17.4,20.0073285,73.7762427,check_required
5592,Gangapur Road,14795,pm10,µg/m³,2020-09-19,26.9,20.0073285,73.7762427,check_required
5592,Gangapur Road,14795,pm10,µg/m³,2020-09-20,17.4,20.0073285,73.7762427,check_required
5592,Gangapur Road,14795,pm10,µg/m³,2020-09-21,37.5,20.0073285,73.7762427,check_required
5592,Gangapur Road,14795,pm10,µg/m³,2020-09-22,20.0,20.0073285,73.7762427,check_required
5592,Gangapur Road,14795,pm10,µg/m³,2020-09-23,14.2,20.0073285,73.7762427,check_required
5592,Gangapur Road,14795,pm10,µg/m³,2020-09-24,19.4,20.0073285,73.7762427,check_required
5592,Gangapur Road,14795,pm10,µg/m³,2020-09-25,17.9,20.0073285,73.7762427,check_required
5592,Gangapur Road,14795,pm10,µg/m³,2020-09-26,32.1,20.0073285,73.7762427,check_required
5592,Gangapur Road,14795,pm10,µg/m³,2020-09-27,29.4,20.0073285,73.7762427,check_required
5592,Gangapur Road,14795,pm10,µg/m³,2020-09-28,29.1,20.0073285,73.7762427,check_required
5592,Gangapur Road,14795,pm10,µg/m³,2020-09-29,35.6,20.0073285,73.7762427,check_required
5592,Gangapur Road,14795,pm10,µg/m³,2020-09-30,41.1,20.0073285,73.7762427,check_required
5592,Gangapur Road,14795,pm10,µg/m³,2020-10-01,43.2,20.0073285,73.7762427,check_required
5592,Gangapur Road,14795,pm10,µg/m³,2020-10-02,40.0,20.0073285,73.7762427,check_required
5592,Gangapur Road,14795,pm10,µg/m³,2020-10-03,42.1,20.0073285,73.7762427,check_required
5592,Gangapur Road,14795,pm10,µg/m³,2020-10-04,43.6,20.0073285,73.7762427,check_required
5592,Gangapur Road,14795,pm10,µg/m³,2020-10-05,41.3,20.0073285,73.7762427,check_required
5592,Gangapur Road,14795,pm10,µg/m³,2020-10-06,44.3,20.0073285,73.7762427,check_required
5592,Gangapur Road,14795,pm10,µg/m³,2020-10-07,50.5,20.0073285,73.7762427,check_required
5592,Gangapur Road,14795,pm10,µg/m³,2020-10-08,59.0,20.0073285,73.7762427,check_required
5592,Gangapur Road,14795,pm10,µg/m³,2020-10-09,60.5,20.0073285,73.7762427,check_required
5592,Gangapur Road,14795,pm10,µg/m³,2020-10-10,64.1,20.0073285,73.7762427,check_required
5592,Gangapur Road,14795,pm10,µg/m³,2020-10-11,63.7,20.0073285,73.7762427,check_required
5592,Gangapur Road,14795,pm10,µg/m³,2020-10-12,73.7,20.0073285,73.7762427,check_required
5592,Gangapur Road,14795,pm10,µg/m³,2020-10-13,56.4,20.0073285,73.7762427,check_required
5592,Gangapur Road,14795,pm10,µg/m³,2020-10-14,51.7,20.0073285,73.7762427,check_required
5592,Gangapur Road,14795,pm10,µg/m³,2020-10-15,23.5,20.0073285,73.7762427,check_required
5592,Gangapur Road,14795,pm10,µg/m³,2020-10-16,32.7,20.0073285,73.7762427,check_required
5592,Gangapur Road,14795,pm10,µg/m³,2020-10-17,33.8,20.0073285,73.7762427,check_required
5592,Gangapur Road,14795,pm10,µg/m³,2020-10-18,37.0,20.0073285,73.7762427,check_required
5592,Gangapur Road,14795,pm10,µg/m³,2020-10-19,29.8,20.0073285,73.7762427,check_required
5592,Gangapur Road,14795,pm10,µg/m³,2020-10-20,47.8,20.0073285,73.7762427,check_required
5592,Gangapur Road,14795,pm10,µg/m³,2020-10-21,40.5,20.0073285,73.7762427,check_required
5592,Gangapur Road,14795,pm10,µg/m³,2020-10-22,51.4,20.0073285,73.7762427,check_required
5592,Gangapur Road,14795,pm10,µg/m³,2020-10-23,45.5,20.0073285,73.7762427,check_required
5592,Gangapur Road,14795,pm10,µg/m³,2020-10-24,48.5,20.0073285,73.7762427,check_required
5592,Gangapur Road,14795,pm10,µg/m³,2020-10-25,53.8,20.0073285,73.7762427,check_required
5592,Gangapur Road,14795,pm10,µg/m³,2020-10-26,51.6,20.0073285,73.7762427,check_required
5592,Gangapur Road,14795,pm10,µg/m³,2020-10-27,56.7,20.0073285,73.7762427,check_required
5592,Gangapur Road,14795,pm10,µg/m³,2020-10-28,48.1,20.0073285,73.7762427,check_required
5592,Gangapur Road,14795,pm10,µg/m³,2020-10-29,53.0,20.0073285,73.7762427,check_required
5592,Gangapur Road,14795,pm10,µg/m³,2020-10-30,46.0,20.0073285,73.7762427,check_required
5592,Gangapur Road,14795,pm10,µg/m³,2020-10-31,49.7,20.0073285,73.7762427,check_required
5592,Gangapur Road,14795,pm10,µg/m³,2020-11-01,44.8,20.0073285,73.7762427,check_required
5592,Gangapur Road,14795,pm10,µg/m³,2020-11-02,114.0,20.0073285,73.7762427,check_required
5592,Gangapur Road,14795,pm10,µg/m³,2020-11-03,117.0,20.0073285,73.7762427,check_required
5592,Gangapur Road,14795,pm10,µg/m³,2020-11-04,77.8,20.0073285,73.7762427,check_required
5592,Gangapur Road,14795,pm10,µg/m³,2020-11-05,98.3,20.0073285,73.7762427,check_required
5592,Gangapur Road,14795,pm10,µg/m³,2020-11-06,71.1,20.0073285,73.7762427,check_required
5592,Gangapur Road,14795,pm10,µg/m³,2020-11-07,105.0,20.0073285,73.7762427,check_required
5592,Gangapur Road,14795,pm10,µg/m³,2020-11-08,111.0,20.0073285,73.7762427,check_required
5592,Gangapur Road,14795,pm10,µg/m³,2020-11-09,114.0,20.0073285,73.7762427,check_required
5592,Gangapur Road,14795,pm10,µg/m³,2020-11-10,118.0,20.0073285,73.7762427,check_required
5592,Gangapur Road,14795,pm10,µg/m³,2020-11-11,104.0,20.0073285,73.7762427,check_required
5592,Gangapur Road,14795,pm10,µg/m³,2020-11-12,108.0,20.0073285,73.7762427,check_required
5592,Gangapur Road,14795,pm10,µg/m³,2020-11-13,84.1,20.0073285,73.7762427,check_required
5592,Gangapur Road,14795,pm10,µg/m³,2020-11-14,115.0,20.0073285,73.7762427,check_required
5592,Gangapur Road,14795,pm10,µg/m³,2020-11-15,58.6,20.0073285,73.7762427,check_required
5592,Gangapur Road,14795,pm10,µg/m³,2020-11-16,80.9,20.0073285,73.7762427,check_required
5592,Gangapur Road,14795,pm10,µg/m³,2020-11-17,69.4,20.0073285,73.7762427,check_required
5592,Gangapur Road,14795,pm10,µg/m³,2020-11-18,47.5,20.0073285,73.7762427,check_required
5592,Gangapur Road,14795,pm10,µg/m³,2020-11-19,67.1,20.0073285,73.7762427,check_required
5592,Gangapur Road,14795,pm10,µg/m³,2020-11-20,43.9,20.0073285,73.7762427,check_required
5592,Gangapur Road,14795,pm10,µg/m³,2020-11-21,55.0,20.0073285,73.7762427,check_required
5592,Gangapur Road,14795,pm10,µg/m³,2020-11-22,78.2,20.0073285,73.7762427,check_required
5592,Gangapur Road,14795,pm10,µg/m³,2020-11-23,65.0,20.0073285,73.7762427,check_required
5592,Gangapur Road,14795,pm10,µg/m³,2020-11-24,57.4,20.0073285,73.7762427,check_required
5592,Gangapur Road,14795,pm10,µg/m³,2020-11-25,79.1,20.0073285,73.7762427,check_required
5592,Gangapur Road,14795,pm10,µg/m³,2020-11-26,115.0,20.0073285,73.7762427,check_required
5592,Gangapur Road,14795,pm10,µg/m³,2020-11-27,77.1,20.0073285,73.7762427,check_required
5592,Gangapur Road,14795,pm10,µg/m³,2020-11-28,70.5,20.0073285,73.7762427,check_required
5592,Gangapur Road,14795,pm10,µg/m³,2020-11-29,48.5,20.0073285,73.7762427,check_required
5592,Gangapur Road,14795,pm10,µg/m³,2020-11-30,72.8,20.0073285,73.7762427,check_required
5592,Gangapur Road,14795,pm10,µg/m³,2020-12-01,127.0,20.0073285,73.7762427,check_required
5592,Gangapur Road,14795,pm10,µg/m³,2020-12-02,85.5,20.0073285,73.7762427,check_required
5592,Gangapur Road,14795,pm10,µg/m³,2020-12-03,51.7,20.0073285,73.7762427,check_required
5592,Gangapur Road,14795,pm10,µg/m³,2020-12-04,100.0,20.0073285,73.7762427,check_required
5592,Gangapur Road,14795,pm10,µg/m³,2020-12-05,79.3,20.0073285,73.7762427,check_required
5592,Gangapur Road,14795,pm10,µg/m³,2020-12-06,100.0,20.0073285,73.7762427,check_required
5592,Gangapur Road,14795,pm10,µg/m³,2020-12-07,89.0,20.0073285,73.7762427,check_required
5592,Gangapur Road,14795,pm10,µg/m³,2020-12-08,115.0,20.0073285,73.7762427,check_required
5592,Gangapur Road,14795,pm10,µg/m³,2020-12-09,71.0,20.0073285,73.7762427,check_required
5592,Gangapur Road,14795,pm10,µg/m³,2020-12-10,85.7,20.0073285,73.7762427,check_required
5592,Gangapur Road,14795,pm10,µg/m³,2020-12-11,96.7,20.0073285,73.7762427,check_required
5592,Gangapur Road,14795,pm10,µg/m³,2020-12-14,69.4,20.0073285,73.7762427,check_required
5592,Gangapur Road,14795,pm10,µg/m³,2020-12-15,48.2,20.0073285,73.7762427,check_required
5592,Gangapur Road,14795,pm10,µg/m³,2020-12-16,67.1,20.0073285,73.7762427,check_required
5592,Gangapur Road,14795,pm10,µg/m³,2020-12-17,90.9,20.0073285,73.7762427,check_required
5592,Gangapur Road,14795,pm10,µg/m³,2020-12-18,84.8,20.0073285,73.7762427,check_required
5592,Gangapur Road,14795,pm10,µg/m³,2020-12-19,110.0,20.0073285,73.7762427,check_required
5592,Gangapur Road,14795,pm10,µg/m³,2020-12-20,73.8,20.0073285,73.7762427,check_required
5592,Gangapur Road,14795,pm10,µg/m³,2020-12-21,64.8,20.0073285,73.7762427,check_required
5592,Gangapur Road,14795,pm10,µg/m³,2020-12-22,62.6,20.0073285,73.7762427,check_required
5592,Gangapur Road,14795,pm10,µg/m³,2020-12-23,61.9,20.0073285,73.7762427,check_required
5592,Gangapur Road,14795,pm10,µg/m³,2020-12-24,115.0,20.0073285,73.7762427,check_required
5592,Gangapur Road,14795,pm10,µg/m³,2020-12-25,132.0,20.0073285,73.7762427,check_required
5592,Gangapur Road,14795,pm10,µg/m³,2020-12-26,112.0,20.0073285,73.7762427,check_required
5592,Gangapur Road,14795,pm10,µg/m³,2020-12-27,79.2,20.0073285,73.7762427,check_required
5592,Gangapur Road,14795,pm10,µg/m³,2020-12-28,75.2,20.0073285,73.7762427,check_required
5592,Gangapur Road,14795,pm10,µg/m³,2020-12-29,107.0,20.0073285,73.7762427,check_required
5592,Gangapur Road,14795,pm10,µg/m³,2020-12-31,104.0,20.0073285,73.7762427,check_required
5592,Gangapur Road,14795,pm10,µg/m³,2021-01-01,109.0,20.0073285,73.7762427,check_required
5592,Gangapur Road,14795,pm10,µg/m³,2021-01-02,109.0,20.0073285,73.7762427,check_required
5592,Gangapur Road,14795,pm10,µg/m³,2021-01-03,105.0,20.0073285,73.7762427,check_required
5592,Gangapur Road,14795,pm10,µg/m³,2021-01-04,109.0,20.0073285,73.7762427,check_required
5592,Gangapur Road,14795,pm10,µg/m³,2021-01-05,77.2,20.0073285,73.7762427,check_required
5592,Gangapur Road,14795,pm10,µg/m³,2021-01-06,103.0,20.0073285,73.7762427,check_required
5592,Gangapur Road,14795,pm10,µg/m³,2021-01-07,66.4,20.0073285,73.7762427,check_required
5592,Gangapur Road,14795,pm10,µg/m³,2021-01-08,27.9,20.0073285,73.7762427,check_required
5592,Gangapur Road,14795,pm10,µg/m³,2021-01-09,52.8,20.0073285,73.7762427,check_required
5592,Gangapur Road,14795,pm10,µg/m³,2021-01-10,74.8,20.0073285,73.7762427,check_required
5592,Gangapur Road,14795,pm10,µg/m³,2021-01-11,85.8,20.0073285,73.7762427,check_required
5592,Gangapur Road,14795,pm10,µg/m³,2021-01-12,91.6,20.0073285,73.7762427,check_required
5592,Gangapur Road,14795,pm10,µg/m³,2021-01-13,61.9,20.0073285,73.7762427,check_required
5592,Gangapur Road,14795,pm10,µg/m³,2021-01-14,66.3,20.0073285,73.7762427,check_required
5592,Gangapur Road,14795,pm10,µg/m³,2021-01-15,83.4,20.0073285,73.7762427,check_required
5592,Gangapur Road,14795,pm10,µg/m³,2021-01-16,67.4,20.0073285,73.7762427,check_required
5592,Gangapur Road,14795,pm10,µg/m³,2021-01-17,81.7,20.0073285,73.7762427,check_required
5592,Gangapur Road,14795,pm10,µg/m³,2021-01-18,58.3,20.0073285,73.7762427,check_required
5592,Gangapur Road,14795,pm10,µg/m³,2021-01-19,46.2,20.0073285,73.7762427,check_required
5592,Gangapur Road,14795,pm10,µg/m³,2021-01-20,46.4,20.0073285,73.7762427,check_required
5592,Gangapur Road,14795,pm10,µg/m³,2021-01-21,80.6,20.0073285,73.7762427,check_required
5592,Gangapur Road,14795,pm10,µg/m³,2021-01-22,99.5,20.0073285,73.7762427,check_required
5592,Gangapur Road,14795,pm10,µg/m³,2021-01-23,91.6,20.0073285,73.7762427,check_required
5592,Gangapur Road,14795,pm10,µg/m³,2021-01-24,96.1,20.0073285,73.7762427,check_required
5592,Gangapur Road,14795,pm10,µg/m³,2021-01-25,97.3,20.0073285,73.7762427,check_required
5592,Gangapur Road,14795,pm10,µg/m³,2021-01-26,101.0,20.0073285,73.7762427,check_required
5592,Gangapur Road,14795,pm10,µg/m³,2021-01-27,105.0,20.0073285,73.7762427,check_required
5592,Gangapur Road,14795,pm10,µg/m³,2021-02-05,74.2,20.0073285,73.7762427,check_required
5592,Gangapur Road,14795,pm10,µg/m³,2021-02-06,69.6,20.0073285,73.7762427,check_required
5592,Gangapur Road,14795,pm10,µg/m³,2021-02-07,98.0,20.0073285,73.7762427,check_required
5592,Gangapur Road,14795,pm10,µg/m³,2021-02-08,94.8,20.0073285,73.7762427,check_required
5592,Gangapur Road,14795,pm10,µg/m³,2021-02-09,117.0,20.0073285,73.7762427,check_required
5592,Gangapur Road,14795,pm10,µg/m³,2021-02-10,123.0,20.0073285,73.7762427,check_required
5592,Gangapur Road,14795,pm10,µg/m³,2021-02-11,113.0,20.0073285,73.7762427,check_required
5592,Gangapur Road,14795,pm10,µg/m³,2021-02-12,96.4,20.0073285,73.7762427,check_required
5592,Gangapur Road,14795,pm10,µg/m³,2021-02-13,96.8,20.0073285,73.7762427,check_required
5592,Gangapur Road,14795,pm10,µg/m³,2021-02-14,94.3,20.0073285,73.7762427,check_required
5592,Gangapur Road,14795,pm10,µg/m³,2021-02-15,109.0,20.0073285,73.7762427,check_required
5592,Gangapur Road,14795,pm10,µg/m³,2021-02-16,87.2,20.0073285,73.7762427,check_required
5592,Gangapur Road,14795,pm10,µg/m³,2021-02-17,65.8,20.0073285,73.7762427,check_required
5592,Gangapur Road,14795,pm10,µg/m³,2021-02-18,83.0,20.0073285,73.7762427,check_required
5592,Gangapur Road,14795,pm10,µg/m³,2021-02-19,20.8,20.0073285,73.7762427,check_required
5592,Gangapur Road,14795,pm10,µg/m³,2021-02-21,90.9,20.0073285,73.7762427,check_required
5592,Gangapur Road,14795,pm10,µg/m³,2021-02-22,80.0,20.0073285,73.7762427,check_required
5592,Gangapur Road,14795,pm10,µg/m³,2021-02-23,68.5,20.0073285,73.7762427,check_required
5592,Gangapur Road,14795,pm10,µg/m³,2021-02-24,65.2,20.0073285,73.7762427,check_required
5592,Gangapur Road,14795,pm10,µg/m³,2021-02-25,139.0,20.0073285,73.7762427,check_required
5592,Gangapur Road,14795,pm10,µg/m³,2021-02-26,45.5,20.0073285,73.7762427,check_required
5592,Gangapur Road,14795,pm10,µg/m³,2021-03-01,69.8,20.0073285,73.7762427,check_required
5592,Gangapur Road,14795,pm10,µg/m³,2021-03-02,72.1,20.0073285,73.7762427,check_required
5592,Gangapur Road,14795,pm10,µg/m³,2021-03-03,78.1,20.0073285,73.7762427,check_required
5592,Gangapur Road,14795,pm10,µg/m³,2021-03-04,81.0,20.0073285,73.7762427,check_required
5592,Gangapur Road,14795,pm10,µg/m³,2021-03-05,73.1,20.0073285,73.7762427,check_required
5592,Gangapur Road,14795,pm10,µg/m³,2021-03-06,101.0,20.0073285,73.7762427,check_required
5592,Gangapur Road,14795,pm10,µg/m³,2021-03-07,54.3,20.0073285,73.7762427,check_required
5592,Gangapur Road,14795,pm10,µg/m³,2021-03-08,49.4,20.0073285,73.7762427,check_required
5592,Gangapur Road,14795,pm10,µg/m³,2021-03-13,98.6,20.0073285,73.7762427,check_required
5592,Gangapur Road,14795,pm10,µg/m³,2021-03-14,47.4,20.0073285,73.7762427,check_required
5592,Gangapur Road,14795,pm10,µg/m³,2021-03-17,102.0,20.0073285,73.7762427,check_required
5592,Gangapur Road,14795,pm10,µg/m³,2021-03-18,115.0,20.0073285,73.7762427,check_required
5592,Gangapur Road,14795,pm10,µg/m³,2021-03-19,98.6,20.0073285,73.7762427,check_required
5592,Gangapur Road,14795,pm10,µg/m³,2021-03-20,115.0,20.0073285,73.7762427,check_required
5592,Gangapur Road,14795,pm10,µg/m³,2021-03-21,76.3,20.0073285,73.7762427,check_required
5592,Gangapur Road,14795,pm10,µg/m³,2021-03-22,106.0,20.0073285,73.7762427,check_required
5592,Gangapur Road,14795,pm10,µg/m³,2021-03-23,83.8,20.0073285,73.7762427,check_required
5592,Gangapur Road,14795,pm10,µg/m³,2021-03-24,80.4,20.0073285,73.7762427,check_required
5592,Gangapur Road,14795,pm10,µg/m³,2021-03-25,85.5,20.0073285,73.7762427,check_required
5592,Gangapur Road,14795,pm10,µg/m³,2021-03-26,112.0,20.0073285,73.7762427,check_required
5592,Gangapur Road,14795,pm10,µg/m³,2021-03-28,192.0,20.0073285,73.7762427,check_required
5592,Gangapur Road,14795,pm10,µg/m³,2021-03-29,97.7,20.0073285,73.7762427,check_required
5592,Gangapur Road,14795,pm10,µg/m³,2021-04-07,71.7,20.0073285,73.7762427,check_required
5592,Gangapur Road,14795,pm10,µg/m³,2021-04-08,71.4,20.0073285,73.7762427,check_required
5592,Gangapur Road,14795,pm10,µg/m³,2021-04-09,91.4,20.0073285,73.7762427,check_required
5592,Gangapur Road,14795,pm10,µg/m³,2021-04-13,74.4,20.0073285,73.7762427,check_required
5592,Gangapur Road,14795,pm10,µg/m³,2021-04-15,44.4,20.0073285,73.7762427,check_required
5592,Gangapur Road,14795,pm10,µg/m³,2021-04-20,58.6,20.0073285,73.7762427,check_required
5592,Gangapur Road,14795,pm10,µg/m³,2021-04-22,69.1,20.0073285,73.7762427,check_required
5592,Gangapur Road,14795,pm10,µg/m³,2021-04-23,48.2,20.0073285,73.7762427,check_required
5592,Gangapur Road,14795,pm10,µg/m³,2021-05-05,45.2,20.0073285,73.7762427,check_required
5592,Gangapur Road,14795,pm10,µg/m³,2021-05-12,42.2,20.0073285,73.7762427,check_required
5592,Gangapur Road,14795,pm10,µg/m³,2021-05-13,33.0,20.0073285,73.7762427,check_required
5592,Gangapur Road,14795,pm10,µg/m³,2021-05-15,90.8,20.0073285,73.7762427,check_required
5592,Gangapur Road,14795,pm10,µg/m³,2021-05-17,17.4,20.0073285,73.7762427,check_required
5592,Gangapur Road,14795,pm10,µg/m³,2021-05-19,98.7,20.0073285,73.7762427,check_required
5592,Gangapur Road,14795,pm10,µg/m³,2021-05-20,140.0,20.0073285,73.7762427,check_required
5592,Gangapur Road,14795,pm10,µg/m³,2021-05-25,50.1,20.0073285,73.7762427,check_required
5592,Gangapur Road,14795,pm10,µg/m³,2021-06-01,33.4,20.0073285,73.7762427,check_required
5592,Gangapur Road,14795,pm10,µg/m³,2021-06-02,24.8,20.0073285,73.7762427,check_required
5592,Gangapur Road,14795,pm10,µg/m³,2021-06-03,14.2,20.0073285,73.7762427,check_required
5592,Gangapur Road,14795,pm10,µg/m³,2021-06-04,25.8,20.0073285,73.7762427,check_required
5592,Gangapur Road,14795,pm10,µg/m³,2021-06-06,6.12,20.0073285,73.7762427,check_required
5592,Gangapur Road,14795,pm10,µg/m³,2021-06-07,33.9,20.0073285,73.7762427,check_required
5592,Gangapur Road,14795,pm10,µg/m³,2021-06-08,29.1,20.0073285,73.7762427,check_required
5592,Gangapur Road,14795,pm10,µg/m³,2021-06-20,15.2,20.0073285,73.7762427,check_required
5592,Gangapur Road,14795,pm10,µg/m³,2021-06-24,52.8,20.0073285,73.7762427,check_required
5592,Gangapur Road,14795,pm10,µg/m³,2021-06-26,40.6,20.0073285,73.7762427,check_required
5592,Gangapur Road,14795,pm10,µg/m³,2021-06-27,37.2,20.0073285,73.7762427,check_required
5592,Gangapur Road,14795,pm10,µg/m³,2021-06-28,17.1,20.0073285,73.7762427,check_required
5592,Gangapur Road,14795,pm10,µg/m³,2021-06-29,14.5,20.0073285,73.7762427,check_required
5592,Gangapur Road,14795,pm10,µg/m³,2021-07-01,19.7,20.0073285,73.7762427,check_required
5592,Gangapur Road,14795,pm10,µg/m³,2021-07-04,18.1,20.0073285,73.7762427,check_required
5592,Gangapur Road,14795,pm10,µg/m³,2021-07-06,42.9,20.0073285,73.7762427,check_required
5592,Gangapur Road,14795,pm10,µg/m³,2021-07-08,32.4,20.0073285,73.7762427,check_required
5592,Gangapur Road,14795,pm10,µg/m³,2021-07-09,32.4,20.0073285,73.7762427,check_required
5592,Gangapur Road,14795,pm10,µg/m³,2021-07-15,31.9,20.0073285,73.7762427,check_required
5592,Gangapur Road,14795,pm10,µg/m³,2021-07-18,17.2,20.0073285,73.7762427,check_required
5592,Gangapur Road,14795,pm10,µg/m³,2021-07-19,26.3,20.0073285,73.7762427,check_required
5592,Gangapur Road,14795,pm10,µg/m³,2021-07-20,37.0,20.0073285,73.7762427,check_required
5592,Gangapur Road,14795,pm10,µg/m³,2021-07-21,24.9,20.0073285,73.7762427,check_required
5592,Gangapur Road,14795,pm10,µg/m³,2021-07-22,29.8,20.0073285,73.7762427,check_required
5592,Gangapur Road,14795,pm10,µg/m³,2021-07-23,40.8,20.0073285,73.7762427,check_required
5592,Gangapur Road,14795,pm10,µg/m³,2021-07-24,26.9,20.0073285,73.7762427,check_required
5592,Gangapur Road,14795,pm10,µg/m³,2021-07-25,31.4,20.0073285,73.7762427,check_required
5592,Gangapur Road,14795,pm10,µg/m³,2021-08-25,34.0,20.0073285,73.7762427,check_required
5592,Gangapur Road,14795,pm10,µg/m³,2021-09-01,35.4,20.0073285,73.7762427,check_required
5592,Gangapur Road,14795,pm10,µg/m³,2021-09-02,21.0,20.0073285,73.7762427,check_required
5592,Gangapur Road,14795,pm10,µg/m³,2021-09-03,13.4,20.0073285,73.7762427,check_required
5592,Gangapur Road,14795,pm10,µg/m³,2021-09-08,24.1,20.0073285,73.7762427,check_required
5592,Gangapur Road,14795,pm10,µg/m³,2021-09-09,20.2,20.0073285,73.7762427,check_required
5592,Gangapur Road,14795,pm10,µg/m³,2021-09-11,15.3,20.0073285,73.7762427,check_required
5592,Gangapur Road,14795,pm10,µg/m³,2021-09-12,19.6,20.0073285,73.7762427,check_required
5592,Gangapur Road,14795,pm10,µg/m³,2021-09-13,21.0,20.0073285,73.7762427,check_required
5592,Gangapur Road,14795,pm10,µg/m³,2021-09-14,21.6,20.0073285,73.7762427,check_required
5592,Gangapur Road,14795,pm10,µg/m³,2021-09-15,71.0,20.0073285,73.7762427,check_required
5592,Gangapur Road,14795,pm10,µg/m³,2021-09-16,56.9,20.0073285,73.7762427,check_required
5592,Gangapur Road,14795,pm10,µg/m³,2021-09-17,46.5,20.0073285,73.7762427,check_required
5592,Gangapur Road,14795,pm10,µg/m³,2021-09-18,39.5,20.0073285,73.7762427,check_required
5592,Gangapur Road,14795,pm10,µg/m³,2021-09-19,24.8,20.0073285,73.7762427,check_required
5592,Gangapur Road,14795,pm10,µg/m³,2021-09-20,21.2,20.0073285,73.7762427,check_required
5592,Gangapur Road,14795,pm10,µg/m³,2021-09-21,19.4,20.0073285,73.7762427,check_required
5592,Gangapur Road,14795,pm10,µg/m³,2021-09-22,177.0,20.0073285,73.7762427,check_required
5592,Gangapur Road,14795,pm10,µg/m³,2021-09-23,28.6,20.0073285,73.7762427,check_required
5592,Gangapur Road,14795,pm10,µg/m³,2021-09-24,43.5,20.0073285,73.7762427,check_required
5592,Gangapur Road,14795,pm10,µg/m³,2021-09-25,35.3,20.0073285,73.7762427,check_required
5592,Gangapur Road,14795,pm10,µg/m³,2021-09-26,28.3,20.0073285,73.7762427,check_required
5592,Gangapur Road,14795,pm10,µg/m³,2021-09-27,25.1,20.0073285,73.7762427,check_required
5592,Gangapur Road,14795,pm10,µg/m³,2021-09-28,18.6,20.0073285,73.7762427,check_required
5592,Gangapur Road,14795,pm10,µg/m³,2021-09-29,11.9,20.0073285,73.7762427,check_required
5592,Gangapur Road,14795,pm10,µg/m³,2021-09-30,35.9,20.0073285,73.7762427,check_required
5592,Gangapur Road,14795,pm10,µg/m³,2021-10-13,134.0,20.0073285,73.7762427,check_required
5592,Gangapur Road,14795,pm10,µg/m³,2021-10-14,82.1,20.0073285,73.7762427,check_required
5592,Gangapur Road,14795,pm10,µg/m³,2021-10-15,89.3,20.0073285,73.7762427,check_required
5592,Gangapur Road,14795,pm10,µg/m³,2021-10-16,69.8,20.0073285,73.7762427,check_required
5592,Gangapur Road,14795,pm10,µg/m³,2021-10-17,69.0,20.0073285,73.7762427,check_required
5592,Gangapur Road,14795,pm10,µg/m³,2021-10-18,72.3,20.0073285,73.7762427,check_required
5592,Gangapur Road,14795,pm10,µg/m³,2021-10-19,60.7,20.0073285,73.7762427,check_required
5592,Gangapur Road,14795,pm10,µg/m³,2021-10-20,59.4,20.0073285,73.7762427,check_required
5592,Gangapur Road,14795,pm10,µg/m³,2021-10-21,67.3,20.0073285,73.7762427,check_required
5592,Gangapur Road,14795,pm10,µg/m³,2021-10-22,59.3,20.0073285,73.7762427,check_required
5592,Gangapur Road,14795,pm10,µg/m³,2021-10-23,58.7,20.0073285,73.7762427,check_required
5592,Gangapur Road,14795,pm10,µg/m³,2021-10-24,49.7,20.0073285,73.7762427,check_required
5592,Gangapur Road,14795,pm10,µg/m³,2021-10-25,47.5,20.0073285,73.7762427,check_required
5592,Gangapur Road,14795,pm10,µg/m³,2021-10-26,63.9,20.0073285,73.7762427,check_required
5592,Gangapur Road,14795,pm10,µg/m³,2021-10-27,79.1,20.0073285,73.7762427,check_required
5592,Gangapur Road,14795,pm10,µg/m³,2021-10-28,76.4,20.0073285,73.7762427,check_required
5592,Gangapur Road,14795,pm10,µg/m³,2021-10-29,89.1,20.0073285,73.7762427,check_required
5592,Gangapur Road,14795,pm10,µg/m³,2021-10-30,92.2,20.0073285,73.7762427,check_required
5592,Gangapur Road,14795,pm10,µg/m³,2021-10-31,112.0,20.0073285,73.7762427,check_required
5592,Gangapur Road,14795,pm10,µg/m³,2021-11-01,113.0,20.0073285,73.7762427,check_required
5592,Gangapur Road,14795,pm10,µg/m³,2021-11-02,98.8,20.0073285,73.7762427,check_required
5592,Gangapur Road,14795,pm10,µg/m³,2021-11-03,98.6,20.0073285,73.7762427,check_required
5592,Gangapur Road,14795,pm10,µg/m³,2021-11-04,122.0,20.0073285,73.7762427,check_required
5592,Gangapur Road,14795,pm10,µg/m³,2021-11-05,119.0,20.0073285,73.7762427,check_required
5592,Gangapur Road,14795,pm10,µg/m³,2021-11-06,68.3,20.0073285,73.7762427,check_required
5592,Gangapur Road,14795,pm10,µg/m³,2021-11-07,90.5,20.0073285,73.7762427,check_required
5592,Gangapur Road,14795,pm10,µg/m³,2021-11-08,89.7,20.0073285,73.7762427,check_required
5592,Gangapur Road,14795,pm10,µg/m³,2021-11-09,93.6,20.0073285,73.7762427,check_required
5592,Gangapur Road,14795,pm10,µg/m³,2021-11-10,91.3,20.0073285,73.7762427,check_required
5592,Gangapur Road,14795,pm10,µg/m³,2021-11-11,103.0,20.0073285,73.7762427,check_required
5592,Gangapur Road,14795,pm10,µg/m³,2021-11-12,98.0,20.0073285,73.7762427,check_required
5592,Gangapur Road,14795,pm10,µg/m³,2021-11-13,111.0,20.0073285,73.7762427,check_required
5592,Gangapur Road,14795,pm10,µg/m³,2021-11-14,101.0,20.0073285,73.7762427,check_required
5592,Gangapur Road,14795,pm10,µg/m³,2021-11-15,97.4,20.0073285,73.7762427,check_required
5592,Gangapur Road,14795,pm10,µg/m³,2021-11-16,93.5,20.0073285,73.7762427,check_required
5592,Gangapur Road,14795,pm10,µg/m³,2021-11-17,72.8,20.0073285,73.7762427,check_required
5592,Gangapur Road,14795,pm10,µg/m³,2021-11-18,36.4,20.0073285,73.7762427,check_required
5592,Gangapur Road,14795,pm10,µg/m³,2021-11-19,54.3,20.0073285,73.7762427,check_required
5592,Gangapur Road,14795,pm10,µg/m³,2021-11-20,66.2,20.0073285,73.7762427,check_required
5592,Gangapur Road,14795,pm10,µg/m³,2021-11-21,46.3,20.0073285,73.7762427,check_required
5592,Gangapur Road,14795,pm10,µg/m³,2021-11-22,28.7,20.0073285,73.7762427,check_required
5592,Gangapur Road,14795,pm10,µg/m³,2021-11-23,30.9,20.0073285,73.7762427,check_required
5592,Gangapur Road,14795,pm10,µg/m³,2021-11-24,63.3,20.0073285,73.7762427,check_required
5592,Gangapur Road,14795,pm10,µg/m³,2021-11-25,65.7,20.0073285,73.7762427,check_required
5592,Gangapur Road,14795,pm10,µg/m³,2021-11-26,79.9,20.0073285,73.7762427,check_required
5592,Gangapur Road,14795,pm10,µg/m³,2021-11-27,73.3,20.0073285,73.7762427,check_required
5592,Gangapur Road,14795,pm10,µg/m³,2021-11-28,101.0,20.0073285,73.7762427,check_required
5592,Gangapur Road,14795,pm10,µg/m³,2021-11-29,110.0,20.0073285,73.7762427,check_required
5592,Gangapur Road,14795,pm10,µg/m³,2021-11-30,106.0,20.0073285,73.7762427,check_required
5592,Gangapur Road,14795,pm10,µg/m³,2021-12-01,78.2,20.0073285,73.7762427,check_required
5592,Gangapur Road,14795,pm10,µg/m³,2021-12-02,72.8,20.0073285,73.7762427,check_required
5592,Gangapur Road,14795,pm10,µg/m³,2021-12-03,80.2,20.0073285,73.7762427,check_required
5592,Gangapur Road,14795,pm10,µg/m³,2021-12-04,83.3,20.0073285,73.7762427,check_required
5592,Gangapur Road,14795,pm10,µg/m³,2021-12-05,52.4,20.0073285,73.7762427,check_required
5592,Gangapur Road,14795,pm10,µg/m³,2021-12-06,89.4,20.0073285,73.7762427,check_required
5592,Gangapur Road,14795,pm10,µg/m³,2021-12-07,138.0,20.0073285,73.7762427,check_required
5592,Gangapur Road,14795,pm10,µg/m³,2021-12-08,182.0,20.0073285,73.7762427,check_required
5592,Gangapur Road,14795,pm10,µg/m³,2021-12-09,137.0,20.0073285,73.7762427,check_required
5592,Gangapur Road,14795,pm10,µg/m³,2021-12-10,100.0,20.0073285,73.7762427,check_required
5592,Gangapur Road,14795,pm10,µg/m³,2021-12-11,106.0,20.0073285,73.7762427,check_required
5592,Gangapur Road,14795,pm10,µg/m³,2021-12-12,105.0,20.0073285,73.7762427,check_required
5592,Gangapur Road,14795,pm10,µg/m³,2021-12-13,90.8,20.0073285,73.7762427,check_required
5592,Gangapur Road,14795,pm10,µg/m³,2021-12-14,66.4,20.0073285,73.7762427,check_required
5592,Gangapur Road,14795,pm10,µg/m³,2021-12-15,83.4,20.0073285,73.7762427,check_required
5592,Gangapur Road,14795,pm10,µg/m³,2021-12-16,73.3,20.0073285,73.7762427,check_required
5592,Gangapur Road,14795,pm10,µg/m³,2021-12-17,92.7,20.0073285,73.7762427,check_required
5592,Gangapur Road,14795,pm10,µg/m³,2021-12-18,91.0,20.0073285,73.7762427,check_required
5592,Gangapur Road,14795,pm10,µg/m³,2021-12-19,92.6,20.0073285,73.7762427,check_required
5592,Gangapur Road,14795,pm10,µg/m³,2021-12-20,98.7,20.0073285,73.7762427,check_required
5592,Gangapur Road,14795,pm10,µg/m³,2021-12-22,94.2,20.0073285,73.7762427,check_required
5592,Gangapur Road,14795,pm10,µg/m³,2021-12-23,79.5,20.0073285,73.7762427,check_required
5592,Gangapur Road,14795,pm10,µg/m³,2021-12-24,95.5,20.0073285,73.7762427,check_required
5592,Gangapur Road,14795,pm10,µg/m³,2021-12-25,56.1,20.0073285,73.7762427,check_required
5592,Gangapur Road,14795,pm10,µg/m³,2021-12-26,55.4,20.0073285,73.7762427,check_required
5592,Gangapur Road,14795,pm10,µg/m³,2021-12-27,66.2,20.0073285,73.7762427,check_required
5592,Gangapur Road,14795,pm10,µg/m³,2021-12-28,61.7,20.0073285,73.7762427,check_required
5592,Gangapur Road,14795,pm10,µg/m³,2021-12-29,60.3,20.0073285,73.7762427,check_required
5592,Gangapur Road,14795,pm10,µg/m³,2021-12-30,85.2,20.0073285,73.7762427,check_required
5592,Gangapur Road,14795,pm10,µg/m³,2021-12-31,81.3,20.0073285,73.7762427,check_required
5592,Gangapur Road,14795,pm10,µg/m³,2022-01-01,74.7,20.0073285,73.7762427,check_required
5592,Gangapur Road,14795,pm10,µg/m³,2022-01-02,77.0,20.0073285,73.7762427,check_required
5592,Gangapur Road,14795,pm10,µg/m³,2022-01-03,106.0,20.0073285,73.7762427,check_required
5592,Gangapur Road,14795,pm10,µg/m³,2022-01-04,90.6,20.0073285,73.7762427,check_required
5592,Gangapur Road,14795,pm10,µg/m³,2022-01-05,106.0,20.0073285,73.7762427,check_required
5592,Gangapur Road,14795,pm10,µg/m³,2022-01-06,87.6,20.0073285,73.7762427,check_required
5592,Gangapur Road,14795,pm10,µg/m³,2022-01-07,91.0,20.0073285,73.7762427,check_required
5592,Gangapur Road,14795,pm10,µg/m³,2022-01-08,74.5,20.0073285,73.7762427,check_required
5592,Gangapur Road,14795,pm10,µg/m³,2022-01-09,23.0,20.0073285,73.7762427,check_required
5592,Gangapur Road,14795,pm10,µg/m³,2022-01-10,53.2,20.0073285,73.7762427,check_required
5592,Gangapur Road,14795,pm10,µg/m³,2022-01-11,65.0,20.0073285,73.7762427,check_required
5592,Gangapur Road,14795,pm10,µg/m³,2022-01-12,75.1,20.0073285,73.7762427,check_required
5592,Gangapur Road,14795,pm10,µg/m³,2022-01-13,91.2,20.0073285,73.7762427,check_required
5592,Gangapur Road,14795,pm10,µg/m³,2022-01-14,85.5,20.0073285,73.7762427,check_required
5592,Gangapur Road,14795,pm10,µg/m³,2022-01-15,96.2,20.0073285,73.7762427,check_required
5592,Gangapur Road,14795,pm10,µg/m³,2022-01-16,108.0,20.0073285,73.7762427,check_required
5592,Gangapur Road,14795,pm10,µg/m³,2022-01-17,97.9,20.0073285,73.7762427,check_required
5592,Gangapur Road,14795,pm10,µg/m³,2022-01-18,79.2,20.0073285,73.7762427,check_required
5592,Gangapur Road,14795,pm10,µg/m³,2022-01-19,57.1,20.0073285,73.7762427,check_required
5592,Gangapur Road,14795,pm10,µg/m³,2022-01-20,57.0,20.0073285,73.7762427,check_required
5592,Gangapur Road,14795,pm10,µg/m³,2022-01-21,58.5,20.0073285,73.7762427,check_required
5592,Gangapur Road,14795,pm10,µg/m³,2022-01-22,35.7,20.0073285,73.7762427,check_required
5592,Gangapur Road,14795,pm10,µg/m³,2022-01-23,366.0,20.0073285,73.7762427,check_required
5592,Gangapur Road,14795,pm10,µg/m³,2022-01-24,257.0,20.0073285,73.7762427,check_required
5592,Gangapur Road,14795,pm10,µg/m³,2022-01-25,135.0,20.0073285,73.7762427,check_required
5592,Gangapur Road,14795,pm10,µg/m³,2022-01-26,130.0,20.0073285,73.7762427,check_required
5592,Gangapur Road,14795,pm10,µg/m³,2022-01-28,116.0,20.0073285,73.7762427,check_required
5592,Gangapur Road,14795,pm10,µg/m³,2022-01-29,77.3,20.0073285,73.7762427,check_required
5592,Gangapur Road,14795,pm10,µg/m³,2022-02-02,83.5,20.0073285,73.7762427,check_required
5592,Gangapur Road,14795,pm10,µg/m³,2022-02-03,82.9,20.0073285,73.7762427,check_required
5592,Gangapur Road,14795,pm10,µg/m³,2022-02-04,94.0,20.0073285,73.7762427,check_required
5592,Gangapur Road,14795,pm10,µg/m³,2022-02-05,115.0,20.0073285,73.7762427,check_required
5592,Gangapur Road,14795,pm10,µg/m³,2022-03-25,78.7,20.0073285,73.7762427,check_required
5592,Gangapur Road,14795,pm10,µg/m³,2022-03-26,71.1,20.0073285,73.7762427,check_required
5592,Gangapur Road,14795,pm10,µg/m³,2022-03-27,78.0,20.0073285,73.7762427,check_required
5592,Gangapur Road,14795,pm10,µg/m³,2022-03-28,83.2,20.0073285,73.7762427,check_required
5592,Gangapur Road,14795,pm10,µg/m³,2022-03-29,70.4,20.0073285,73.7762427,check_required
5592,Gangapur Road,14795,pm10,µg/m³,2022-04-01,134.0,20.0073285,73.7762427,check_required
5592,Gangapur Road,14795,pm10,µg/m³,2022-04-02,78.2,20.0073285,73.7762427,check_required
5592,Gangapur Road,14795,pm10,µg/m³,2022-04-04,59.0,20.0073285,73.7762427,check_required
5592,Gangapur Road,14795,pm10,µg/m³,2022-04-05,118.0,20.0073285,73.7762427,check_required
5592,Gangapur Road,14795,pm10,µg/m³,2022-04-06,74.5,20.0073285,73.7762427,check_required
5592,Gangapur Road,14795,pm10,µg/m³,2022-04-07,49.3,20.0073285,73.7762427,check_required
5592,Gangapur Road,14795,pm10,µg/m³,2022-04-08,59.8,20.0073285,73.7762427,check_required
5592,Gangapur Road,14795,pm10,µg/m³,2022-04-09,66.9,20.0073285,73.7762427,check_required
5592,Gangapur Road,14795,pm10,µg/m³,2022-04-10,50.4,20.0073285,73.7762427,check_required
5592,Gangapur Road,14795,pm10,µg/m³,2022-04-11,71.4,20.0073285,73.7762427,check_required
5592,Gangapur Road,14795,pm10,µg/m³,2022-04-12,80.7,20.0073285,73.7762427,check_required
5592,Gangapur Road,14795,pm10,µg/m³,2022-04-13,94.5,20.0073285,73.7762427,check_required
5592,Gangapur Road,14795,pm10,µg/m³,2022-04-14,74.2,20.0073285,73.7762427,check_required
5592,Gangapur Road,14795,pm10,µg/m³,2022-04-15,65.7,20.0073285,73.7762427,check_required
5592,Gangapur Road,14795,pm10,µg/m³,2022-04-18,64.3,20.0073285,73.7762427,check_required
5592,Gangapur Road,14795,pm10,µg/m³,2022-04-19,58.9,20.0073285,73.7762427,check_required
5592,Gangapur Road,14795,pm10,µg/m³,2022-04-20,67.3,20.0073285,73.7762427,check_required
5592,Gangapur Road,14795,pm10,µg/m³,2022-04-21,38.9,20.0073285,73.7762427,check_required
5592,Gangapur Road,14795,pm10,µg/m³,2022-04-22,70.4,20.0073285,73.7762427,check_required
5592,Gangapur Road,14795,pm10,µg/m³,2022-04-23,79.9,20.0073285,73.7762427,check_required
5592,Gangapur Road,14795,pm10,µg/m³,2022-04-25,71.5,20.0073285,73.7762427,check_required
5592,Gangapur Road,14795,pm10,µg/m³,2022-04-26,70.2,20.0073285,73.7762427,check_required
5592,Gangapur Road,14795,pm10,µg/m³,2022-04-28,113.0,20.0073285,73.7762427,check_required
5592,Gangapur Road,14795,pm10,µg/m³,2022-04-29,57.3,20.0073285,73.7762427,check_required
5592,Gangapur Road,14795,pm10,µg/m³,2022-04-30,59.3,20.0073285,73.7762427,check_required
5592,Gangapur Road,14795,pm10,µg/m³,2022-05-01,66.2,20.0073285,73.7762427,check_required
5592,Gangapur Road,14795,pm10,µg/m³,2022-05-05,79.7,20.0073285,73.7762427,check_required
5592,Gangapur Road,14795,pm10,µg/m³,2022-05-06,132.0,20.0073285,73.7762427,check_required
5592,Gangapur Road,14795,pm10,µg/m³,2022-05-07,111.0,20.0073285,73.7762427,check_required
5592,Gangapur Road,14795,pm10,µg/m³,2022-05-08,97.7,20.0073285,73.7762427,check_required
5592,Gangapur Road,14795,pm10,µg/m³,2022-05-09,114.0,20.0073285,73.7762427,check_required
5592,Gangapur Road,14795,pm10,µg/m³,2022-05-10,91.6,20.0073285,73.7762427,check_required
5592,Gangapur Road,14795,pm10,µg/m³,2022-05-11,72.6,20.0073285,73.7762427,check_required
5592,Gangapur Road,14795,pm10,µg/m³,2022-05-12,67.0,20.0073285,73.7762427,check_required
5592,Gangapur Road,14795,pm10,µg/m³,2022-05-15,74.9,20.0073285,73.7762427,check_required
5592,Gangapur Road,14795,pm10,µg/m³,2022-05-16,67.8,20.0073285,73.7762427,check_required
5592,Gangapur Road,14795,pm10,µg/m³,2022-05-17,129.0,20.0073285,73.7762427,check_required
5592,Gangapur Road,14795,pm10,µg/m³,2022-05-18,104.0,20.0073285,73.7762427,check_required
5592,Gangapur Road,14795,pm10,µg/m³,2022-05-20,118.0,20.0073285,73.7762427,check_required
5592,Gangapur Road,14795,pm10,µg/m³,2022-05-21,88.7,20.0073285,73.7762427,check_required
5592,Gangapur Road,14795,pm10,µg/m³,2022-05-23,66.4,20.0073285,73.7762427,check_required
5592,Gangapur Road,14795,pm10,µg/m³,2022-05-24,56.9,20.0073285,73.7762427,check_required
5592,Gangapur Road,14795,pm10,µg/m³,2022-05-25,73.6,20.0073285,73.7762427,check_required
5592,Gangapur Road,14795,pm10,µg/m³,2022-05-26,72.4,20.0073285,73.7762427,check_required
5592,Gangapur Road,14795,pm10,µg/m³,2022-05-28,33.1,20.0073285,73.7762427,check_required
5592,Gangapur Road,14795,pm10,µg/m³,2022-05-29,68.1,20.0073285,73.7762427,check_required
5592,Gangapur Road,14795,pm10,µg/m³,2022-06-03,80.2,20.0073285,73.7762427,check_required
5592,Gangapur Road,14795,pm10,µg/m³,2022-06-04,55.3,20.0073285,73.7762427,check_required
5592,Gangapur Road,14795,pm10,µg/m³,2022-06-09,56.0,20.0073285,73.7762427,check_required
5592,Gangapur Road,14795,pm10,µg/m³,2022-06-10,25.4,20.0073285,73.7762427,check_required
5592,Gangapur Road,14795,pm10,µg/m³,2022-06-13,13.8,20.0073285,73.7762427,check_required
5592,Gangapur Road,14795,pm10,µg/m³,2022-06-14,54.4,20.0073285,73.7762427,check_required
5592,Gangapur Road,14795,pm10,µg/m³,2022-06-15,53.5,20.0073285,73.7762427,check_required
5592,Gangapur Road,14795,pm10,µg/m³,2022-06-18,145.0,20.0073285,73.7762427,check_required
5592,Gangapur Road,14795,pm10,µg/m³,2022-06-19,19.1,20.0073285,73.7762427,check_required
5592,Gangapur Road,14795,pm10,µg/m³,2022-06-20,127.0,20.0073285,73.7762427,check_required
5592,Gangapur Road,14795,pm10,µg/m³,2022-06-21,60.7,20.0073285,73.7762427,check_required
5592,Gangapur Road,14795,pm10,µg/m³,2022-06-22,25.5,20.0073285,73.7762427,check_required
5592,Gangapur Road,14795,pm10,µg/m³,2022-07-05,5.54,20.0073285,73.7762427,check_required
5592,Gangapur Road,14795,pm10,µg/m³,2022-07-08,11.8,20.0073285,73.7762427,check_required
5592,Gangapur Road,14795,pm10,µg/m³,2022-07-09,16.0,20.0073285,73.7762427,check_required
5592,Gangapur Road,14795,pm10,µg/m³,2022-07-10,14.0,20.0073285,73.7762427,check_required
5592,Gangapur Road,14795,pm10,µg/m³,2022-07-11,17.5,20.0073285,73.7762427,check_required
5592,Gangapur Road,14795,pm10,µg/m³,2022-07-13,5.28,20.0073285,73.7762427,check_required
5592,Gangapur Road,14795,pm10,µg/m³,2022-07-14,8.9,20.0073285,73.7762427,check_required
5592,Gangapur Road,14795,pm10,µg/m³,2022-07-15,11.2,20.0073285,73.7762427,check_required
5592,Gangapur Road,14795,pm10,µg/m³,2022-07-18,20.1,20.0073285,73.7762427,check_required
5592,Gangapur Road,14795,pm10,µg/m³,2022-07-19,21.4,20.0073285,73.7762427,check_required
5592,Gangapur Road,14795,pm10,µg/m³,2022-07-20,21.2,20.0073285,73.7762427,check_required
5592,Gangapur Road,14795,pm10,µg/m³,2022-07-21,17.6,20.0073285,73.7762427,check_required
5592,Gangapur Road,14795,pm10,µg/m³,2022-07-22,23.8,20.0073285,73.7762427,check_required
5592,Gangapur Road,14795,pm10,µg/m³,2022-07-23,19.2,20.0073285,73.7762427,check_required
5592,Gangapur Road,14795,pm10,µg/m³,2022-07-24,13.2,20.0073285,73.7762427,check_required
5592,Gangapur Road,14795,pm10,µg/m³,2022-07-25,36.4,20.0073285,73.7762427,check_required
5592,Gangapur Road,14795,pm10,µg/m³,2022-07-26,16.5,20.0073285,73.7762427,check_required
5592,Gangapur Road,14795,pm10,µg/m³,2022-07-27,21.6,20.0073285,73.7762427,check_required
5592,Gangapur Road,14795,pm10,µg/m³,2022-07-28,41.5,20.0073285,73.7762427,check_required
5592,Gangapur Road,14795,pm10,µg/m³,2022-07-29,46.8,20.0073285,73.7762427,check_required
5592,Gangapur Road,14795,pm10,µg/m³,2022-07-30,42.1,20.0073285,73.7762427,check_required
5592,Gangapur Road,14795,pm10,µg/m³,2022-07-31,23.2,20.0073285,73.7762427,check_required
5592,Gangapur Road,14795,pm10,µg/m³,2022-08-02,33.2,20.0073285,73.7762427,check_required
5592,Gangapur Road,14795,pm10,µg/m³,2022-08-03,28.9,20.0073285,73.7762427,check_required
5592,Gangapur Road,14795,pm10,µg/m³,2022-09-13,38.6,20.0073285,73.7762427,check_required
5592,Gangapur Road,14795,pm10,µg/m³,2022-09-15,9.22,20.0073285,73.7762427,check_required
5592,Gangapur Road,14795,pm10,µg/m³,2022-09-16,12.9,20.0073285,73.7762427,check_required
5592,Gangapur Road,14795,pm10,µg/m³,2022-09-17,14.7,20.0073285,73.7762427,check_required
5592,Gangapur Road,14795,pm10,µg/m³,2022-09-18,15.3,20.0073285,73.7762427,check_required
5592,Gangapur Road,14795,pm10,µg/m³,2022-09-19,6.67,20.0073285,73.7762427,check_required
5592,Gangapur Road,14795,pm10,µg/m³,2022-09-20,42.0,20.0073285,73.7762427,check_required
5592,Gangapur Road,14795,pm10,µg/m³,2022-09-21,40.9,20.0073285,73.7762427,check_required
5592,Gangapur Road,14795,pm10,µg/m³,2022-09-22,29.2,20.0073285,73.7762427,check_required
5592,Gangapur Road,14795,pm10,µg/m³,2022-09-23,43.6,20.0073285,73.7762427,check_required
5592,Gangapur Road,14795,pm10,µg/m³,2022-09-24,39.3,20.0073285,73.7762427,check_required
5592,Gangapur Road,14795,pm10,µg/m³,2022-09-25,17.7,20.0073285,73.7762427,check_required
5592,Gangapur Road,14795,pm10,µg/m³,2022-09-26,48.6,20.0073285,73.7762427,check_required
5592,Gangapur Road,14795,pm10,µg/m³,2022-09-27,36.3,20.0073285,73.7762427,check_required
5592,Gangapur Road,14795,pm10,µg/m³,2022-09-28,40.7,20.0073285,73.7762427,check_required
5592,Gangapur Road,14795,pm10,µg/m³,2022-09-29,106.0,20.0073285,73.7762427,check_required
5592,Gangapur Road,14795,pm10,µg/m³,2022-09-30,43.4,20.0073285,73.7762427,check_required
5592,Gangapur Road,14795,pm10,µg/m³,2022-10-01,29.5,20.0073285,73.7762427,check_required
5592,Gangapur Road,14795,pm10,µg/m³,2022-10-02,38.9,20.0073285,73.7762427,check_required
5592,Gangapur Road,14795,pm10,µg/m³,2022-10-03,28.7,20.0073285,73.7762427,check_required
5592,Gangapur Road,14795,pm10,µg/m³,2022-10-04,54.4,20.0073285,73.7762427,check_required
5592,Gangapur Road,14795,pm10,µg/m³,2022-10-05,42.3,20.0073285,73.7762427,check_required
5592,Gangapur Road,14795,pm10,µg/m³,2022-10-06,59.1,20.0073285,73.7762427,check_required
5592,Gangapur Road,14795,pm10,µg/m³,2022-10-07,32.5,20.0073285,73.7762427,check_required
5592,Gangapur Road,14795,pm10,µg/m³,2022-10-08,15.6,20.0073285,73.7762427,check_required
5592,Gangapur Road,14795,pm10,µg/m³,2022-10-09,25.0,20.0073285,73.7762427,check_required
5592,Gangapur Road,14795,pm10,µg/m³,2022-10-10,39.6,20.0073285,73.7762427,check_required
5592,Gangapur Road,14795,pm10,µg/m³,2022-10-11,35.6,20.0073285,73.7762427,check_required
5592,Gangapur Road,14795,pm10,µg/m³,2022-10-12,30.6,20.0073285,73.7762427,check_required
5592,Gangapur Road,14795,pm10,µg/m³,2022-10-13,41.3,20.0073285,73.7762427,check_required
5592,Gangapur Road,14795,pm10,µg/m³,2022-10-14,135.0,20.0073285,73.7762427,check_required
5592,Gangapur Road,14795,pm10,µg/m³,2022-10-15,27.5,20.0073285,73.7762427,check_required
5592,Gangapur Road,14795,pm10,µg/m³,2022-10-16,25.8,20.0073285,73.7762427,check_required
5592,Gangapur Road,14795,pm10,µg/m³,2022-10-31,63.1,20.0073285,73.7762427,check_required
5592,Gangapur Road,12235634,pm10,µg/m³,2025-02-19,70.1,20.0073285,73.7762427,check_required
5592,Gangapur Road,12235634,pm10,µg/m³,2025-02-20,89.2,20.0073285,73.7762427,check_required
5592,Gangapur Road,12235634,pm10,µg/m³,2025-02-21,100.0,20.0073285,73.7762427,check_required
5592,Gangapur Road,12235634,pm10,µg/m³,2025-02-22,130.0,20.0073285,73.7762427,check_required
5592,Gangapur Road,12235634,pm10,µg/m³,2025-02-23,116.0,20.0073285,73.7762427,check_required
5592,Gangapur Road,12235634,pm10,µg/m³,2025-02-24,117.0,20.0073285,73.7762427,check_required
5592,Gangapur Road,12235634,pm10,µg/m³,2025-02-25,126.0,20.0073285,73.7762427,check_required
5592,Gangapur Road,12235634,pm10,µg/m³,2025-02-26,148.0,20.0073285,73.7762427,check_required
5592,Gangapur Road,12235634,pm10,µg/m³,2025-02-27,128.0,20.0073285,73.7762427,check_required
5592,Gangapur Road,12235634,pm10,µg/m³,2025-02-28,116.0,20.0073285,73.7762427,check_required
5592,Gangapur Road,12235634,pm10,µg/m³,2025-03-01,156.0,20.0073285,73.7762427,check_required
5592,Gangapur Road,12235634,pm10,µg/m³,2025-03-02,85.8,20.0073285,73.7762427,check_required
5592,Gangapur Road,12235634,pm10,µg/m³,2025-03-03,146.0,20.0073285,73.7762427,check_required
5592,Gangapur Road,12235634,pm10,µg/m³,2025-03-04,110.0,20.0073285,73.7762427,check_required
5592,Gangapur Road,12235634,pm10,µg/m³,2025-03-05,104.0,20.0073285,73.7762427,check_required
5592,Gangapur Road,12235634,pm10,µg/m³,2025-03-06,137.0,20.0073285,73.7762427,check_required
5592,Gangapur Road,12235634,pm10,µg/m³,2025-03-07,113.0,20.0073285,73.7762427,check_required
5592,Gangapur Road,12235634,pm10,µg/m³,2025-03-08,116.0,20.0073285,73.7762427,check_required
5592,Gangapur Road,12235634,pm10,µg/m³,2025-03-09,107.0,20.0073285,73.7762427,check_required
5592,Gangapur Road,12235634,pm10,µg/m³,2025-03-10,95.8,20.0073285,73.7762427,check_required
5592,Gangapur Road,12235634,pm10,µg/m³,2025-03-12,109.0,20.0073285,73.7762427,check_required
5592,Gangapur Road,12235634,pm10,µg/m³,2025-03-13,167.0,20.0073285,73.7762427,check_required
5592,Gangapur Road,12235634,pm10,µg/m³,2025-03-14,102.0,20.0073285,73.7762427,check_required
5592,Gangapur Road,12235634,pm10,µg/m³,2025-03-15,67.2,20.0073285,73.7762427,check_required
5592,Gangapur Road,12235634,pm10,µg/m³,2025-03-17,137.0,20.0073285,73.7762427,check_required
5592,Gangapur Road,12235634,pm10,µg/m³,2025-03-18,149.0,20.0073285,73.7762427,check_required
5592,Gangapur Road,12235634,pm10,µg/m³,2025-03-19,103.0,20.0073285,73.7762427,check_required
5592,Gangapur Road,12235634,pm10,µg/m³,2025-03-20,153.0,20.0073285,73.7762427,check_required
5592,Gangapur Road,12235634,pm10,µg/m³,2025-03-21,94.7,20.0073285,73.7762427,check_required
5592,Gangapur Road,12235634,pm10,µg/m³,2025-03-22,85.2,20.0073285,73.7762427,check_required
5592,Gangapur Road,12235634,pm10,µg/m³,2025-03-23,78.6,20.0073285,73.7762427,check_required
5592,Gangapur Road,12235634,pm10,µg/m³,2025-03-24,98.3,20.0073285,73.7762427,check_required
5592,Gangapur Road,12235634,pm10,µg/m³,2025-03-25,96.3,20.0073285,73.7762427,check_required
5592,Gangapur Road,12235634,pm10,µg/m³,2025-03-26,104.0,20.0073285,73.7762427,check_required
5592,Gangapur Road,12235634,pm10,µg/m³,2025-03-27,85.2,20.0073285,73.7762427,check_required
5592,Gangapur Road,12235634,pm10,µg/m³,2025-03-28,95.4,20.0073285,73.7762427,check_required
5592,Gangapur Road,12235634,pm10,µg/m³,2025-03-29,113.0,20.0073285,73.7762427,check_required
5592,Gangapur Road,12235634,pm10,µg/m³,2025-03-30,95.2,20.0073285,73.7762427,check_required
5592,Gangapur Road,12235634,pm10,µg/m³,2025-03-31,115.0,20.0073285,73.7762427,check_required
5592,Gangapur Road,12235634,pm10,µg/m³,2025-04-01,160.0,20.0073285,73.7762427,check_required
5592,Gangapur Road,12235634,pm10,µg/m³,2025-04-02,103.0,20.0073285,73.7762427,check_required
5592,Gangapur Road,12235634,pm10,µg/m³,2025-04-03,104.0,20.0073285,73.7762427,check_required
5592,Gangapur Road,12235634,pm10,µg/m³,2025-04-04,92.2,20.0073285,73.7762427,check_required
5592,Gangapur Road,12235634,pm10,µg/m³,2025-04-05,110.0,20.0073285,73.7762427,check_required
5592,Gangapur Road,12235634,pm10,µg/m³,2025-04-06,156.0,20.0073285,73.7762427,check_required
5592,Gangapur Road,12235634,pm10,µg/m³,2025-04-07,125.0,20.0073285,73.7762427,check_required
5592,Gangapur Road,12235634,pm10,µg/m³,2025-04-08,75.5,20.0073285,73.7762427,check_required
5592,Gangapur Road,12235634,pm10,µg/m³,2025-04-09,85.6,20.0073285,73.7762427,check_required
5592,Gangapur Road,12235634,pm10,µg/m³,2025-04-11,504.0,20.0073285,73.7762427,high_value_review
5592,Gangapur Road,12235634,pm10,µg/m³,2025-04-12,75.5,20.0073285,73.7762427,check_required
5592,Gangapur Road,12235634,pm10,µg/m³,2025-04-13,70.8,20.0073285,73.7762427,check_required
5592,Gangapur Road,12235634,pm10,µg/m³,2025-04-14,70.6,20.0073285,73.7762427,check_required
5592,Gangapur Road,12235634,pm10,µg/m³,2025-04-15,142.0,20.0073285,73.7762427,check_required
5592,Gangapur Road,12235634,pm10,µg/m³,2025-04-16,124.0,20.0073285,73.7762427,check_required
5592,Gangapur Road,12235634,pm10,µg/m³,2025-04-17,93.0,20.0073285,73.7762427,check_required
5592,Gangapur Road,12235634,pm10,µg/m³,2025-04-18,62.3,20.0073285,73.7762427,check_required
5592,Gangapur Road,12235634,pm10,µg/m³,2025-04-19,90.6,20.0073285,73.7762427,check_required
5592,Gangapur Road,12235634,pm10,µg/m³,2025-04-20,111.0,20.0073285,73.7762427,check_required
5592,Gangapur Road,12235634,pm10,µg/m³,2025-04-21,99.9,20.0073285,73.7762427,check_required
5592,Gangapur Road,12235634,pm10,µg/m³,2025-04-22,109.0,20.0073285,73.7762427,check_required
5592,Gangapur Road,12235634,pm10,µg/m³,2025-04-23,114.0,20.0073285,73.7762427,check_required
5592,Gangapur Road,12235634,pm10,µg/m³,2025-04-24,105.0,20.0073285,73.7762427,check_required
5592,Gangapur Road,12235634,pm10,µg/m³,2025-04-25,82.7,20.0073285,73.7762427,check_required
5592,Gangapur Road,12235634,pm10,µg/m³,2025-04-26,74.3,20.0073285,73.7762427,check_required
5592,Gangapur Road,12235634,pm10,µg/m³,2025-04-27,70.8,20.0073285,73.7762427,check_required
5592,Gangapur Road,12235634,pm10,µg/m³,2025-04-28,95.6,20.0073285,73.7762427,check_required
5592,Gangapur Road,12235634,pm10,µg/m³,2025-04-29,93.0,20.0073285,73.7762427,check_required
5592,Gangapur Road,12235634,pm10,µg/m³,2025-04-30,74.5,20.0073285,73.7762427,check_required
5592,Gangapur Road,12235634,pm10,µg/m³,2025-05-01,61.2,20.0073285,73.7762427,check_required
5592,Gangapur Road,12235634,pm10,µg/m³,2025-05-06,203.0,20.0073285,73.7762427,check_required
5592,Gangapur Road,12235634,pm10,µg/m³,2025-05-07,77.2,20.0073285,73.7762427,check_required
5592,Gangapur Road,12235634,pm10,µg/m³,2025-05-08,49.5,20.0073285,73.7762427,check_required
5592,Gangapur Road,12235634,pm10,µg/m³,2025-05-09,30.7,20.0073285,73.7762427,check_required
5592,Gangapur Road,12235634,pm10,µg/m³,2025-05-10,22.8,20.0073285,73.7762427,check_required
5592,Gangapur Road,12235634,pm10,µg/m³,2025-05-11,117.0,20.0073285,73.7762427,check_required
5592,Gangapur Road,12235634,pm10,µg/m³,2025-05-12,74.9,20.0073285,73.7762427,check_required
5592,Gangapur Road,12235634,pm10,µg/m³,2025-05-13,12.1,20.0073285,73.7762427,check_required
5592,Gangapur Road,12235634,pm10,µg/m³,2025-05-14,31.6,20.0073285,73.7762427,check_required
5592,Gangapur Road,12235634,pm10,µg/m³,2025-05-15,53.0,20.0073285,73.7762427,check_required
5592,Gangapur Road,12235634,pm10,µg/m³,2025-05-16,10.8,20.0073285,73.7762427,check_required
5592,Gangapur Road,12235634,pm10,µg/m³,2025-05-17,30.3,20.0073285,73.7762427,check_required
5592,Gangapur Road,12235634,pm10,µg/m³,2025-05-18,35.0,20.0073285,73.7762427,check_required
5592,Gangapur Road,12235634,pm10,µg/m³,2025-05-19,46.3,20.0073285,73.7762427,check_required
5592,Gangapur Road,12235634,pm10,µg/m³,2025-05-20,46.1,20.0073285,73.7762427,check_required
5592,Gangapur Road,12235634,pm10,µg/m³,2025-05-21,49.1,20.0073285,73.7762427,check_required
5592,Gangapur Road,12235634,pm10,µg/m³,2025-05-22,34.2,20.0073285,73.7762427,check_required
5592,Gangapur Road,12235634,pm10,µg/m³,2025-05-23,49.9,20.0073285,73.7762427,check_required
5592,Gangapur Road,12235634,pm10,µg/m³,2025-05-24,36.4,20.0073285,73.7762427,check_required
5592,Gangapur Road,12235634,pm10,µg/m³,2025-05-25,44.1,20.0073285,73.7762427,check_required
5592,Gangapur Road,12235634,pm10,µg/m³,2025-05-26,51.3,20.0073285,73.7762427,check_required
5592,Gangapur Road,12235634,pm10,µg/m³,2025-05-27,40.1,20.0073285,73.7762427,check_required
5592,Gangapur Road,12235634,pm10,µg/m³,2025-05-28,41.5,20.0073285,73.7762427,check_required
5592,Gangapur Road,12235634,pm10,µg/m³,2025-05-29,67.2,20.0073285,73.7762427,check_required
5592,Gangapur Road,12235634,pm10,µg/m³,2025-05-30,76.7,20.0073285,73.7762427,check_required
5592,Gangapur Road,12235634,pm10,µg/m³,2025-05-31,62.5,20.0073285,73.7762427,check_required
5592,Gangapur Road,12235634,pm10,µg/m³,2025-06-01,47.8,20.0073285,73.7762427,check_required
5592,Gangapur Road,12235634,pm10,µg/m³,2025-06-02,64.2,20.0073285,73.7762427,check_required
5592,Gangapur Road,12235634,pm10,µg/m³,2025-06-03,59.4,20.0073285,73.7762427,check_required
5592,Gangapur Road,12235634,pm10,µg/m³,2025-06-04,56.6,20.0073285,73.7762427,check_required
5592,Gangapur Road,12235634,pm10,µg/m³,2025-06-05,65.9,20.0073285,73.7762427,check_required
5592,Gangapur Road,12235634,pm10,µg/m³,2025-06-06,42.0,20.0073285,73.7762427,check_required
5592,Gangapur Road,12235634,pm10,µg/m³,2025-06-07,49.8,20.0073285,73.7762427,check_required
5592,Gangapur Road,12235634,pm10,µg/m³,2025-06-08,53.1,20.0073285,73.7762427,check_required
5592,Gangapur Road,12235634,pm10,µg/m³,2025-06-09,59.0,20.0073285,73.7762427,check_required
5592,Gangapur Road,12235634,pm10,µg/m³,2025-06-10,35.6,20.0073285,73.7762427,check_required
5592,Gangapur Road,12235634,pm10,µg/m³,2025-06-11,46.0,20.0073285,73.7762427,check_required
5592,Gangapur Road,12235634,pm10,µg/m³,2025-06-12,88.0,20.0073285,73.7762427,check_required
5592,Gangapur Road,12235634,pm10,µg/m³,2025-06-13,75.6,20.0073285,73.7762427,check_required
5592,Gangapur Road,12235634,pm10,µg/m³,2025-06-14,75.8,20.0073285,73.7762427,check_required
5592,Gangapur Road,12235634,pm10,µg/m³,2025-06-15,67.3,20.0073285,73.7762427,check_required
5592,Gangapur Road,12235634,pm10,µg/m³,2025-06-16,64.7,20.0073285,73.7762427,check_required
5592,Gangapur Road,12235634,pm10,µg/m³,2025-06-17,89.7,20.0073285,73.7762427,check_required
5592,Gangapur Road,12235634,pm10,µg/m³,2025-06-18,59.6,20.0073285,73.7762427,check_required
5592,Gangapur Road,12235634,pm10,µg/m³,2025-06-19,67.0,20.0073285,73.7762427,check_required
5592,Gangapur Road,12235634,pm10,µg/m³,2025-06-20,78.3,20.0073285,73.7762427,check_required
5592,Gangapur Road,12235634,pm10,µg/m³,2025-06-21,67.7,20.0073285,73.7762427,check_required
5592,Gangapur Road,12235634,pm10,µg/m³,2025-06-22,72.4,20.0073285,73.7762427,check_required
5592,Gangapur Road,12235634,pm10,µg/m³,2025-06-23,62.8,20.0073285,73.7762427,check_required
5592,Gangapur Road,12235634,pm10,µg/m³,2025-06-24,80.2,20.0073285,73.7762427,check_required
5592,Gangapur Road,12235634,pm10,µg/m³,2025-06-25,80.0,20.0073285,73.7762427,check_required
5592,Gangapur Road,12235634,pm10,µg/m³,2025-06-26,78.4,20.0073285,73.7762427,check_required
5592,Gangapur Road,12235634,pm10,µg/m³,2025-06-27,77.4,20.0073285,73.7762427,check_required
5592,Gangapur Road,12235634,pm10,µg/m³,2025-06-28,102.0,20.0073285,73.7762427,check_required
5592,Gangapur Road,12235634,pm10,µg/m³,2025-06-29,69.2,20.0073285,73.7762427,check_required
5592,Gangapur Road,12235634,pm10,µg/m³,2025-06-30,41.8,20.0073285,73.7762427,check_required
5592,Gangapur Road,12235634,pm10,µg/m³,2025-07-01,21.1,20.0073285,73.7762427,check_required
5592,Gangapur Road,12235634,pm10,µg/m³,2025-07-02,20.3,20.0073285,73.7762427,check_required
5592,Gangapur Road,12235634,pm10,µg/m³,2025-07-03,21.0,20.0073285,73.7762427,check_required
5592,Gangapur Road,12235634,pm10,µg/m³,2025-07-04,23.3,20.0073285,73.7762427,check_required
5592,Gangapur Road,12235634,pm10,µg/m³,2025-07-05,13.5,20.0073285,73.7762427,check_required
5592,Gangapur Road,12235634,pm10,µg/m³,2025-07-06,10.3,20.0073285,73.7762427,check_required
5592,Gangapur Road,12235634,pm10,µg/m³,2025-07-07,24.3,20.0073285,73.7762427,check_required
5592,Gangapur Road,12235634,pm10,µg/m³,2025-07-08,35.8,20.0073285,73.7762427,check_required
5592,Gangapur Road,12235634,pm10,µg/m³,2025-07-09,37.0,20.0073285,73.7762427,check_required
5592,Gangapur Road,12235634,pm10,µg/m³,2025-07-10,50.7,20.0073285,73.7762427,check_required
5592,Gangapur Road,12235634,pm10,µg/m³,2025-07-11,41.8,20.0073285,73.7762427,check_required
5592,Gangapur Road,12235634,pm10,µg/m³,2025-07-12,80.8,20.0073285,73.7762427,check_required
5592,Gangapur Road,12235634,pm10,µg/m³,2025-07-13,24.0,20.0073285,73.7762427,check_required
5592,Gangapur Road,12235634,pm10,µg/m³,2025-07-14,15.4,20.0073285,73.7762427,check_required
5592,Gangapur Road,12235634,pm10,µg/m³,2025-07-15,26.9,20.0073285,73.7762427,check_required
5592,Gangapur Road,12235634,pm10,µg/m³,2025-07-16,51.1,20.0073285,73.7762427,check_required
5592,Gangapur Road,12235634,pm10,µg/m³,2025-07-17,74.3,20.0073285,73.7762427,check_required
5592,Gangapur Road,12235634,pm10,µg/m³,2025-07-18,61.9,20.0073285,73.7762427,check_required
5592,Gangapur Road,12235634,pm10,µg/m³,2025-07-19,52.2,20.0073285,73.7762427,check_required
5592,Gangapur Road,12235634,pm10,µg/m³,2025-07-20,54.8,20.0073285,73.7762427,check_required
5592,Gangapur Road,12235634,pm10,µg/m³,2025-07-21,40.2,20.0073285,73.7762427,check_required
5592,Gangapur Road,12235634,pm10,µg/m³,2025-07-22,32.1,20.0073285,73.7762427,check_required
5592,Gangapur Road,12235634,pm10,µg/m³,2025-07-23,29.8,20.0073285,73.7762427,check_required
5592,Gangapur Road,12235634,pm10,µg/m³,2025-07-24,24.0,20.0073285,73.7762427,check_required
5592,Gangapur Road,12235634,pm10,µg/m³,2025-07-25,17.5,20.0073285,73.7762427,check_required
5592,Gangapur Road,12235634,pm10,µg/m³,2025-07-26,15.6,20.0073285,73.7762427,check_required
5592,Gangapur Road,12235634,pm10,µg/m³,2025-07-27,25.5,20.0073285,73.7762427,check_required
5592,Gangapur Road,12235634,pm10,µg/m³,2025-07-28,19.3,20.0073285,73.7762427,check_required
5592,Gangapur Road,12235634,pm10,µg/m³,2025-07-29,23.8,20.0073285,73.7762427,check_required
5592,Gangapur Road,12235634,pm10,µg/m³,2025-07-30,28.0,20.0073285,73.7762427,check_required
5592,Gangapur Road,12235634,pm10,µg/m³,2025-07-31,45.6,20.0073285,73.7762427,check_required
5592,Gangapur Road,12235634,pm10,µg/m³,2025-08-01,37.3,20.0073285,73.7762427,check_required
5592,Gangapur Road,12235634,pm10,µg/m³,2025-08-02,35.0,20.0073285,73.7762427,check_required
5592,Gangapur Road,12235634,pm10,µg/m³,2025-08-03,17.1,20.0073285,73.7762427,check_required
5592,Gangapur Road,12235634,pm10,µg/m³,2025-08-04,44.6,20.0073285,73.7762427,check_required
5592,Gangapur Road,12235634,pm10,µg/m³,2025-08-05,49.8,20.0073285,73.7762427,check_required
5592,Gangapur Road,12235634,pm10,µg/m³,2025-08-06,50.6,20.0073285,73.7762427,check_required
5592,Gangapur Road,12235634,pm10,µg/m³,2025-08-07,49.4,20.0073285,73.7762427,check_required
5592,Gangapur Road,12235634,pm10,µg/m³,2025-08-08,45.9,20.0073285,73.7762427,check_required
5592,Gangapur Road,12235634,pm10,µg/m³,2025-08-09,35.7,20.0073285,73.7762427,check_required
5592,Gangapur Road,12235634,pm10,µg/m³,2025-08-10,36.1,20.0073285,73.7762427,check_required
5592,Gangapur Road,12235634,pm10,µg/m³,2025-08-11,44.0,20.0073285,73.7762427,check_required
5592,Gangapur Road,12235634,pm10,µg/m³,2025-08-12,47.8,20.0073285,73.7762427,check_required
5592,Gangapur Road,12235634,pm10,µg/m³,2025-08-13,28.4,20.0073285,73.7762427,check_required
5592,Gangapur Road,12235634,pm10,µg/m³,2025-08-14,29.4,20.0073285,73.7762427,check_required
5592,Gangapur Road,12235634,pm10,µg/m³,2025-08-15,22.8,20.0073285,73.7762427,check_required
5592,Gangapur Road,12235634,pm10,µg/m³,2025-08-16,14.8,20.0073285,73.7762427,check_required
5592,Gangapur Road,12235634,pm10,µg/m³,2025-08-17,17.4,20.0073285,73.7762427,check_required
5592,Gangapur Road,12235634,pm10,µg/m³,2025-08-18,15.1,20.0073285,73.7762427,check_required
5592,Gangapur Road,12235634,pm10,µg/m³,2025-08-19,9.83,20.0073285,73.7762427,check_required
5592,Gangapur Road,12235634,pm10,µg/m³,2025-08-20,18.3,20.0073285,73.7762427,check_required
5592,Gangapur Road,12235634,pm10,µg/m³,2025-08-21,16.3,20.0073285,73.7762427,check_required
5592,Gangapur Road,12235634,pm10,µg/m³,2025-08-22,26.3,20.0073285,73.7762427,check_required
5592,Gangapur Road,12235634,pm10,µg/m³,2025-08-23,23.4,20.0073285,73.7762427,check_required
5592,Gangapur Road,12235634,pm10,µg/m³,2025-08-24,26.6,20.0073285,73.7762427,check_required
5592,Gangapur Road,12235634,pm10,µg/m³,2025-08-25,19.5,20.0073285,73.7762427,check_required
5592,Gangapur Road,12235634,pm10,µg/m³,2025-08-26,18.9,20.0073285,73.7762427,check_required
5592,Gangapur Road,12235634,pm10,µg/m³,2025-08-27,19.4,20.0073285,73.7762427,check_required
5592,Gangapur Road,12235634,pm10,µg/m³,2025-08-28,34.0,20.0073285,73.7762427,check_required
5592,Gangapur Road,12235634,pm10,µg/m³,2025-08-29,31.7,20.0073285,73.7762427,check_required
5592,Gangapur Road,12235634,pm10,µg/m³,2025-08-30,34.1,20.0073285,73.7762427,check_required
5592,Gangapur Road,12235634,pm10,µg/m³,2025-08-31,34.1,20.0073285,73.7762427,check_required
5592,Gangapur Road,12235634,pm10,µg/m³,2025-09-01,27.1,20.0073285,73.7762427,check_required
5592,Gangapur Road,12235634,pm10,µg/m³,2025-09-02,36.3,20.0073285,73.7762427,check_required
5592,Gangapur Road,12235634,pm10,µg/m³,2025-09-03,48.1,20.0073285,73.7762427,check_required
5592,Gangapur Road,12235634,pm10,µg/m³,2025-09-04,31.6,20.0073285,73.7762427,check_required
5592,Gangapur Road,12235634,pm10,µg/m³,2025-09-05,29.0,20.0073285,73.7762427,check_required
5592,Gangapur Road,12235634,pm10,µg/m³,2025-09-06,23.9,20.0073285,73.7762427,check_required
5592,Gangapur Road,12235634,pm10,µg/m³,2025-09-07,19.8,20.0073285,73.7762427,check_required
5592,Gangapur Road,12235634,pm10,µg/m³,2025-09-08,50.1,20.0073285,73.7762427,check_required
5592,Gangapur Road,12235634,pm10,µg/m³,2025-09-09,62.8,20.0073285,73.7762427,check_required
5592,Gangapur Road,12235634,pm10,µg/m³,2025-09-10,54.1,20.0073285,73.7762427,check_required
5592,Gangapur Road,12235634,pm10,µg/m³,2025-09-11,55.6,20.0073285,73.7762427,check_required
5592,Gangapur Road,12235634,pm10,µg/m³,2025-09-12,43.9,20.0073285,73.7762427,check_required
5592,Gangapur Road,12235634,pm10,µg/m³,2025-09-13,45.3,20.0073285,73.7762427,check_required
5592,Gangapur Road,12235634,pm10,µg/m³,2025-09-14,43.1,20.0073285,73.7762427,check_required
5592,Gangapur Road,12235634,pm10,µg/m³,2025-09-15,45.4,20.0073285,73.7762427,check_required
5592,Gangapur Road,12235634,pm10,µg/m³,2025-09-16,31.0,20.0073285,73.7762427,check_required
5592,Gangapur Road,12235634,pm10,µg/m³,2025-09-17,21.9,20.0073285,73.7762427,check_required
5592,Gangapur Road,12235634,pm10,µg/m³,2025-09-18,21.3,20.0073285,73.7762427,check_required
5592,Gangapur Road,12235634,pm10,µg/m³,2025-09-19,20.7,20.0073285,73.7762427,check_required
5592,Gangapur Road,12235634,pm10,µg/m³,2025-09-20,18.8,20.0073285,73.7762427,check_required
5592,Gangapur Road,12235634,pm10,µg/m³,2025-09-21,27.3,20.0073285,73.7762427,check_required
5592,Gangapur Road,12235634,pm10,µg/m³,2025-09-22,28.4,20.0073285,73.7762427,check_required
5592,Gangapur Road,12235634,pm10,µg/m³,2025-09-23,18.1,20.0073285,73.7762427,check_required
5592,Gangapur Road,12235634,pm10,µg/m³,2025-09-24,27.6,20.0073285,73.7762427,check_required
5592,Gangapur Road,12235634,pm10,µg/m³,2025-09-25,26.2,20.0073285,73.7762427,check_required
5592,Gangapur Road,12235634,pm10,µg/m³,2025-09-26,31.6,20.0073285,73.7762427,check_required
5592,Gangapur Road,12235634,pm10,µg/m³,2025-09-27,40.0,20.0073285,73.7762427,check_required
5592,Gangapur Road,12235634,pm10,µg/m³,2025-09-28,15.9,20.0073285,73.7762427,check_required
5592,Gangapur Road,12235634,pm10,µg/m³,2025-09-29,22.3,20.0073285,73.7762427,check_required
5592,Gangapur Road,12235634,pm10,µg/m³,2025-09-30,32.3,20.0073285,73.7762427,check_required
5592,Gangapur Road,12235634,pm10,µg/m³,2025-10-01,44.4,20.0073285,73.7762427,check_required
5592,Gangapur Road,12235634,pm10,µg/m³,2025-10-02,37.7,20.0073285,73.7762427,check_required
5592,Gangapur Road,12235634,pm10,µg/m³,2025-10-03,44.4,20.0073285,73.7762427,check_required
5592,Gangapur Road,12235634,pm10,µg/m³,2025-10-04,41.8,20.0073285,73.7762427,check_required
5592,Gangapur Road,12235634,pm10,µg/m³,2025-10-05,37.9,20.0073285,73.7762427,check_required
5592,Gangapur Road,12235634,pm10,µg/m³,2025-10-06,56.6,20.0073285,73.7762427,check_required
5592,Gangapur Road,12235634,pm10,µg/m³,2025-10-07,37.3,20.0073285,73.7762427,check_required
5592,Gangapur Road,12235634,pm10,µg/m³,2025-10-08,68.2,20.0073285,73.7762427,check_required
5592,Gangapur Road,12235634,pm10,µg/m³,2025-10-09,108.0,20.0073285,73.7762427,check_required
5592,Gangapur Road,12235634,pm10,µg/m³,2025-10-10,128.0,20.0073285,73.7762427,check_required
5592,Gangapur Road,12235634,pm10,µg/m³,2025-10-11,133.0,20.0073285,73.7762427,check_required
5592,Gangapur Road,12235634,pm10,µg/m³,2025-10-12,122.0,20.0073285,73.7762427,check_required
5592,Gangapur Road,12235634,pm10,µg/m³,2025-10-13,105.0,20.0073285,73.7762427,check_required
5592,Gangapur Road,12235634,pm10,µg/m³,2025-10-14,129.0,20.0073285,73.7762427,check_required
5592,Gangapur Road,12235634,pm10,µg/m³,2025-10-15,106.0,20.0073285,73.7762427,check_required
5592,Gangapur Road,12235634,pm10,µg/m³,2025-10-16,64.4,20.0073285,73.7762427,check_required
5592,Gangapur Road,12235634,pm10,µg/m³,2025-10-17,84.1,20.0073285,73.7762427,check_required
5592,Gangapur Road,12235634,pm10,µg/m³,2025-10-18,87.9,20.0073285,73.7762427,check_required
5592,Gangapur Road,12235634,pm10,µg/m³,2025-10-19,106.0,20.0073285,73.7762427,check_required
5592,Gangapur Road,12235634,pm10,µg/m³,2025-10-20,124.0,20.0073285,73.7762427,check_required
5592,Gangapur Road,12235634,pm10,µg/m³,2025-10-21,138.0,20.0073285,73.7762427,check_required
5592,Gangapur Road,12235634,pm10,µg/m³,2025-10-22,69.1,20.0073285,73.7762427,check_required
5592,Gangapur Road,12235634,pm10,µg/m³,2025-10-23,57.0,20.0073285,73.7762427,check_required
5592,Gangapur Road,12235634,pm10,µg/m³,2025-10-24,45.9,20.0073285,73.7762427,check_required
5592,Gangapur Road,12235634,pm10,µg/m³,2025-10-25,25.2,20.0073285,73.7762427,check_required
5592,Gangapur Road,12235634,pm10,µg/m³,2025-10-26,13.9,20.0073285,73.7762427,check_required
5592,Gangapur Road,12235634,pm10,µg/m³,2025-10-27,20.7,20.0073285,73.7762427,check_required
5592,Gangapur Road,12235634,pm10,µg/m³,2025-10-28,41.5,20.0073285,73.7762427,check_required
5592,Gangapur Road,12235634,pm10,µg/m³,2025-10-29,33.2,20.0073285,73.7762427,check_required
5592,Gangapur Road,12235634,pm10,µg/m³,2025-10-30,47.0,20.0073285,73.7762427,check_required
5592,Gangapur Road,12235634,pm10,µg/m³,2025-10-31,48.9,20.0073285,73.7762427,check_required
5592,Gangapur Road,12235634,pm10,µg/m³,2025-11-01,22.2,20.0073285,73.7762427,check_required
5592,Gangapur Road,12235634,pm10,µg/m³,2025-11-02,21.3,20.0073285,73.7762427,check_required
5592,Gangapur Road,12235634,pm10,µg/m³,2025-11-03,22.7,20.0073285,73.7762427,check_required
5592,Gangapur Road,12235634,pm10,µg/m³,2025-11-04,29.2,20.0073285,73.7762427,check_required
5592,Gangapur Road,12235634,pm10,µg/m³,2025-11-05,40.1,20.0073285,73.7762427,check_required
5592,Gangapur Road,12235634,pm10,µg/m³,2025-11-06,95.9,20.0073285,73.7762427,check_required
5592,Gangapur Road,12235634,pm10,µg/m³,2025-11-07,103.0,20.0073285,73.7762427,check_required
5592,Gangapur Road,12235634,pm10,µg/m³,2025-11-08,94.4,20.0073285,73.7762427,check_required
5592,Gangapur Road,12235634,pm10,µg/m³,2025-11-11,80.5,20.0073285,73.7762427,check_required
5592,Gangapur Road,12235634,pm10,µg/m³,2025-11-12,228.0,20.0073285,73.7762427,check_required
5592,Gangapur Road,12235634,pm10,µg/m³,2025-11-13,125.0,20.0073285,73.7762427,check_required
5592,Gangapur Road,12235634,pm10,µg/m³,2025-11-14,151.0,20.0073285,73.7762427,check_required
5592,Gangapur Road,12235634,pm10,µg/m³,2025-11-15,115.0,20.0073285,73.7762427,check_required
5592,Gangapur Road,12235634,pm10,µg/m³,2025-11-16,111.0,20.0073285,73.7762427,check_required
5592,Gangapur Road,12235634,pm10,µg/m³,2025-11-17,126.0,20.0073285,73.7762427,check_required
5592,Gangapur Road,12235634,pm10,µg/m³,2025-11-18,132.0,20.0073285,73.7762427,check_required
5592,Gangapur Road,12235634,pm10,µg/m³,2025-11-19,150.0,20.0073285,73.7762427,check_required
5592,Gangapur Road,12235634,pm10,µg/m³,2025-11-20,172.0,20.0073285,73.7762427,check_required
5592,Gangapur Road,12235634,pm10,µg/m³,2025-11-21,160.0,20.0073285,73.7762427,check_required
5592,Gangapur Road,12235634,pm10,µg/m³,2025-11-22,119.0,20.0073285,73.7762427,check_required
5592,Gangapur Road,12235634,pm10,µg/m³,2025-11-23,65.8,20.0073285,73.7762427,check_required
5592,Gangapur Road,12235634,pm10,µg/m³,2025-11-24,104.0,20.0073285,73.7762427,check_required
5592,Gangapur Road,12235634,pm10,µg/m³,2025-11-25,104.0,20.0073285,73.7762427,check_required
5592,Gangapur Road,12235634,pm10,µg/m³,2025-11-26,94.4,20.0073285,73.7762427,check_required
5592,Gangapur Road,12235634,pm10,µg/m³,2025-11-27,118.0,20.0073285,73.7762427,check_required
5592,Gangapur Road,12235634,pm10,µg/m³,2025-11-28,138.0,20.0073285,73.7762427,check_required
5592,Gangapur Road,12235634,pm10,µg/m³,2025-11-29,105.0,20.0073285,73.7762427,check_required
5592,Gangapur Road,12235634,pm10,µg/m³,2025-11-30,100.0,20.0073285,73.7762427,check_required
5592,Gangapur Road,12235634,pm10,µg/m³,2025-12-01,173.0,20.0073285,73.7762427,check_required
5592,Gangapur Road,12235634,pm10,µg/m³,2025-12-02,155.0,20.0073285,73.7762427,check_required
5592,Gangapur Road,12235634,pm10,µg/m³,2025-12-03,145.0,20.0073285,73.7762427,check_required
5592,Gangapur Road,12235634,pm10,µg/m³,2025-12-04,140.0,20.0073285,73.7762427,check_required
5592,Gangapur Road,12235634,pm10,µg/m³,2025-12-05,116.0,20.0073285,73.7762427,check_required
5592,Gangapur Road,12235634,pm10,µg/m³,2025-12-06,136.0,20.0073285,73.7762427,check_required
5592,Gangapur Road,12235634,pm10,µg/m³,2025-12-07,104.0,20.0073285,73.7762427,check_required
5592,Gangapur Road,12235634,pm10,µg/m³,2025-12-08,110.0,20.0073285,73.7762427,check_required
5592,Gangapur Road,12235634,pm10,µg/m³,2025-12-09,126.0,20.0073285,73.7762427,check_required
5592,Gangapur Road,12235634,pm10,µg/m³,2025-12-10,129.0,20.0073285,73.7762427,check_required
5592,Gangapur Road,12235634,pm10,µg/m³,2025-12-11,149.0,20.0073285,73.7762427,check_required
5592,Gangapur Road,12235634,pm10,µg/m³,2025-12-12,157.0,20.0073285,73.7762427,check_required
5592,Gangapur Road,12235634,pm10,µg/m³,2025-12-13,153.0,20.0073285,73.7762427,check_required
5592,Gangapur Road,12235634,pm10,µg/m³,2025-12-14,100.0,20.0073285,73.7762427,check_required
5592,Gangapur Road,12235634,pm10,µg/m³,2025-12-15,94.1,20.0073285,73.7762427,check_required
5592,Gangapur Road,12235634,pm10,µg/m³,2025-12-16,113.0,20.0073285,73.7762427,check_required
5592,Gangapur Road,12235634,pm10,µg/m³,2025-12-17,147.0,20.0073285,73.7762427,check_required
5592,Gangapur Road,12235634,pm10,µg/m³,2025-12-18,137.0,20.0073285,73.7762427,check_required
5592,Gangapur Road,12235634,pm10,µg/m³,2025-12-19,87.2,20.0073285,73.7762427,check_required
5592,Gangapur Road,12235634,pm10,µg/m³,2025-12-20,83.3,20.0073285,73.7762427,check_required
5592,Gangapur Road,12235634,pm10,µg/m³,2025-12-21,106.0,20.0073285,73.7762427,check_required
5592,Gangapur Road,12235634,pm10,µg/m³,2025-12-22,105.0,20.0073285,73.7762427,check_required
5592,Gangapur Road,12235634,pm10,µg/m³,2025-12-23,70.9,20.0073285,73.7762427,check_required
5592,Gangapur Road,12235634,pm10,µg/m³,2025-12-24,103.0,20.0073285,73.7762427,check_required
5592,Gangapur Road,12235634,pm10,µg/m³,2025-12-25,114.0,20.0073285,73.7762427,check_required
5592,Gangapur Road,12235634,pm10,µg/m³,2025-12-26,129.0,20.0073285,73.7762427,check_required
5592,Gangapur Road,12235634,pm10,µg/m³,2025-12-27,144.0,20.0073285,73.7762427,check_required
5592,Gangapur Road,12235634,pm10,µg/m³,2025-12-28,119.0,20.0073285,73.7762427,check_required
5592,Gangapur Road,12235634,pm10,µg/m³,2025-12-29,102.0,20.0073285,73.7762427,check_required
5592,Gangapur Road,12235634,pm10,µg/m³,2025-12-30,67.3,20.0073285,73.7762427,check_required
5592,Gangapur Road,12235634,pm10,µg/m³,2025-12-31,74.3,20.0073285,73.7762427,check_required
3409454,Hirawadi,12238138,pm10,µg/m³,2025-02-19,103.0,20.021503,73.813844,check_required
3409454,Hirawadi,12238138,pm10,µg/m³,2025-02-20,114.0,20.021503,73.813844,check_required
3409454,Hirawadi,12238138,pm10,µg/m³,2025-02-21,129.0,20.021503,73.813844,check_required
3409454,Hirawadi,12238138,pm10,µg/m³,2025-02-22,131.0,20.021503,73.813844,check_required
3409454,Hirawadi,12238138,pm10,µg/m³,2025-02-23,138.0,20.021503,73.813844,check_required
3409454,Hirawadi,12238138,pm10,µg/m³,2025-02-24,135.0,20.021503,73.813844,check_required
3409454,Hirawadi,12238138,pm10,µg/m³,2025-02-25,144.0,20.021503,73.813844,check_required
3409454,Hirawadi,12238138,pm10,µg/m³,2025-02-26,155.0,20.021503,73.813844,check_required
3409454,Hirawadi,12238138,pm10,µg/m³,2025-02-27,134.0,20.021503,73.813844,check_required
3409454,Hirawadi,12238138,pm10,µg/m³,2025-02-28,148.0,20.021503,73.813844,check_required
3409454,Hirawadi,12238138,pm10,µg/m³,2025-03-01,169.0,20.021503,73.813844,check_required
3409454,Hirawadi,12238138,pm10,µg/m³,2025-03-02,129.0,20.021503,73.813844,check_required
3409454,Hirawadi,12238138,pm10,µg/m³,2025-03-03,144.0,20.021503,73.813844,check_required
3409454,Hirawadi,12238138,pm10,µg/m³,2025-03-04,118.0,20.021503,73.813844,check_required
3409454,Hirawadi,12238138,pm10,µg/m³,2025-03-05,143.0,20.021503,73.813844,check_required
3409454,Hirawadi,12238138,pm10,µg/m³,2025-03-06,124.0,20.021503,73.813844,check_required
3409454,Hirawadi,12238138,pm10,µg/m³,2025-03-07,124.0,20.021503,73.813844,check_required
3409454,Hirawadi,12238138,pm10,µg/m³,2025-03-08,115.0,20.021503,73.813844,check_required
3409454,Hirawadi,12238138,pm10,µg/m³,2025-03-09,135.0,20.021503,73.813844,check_required
3409454,Hirawadi,12238138,pm10,µg/m³,2025-03-10,138.0,20.021503,73.813844,check_required
3409454,Hirawadi,12238138,pm10,µg/m³,2025-03-11,163.0,20.021503,73.813844,check_required
3409454,Hirawadi,12238138,pm10,µg/m³,2025-03-12,132.0,20.021503,73.813844,check_required
3409454,Hirawadi,12238138,pm10,µg/m³,2025-03-13,158.0,20.021503,73.813844,check_required
3409454,Hirawadi,12238138,pm10,µg/m³,2025-03-14,90.4,20.021503,73.813844,check_required
3409454,Hirawadi,12238138,pm10,µg/m³,2025-03-15,72.4,20.021503,73.813844,check_required
3409454,Hirawadi,12238138,pm10,µg/m³,2025-03-16,73.8,20.021503,73.813844,check_required
3409454,Hirawadi,12238138,pm10,µg/m³,2025-03-17,94.5,20.021503,73.813844,check_required
3409454,Hirawadi,12238138,pm10,µg/m³,2025-03-18,121.0,20.021503,73.813844,check_required
3409454,Hirawadi,12238138,pm10,µg/m³,2025-03-19,101.0,20.021503,73.813844,check_required
3409454,Hirawadi,12238138,pm10,µg/m³,2025-03-20,87.4,20.021503,73.813844,check_required
3409454,Hirawadi,12238138,pm10,µg/m³,2025-03-21,88.1,20.021503,73.813844,check_required
3409454,Hirawadi,12238138,pm10,µg/m³,2025-03-22,98.7,20.021503,73.813844,check_required
3409454,Hirawadi,12238138,pm10,µg/m³,2025-03-23,134.0,20.021503,73.813844,check_required
3409454,Hirawadi,12238138,pm10,µg/m³,2025-03-24,144.0,20.021503,73.813844,check_required
3409454,Hirawadi,12238138,pm10,µg/m³,2025-03-25,140.0,20.021503,73.813844,check_required
3409454,Hirawadi,12238138,pm10,µg/m³,2025-03-26,113.0,20.021503,73.813844,check_required
3409454,Hirawadi,12238138,pm10,µg/m³,2025-03-27,73.1,20.021503,73.813844,check_required
3409454,Hirawadi,12238138,pm10,µg/m³,2025-03-28,96.4,20.021503,73.813844,check_required
3409454,Hirawadi,12238138,pm10,µg/m³,2025-03-29,133.0,20.021503,73.813844,check_required
3409454,Hirawadi,12238138,pm10,µg/m³,2025-03-30,134.0,20.021503,73.813844,check_required
3409454,Hirawadi,12238138,pm10,µg/m³,2025-03-31,126.0,20.021503,73.813844,check_required
3409454,Hirawadi,12238138,pm10,µg/m³,2025-04-01,150.0,20.021503,73.813844,check_required
3409454,Hirawadi,12238138,pm10,µg/m³,2025-04-02,118.0,20.021503,73.813844,check_required
3409454,Hirawadi,12238138,pm10,µg/m³,2025-04-03,117.0,20.021503,73.813844,check_required
3409454,Hirawadi,12238138,pm10,µg/m³,2025-04-04,114.0,20.021503,73.813844,check_required
3409454,Hirawadi,12238138,pm10,µg/m³,2025-04-05,121.0,20.021503,73.813844,check_required
3409454,Hirawadi,12238138,pm10,µg/m³,2025-04-06,130.0,20.021503,73.813844,check_required
3409454,Hirawadi,12238138,pm10,µg/m³,2025-04-07,124.0,20.021503,73.813844,check_required
3409454,Hirawadi,12238138,pm10,µg/m³,2025-04-08,120.0,20.021503,73.813844,check_required
3409454,Hirawadi,12238138,pm10,µg/m³,2025-04-09,126.0,20.021503,73.813844,check_required
3409454,Hirawadi,12238138,pm10,µg/m³,2025-04-11,98.6,20.021503,73.813844,check_required
3409454,Hirawadi,12238138,pm10,µg/m³,2025-04-12,68.1,20.021503,73.813844,check_required
3409454,Hirawadi,12238138,pm10,µg/m³,2025-04-18,104.0,20.021503,73.813844,check_required
3409454,Hirawadi,12238138,pm10,µg/m³,2025-04-19,79.8,20.021503,73.813844,check_required
3409454,Hirawadi,12238138,pm10,µg/m³,2025-04-20,132.0,20.021503,73.813844,check_required
3409454,Hirawadi,12238138,pm10,µg/m³,2025-04-21,115.0,20.021503,73.813844,check_required
3409454,Hirawadi,12238138,pm10,µg/m³,2025-04-22,140.0,20.021503,73.813844,check_required
3409454,Hirawadi,12238138,pm10,µg/m³,2025-04-23,121.0,20.021503,73.813844,check_required
3409454,Hirawadi,12238138,pm10,µg/m³,2025-04-24,118.0,20.021503,73.813844,check_required
3409454,Hirawadi,12238138,pm10,µg/m³,2025-04-25,116.0,20.021503,73.813844,check_required
3409454,Hirawadi,12238138,pm10,µg/m³,2025-04-26,104.0,20.021503,73.813844,check_required
3409454,Hirawadi,12238138,pm10,µg/m³,2025-04-27,113.0,20.021503,73.813844,check_required
3409454,Hirawadi,12238138,pm10,µg/m³,2025-04-28,139.0,20.021503,73.813844,check_required
3409454,Hirawadi,12238138,pm10,µg/m³,2025-04-29,128.0,20.021503,73.813844,check_required
3409454,Hirawadi,12238138,pm10,µg/m³,2025-04-30,100.0,20.021503,73.813844,check_required
3409454,Hirawadi,12238138,pm10,µg/m³,2025-05-01,90.6,20.021503,73.813844,check_required
3409454,Hirawadi,12238138,pm10,µg/m³,2025-05-02,84.1,20.021503,73.813844,check_required
3409454,Hirawadi,12238138,pm10,µg/m³,2025-05-03,72.2,20.021503,73.813844,check_required
3409454,Hirawadi,12238138,pm10,µg/m³,2025-05-04,73.2,20.021503,73.813844,check_required
3409454,Hirawadi,12238138,pm10,µg/m³,2025-05-05,80.5,20.021503,73.813844,check_required
3409454,Hirawadi,12238138,pm10,µg/m³,2025-05-06,82.6,20.021503,73.813844,check_required
3409454,Hirawadi,12238138,pm10,µg/m³,2025-05-07,46.8,20.021503,73.813844,check_required
3409454,Hirawadi,12238138,pm10,µg/m³,2025-05-08,39.7,20.021503,73.813844,check_required
3409454,Hirawadi,12238138,pm10,µg/m³,2025-05-09,74.2,20.021503,73.813844,check_required
3409454,Hirawadi,12238138,pm10,µg/m³,2025-05-10,51.0,20.021503,73.813844,check_required
3409454,Hirawadi,12238138,pm10,µg/m³,2025-05-11,42.6,20.021503,73.813844,check_required
3409454,Hirawadi,12238138,pm10,µg/m³,2025-05-12,54.0,20.021503,73.813844,check_required
3409454,Hirawadi,12238138,pm10,µg/m³,2025-05-13,59.0,20.021503,73.813844,check_required
3409454,Hirawadi,12238138,pm10,µg/m³,2025-05-14,65.4,20.021503,73.813844,check_required
3409454,Hirawadi,12238138,pm10,µg/m³,2025-05-15,70.0,20.021503,73.813844,check_required
3409454,Hirawadi,12238138,pm10,µg/m³,2025-05-16,68.5,20.021503,73.813844,check_required
3409454,Hirawadi,12238138,pm10,µg/m³,2025-05-17,54.4,20.021503,73.813844,check_required
3409454,Hirawadi,12238138,pm10,µg/m³,2025-05-18,63.8,20.021503,73.813844,check_required
3409454,Hirawadi,12238138,pm10,µg/m³,2025-05-19,79.6,20.021503,73.813844,check_required
3409454,Hirawadi,12238138,pm10,µg/m³,2025-05-20,73.5,20.021503,73.813844,check_required
3409454,Hirawadi,12238138,pm10,µg/m³,2025-05-21,78.2,20.021503,73.813844,check_required
3409454,Hirawadi,12238138,pm10,µg/m³,2025-05-22,46.4,20.021503,73.813844,check_required
3409454,Hirawadi,12238138,pm10,µg/m³,2025-05-23,66.4,20.021503,73.813844,check_required
3409454,Hirawadi,12238138,pm10,µg/m³,2025-05-24,63.6,20.021503,73.813844,check_required
3409454,Hirawadi,12238138,pm10,µg/m³,2025-05-25,85.7,20.021503,73.813844,check_required
3409454,Hirawadi,12238138,pm10,µg/m³,2025-05-26,86.4,20.021503,73.813844,check_required
3409454,Hirawadi,12238138,pm10,µg/m³,2025-05-27,62.0,20.021503,73.813844,check_required
3409454,Hirawadi,12238138,pm10,µg/m³,2025-05-28,50.5,20.021503,73.813844,check_required
3409454,Hirawadi,12238138,pm10,µg/m³,2025-05-29,99.3,20.021503,73.813844,check_required
3409454,Hirawadi,12238138,pm10,µg/m³,2025-05-30,119.0,20.021503,73.813844,check_required
3409454,Hirawadi,12238138,pm10,µg/m³,2025-05-31,97.6,20.021503,73.813844,check_required
3409454,Hirawadi,12238138,pm10,µg/m³,2025-06-01,77.5,20.021503,73.813844,check_required
3409454,Hirawadi,12238138,pm10,µg/m³,2025-06-02,92.4,20.021503,73.813844,check_required
3409454,Hirawadi,12238138,pm10,µg/m³,2025-06-03,90.9,20.021503,73.813844,check_required
3409454,Hirawadi,12238138,pm10,µg/m³,2025-06-04,78.2,20.021503,73.813844,check_required
3409454,Hirawadi,12238138,pm10,µg/m³,2025-06-05,104.0,20.021503,73.813844,check_required
3409454,Hirawadi,12238138,pm10,µg/m³,2025-06-06,63.6,20.021503,73.813844,check_required
3409454,Hirawadi,12238138,pm10,µg/m³,2025-06-07,73.1,20.021503,73.813844,check_required
3409454,Hirawadi,12238138,pm10,µg/m³,2025-06-08,77.5,20.021503,73.813844,check_required
3409454,Hirawadi,12238138,pm10,µg/m³,2025-06-09,79.4,20.021503,73.813844,check_required
3409454,Hirawadi,12238138,pm10,µg/m³,2025-06-10,65.1,20.021503,73.813844,check_required
3409454,Hirawadi,12238138,pm10,µg/m³,2025-06-11,54.5,20.021503,73.813844,check_required
3409454,Hirawadi,12238138,pm10,µg/m³,2025-06-12,58.5,20.021503,73.813844,check_required
3409454,Hirawadi,12238138,pm10,µg/m³,2025-06-13,49.9,20.021503,73.813844,check_required
3409454,Hirawadi,12238138,pm10,µg/m³,2025-06-14,51.9,20.021503,73.813844,check_required
3409454,Hirawadi,12238138,pm10,µg/m³,2025-06-15,42.4,20.021503,73.813844,check_required
3409454,Hirawadi,12238138,pm10,µg/m³,2025-06-16,26.0,20.021503,73.813844,check_required
3409454,Hirawadi,12238138,pm10,µg/m³,2025-06-17,75.2,20.021503,73.813844,check_required
3409454,Hirawadi,12238138,pm10,µg/m³,2025-06-18,32.1,20.021503,73.813844,check_required
3409454,Hirawadi,12238138,pm10,µg/m³,2025-06-19,30.9,20.021503,73.813844,check_required
3409454,Hirawadi,12238138,pm10,µg/m³,2025-06-20,49.9,20.021503,73.813844,check_required
3409454,Hirawadi,12238138,pm10,µg/m³,2025-06-21,35.5,20.021503,73.813844,check_required
3409454,Hirawadi,12238138,pm10,µg/m³,2025-06-22,43.9,20.021503,73.813844,check_required
3409454,Hirawadi,12238138,pm10,µg/m³,2025-06-23,34.9,20.021503,73.813844,check_required
3409454,Hirawadi,12238138,pm10,µg/m³,2025-06-24,46.7,20.021503,73.813844,check_required
3409454,Hirawadi,12238138,pm10,µg/m³,2025-06-25,69.4,20.021503,73.813844,check_required
3409454,Hirawadi,12238138,pm10,µg/m³,2025-06-26,55.2,20.021503,73.813844,check_required
3409454,Hirawadi,12238138,pm10,µg/m³,2025-06-27,59.3,20.021503,73.813844,check_required
3409454,Hirawadi,12238138,pm10,µg/m³,2025-06-28,77.7,20.021503,73.813844,check_required
3409454,Hirawadi,12238138,pm10,µg/m³,2025-06-29,44.5,20.021503,73.813844,check_required
3409454,Hirawadi,12238138,pm10,µg/m³,2025-06-30,53.4,20.021503,73.813844,check_required
3409454,Hirawadi,12238138,pm10,µg/m³,2025-07-01,35.3,20.021503,73.813844,check_required
3409454,Hirawadi,12238138,pm10,µg/m³,2025-07-02,37.4,20.021503,73.813844,check_required
3409454,Hirawadi,12238138,pm10,µg/m³,2025-07-03,33.5,20.021503,73.813844,check_required
3409454,Hirawadi,12238138,pm10,µg/m³,2025-07-04,36.5,20.021503,73.813844,check_required
3409454,Hirawadi,12238138,pm10,µg/m³,2025-07-05,28.3,20.021503,73.813844,check_required
3409454,Hirawadi,12238138,pm10,µg/m³,2025-07-06,27.7,20.021503,73.813844,check_required
3409454,Hirawadi,12238138,pm10,µg/m³,2025-07-07,40.2,20.021503,73.813844,check_required
3409454,Hirawadi,12238138,pm10,µg/m³,2025-07-08,64.9,20.021503,73.813844,check_required
3409454,Hirawadi,12238138,pm10,µg/m³,2025-07-09,72.8,20.021503,73.813844,check_required
3409454,Hirawadi,12238138,pm10,µg/m³,2025-07-10,77.6,20.021503,73.813844,check_required
3409454,Hirawadi,12238138,pm10,µg/m³,2025-07-11,68.2,20.021503,73.813844,check_required
3409454,Hirawadi,12238138,pm10,µg/m³,2025-07-12,55.6,20.021503,73.813844,check_required
3409454,Hirawadi,12238138,pm10,µg/m³,2025-07-13,46.6,20.021503,73.813844,check_required
3409454,Hirawadi,12238138,pm10,µg/m³,2025-07-14,29.9,20.021503,73.813844,check_required
3409454,Hirawadi,12238138,pm10,µg/m³,2025-07-15,47.7,20.021503,73.813844,check_required
3409454,Hirawadi,12238138,pm10,µg/m³,2025-07-16,80.4,20.021503,73.813844,check_required
3409454,Hirawadi,12238138,pm10,µg/m³,2025-07-17,103.0,20.021503,73.813844,check_required
3409454,Hirawadi,12238138,pm10,µg/m³,2025-07-18,90.1,20.021503,73.813844,check_required
3409454,Hirawadi,12238138,pm10,µg/m³,2025-07-19,81.2,20.021503,73.813844,check_required
3409454,Hirawadi,12238138,pm10,µg/m³,2025-07-20,65.8,20.021503,73.813844,check_required
3409454,Hirawadi,12238138,pm10,µg/m³,2025-07-21,38.6,20.021503,73.813844,check_required
3409454,Hirawadi,12238138,pm10,µg/m³,2025-07-22,33.2,20.021503,73.813844,check_required
3409454,Hirawadi,12238138,pm10,µg/m³,2025-07-23,35.8,20.021503,73.813844,check_required
3409454,Hirawadi,12238138,pm10,µg/m³,2025-07-24,43.3,20.021503,73.813844,check_required
3409454,Hirawadi,12238138,pm10,µg/m³,2025-07-25,23.9,20.021503,73.813844,check_required
3409454,Hirawadi,12238138,pm10,µg/m³,2025-07-26,25.9,20.021503,73.813844,check_required
3409454,Hirawadi,12238138,pm10,µg/m³,2025-07-27,45.6,20.021503,73.813844,check_required
3409454,Hirawadi,12238138,pm10,µg/m³,2025-07-28,31.5,20.021503,73.813844,check_required
3409454,Hirawadi,12238138,pm10,µg/m³,2025-07-29,39.5,20.021503,73.813844,check_required
3409454,Hirawadi,12238138,pm10,µg/m³,2025-07-30,46.6,20.021503,73.813844,check_required
3409454,Hirawadi,12238138,pm10,µg/m³,2025-07-31,65.9,20.021503,73.813844,check_required
3409454,Hirawadi,12238138,pm10,µg/m³,2025-08-01,62.4,20.021503,73.813844,check_required
3409454,Hirawadi,12238138,pm10,µg/m³,2025-08-02,56.8,20.021503,73.813844,check_required
3409454,Hirawadi,12238138,pm10,µg/m³,2025-08-03,62.5,20.021503,73.813844,check_required
3409454,Hirawadi,12238138,pm10,µg/m³,2025-08-04,71.8,20.021503,73.813844,check_required
3409454,Hirawadi,12238138,pm10,µg/m³,2025-08-05,66.8,20.021503,73.813844,check_required
3409454,Hirawadi,12238138,pm10,µg/m³,2025-08-06,66.5,20.021503,73.813844,check_required
3409454,Hirawadi,12238138,pm10,µg/m³,2025-08-07,64.3,20.021503,73.813844,check_required
3409454,Hirawadi,12238138,pm10,µg/m³,2025-08-08,63.6,20.021503,73.813844,check_required
3409454,Hirawadi,12238138,pm10,µg/m³,2025-08-09,65.8,20.021503,73.813844,check_required
3409454,Hirawadi,12238138,pm10,µg/m³,2025-08-10,63.2,20.021503,73.813844,check_required
3409454,Hirawadi,12238138,pm10,µg/m³,2025-08-11,49.0,20.021503,73.813844,check_required
3409454,Hirawadi,12238138,pm10,µg/m³,2025-08-12,53.4,20.021503,73.813844,check_required
3409454,Hirawadi,12238138,pm10,µg/m³,2025-08-13,29.7,20.021503,73.813844,check_required
3409454,Hirawadi,12238138,pm10,µg/m³,2025-08-14,38.7,20.021503,73.813844,check_required
3409454,Hirawadi,12238138,pm10,µg/m³,2025-08-15,27.2,20.021503,73.813844,check_required
3409454,Hirawadi,12238138,pm10,µg/m³,2025-08-16,26.3,20.021503,73.813844,check_required
3409454,Hirawadi,12238138,pm10,µg/m³,2025-08-17,26.8,20.021503,73.813844,check_required
3409454,Hirawadi,12238138,pm10,µg/m³,2025-08-18,24.7,20.021503,73.813844,check_required
3409454,Hirawadi,12238138,pm10,µg/m³,2025-08-19,17.2,20.021503,73.813844,check_required
3409454,Hirawadi,12238138,pm10,µg/m³,2025-08-20,16.9,20.021503,73.813844,check_required
3409454,Hirawadi,12238138,pm10,µg/m³,2025-08-21,19.5,20.021503,73.813844,check_required
3409454,Hirawadi,12238138,pm10,µg/m³,2025-08-22,30.3,20.021503,73.813844,check_required
3409454,Hirawadi,12238138,pm10,µg/m³,2025-08-23,28.5,20.021503,73.813844,check_required
3409454,Hirawadi,12238138,pm10,µg/m³,2025-08-24,33.1,20.021503,73.813844,check_required
3409454,Hirawadi,12238138,pm10,µg/m³,2025-08-25,21.2,20.021503,73.813844,check_required
3409454,Hirawadi,12238138,pm10,µg/m³,2025-08-26,19.5,20.021503,73.813844,check_required
3409454,Hirawadi,12238138,pm10,µg/m³,2025-08-27,19.2,20.021503,73.813844,check_required
3409454,Hirawadi,12238138,pm10,µg/m³,2025-08-28,43.2,20.021503,73.813844,check_required
3409454,Hirawadi,12238138,pm10,µg/m³,2025-08-29,35.7,20.021503,73.813844,check_required
3409454,Hirawadi,12238138,pm10,µg/m³,2025-08-30,40.8,20.021503,73.813844,check_required
3409454,Hirawadi,12238138,pm10,µg/m³,2025-08-31,42.9,20.021503,73.813844,check_required
3409454,Hirawadi,12238138,pm10,µg/m³,2025-09-02,39.1,20.021503,73.813844,check_required
3409454,Hirawadi,12238138,pm10,µg/m³,2025-09-04,32.0,20.021503,73.813844,check_required
3409454,Hirawadi,12238138,pm10,µg/m³,2025-09-05,22.9,20.021503,73.813844,check_required
3409454,Hirawadi,12238138,pm10,µg/m³,2025-09-11,92.6,20.021503,73.813844,check_required
3409454,Hirawadi,12238138,pm10,µg/m³,2025-09-15,67.3,20.021503,73.813844,check_required
3409454,Hirawadi,12238138,pm10,µg/m³,2025-09-17,35.3,20.021503,73.813844,check_required
3409454,Hirawadi,12238138,pm10,µg/m³,2025-09-18,41.8,20.021503,73.813844,check_required
3409454,Hirawadi,12238138,pm10,µg/m³,2025-09-19,32.6,20.021503,73.813844,check_required
3409454,Hirawadi,12238138,pm10,µg/m³,2025-09-20,26.4,20.021503,73.813844,check_required
3409454,Hirawadi,12238138,pm10,µg/m³,2025-09-21,53.7,20.021503,73.813844,check_required
3409454,Hirawadi,12238138,pm10,µg/m³,2025-09-22,54.8,20.021503,73.813844,check_required
3409454,Hirawadi,12238138,pm10,µg/m³,2025-09-23,26.6,20.021503,73.813844,check_required
3409454,Hirawadi,12238138,pm10,µg/m³,2025-09-24,38.4,20.021503,73.813844,check_required
3409454,Hirawadi,12238138,pm10,µg/m³,2025-09-25,40.8,20.021503,73.813844,check_required
3409454,Hirawadi,12238138,pm10,µg/m³,2025-09-26,47.1,20.021503,73.813844,check_required
3409454,Hirawadi,12238138,pm10,µg/m³,2025-09-27,57.6,20.021503,73.813844,check_required
3409454,Hirawadi,12238138,pm10,µg/m³,2025-09-28,17.6,20.021503,73.813844,check_required
3409454,Hirawadi,12238138,pm10,µg/m³,2025-09-29,20.3,20.021503,73.813844,check_required
3409454,Hirawadi,12238138,pm10,µg/m³,2025-09-30,37.7,20.021503,73.813844,check_required
3409454,Hirawadi,12238138,pm10,µg/m³,2025-10-01,48.5,20.021503,73.813844,check_required
3409454,Hirawadi,12238138,pm10,µg/m³,2025-10-02,39.2,20.021503,73.813844,check_required
3409454,Hirawadi,12238138,pm10,µg/m³,2025-10-03,43.6,20.021503,73.813844,check_required
3409454,Hirawadi,12238138,pm10,µg/m³,2025-10-04,47.0,20.021503,73.813844,check_required
3409454,Hirawadi,12238138,pm10,µg/m³,2025-10-05,48.7,20.021503,73.813844,check_required
3409454,Hirawadi,12238138,pm10,µg/m³,2025-10-06,48.9,20.021503,73.813844,check_required
3409454,Hirawadi,12238138,pm10,µg/m³,2025-10-07,39.2,20.021503,73.813844,check_required
3409454,Hirawadi,12238138,pm10,µg/m³,2025-10-08,84.9,20.021503,73.813844,check_required
3409454,Hirawadi,12238138,pm10,µg/m³,2025-10-09,169.0,20.021503,73.813844,check_required
3409454,Hirawadi,12238138,pm10,µg/m³,2025-10-10,209.0,20.021503,73.813844,check_required
3409454,Hirawadi,12238138,pm10,µg/m³,2025-10-11,230.0,20.021503,73.813844,check_required
3409454,Hirawadi,12238138,pm10,µg/m³,2025-10-12,193.0,20.021503,73.813844,check_required
3409454,Hirawadi,12238138,pm10,µg/m³,2025-10-13,186.0,20.021503,73.813844,check_required
3409454,Hirawadi,12238138,pm10,µg/m³,2025-10-14,104.0,20.021503,73.813844,check_required
3409454,Hirawadi,12238138,pm10,µg/m³,2025-10-15,116.0,20.021503,73.813844,check_required
3409454,Hirawadi,12238138,pm10,µg/m³,2025-10-16,68.2,20.021503,73.813844,check_required
3409454,Hirawadi,12238138,pm10,µg/m³,2025-10-17,81.8,20.021503,73.813844,check_required
3409454,Hirawadi,12238138,pm10,µg/m³,2025-10-18,97.2,20.021503,73.813844,check_required
3409454,Hirawadi,12238138,pm10,µg/m³,2025-10-19,138.0,20.021503,73.813844,check_required
3409454,Hirawadi,12238138,pm10,µg/m³,2025-10-20,173.0,20.021503,73.813844,check_required
3409454,Hirawadi,12238138,pm10,µg/m³,2025-10-21,153.0,20.021503,73.813844,check_required
3409454,Hirawadi,12238138,pm10,µg/m³,2025-10-22,56.1,20.021503,73.813844,check_required
3409454,Hirawadi,12238138,pm10,µg/m³,2025-10-23,55.4,20.021503,73.813844,check_required
3409454,Hirawadi,12238138,pm10,µg/m³,2025-10-24,51.4,20.021503,73.813844,check_required
3409454,Hirawadi,12238138,pm10,µg/m³,2025-10-25,38.2,20.021503,73.813844,check_required
3409454,Hirawadi,12238138,pm10,µg/m³,2025-10-26,21.9,20.021503,73.813844,check_required
3409454,Hirawadi,12238138,pm10,µg/m³,2025-10-27,61.7,20.021503,73.813844,check_required
3409454,Hirawadi,12238138,pm10,µg/m³,2025-10-28,32.4,20.021503,73.813844,check_required
3409454,Hirawadi,12238138,pm10,µg/m³,2025-10-29,63.3,20.021503,73.813844,check_required
3409454,Hirawadi,12238138,pm10,µg/m³,2025-10-30,67.2,20.021503,73.813844,check_required
3409454,Hirawadi,12238138,pm10,µg/m³,2025-10-31,78.0,20.021503,73.813844,check_required
3409454,Hirawadi,12238138,pm10,µg/m³,2025-11-01,22.0,20.021503,73.813844,check_required
3409454,Hirawadi,12238138,pm10,µg/m³,2025-11-02,27.0,20.021503,73.813844,check_required
3409454,Hirawadi,12238138,pm10,µg/m³,2025-11-03,20.7,20.021503,73.813844,check_required
3409454,Hirawadi,12238138,pm10,µg/m³,2025-11-04,48.6,20.021503,73.813844,check_required
3409454,Hirawadi,12238138,pm10,µg/m³,2025-11-05,53.1,20.021503,73.813844,check_required
3409454,Hirawadi,12238138,pm10,µg/m³,2025-11-06,79.9,20.021503,73.813844,check_required
3409454,Hirawadi,12238138,pm10,µg/m³,2025-11-07,79.0,20.021503,73.813844,check_required
3409454,Hirawadi,12238138,pm10,µg/m³,2025-11-08,130.0,20.021503,73.813844,check_required
3409454,Hirawadi,12238138,pm10,µg/m³,2025-11-09,112.0,20.021503,73.813844,check_required
3409454,Hirawadi,12238138,pm10,µg/m³,2025-11-10,138.0,20.021503,73.813844,check_required
3409454,Hirawadi,12238138,pm10,µg/m³,2025-11-11,140.0,20.021503,73.813844,check_required
3409454,Hirawadi,12238138,pm10,µg/m³,2025-11-12,152.0,20.021503,73.813844,check_required
3409454,Hirawadi,12238138,pm10,µg/m³,2025-11-13,122.0,20.021503,73.813844,check_required
3409454,Hirawadi,12238138,pm10,µg/m³,2025-11-14,146.0,20.021503,73.813844,check_required
3409454,Hirawadi,12238138,pm10,µg/m³,2025-11-15,152.0,20.021503,73.813844,check_required
3409454,Hirawadi,12238138,pm10,µg/m³,2025-11-16,137.0,20.021503,73.813844,check_required
3409454,Hirawadi,12238138,pm10,µg/m³,2025-11-17,131.0,20.021503,73.813844,check_required
3409454,Hirawadi,12238138,pm10,µg/m³,2025-11-18,141.0,20.021503,73.813844,check_required
3409454,Hirawadi,12238138,pm10,µg/m³,2025-11-19,159.0,20.021503,73.813844,check_required
3409454,Hirawadi,12238138,pm10,µg/m³,2025-11-20,168.0,20.021503,73.813844,check_required
3409454,Hirawadi,12238138,pm10,µg/m³,2025-11-21,163.0,20.021503,73.813844,check_required
3409454,Hirawadi,12238138,pm10,µg/m³,2025-11-22,132.0,20.021503,73.813844,check_required
3409454,Hirawadi,12238138,pm10,µg/m³,2025-11-23,116.0,20.021503,73.813844,check_required
3409454,Hirawadi,12238138,pm10,µg/m³,2025-11-24,129.0,20.021503,73.813844,check_required
3409454,Hirawadi,12238138,pm10,µg/m³,2025-11-25,104.0,20.021503,73.813844,check_required
3409454,Hirawadi,12238138,pm10,µg/m³,2025-11-26,105.0,20.021503,73.813844,check_required
3409454,Hirawadi,12238138,pm10,µg/m³,2025-11-27,118.0,20.021503,73.813844,check_required
3409454,Hirawadi,12238138,pm10,µg/m³,2025-11-28,150.0,20.021503,73.813844,check_required
3409454,Hirawadi,12238138,pm10,µg/m³,2025-11-29,102.0,20.021503,73.813844,check_required
3409454,Hirawadi,12238138,pm10,µg/m³,2025-11-30,96.1,20.021503,73.813844,check_required
3409454,Hirawadi,12238138,pm10,µg/m³,2025-12-01,130.0,20.021503,73.813844,check_required
3409454,Hirawadi,12238138,pm10,µg/m³,2025-12-02,132.0,20.021503,73.813844,check_required
3409454,Hirawadi,12238138,pm10,µg/m³,2025-12-03,141.0,20.021503,73.813844,check_required
3409454,Hirawadi,12238138,pm10,µg/m³,2025-12-04,140.0,20.021503,73.813844,check_required
3409454,Hirawadi,12238138,pm10,µg/m³,2025-12-05,125.0,20.021503,73.813844,check_required
3409454,Hirawadi,12238138,pm10,µg/m³,2025-12-06,128.0,20.021503,73.813844,check_required
3409454,Hirawadi,12238138,pm10,µg/m³,2025-12-07,109.0,20.021503,73.813844,check_required
3409454,Hirawadi,12238138,pm10,µg/m³,2025-12-08,101.0,20.021503,73.813844,check_required
3409454,Hirawadi,12238138,pm10,µg/m³,2025-12-09,104.0,20.021503,73.813844,check_required
3409454,Hirawadi,12238138,pm10,µg/m³,2025-12-10,109.0,20.021503,73.813844,check_required
3409454,Hirawadi,12238138,pm10,µg/m³,2025-12-11,95.6,20.021503,73.813844,check_required
3409454,Hirawadi,12238138,pm10,µg/m³,2025-12-12,114.0,20.021503,73.813844,check_required
3409454,Hirawadi,12238138,pm10,µg/m³,2025-12-13,106.0,20.021503,73.813844,check_required
3409454,Hirawadi,12238138,pm10,µg/m³,2025-12-14,111.0,20.021503,73.813844,check_required
3409454,Hirawadi,12238138,pm10,µg/m³,2025-12-15,108.0,20.021503,73.813844,check_required
3409454,Hirawadi,12238138,pm10,µg/m³,2025-12-16,147.0,20.021503,73.813844,check_required
3409454,Hirawadi,12238138,pm10,µg/m³,2025-12-17,135.0,20.021503,73.813844,check_required
3409454,Hirawadi,12238138,pm10,µg/m³,2025-12-18,116.0,20.021503,73.813844,check_required
3409454,Hirawadi,12238138,pm10,µg/m³,2025-12-19,82.0,20.021503,73.813844,check_required
3409454,Hirawadi,12238138,pm10,µg/m³,2025-12-20,65.8,20.021503,73.813844,check_required
3409454,Hirawadi,12238138,pm10,µg/m³,2025-12-21,93.8,20.021503,73.813844,check_required
3409454,Hirawadi,12238138,pm10,µg/m³,2025-12-22,108.0,20.021503,73.813844,check_required
3409454,Hirawadi,12238138,pm10,µg/m³,2025-12-23,79.1,20.021503,73.813844,check_required
3409454,Hirawadi,12238138,pm10,µg/m³,2025-12-24,116.0,20.021503,73.813844,check_required
3409454,Hirawadi,12238138,pm10,µg/m³,2025-12-25,121.0,20.021503,73.813844,check_required
3409454,Hirawadi,12238138,pm10,µg/m³,2025-12-26,112.0,20.021503,73.813844,check_required
3409454,Hirawadi,12238138,pm10,µg/m³,2025-12-27,118.0,20.021503,73.813844,check_required
3409454,Hirawadi,12238138,pm10,µg/m³,2025-12-28,132.0,20.021503,73.813844,check_required
3409454,Hirawadi,12238138,pm10,µg/m³,2025-12-29,111.0,20.021503,73.813844,check_required
3409454,Hirawadi,12238138,pm10,µg/m³,2025-12-30,102.0,20.021503,73.813844,check_required
3409454,Hirawadi,12238138,pm10,µg/m³,2025-12-31,88.4,20.021503,73.813844,check_required
3409453,MIDC Ambad,12238129,pm10,µg/m³,2025-02-19,102.0,19.95022,73.73148,check_required
3409453,MIDC Ambad,12238129,pm10,µg/m³,2025-02-20,117.0,19.95022,73.73148,check_required
3409453,MIDC Ambad,12238129,pm10,µg/m³,2025-02-21,117.0,19.95022,73.73148,check_required
3409453,MIDC Ambad,12238129,pm10,µg/m³,2025-02-22,125.0,19.95022,73.73148,check_required
3409453,MIDC Ambad,12238129,pm10,µg/m³,2025-02-23,151.0,19.95022,73.73148,check_required
3409453,MIDC Ambad,12238129,pm10,µg/m³,2025-02-24,135.0,19.95022,73.73148,check_required
3409453,MIDC Ambad,12238129,pm10,µg/m³,2025-02-25,115.0,19.95022,73.73148,check_required
3409453,MIDC Ambad,12238129,pm10,µg/m³,2025-02-26,173.0,19.95022,73.73148,check_required
3409453,MIDC Ambad,12238129,pm10,µg/m³,2025-02-27,136.0,19.95022,73.73148,check_required
3409453,MIDC Ambad,12238129,pm10,µg/m³,2025-02-28,158.0,19.95022,73.73148,check_required
3409453,MIDC Ambad,12238129,pm10,µg/m³,2025-03-01,185.0,19.95022,73.73148,check_required
3409453,MIDC Ambad,12238129,pm10,µg/m³,2025-03-02,113.0,19.95022,73.73148,check_required
3409453,MIDC Ambad,12238129,pm10,µg/m³,2025-03-03,149.0,19.95022,73.73148,check_required
3409453,MIDC Ambad,12238129,pm10,µg/m³,2025-03-04,118.0,19.95022,73.73148,check_required
3409453,MIDC Ambad,12238129,pm10,µg/m³,2025-03-05,147.0,19.95022,73.73148,check_required
3409453,MIDC Ambad,12238129,pm10,µg/m³,2025-03-06,129.0,19.95022,73.73148,check_required
3409453,MIDC Ambad,12238129,pm10,µg/m³,2025-03-07,254.0,19.95022,73.73148,check_required
3409453,MIDC Ambad,12238129,pm10,µg/m³,2025-03-08,114.0,19.95022,73.73148,check_required
3409453,MIDC Ambad,12238129,pm10,µg/m³,2025-03-09,138.0,19.95022,73.73148,check_required
3409453,MIDC Ambad,12238129,pm10,µg/m³,2025-03-10,144.0,19.95022,73.73148,check_required
3409453,MIDC Ambad,12238129,pm10,µg/m³,2025-03-11,187.0,19.95022,73.73148,check_required
3409453,MIDC Ambad,12238129,pm10,µg/m³,2025-03-12,175.0,19.95022,73.73148,check_required
3409453,MIDC Ambad,12238129,pm10,µg/m³,2025-03-13,170.0,19.95022,73.73148,check_required
3409453,MIDC Ambad,12238129,pm10,µg/m³,2025-03-14,97.7,19.95022,73.73148,check_required
3409453,MIDC Ambad,12238129,pm10,µg/m³,2025-03-15,72.1,19.95022,73.73148,check_required
3409453,MIDC Ambad,12238129,pm10,µg/m³,2025-03-16,82.9,19.95022,73.73148,check_required
3409453,MIDC Ambad,12238129,pm10,µg/m³,2025-03-17,113.0,19.95022,73.73148,check_required
3409453,MIDC Ambad,12238129,pm10,µg/m³,2025-03-18,146.0,19.95022,73.73148,check_required
3409453,MIDC Ambad,12238129,pm10,µg/m³,2025-03-19,137.0,19.95022,73.73148,check_required
3409453,MIDC Ambad,12238129,pm10,µg/m³,2025-03-20,113.0,19.95022,73.73148,check_required
3409453,MIDC Ambad,12238129,pm10,µg/m³,2025-03-21,99.2,19.95022,73.73148,check_required
3409453,MIDC Ambad,12238129,pm10,µg/m³,2025-03-22,108.0,19.95022,73.73148,check_required
3409453,MIDC Ambad,12238129,pm10,µg/m³,2025-03-23,136.0,19.95022,73.73148,check_required
3409453,MIDC Ambad,12238129,pm10,µg/m³,2025-03-24,152.0,19.95022,73.73148,check_required
3409453,MIDC Ambad,12238129,pm10,µg/m³,2025-03-25,165.0,19.95022,73.73148,check_required
3409453,MIDC Ambad,12238129,pm10,µg/m³,2025-03-26,121.0,19.95022,73.73148,check_required
3409453,MIDC Ambad,12238129,pm10,µg/m³,2025-03-27,74.2,19.95022,73.73148,check_required
3409453,MIDC Ambad,12238129,pm10,µg/m³,2025-03-28,95.0,19.95022,73.73148,check_required
3409453,MIDC Ambad,12238129,pm10,µg/m³,2025-03-29,171.0,19.95022,73.73148,check_required
3409453,MIDC Ambad,12238129,pm10,µg/m³,2025-03-30,151.0,19.95022,73.73148,check_required
3409453,MIDC Ambad,12238129,pm10,µg/m³,2025-03-31,163.0,19.95022,73.73148,check_required
3409453,MIDC Ambad,12238129,pm10,µg/m³,2025-04-01,162.0,19.95022,73.73148,check_required
3409453,MIDC Ambad,12238129,pm10,µg/m³,2025-04-02,131.0,19.95022,73.73148,check_required
3409453,MIDC Ambad,12238129,pm10,µg/m³,2025-04-03,117.0,19.95022,73.73148,check_required
3409453,MIDC Ambad,12238129,pm10,µg/m³,2025-04-04,128.0,19.95022,73.73148,check_required
3409453,MIDC Ambad,12238129,pm10,µg/m³,2025-04-05,94.0,19.95022,73.73148,check_required
3409453,MIDC Ambad,12238129,pm10,µg/m³,2025-04-06,110.0,19.95022,73.73148,check_required
3409453,MIDC Ambad,12238129,pm10,µg/m³,2025-04-07,89.0,19.95022,73.73148,check_required
3409453,MIDC Ambad,12238129,pm10,µg/m³,2025-04-08,111.0,19.95022,73.73148,check_required
3409453,MIDC Ambad,12238129,pm10,µg/m³,2025-04-09,109.0,19.95022,73.73148,check_required
3409453,MIDC Ambad,12238129,pm10,µg/m³,2025-04-11,103.0,19.95022,73.73148,check_required
3409453,MIDC Ambad,12238129,pm10,µg/m³,2025-04-12,92.0,19.95022,73.73148,check_required
3409453,MIDC Ambad,12238129,pm10,µg/m³,2025-04-13,88.9,19.95022,73.73148,check_required
3409453,MIDC Ambad,12238129,pm10,µg/m³,2025-04-14,85.3,19.95022,73.73148,check_required
3409453,MIDC Ambad,12238129,pm10,µg/m³,2025-04-15,78.5,19.95022,73.73148,check_required
3409453,MIDC Ambad,12238129,pm10,µg/m³,2025-04-16,101.0,19.95022,73.73148,check_required
3409453,MIDC Ambad,12238129,pm10,µg/m³,2025-04-17,104.0,19.95022,73.73148,check_required
3409453,MIDC Ambad,12238129,pm10,µg/m³,2025-04-18,95.4,19.95022,73.73148,check_required
3409453,MIDC Ambad,12238129,pm10,µg/m³,2025-04-19,80.1,19.95022,73.73148,check_required
3409453,MIDC Ambad,12238129,pm10,µg/m³,2025-04-20,148.0,19.95022,73.73148,check_required
3409453,MIDC Ambad,12238129,pm10,µg/m³,2025-04-21,128.0,19.95022,73.73148,check_required
3409453,MIDC Ambad,12238129,pm10,µg/m³,2025-04-22,132.0,19.95022,73.73148,check_required
3409453,MIDC Ambad,12238129,pm10,µg/m³,2025-04-23,118.0,19.95022,73.73148,check_required
3409453,MIDC Ambad,12238129,pm10,µg/m³,2025-04-24,113.0,19.95022,73.73148,check_required
3409453,MIDC Ambad,12238129,pm10,µg/m³,2025-04-25,95.5,19.95022,73.73148,check_required
3409453,MIDC Ambad,12238129,pm10,µg/m³,2025-04-26,92.7,19.95022,73.73148,check_required
3409453,MIDC Ambad,12238129,pm10,µg/m³,2025-04-27,91.5,19.95022,73.73148,check_required
3409453,MIDC Ambad,12238129,pm10,µg/m³,2025-04-28,118.0,19.95022,73.73148,check_required
3409453,MIDC Ambad,12238129,pm10,µg/m³,2025-04-29,113.0,19.95022,73.73148,check_required
3409453,MIDC Ambad,12238129,pm10,µg/m³,2025-04-30,92.7,19.95022,73.73148,check_required
3409453,MIDC Ambad,12238129,pm10,µg/m³,2025-05-01,82.7,19.95022,73.73148,check_required
3409453,MIDC Ambad,12238129,pm10,µg/m³,2025-05-02,77.2,19.95022,73.73148,check_required
3409453,MIDC Ambad,12238129,pm10,µg/m³,2025-05-03,65.5,19.95022,73.73148,check_required
3409453,MIDC Ambad,12238129,pm10,µg/m³,2025-05-04,86.1,19.95022,73.73148,check_required
3409453,MIDC Ambad,12238129,pm10,µg/m³,2025-05-05,92.5,19.95022,73.73148,check_required
3409453,MIDC Ambad,12238129,pm10,µg/m³,2025-05-06,110.0,19.95022,73.73148,check_required
3409453,MIDC Ambad,12238129,pm10,µg/m³,2025-05-07,41.9,19.95022,73.73148,check_required
3409453,MIDC Ambad,12238129,pm10,µg/m³,2025-05-08,43.7,19.95022,73.73148,check_required
3409453,MIDC Ambad,12238129,pm10,µg/m³,2025-05-09,59.0,19.95022,73.73148,check_required
3409453,MIDC Ambad,12238129,pm10,µg/m³,2025-05-10,55.2,19.95022,73.73148,check_required
3409453,MIDC Ambad,12238129,pm10,µg/m³,2025-05-11,55.8,19.95022,73.73148,check_required
3409453,MIDC Ambad,12238129,pm10,µg/m³,2025-05-12,68.3,19.95022,73.73148,check_required
3409453,MIDC Ambad,12238129,pm10,µg/m³,2025-05-13,72.9,19.95022,73.73148,check_required
3409453,MIDC Ambad,12238129,pm10,µg/m³,2025-05-14,106.0,19.95022,73.73148,check_required
3409453,MIDC Ambad,12238129,pm10,µg/m³,2025-05-15,100.0,19.95022,73.73148,check_required
3409453,MIDC Ambad,12238129,pm10,µg/m³,2025-05-16,82.2,19.95022,73.73148,check_required
3409453,MIDC Ambad,12238129,pm10,µg/m³,2025-05-17,76.2,19.95022,73.73148,check_required
3409453,MIDC Ambad,12238129,pm10,µg/m³,2025-05-18,77.1,19.95022,73.73148,check_required
3409453,MIDC Ambad,12238129,pm10,µg/m³,2025-05-19,85.9,19.95022,73.73148,check_required
3409453,MIDC Ambad,12238129,pm10,µg/m³,2025-05-20,115.0,19.95022,73.73148,check_required
3409453,MIDC Ambad,12238129,pm10,µg/m³,2025-05-21,76.5,19.95022,73.73148,check_required
3409453,MIDC Ambad,12238129,pm10,µg/m³,2025-05-22,81.4,19.95022,73.73148,check_required
3409453,MIDC Ambad,12238129,pm10,µg/m³,2025-05-23,83.0,19.95022,73.73148,check_required
3409453,MIDC Ambad,12238129,pm10,µg/m³,2025-05-24,65.0,19.95022,73.73148,check_required
3409453,MIDC Ambad,12238129,pm10,µg/m³,2025-05-25,102.0,19.95022,73.73148,check_required
3409453,MIDC Ambad,12238129,pm10,µg/m³,2025-05-26,107.0,19.95022,73.73148,check_required
3409453,MIDC Ambad,12238129,pm10,µg/m³,2025-05-27,84.8,19.95022,73.73148,check_required
3409453,MIDC Ambad,12238129,pm10,µg/m³,2025-05-28,88.4,19.95022,73.73148,check_required
3409453,MIDC Ambad,12238129,pm10,µg/m³,2025-05-29,120.0,19.95022,73.73148,check_required
3409453,MIDC Ambad,12238129,pm10,µg/m³,2025-05-30,139.0,19.95022,73.73148,check_required
3409453,MIDC Ambad,12238129,pm10,µg/m³,2025-05-31,116.0,19.95022,73.73148,check_required
3409453,MIDC Ambad,12238129,pm10,µg/m³,2025-06-01,106.0,19.95022,73.73148,check_required
3409453,MIDC Ambad,12238129,pm10,µg/m³,2025-06-02,99.3,19.95022,73.73148,check_required
3409453,MIDC Ambad,12238129,pm10,µg/m³,2025-06-03,98.0,19.95022,73.73148,check_required
3409453,MIDC Ambad,12238129,pm10,µg/m³,2025-06-06,92.9,19.95022,73.73148,check_required
3409453,MIDC Ambad,12238129,pm10,µg/m³,2025-06-07,82.8,19.95022,73.73148,check_required
3409453,MIDC Ambad,12238129,pm10,µg/m³,2025-06-08,84.4,19.95022,73.73148,check_required
3409453,MIDC Ambad,12238129,pm10,µg/m³,2025-06-09,96.4,19.95022,73.73148,check_required
3409453,MIDC Ambad,12238129,pm10,µg/m³,2025-06-10,86.6,19.95022,73.73148,check_required
3409453,MIDC Ambad,12238129,pm10,µg/m³,2025-06-11,77.3,19.95022,73.73148,check_required
3409453,MIDC Ambad,12238129,pm10,µg/m³,2025-06-12,81.3,19.95022,73.73148,check_required
3409453,MIDC Ambad,12238129,pm10,µg/m³,2025-06-13,63.6,19.95022,73.73148,check_required
3409453,MIDC Ambad,12238129,pm10,µg/m³,2025-06-14,76.3,19.95022,73.73148,check_required
3409453,MIDC Ambad,12238129,pm10,µg/m³,2025-06-15,54.9,19.95022,73.73148,check_required
3409453,MIDC Ambad,12238129,pm10,µg/m³,2025-06-16,44.4,19.95022,73.73148,check_required
3409453,MIDC Ambad,12238129,pm10,µg/m³,2025-06-17,82.5,19.95022,73.73148,check_required
3409453,MIDC Ambad,12238129,pm10,µg/m³,2025-06-18,44.5,19.95022,73.73148,check_required
3409453,MIDC Ambad,12238129,pm10,µg/m³,2025-06-19,38.9,19.95022,73.73148,check_required
3409453,MIDC Ambad,12238129,pm10,µg/m³,2025-06-20,67.2,19.95022,73.73148,check_required
3409453,MIDC Ambad,12238129,pm10,µg/m³,2025-06-21,59.9,19.95022,73.73148,check_required
3409453,MIDC Ambad,12238129,pm10,µg/m³,2025-06-22,62.6,19.95022,73.73148,check_required
3409453,MIDC Ambad,12238129,pm10,µg/m³,2025-06-23,57.8,19.95022,73.73148,check_required
3409453,MIDC Ambad,12238129,pm10,µg/m³,2025-06-24,60.2,19.95022,73.73148,check_required
3409453,MIDC Ambad,12238129,pm10,µg/m³,2025-06-25,85.7,19.95022,73.73148,check_required
3409453,MIDC Ambad,12238129,pm10,µg/m³,2025-06-26,85.3,19.95022,73.73148,check_required
3409453,MIDC Ambad,12238129,pm10,µg/m³,2025-06-27,68.2,19.95022,73.73148,check_required
3409453,MIDC Ambad,12238129,pm10,µg/m³,2025-06-28,81.4,19.95022,73.73148,check_required
3409453,MIDC Ambad,12238129,pm10,µg/m³,2025-06-29,55.2,19.95022,73.73148,check_required
3409453,MIDC Ambad,12238129,pm10,µg/m³,2025-06-30,62.0,19.95022,73.73148,check_required
3409453,MIDC Ambad,12238129,pm10,µg/m³,2025-07-01,52.4,19.95022,73.73148,check_required
3409453,MIDC Ambad,12238129,pm10,µg/m³,2025-07-02,47.1,19.95022,73.73148,check_required
3409453,MIDC Ambad,12238129,pm10,µg/m³,2025-07-03,45.4,19.95022,73.73148,check_required
3409453,MIDC Ambad,12238129,pm10,µg/m³,2025-07-04,48.7,19.95022,73.73148,check_required
3409453,MIDC Ambad,12238129,pm10,µg/m³,2025-07-05,43.5,19.95022,73.73148,check_required
3409453,MIDC Ambad,12238129,pm10,µg/m³,2025-07-07,68.2,19.95022,73.73148,check_required
3409453,MIDC Ambad,12238129,pm10,µg/m³,2025-07-08,95.0,19.95022,73.73148,check_required
3409453,MIDC Ambad,12238129,pm10,µg/m³,2025-07-09,92.7,19.95022,73.73148,check_required
3409453,MIDC Ambad,12238129,pm10,µg/m³,2025-07-10,101.0,19.95022,73.73148,check_required
3409453,MIDC Ambad,12238129,pm10,µg/m³,2025-07-11,86.0,19.95022,73.73148,check_required
3409453,MIDC Ambad,12238129,pm10,µg/m³,2025-07-12,62.6,19.95022,73.73148,check_required
3409453,MIDC Ambad,12238129,pm10,µg/m³,2025-07-13,59.8,19.95022,73.73148,check_required
3409453,MIDC Ambad,12238129,pm10,µg/m³,2025-07-14,38.9,19.95022,73.73148,check_required
3409453,MIDC Ambad,12238129,pm10,µg/m³,2025-07-15,46.8,19.95022,73.73148,check_required
3409453,MIDC Ambad,12238129,pm10,µg/m³,2025-07-16,128.0,19.95022,73.73148,check_required
3409453,MIDC Ambad,12238129,pm10,µg/m³,2025-07-17,95.1,19.95022,73.73148,check_required
3409453,MIDC Ambad,12238129,pm10,µg/m³,2025-07-19,70.7,19.95022,73.73148,check_required
3409453,MIDC Ambad,12238129,pm10,µg/m³,2025-07-20,81.4,19.95022,73.73148,check_required
3409453,MIDC Ambad,12238129,pm10,µg/m³,2025-07-21,67.5,19.95022,73.73148,check_required
3409453,MIDC Ambad,12238129,pm10,µg/m³,2025-07-22,76.2,19.95022,73.73148,check_required
3409453,MIDC Ambad,12238129,pm10,µg/m³,2025-07-23,52.6,19.95022,73.73148,check_required
3409453,MIDC Ambad,12238129,pm10,µg/m³,2025-07-24,54.5,19.95022,73.73148,check_required
3409453,MIDC Ambad,12238129,pm10,µg/m³,2025-07-25,37.2,19.95022,73.73148,check_required
3409453,MIDC Ambad,12238129,pm10,µg/m³,2025-07-26,34.7,19.95022,73.73148,check_required
3409453,MIDC Ambad,12238129,pm10,µg/m³,2025-07-27,47.8,19.95022,73.73148,check_required
3409453,MIDC Ambad,12238129,pm10,µg/m³,2025-07-28,40.9,19.95022,73.73148,check_required
3409453,MIDC Ambad,12238129,pm10,µg/m³,2025-07-29,48.2,19.95022,73.73148,check_required
3409453,MIDC Ambad,12238129,pm10,µg/m³,2025-07-30,62.6,19.95022,73.73148,check_required
3409453,MIDC Ambad,12238129,pm10,µg/m³,2025-07-31,86.5,19.95022,73.73148,check_required
3409453,MIDC Ambad,12238129,pm10,µg/m³,2025-08-01,86.6,19.95022,73.73148,check_required
3409453,MIDC Ambad,12238129,pm10,µg/m³,2025-08-02,62.8,19.95022,73.73148,check_required
3409453,MIDC Ambad,12238129,pm10,µg/m³,2025-08-03,84.6,19.95022,73.73148,check_required
3409453,MIDC Ambad,12238129,pm10,µg/m³,2025-08-04,109.0,19.95022,73.73148,check_required
3409453,MIDC Ambad,12238129,pm10,µg/m³,2025-08-05,88.8,19.95022,73.73148,check_required
3409453,MIDC Ambad,12238129,pm10,µg/m³,2025-08-06,105.0,19.95022,73.73148,check_required
3409453,MIDC Ambad,12238129,pm10,µg/m³,2025-08-07,89.8,19.95022,73.73148,check_required
3409453,MIDC Ambad,12238129,pm10,µg/m³,2025-08-08,89.9,19.95022,73.73148,check_required
3409453,MIDC Ambad,12238129,pm10,µg/m³,2025-08-09,67.1,19.95022,73.73148,check_required
3409453,MIDC Ambad,12238129,pm10,µg/m³,2025-08-10,75.5,19.95022,73.73148,check_required
3409453,MIDC Ambad,12238129,pm10,µg/m³,2025-08-11,69.0,19.95022,73.73148,check_required
3409453,MIDC Ambad,12238129,pm10,µg/m³,2025-08-12,73.9,19.95022,73.73148,check_required
3409453,MIDC Ambad,12238129,pm10,µg/m³,2025-08-13,54.6,19.95022,73.73148,check_required
3409453,MIDC Ambad,12238129,pm10,µg/m³,2025-08-14,64.2,19.95022,73.73148,check_required
3409453,MIDC Ambad,12238129,pm10,µg/m³,2025-08-15,33.8,19.95022,73.73148,check_required
3409453,MIDC Ambad,12238129,pm10,µg/m³,2025-08-16,31.2,19.95022,73.73148,check_required
3409453,MIDC Ambad,12238129,pm10,µg/m³,2025-08-17,44.0,19.95022,73.73148,check_required
3409453,MIDC Ambad,12238129,pm10,µg/m³,2025-08-18,38.7,19.95022,73.73148,check_required
3409453,MIDC Ambad,12238129,pm10,µg/m³,2025-08-19,32.2,19.95022,73.73148,check_required
3409453,MIDC Ambad,12238129,pm10,µg/m³,2025-08-20,21.5,19.95022,73.73148,check_required
3409453,MIDC Ambad,12238129,pm10,µg/m³,2025-08-21,29.0,19.95022,73.73148,check_required
3409453,MIDC Ambad,12238129,pm10,µg/m³,2025-08-22,38.5,19.95022,73.73148,check_required
3409453,MIDC Ambad,12238129,pm10,µg/m³,2025-08-23,27.0,19.95022,73.73148,check_required
3409453,MIDC Ambad,12238129,pm10,µg/m³,2025-08-24,36.7,19.95022,73.73148,check_required
3409453,MIDC Ambad,12238129,pm10,µg/m³,2025-08-25,40.7,19.95022,73.73148,check_required
3409453,MIDC Ambad,12238129,pm10,µg/m³,2025-08-26,36.2,19.95022,73.73148,check_required
3409453,MIDC Ambad,12238129,pm10,µg/m³,2025-08-27,38.9,19.95022,73.73148,check_required
3409453,MIDC Ambad,12238129,pm10,µg/m³,2025-08-28,58.3,19.95022,73.73148,check_required
3409453,MIDC Ambad,12238129,pm10,µg/m³,2025-08-29,48.2,19.95022,73.73148,check_required
3409453,MIDC Ambad,12238129,pm10,µg/m³,2025-09-02,59.7,19.95022,73.73148,check_required
3409453,MIDC Ambad,12238129,pm10,µg/m³,2025-09-03,70.7,19.95022,73.73148,check_required
3409453,MIDC Ambad,12238129,pm10,µg/m³,2025-09-04,51.1,19.95022,73.73148,check_required
3409453,MIDC Ambad,12238129,pm10,µg/m³,2025-09-05,43.5,19.95022,73.73148,check_required
3409453,MIDC Ambad,12238129,pm10,µg/m³,2025-09-06,25.5,19.95022,73.73148,check_required
3409453,MIDC Ambad,12238129,pm10,µg/m³,2025-09-07,29.0,19.95022,73.73148,check_required
3409453,MIDC Ambad,12238129,pm10,µg/m³,2025-09-08,55.9,19.95022,73.73148,check_required
3409453,MIDC Ambad,12238129,pm10,µg/m³,2025-09-09,99.3,19.95022,73.73148,check_required
3409453,MIDC Ambad,12238129,pm10,µg/m³,2025-09-10,103.0,19.95022,73.73148,check_required
3409453,MIDC Ambad,12238129,pm10,µg/m³,2025-09-11,97.7,19.95022,73.73148,check_required
3409453,MIDC Ambad,12238129,pm10,µg/m³,2025-09-12,60.7,19.95022,73.73148,check_required
3409453,MIDC Ambad,12238129,pm10,µg/m³,2025-09-13,56.0,19.95022,73.73148,check_required
3409453,MIDC Ambad,12238129,pm10,µg/m³,2025-09-14,70.8,19.95022,73.73148,check_required
3409453,MIDC Ambad,12238129,pm10,µg/m³,2025-09-15,69.6,19.95022,73.73148,check_required
3409453,MIDC Ambad,12238129,pm10,µg/m³,2025-09-16,49.6,19.95022,73.73148,check_required
3409453,MIDC Ambad,12238129,pm10,µg/m³,2025-09-17,66.0,19.95022,73.73148,check_required
3409453,MIDC Ambad,12238129,pm10,µg/m³,2025-09-18,59.2,19.95022,73.73148,check_required
3409453,MIDC Ambad,12238129,pm10,µg/m³,2025-09-19,46.7,19.95022,73.73148,check_required
3409453,MIDC Ambad,12238129,pm10,µg/m³,2025-09-20,44.2,19.95022,73.73148,check_required
3409453,MIDC Ambad,12238129,pm10,µg/m³,2025-09-21,68.4,19.95022,73.73148,check_required
3409453,MIDC Ambad,12238129,pm10,µg/m³,2025-09-22,59.1,19.95022,73.73148,check_required
3409453,MIDC Ambad,12238129,pm10,µg/m³,2025-09-23,45.8,19.95022,73.73148,check_required
3409453,MIDC Ambad,12238129,pm10,µg/m³,2025-09-24,63.6,19.95022,73.73148,check_required
3409453,MIDC Ambad,12238129,pm10,µg/m³,2025-09-25,64.2,19.95022,73.73148,check_required
3409453,MIDC Ambad,12238129,pm10,µg/m³,2025-09-26,59.4,19.95022,73.73148,check_required
3409453,MIDC Ambad,12238129,pm10,µg/m³,2025-09-27,53.6,19.95022,73.73148,check_required
3409453,MIDC Ambad,12238129,pm10,µg/m³,2025-09-28,31.0,19.95022,73.73148,check_required
3409453,MIDC Ambad,12238129,pm10,µg/m³,2025-09-29,36.8,19.95022,73.73148,check_required
3409453,MIDC Ambad,12238129,pm10,µg/m³,2025-09-30,45.1,19.95022,73.73148,check_required
3409453,MIDC Ambad,12238129,pm10,µg/m³,2025-10-01,55.0,19.95022,73.73148,check_required
3409453,MIDC Ambad,12238129,pm10,µg/m³,2025-10-02,36.9,19.95022,73.73148,check_required
3409453,MIDC Ambad,12238129,pm10,µg/m³,2025-10-03,46.5,19.95022,73.73148,check_required
3409453,MIDC Ambad,12238129,pm10,µg/m³,2025-10-04,55.8,19.95022,73.73148,check_required
3409453,MIDC Ambad,12238129,pm10,µg/m³,2025-10-05,61.2,19.95022,73.73148,check_required
3409453,MIDC Ambad,12238129,pm10,µg/m³,2025-10-06,68.9,19.95022,73.73148,check_required
3409453,MIDC Ambad,12238129,pm10,µg/m³,2025-10-07,57.8,19.95022,73.73148,check_required
3409453,MIDC Ambad,12238129,pm10,µg/m³,2025-10-08,97.7,19.95022,73.73148,check_required
3409453,MIDC Ambad,12238129,pm10,µg/m³,2025-10-09,146.0,19.95022,73.73148,check_required
3409453,MIDC Ambad,12238129,pm10,µg/m³,2025-10-10,162.0,19.95022,73.73148,check_required
3409453,MIDC Ambad,12238129,pm10,µg/m³,2025-10-11,163.0,19.95022,73.73148,check_required
3409453,MIDC Ambad,12238129,pm10,µg/m³,2025-10-12,137.0,19.95022,73.73148,check_required
3409453,MIDC Ambad,12238129,pm10,µg/m³,2025-10-13,135.0,19.95022,73.73148,check_required
3409453,MIDC Ambad,12238129,pm10,µg/m³,2025-10-14,155.0,19.95022,73.73148,check_required
3409453,MIDC Ambad,12238129,pm10,µg/m³,2025-10-15,119.0,19.95022,73.73148,check_required
3409453,MIDC Ambad,12238129,pm10,µg/m³,2025-10-16,102.0,19.95022,73.73148,check_required
3409453,MIDC Ambad,12238129,pm10,µg/m³,2025-10-17,96.9,19.95022,73.73148,check_required
3409453,MIDC Ambad,12238129,pm10,µg/m³,2025-10-18,95.0,19.95022,73.73148,check_required
3409453,MIDC Ambad,12238129,pm10,µg/m³,2025-10-19,137.0,19.95022,73.73148,check_required
3409453,MIDC Ambad,12238129,pm10,µg/m³,2025-10-20,178.0,19.95022,73.73148,check_required
3409453,MIDC Ambad,12238129,pm10,µg/m³,2025-10-21,134.0,19.95022,73.73148,check_required
3409453,MIDC Ambad,12238129,pm10,µg/m³,2025-10-22,72.3,19.95022,73.73148,check_required
3409453,MIDC Ambad,12238129,pm10,µg/m³,2025-10-23,62.2,19.95022,73.73148,check_required
3409453,MIDC Ambad,12238129,pm10,µg/m³,2025-10-24,46.7,19.95022,73.73148,check_required
3409453,MIDC Ambad,12238129,pm10,µg/m³,2025-10-25,32.9,19.95022,73.73148,check_required
3409453,MIDC Ambad,12238129,pm10,µg/m³,2025-10-26,25.4,19.95022,73.73148,check_required
3409453,MIDC Ambad,12238129,pm10,µg/m³,2025-10-27,20.3,19.95022,73.73148,check_required
3409453,MIDC Ambad,12238129,pm10,µg/m³,2025-10-28,36.5,19.95022,73.73148,check_required
3409453,MIDC Ambad,12238129,pm10,µg/m³,2025-10-29,60.3,19.95022,73.73148,check_required
3409453,MIDC Ambad,12238129,pm10,µg/m³,2025-10-30,83.3,19.95022,73.73148,check_required
3409453,MIDC Ambad,12238129,pm10,µg/m³,2025-10-31,75.0,19.95022,73.73148,check_required
3409453,MIDC Ambad,12238129,pm10,µg/m³,2025-11-01,36.5,19.95022,73.73148,check_required
3409453,MIDC Ambad,12238129,pm10,µg/m³,2025-11-02,42.6,19.95022,73.73148,check_required
3409453,MIDC Ambad,12238129,pm10,µg/m³,2025-11-03,55.5,19.95022,73.73148,check_required
3409453,MIDC Ambad,12238129,pm10,µg/m³,2025-11-04,68.8,19.95022,73.73148,check_required
3409453,MIDC Ambad,12238129,pm10,µg/m³,2025-11-05,71.9,19.95022,73.73148,check_required
3409453,MIDC Ambad,12238129,pm10,µg/m³,2025-11-06,97.2,19.95022,73.73148,check_required
3409453,MIDC Ambad,12238129,pm10,µg/m³,2025-11-07,97.2,19.95022,73.73148,check_required
3409453,MIDC Ambad,12238129,pm10,µg/m³,2025-11-08,88.0,19.95022,73.73148,check_required
3409453,MIDC Ambad,12238129,pm10,µg/m³,2025-11-09,102.0,19.95022,73.73148,check_required
3409453,MIDC Ambad,12238129,pm10,µg/m³,2025-11-10,170.0,19.95022,73.73148,check_required
3409453,MIDC Ambad,12238129,pm10,µg/m³,2025-11-11,128.0,19.95022,73.73148,check_required
3409453,MIDC Ambad,12238129,pm10,µg/m³,2025-11-12,151.0,19.95022,73.73148,check_required
3409453,MIDC Ambad,12238129,pm10,µg/m³,2025-11-13,176.0,19.95022,73.73148,check_required
3409453,MIDC Ambad,12238129,pm10,µg/m³,2025-11-14,146.0,19.95022,73.73148,check_required
3409453,MIDC Ambad,12238129,pm10,µg/m³,2025-11-15,125.0,19.95022,73.73148,check_required
3409453,MIDC Ambad,12238129,pm10,µg/m³,2025-11-16,141.0,19.95022,73.73148,check_required
3409453,MIDC Ambad,12238129,pm10,µg/m³,2025-11-17,133.0,19.95022,73.73148,check_required
3409453,MIDC Ambad,12238129,pm10,µg/m³,2025-11-18,147.0,19.95022,73.73148,check_required
3409453,MIDC Ambad,12238129,pm10,µg/m³,2025-11-19,175.0,19.95022,73.73148,check_required
3409453,MIDC Ambad,12238129,pm10,µg/m³,2025-11-20,178.0,19.95022,73.73148,check_required
3409453,MIDC Ambad,12238129,pm10,µg/m³,2025-11-21,210.0,19.95022,73.73148,check_required
3409453,MIDC Ambad,12238129,pm10,µg/m³,2025-11-22,135.0,19.95022,73.73148,check_required
3409453,MIDC Ambad,12238129,pm10,µg/m³,2025-11-23,152.0,19.95022,73.73148,check_required
3409453,MIDC Ambad,12238129,pm10,µg/m³,2025-11-24,151.0,19.95022,73.73148,check_required
3409453,MIDC Ambad,12238129,pm10,µg/m³,2025-11-25,115.0,19.95022,73.73148,check_required
3409453,MIDC Ambad,12238129,pm10,µg/m³,2025-11-26,127.0,19.95022,73.73148,check_required
3409453,MIDC Ambad,12238129,pm10,µg/m³,2025-11-27,118.0,19.95022,73.73148,check_required
3409453,MIDC Ambad,12238129,pm10,µg/m³,2025-11-28,152.0,19.95022,73.73148,check_required
3409453,MIDC Ambad,12238129,pm10,µg/m³,2025-11-29,102.0,19.95022,73.73148,check_required
3409453,MIDC Ambad,12238129,pm10,µg/m³,2025-11-30,100.0,19.95022,73.73148,check_required
3409453,MIDC Ambad,12238129,pm10,µg/m³,2025-12-01,128.0,19.95022,73.73148,check_required
3409453,MIDC Ambad,12238129,pm10,µg/m³,2025-12-02,164.0,19.95022,73.73148,check_required
3409453,MIDC Ambad,12238129,pm10,µg/m³,2025-12-03,147.0,19.95022,73.73148,check_required
3409453,MIDC Ambad,12238129,pm10,µg/m³,2025-12-04,161.0,19.95022,73.73148,check_required
3409453,MIDC Ambad,12238129,pm10,µg/m³,2025-12-05,137.0,19.95022,73.73148,check_required
3409453,MIDC Ambad,12238129,pm10,µg/m³,2025-12-06,122.0,19.95022,73.73148,check_required
3409453,MIDC Ambad,12238129,pm10,µg/m³,2025-12-07,121.0,19.95022,73.73148,check_required
3409453,MIDC Ambad,12238129,pm10,µg/m³,2025-12-08,124.0,19.95022,73.73148,check_required
3409453,MIDC Ambad,12238129,pm10,µg/m³,2025-12-09,117.0,19.95022,73.73148,check_required
3409453,MIDC Ambad,12238129,pm10,µg/m³,2025-12-10,97.5,19.95022,73.73148,check_required
3409453,MIDC Ambad,12238129,pm10,µg/m³,2025-12-11,126.0,19.95022,73.73148,check_required
3409453,MIDC Ambad,12238129,pm10,µg/m³,2025-12-12,139.0,19.95022,73.73148,check_required
3409453,MIDC Ambad,12238129,pm10,µg/m³,2025-12-13,108.0,19.95022,73.73148,check_required
3409453,MIDC Ambad,12238129,pm10,µg/m³,2025-12-14,119.0,19.95022,73.73148,check_required
3409453,MIDC Ambad,12238129,pm10,µg/m³,2025-12-15,131.0,19.95022,73.73148,check_required
3409453,MIDC Ambad,12238129,pm10,µg/m³,2025-12-16,124.0,19.95022,73.73148,check_required
3409453,MIDC Ambad,12238129,pm10,µg/m³,2025-12-17,160.0,19.95022,73.73148,check_required
3409453,MIDC Ambad,12238129,pm10,µg/m³,2025-12-18,121.0,19.95022,73.73148,check_required
3409453,MIDC Ambad,12238129,pm10,µg/m³,2025-12-19,122.0,19.95022,73.73148,check_required
3409453,MIDC Ambad,12238129,pm10,µg/m³,2025-12-20,102.0,19.95022,73.73148,check_required
3409453,MIDC Ambad,12238129,pm10,µg/m³,2025-12-21,83.8,19.95022,73.73148,check_required
3409453,MIDC Ambad,12238129,pm10,µg/m³,2025-12-22,146.0,19.95022,73.73148,check_required
3409453,MIDC Ambad,12238129,pm10,µg/m³,2025-12-23,95.5,19.95022,73.73148,check_required
3409453,MIDC Ambad,12238129,pm10,µg/m³,2025-12-24,80.0,19.95022,73.73148,check_required
3409453,MIDC Ambad,12238129,pm10,µg/m³,2025-12-25,123.0,19.95022,73.73148,check_required
3409453,MIDC Ambad,12238129,pm10,µg/m³,2025-12-26,144.0,19.95022,73.73148,check_required
3409453,MIDC Ambad,12238129,pm10,µg/m³,2025-12-27,112.0,19.95022,73.73148,check_required
3409453,MIDC Ambad,12238129,pm10,µg/m³,2025-12-28,131.0,19.95022,73.73148,check_required
3409453,MIDC Ambad,12238129,pm10,µg/m³,2025-12-29,186.0,19.95022,73.73148,check_required
3409453,MIDC Ambad,12238129,pm10,µg/m³,2025-12-30,135.0,19.95022,73.73148,check_required
3409453,MIDC Ambad,12238129,pm10,µg/m³,2025-12-31,127.0,19.95022,73.73148,check_required
3409451,Pandav Nagari,12238111,pm10,µg/m³,2025-02-19,79.7,19.9591346,73.7788008,check_required
3409451,Pandav Nagari,12238111,pm10,µg/m³,2025-02-20,84.9,19.9591346,73.7788008,check_required
3409451,Pandav Nagari,12238111,pm10,µg/m³,2025-02-21,94.2,19.9591346,73.7788008,check_required
3409451,Pandav Nagari,12238111,pm10,µg/m³,2025-02-22,98.1,19.9591346,73.7788008,check_required
3409451,Pandav Nagari,12238111,pm10,µg/m³,2025-02-24,114.0,19.9591346,73.7788008,check_required
3409451,Pandav Nagari,12238111,pm10,µg/m³,2025-02-25,96.3,19.9591346,73.7788008,check_required
3409451,Pandav Nagari,12238111,pm10,µg/m³,2025-02-26,131.0,19.9591346,73.7788008,check_required
3409451,Pandav Nagari,12238111,pm10,µg/m³,2025-02-27,119.0,19.9591346,73.7788008,check_required
3409451,Pandav Nagari,12238111,pm10,µg/m³,2025-02-28,124.0,19.9591346,73.7788008,check_required
3409451,Pandav Nagari,12238111,pm10,µg/m³,2025-03-01,139.0,19.9591346,73.7788008,check_required
3409451,Pandav Nagari,12238111,pm10,µg/m³,2025-03-02,116.0,19.9591346,73.7788008,check_required
3409451,Pandav Nagari,12238111,pm10,µg/m³,2025-03-03,130.0,19.9591346,73.7788008,check_required
3409451,Pandav Nagari,12238111,pm10,µg/m³,2025-03-04,101.0,19.9591346,73.7788008,check_required
3409451,Pandav Nagari,12238111,pm10,µg/m³,2025-03-05,117.0,19.9591346,73.7788008,check_required
3409451,Pandav Nagari,12238111,pm10,µg/m³,2025-03-06,88.1,19.9591346,73.7788008,check_required
3409451,Pandav Nagari,12238111,pm10,µg/m³,2025-03-07,95.6,19.9591346,73.7788008,check_required
3409451,Pandav Nagari,12238111,pm10,µg/m³,2025-03-08,72.9,19.9591346,73.7788008,check_required
3409451,Pandav Nagari,12238111,pm10,µg/m³,2025-03-09,126.0,19.9591346,73.7788008,check_required
3409451,Pandav Nagari,12238111,pm10,µg/m³,2025-03-10,145.0,19.9591346,73.7788008,check_required
3409451,Pandav Nagari,12238111,pm10,µg/m³,2025-03-11,143.0,19.9591346,73.7788008,check_required
3409451,Pandav Nagari,12238111,pm10,µg/m³,2025-03-12,143.0,19.9591346,73.7788008,check_required
3409451,Pandav Nagari,12238111,pm10,µg/m³,2025-03-13,154.0,19.9591346,73.7788008,check_required
3409451,Pandav Nagari,12238111,pm10,µg/m³,2025-03-14,93.9,19.9591346,73.7788008,check_required
3409451,Pandav Nagari,12238111,pm10,µg/m³,2025-03-15,68.4,19.9591346,73.7788008,check_required
3409451,Pandav Nagari,12238111,pm10,µg/m³,2025-03-16,68.8,19.9591346,73.7788008,check_required
3409451,Pandav Nagari,12238111,pm10,µg/m³,2025-03-17,95.7,19.9591346,73.7788008,check_required
3409451,Pandav Nagari,12238111,pm10,µg/m³,2025-03-18,170.0,19.9591346,73.7788008,check_required
3409451,Pandav Nagari,12238111,pm10,µg/m³,2025-03-19,98.4,19.9591346,73.7788008,check_required
3409451,Pandav Nagari,12238111,pm10,µg/m³,2025-03-20,99.4,19.9591346,73.7788008,check_required
3409451,Pandav Nagari,12238111,pm10,µg/m³,2025-03-21,73.9,19.9591346,73.7788008,check_required
3409451,Pandav Nagari,12238111,pm10,µg/m³,2025-03-22,89.2,19.9591346,73.7788008,check_required
3409451,Pandav Nagari,12238111,pm10,µg/m³,2025-03-23,115.0,19.9591346,73.7788008,check_required
3409451,Pandav Nagari,12238111,pm10,µg/m³,2025-03-24,108.0,19.9591346,73.7788008,check_required
3409451,Pandav Nagari,12238111,pm10,µg/m³,2025-03-25,126.0,19.9591346,73.7788008,check_required
3409451,Pandav Nagari,12238111,pm10,µg/m³,2025-03-26,129.0,19.9591346,73.7788008,check_required
3409451,Pandav Nagari,12238111,pm10,µg/m³,2025-03-27,73.7,19.9591346,73.7788008,check_required
3409451,Pandav Nagari,12238111,pm10,µg/m³,2025-03-28,101.0,19.9591346,73.7788008,check_required
3409451,Pandav Nagari,12238111,pm10,µg/m³,2025-03-29,161.0,19.9591346,73.7788008,check_required
3409451,Pandav Nagari,12238111,pm10,µg/m³,2025-03-30,124.0,19.9591346,73.7788008,check_required
3409451,Pandav Nagari,12238111,pm10,µg/m³,2025-03-31,135.0,19.9591346,73.7788008,check_required
3409451,Pandav Nagari,12238111,pm10,µg/m³,2025-04-01,141.0,19.9591346,73.7788008,check_required
3409451,Pandav Nagari,12238111,pm10,µg/m³,2025-04-02,102.0,19.9591346,73.7788008,check_required
3409451,Pandav Nagari,12238111,pm10,µg/m³,2025-04-03,86.9,19.9591346,73.7788008,check_required
3409451,Pandav Nagari,12238111,pm10,µg/m³,2025-04-04,106.0,19.9591346,73.7788008,check_required
3409451,Pandav Nagari,12238111,pm10,µg/m³,2025-04-05,95.6,19.9591346,73.7788008,check_required
3409451,Pandav Nagari,12238111,pm10,µg/m³,2025-04-06,88.9,19.9591346,73.7788008,check_required
3409451,Pandav Nagari,12238111,pm10,µg/m³,2025-04-07,99.6,19.9591346,73.7788008,check_required
3409451,Pandav Nagari,12238111,pm10,µg/m³,2025-04-08,90.1,19.9591346,73.7788008,check_required
3409451,Pandav Nagari,12238111,pm10,µg/m³,2025-04-09,85.1,19.9591346,73.7788008,check_required
3409451,Pandav Nagari,12238111,pm10,µg/m³,2025-04-11,69.2,19.9591346,73.7788008,check_required
3409451,Pandav Nagari,12238111,pm10,µg/m³,2025-04-12,85.1,19.9591346,73.7788008,check_required
3409451,Pandav Nagari,12238111,pm10,µg/m³,2025-04-13,81.6,19.9591346,73.7788008,check_required
3409451,Pandav Nagari,12238111,pm10,µg/m³,2025-04-14,72.4,19.9591346,73.7788008,check_required
3409451,Pandav Nagari,12238111,pm10,µg/m³,2025-04-15,70.1,19.9591346,73.7788008,check_required
3409451,Pandav Nagari,12238111,pm10,µg/m³,2025-04-16,101.0,19.9591346,73.7788008,check_required
3409451,Pandav Nagari,12238111,pm10,µg/m³,2025-04-17,79.1,19.9591346,73.7788008,check_required
3409451,Pandav Nagari,12238111,pm10,µg/m³,2025-04-18,61.6,19.9591346,73.7788008,check_required
3409451,Pandav Nagari,12238111,pm10,µg/m³,2025-04-19,55.8,19.9591346,73.7788008,check_required
3409451,Pandav Nagari,12238111,pm10,µg/m³,2025-04-20,83.1,19.9591346,73.7788008,check_required
3409451,Pandav Nagari,12238111,pm10,µg/m³,2025-04-21,94.6,19.9591346,73.7788008,check_required
3409451,Pandav Nagari,12238111,pm10,µg/m³,2025-04-22,112.0,19.9591346,73.7788008,check_required
3409451,Pandav Nagari,12238111,pm10,µg/m³,2025-04-23,112.0,19.9591346,73.7788008,check_required
3409451,Pandav Nagari,12238111,pm10,µg/m³,2025-04-24,103.0,19.9591346,73.7788008,check_required
3409451,Pandav Nagari,12238111,pm10,µg/m³,2025-04-25,92.4,19.9591346,73.7788008,check_required
3409451,Pandav Nagari,12238111,pm10,µg/m³,2025-04-26,75.7,19.9591346,73.7788008,check_required
3409451,Pandav Nagari,12238111,pm10,µg/m³,2025-04-27,78.3,19.9591346,73.7788008,check_required
3409451,Pandav Nagari,12238111,pm10,µg/m³,2025-04-28,90.0,19.9591346,73.7788008,check_required
3409451,Pandav Nagari,12238111,pm10,µg/m³,2025-04-29,103.0,19.9591346,73.7788008,check_required
3409451,Pandav Nagari,12238111,pm10,µg/m³,2025-04-30,78.3,19.9591346,73.7788008,check_required
3409451,Pandav Nagari,12238111,pm10,µg/m³,2025-05-01,65.6,19.9591346,73.7788008,check_required
3409451,Pandav Nagari,12238111,pm10,µg/m³,2025-05-02,60.4,19.9591346,73.7788008,check_required
3409451,Pandav Nagari,12238111,pm10,µg/m³,2025-05-03,46.0,19.9591346,73.7788008,check_required
3409451,Pandav Nagari,12238111,pm10,µg/m³,2025-05-04,50.3,19.9591346,73.7788008,check_required
3409451,Pandav Nagari,12238111,pm10,µg/m³,2025-05-05,68.8,19.9591346,73.7788008,check_required
3409451,Pandav Nagari,12238111,pm10,µg/m³,2025-05-06,64.0,19.9591346,73.7788008,check_required
3409451,Pandav Nagari,12238111,pm10,µg/m³,2025-05-07,35.7,19.9591346,73.7788008,check_required
3409451,Pandav Nagari,12238111,pm10,µg/m³,2025-05-08,14.7,19.9591346,73.7788008,check_required
3409451,Pandav Nagari,12238111,pm10,µg/m³,2025-05-09,15.6,19.9591346,73.7788008,check_required
3409451,Pandav Nagari,12238111,pm10,µg/m³,2025-05-10,26.1,19.9591346,73.7788008,check_required
3409451,Pandav Nagari,12238111,pm10,µg/m³,2025-05-11,30.2,19.9591346,73.7788008,check_required
3409451,Pandav Nagari,12238111,pm10,µg/m³,2025-05-12,33.2,19.9591346,73.7788008,check_required
3409451,Pandav Nagari,12238111,pm10,µg/m³,2025-05-13,53.3,19.9591346,73.7788008,check_required
3409451,Pandav Nagari,12238111,pm10,µg/m³,2025-05-14,52.1,19.9591346,73.7788008,check_required
3409451,Pandav Nagari,12238111,pm10,µg/m³,2025-05-15,50.0,19.9591346,73.7788008,check_required
3409451,Pandav Nagari,12238111,pm10,µg/m³,2025-05-16,49.9,19.9591346,73.7788008,check_required
3409451,Pandav Nagari,12238111,pm10,µg/m³,2025-05-17,40.2,19.9591346,73.7788008,check_required
3409451,Pandav Nagari,12238111,pm10,µg/m³,2025-05-18,43.2,19.9591346,73.7788008,check_required
3409451,Pandav Nagari,12238111,pm10,µg/m³,2025-05-19,48.3,19.9591346,73.7788008,check_required
3409451,Pandav Nagari,12238111,pm10,µg/m³,2025-05-20,55.3,19.9591346,73.7788008,check_required
3409451,Pandav Nagari,12238111,pm10,µg/m³,2025-05-21,52.1,19.9591346,73.7788008,check_required
3409451,Pandav Nagari,12238111,pm10,µg/m³,2025-05-22,50.2,19.9591346,73.7788008,check_required
3409451,Pandav Nagari,12238111,pm10,µg/m³,2025-05-23,49.0,19.9591346,73.7788008,check_required
3409451,Pandav Nagari,12238111,pm10,µg/m³,2025-05-24,59.4,19.9591346,73.7788008,check_required
3409451,Pandav Nagari,12238111,pm10,µg/m³,2025-05-25,58.3,19.9591346,73.7788008,check_required
3409451,Pandav Nagari,12238111,pm10,µg/m³,2025-05-26,52.0,19.9591346,73.7788008,check_required
3409451,Pandav Nagari,12238111,pm10,µg/m³,2025-05-27,43.7,19.9591346,73.7788008,check_required
3409451,Pandav Nagari,12238111,pm10,µg/m³,2025-05-28,40.2,19.9591346,73.7788008,check_required
3409451,Pandav Nagari,12238111,pm10,µg/m³,2025-05-29,68.3,19.9591346,73.7788008,check_required
3409451,Pandav Nagari,12238111,pm10,µg/m³,2025-05-30,78.7,19.9591346,73.7788008,check_required
3409451,Pandav Nagari,12238111,pm10,µg/m³,2025-05-31,69.3,19.9591346,73.7788008,check_required
3409451,Pandav Nagari,12238111,pm10,µg/m³,2025-06-01,48.4,19.9591346,73.7788008,check_required
3409451,Pandav Nagari,12238111,pm10,µg/m³,2025-06-02,57.8,19.9591346,73.7788008,check_required
3409451,Pandav Nagari,12238111,pm10,µg/m³,2025-06-03,52.1,19.9591346,73.7788008,check_required
3409451,Pandav Nagari,12238111,pm10,µg/m³,2025-06-04,42.2,19.9591346,73.7788008,check_required
3409451,Pandav Nagari,12238111,pm10,µg/m³,2025-06-05,62.4,19.9591346,73.7788008,check_required
3409451,Pandav Nagari,12238111,pm10,µg/m³,2025-06-06,55.3,19.9591346,73.7788008,check_required
3409451,Pandav Nagari,12238111,pm10,µg/m³,2025-06-07,45.8,19.9591346,73.7788008,check_required
3409451,Pandav Nagari,12238111,pm10,µg/m³,2025-06-08,54.0,19.9591346,73.7788008,check_required
3409451,Pandav Nagari,12238111,pm10,µg/m³,2025-06-09,55.9,19.9591346,73.7788008,check_required
3409451,Pandav Nagari,12238111,pm10,µg/m³,2025-06-10,47.2,19.9591346,73.7788008,check_required
3409451,Pandav Nagari,12238111,pm10,µg/m³,2025-06-11,91.3,19.9591346,73.7788008,check_required
3409451,Pandav Nagari,12238111,pm10,µg/m³,2025-06-12,63.4,19.9591346,73.7788008,check_required
3409451,Pandav Nagari,12238111,pm10,µg/m³,2025-06-13,41.7,19.9591346,73.7788008,check_required
3409451,Pandav Nagari,12238111,pm10,µg/m³,2025-06-14,47.1,19.9591346,73.7788008,check_required
3409451,Pandav Nagari,12238111,pm10,µg/m³,2025-06-15,28.0,19.9591346,73.7788008,check_required
3409451,Pandav Nagari,12238111,pm10,µg/m³,2025-06-16,23.0,19.9591346,73.7788008,check_required
3409451,Pandav Nagari,12238111,pm10,µg/m³,2025-06-17,45.7,19.9591346,73.7788008,check_required
3409451,Pandav Nagari,12238111,pm10,µg/m³,2025-06-18,21.3,19.9591346,73.7788008,check_required
3409451,Pandav Nagari,12238111,pm10,µg/m³,2025-06-19,23.7,19.9591346,73.7788008,check_required
3409451,Pandav Nagari,12238111,pm10,µg/m³,2025-06-20,37.8,19.9591346,73.7788008,check_required
3409451,Pandav Nagari,12238111,pm10,µg/m³,2025-06-21,29.5,19.9591346,73.7788008,check_required
3409451,Pandav Nagari,12238111,pm10,µg/m³,2025-06-22,33.6,19.9591346,73.7788008,check_required
3409451,Pandav Nagari,12238111,pm10,µg/m³,2025-06-23,20.8,19.9591346,73.7788008,check_required
3409451,Pandav Nagari,12238111,pm10,µg/m³,2025-06-24,29.9,19.9591346,73.7788008,check_required
3409451,Pandav Nagari,12238111,pm10,µg/m³,2025-06-25,44.9,19.9591346,73.7788008,check_required
3409451,Pandav Nagari,12238111,pm10,µg/m³,2025-06-26,32.7,19.9591346,73.7788008,check_required
3409451,Pandav Nagari,12238111,pm10,µg/m³,2025-06-27,31.6,19.9591346,73.7788008,check_required
3409451,Pandav Nagari,12238111,pm10,µg/m³,2025-06-28,46.8,19.9591346,73.7788008,check_required
3409451,Pandav Nagari,12238111,pm10,µg/m³,2025-06-29,30.1,19.9591346,73.7788008,check_required
3409451,Pandav Nagari,12238111,pm10,µg/m³,2025-06-30,39.4,19.9591346,73.7788008,check_required
3409451,Pandav Nagari,12238111,pm10,µg/m³,2025-07-01,27.3,19.9591346,73.7788008,check_required
3409451,Pandav Nagari,12238111,pm10,µg/m³,2025-07-02,18.1,19.9591346,73.7788008,check_required
3409451,Pandav Nagari,12238111,pm10,µg/m³,2025-07-03,18.5,19.9591346,73.7788008,check_required
3409451,Pandav Nagari,12238111,pm10,µg/m³,2025-07-04,26.3,19.9591346,73.7788008,check_required
3409451,Pandav Nagari,12238111,pm10,µg/m³,2025-07-05,16.6,19.9591346,73.7788008,check_required
3409451,Pandav Nagari,12238111,pm10,µg/m³,2025-07-06,16.5,19.9591346,73.7788008,check_required
3409451,Pandav Nagari,12238111,pm10,µg/m³,2025-07-07,30.0,19.9591346,73.7788008,check_required
3409451,Pandav Nagari,12238111,pm10,µg/m³,2025-07-08,44.4,19.9591346,73.7788008,check_required
3409451,Pandav Nagari,12238111,pm10,µg/m³,2025-07-09,49.6,19.9591346,73.7788008,check_required
3409451,Pandav Nagari,12238111,pm10,µg/m³,2025-07-10,61.6,19.9591346,73.7788008,check_required
3409451,Pandav Nagari,12238111,pm10,µg/m³,2025-07-11,50.5,19.9591346,73.7788008,check_required
3409451,Pandav Nagari,12238111,pm10,µg/m³,2025-07-12,34.4,19.9591346,73.7788008,check_required
3409451,Pandav Nagari,12238111,pm10,µg/m³,2025-07-13,38.5,19.9591346,73.7788008,check_required
3409451,Pandav Nagari,12238111,pm10,µg/m³,2025-07-14,14.9,19.9591346,73.7788008,check_required
3409451,Pandav Nagari,12238111,pm10,µg/m³,2025-07-15,31.1,19.9591346,73.7788008,check_required
3409451,Pandav Nagari,12238111,pm10,µg/m³,2025-07-16,60.1,19.9591346,73.7788008,check_required
3409451,Pandav Nagari,12238111,pm10,µg/m³,2025-07-17,77.8,19.9591346,73.7788008,check_required
3409451,Pandav Nagari,12238111,pm10,µg/m³,2025-07-18,68.4,19.9591346,73.7788008,check_required
3409451,Pandav Nagari,12238111,pm10,µg/m³,2025-07-19,51.7,19.9591346,73.7788008,check_required
3409451,Pandav Nagari,12238111,pm10,µg/m³,2025-07-20,39.8,19.9591346,73.7788008,check_required
3409451,Pandav Nagari,12238111,pm10,µg/m³,2025-07-21,28.1,19.9591346,73.7788008,check_required
3409451,Pandav Nagari,12238111,pm10,µg/m³,2025-07-22,30.5,19.9591346,73.7788008,check_required
3409451,Pandav Nagari,12238111,pm10,µg/m³,2025-07-23,30.0,19.9591346,73.7788008,check_required
3409451,Pandav Nagari,12238111,pm10,µg/m³,2025-07-24,30.3,19.9591346,73.7788008,check_required
3409451,Pandav Nagari,12238111,pm10,µg/m³,2025-07-25,13.0,19.9591346,73.7788008,check_required
3409451,Pandav Nagari,12238111,pm10,µg/m³,2025-07-26,16.3,19.9591346,73.7788008,check_required
3409451,Pandav Nagari,12238111,pm10,µg/m³,2025-07-27,29.9,19.9591346,73.7788008,check_required
3409451,Pandav Nagari,12238111,pm10,µg/m³,2025-07-28,19.9,19.9591346,73.7788008,check_required
3409451,Pandav Nagari,12238111,pm10,µg/m³,2025-07-29,23.4,19.9591346,73.7788008,check_required
3409451,Pandav Nagari,12238111,pm10,µg/m³,2025-07-30,31.4,19.9591346,73.7788008,check_required
3409451,Pandav Nagari,12238111,pm10,µg/m³,2025-07-31,45.8,19.9591346,73.7788008,check_required
3409451,Pandav Nagari,12238111,pm10,µg/m³,2025-08-01,43.4,19.9591346,73.7788008,check_required
3409451,Pandav Nagari,12238111,pm10,µg/m³,2025-08-02,40.6,19.9591346,73.7788008,check_required
3409451,Pandav Nagari,12238111,pm10,µg/m³,2025-08-03,45.3,19.9591346,73.7788008,check_required
3409451,Pandav Nagari,12238111,pm10,µg/m³,2025-08-04,57.6,19.9591346,73.7788008,check_required
3409451,Pandav Nagari,12238111,pm10,µg/m³,2025-08-05,48.8,19.9591346,73.7788008,check_required
3409451,Pandav Nagari,12238111,pm10,µg/m³,2025-08-06,58.2,19.9591346,73.7788008,check_required
3409451,Pandav Nagari,12238111,pm10,µg/m³,2025-08-07,53.7,19.9591346,73.7788008,check_required
3409451,Pandav Nagari,12238111,pm10,µg/m³,2025-08-08,81.0,19.9591346,73.7788008,check_required
3409451,Pandav Nagari,12238111,pm10,µg/m³,2025-08-09,72.8,19.9591346,73.7788008,check_required
3409451,Pandav Nagari,12238111,pm10,µg/m³,2025-08-10,73.2,19.9591346,73.7788008,check_required
3409451,Pandav Nagari,12238111,pm10,µg/m³,2025-08-11,69.4,19.9591346,73.7788008,check_required
3409451,Pandav Nagari,12238111,pm10,µg/m³,2025-08-12,70.2,19.9591346,73.7788008,check_required
3409451,Pandav Nagari,12238111,pm10,µg/m³,2025-08-13,47.9,19.9591346,73.7788008,check_required
3409451,Pandav Nagari,12238111,pm10,µg/m³,2025-08-14,46.9,19.9591346,73.7788008,check_required
3409451,Pandav Nagari,12238111,pm10,µg/m³,2025-08-15,41.0,19.9591346,73.7788008,check_required
3409451,Pandav Nagari,12238111,pm10,µg/m³,2025-08-16,37.6,19.9591346,73.7788008,check_required
3409451,Pandav Nagari,12238111,pm10,µg/m³,2025-08-17,38.5,19.9591346,73.7788008,check_required
3409451,Pandav Nagari,12238111,pm10,µg/m³,2025-08-18,37.0,19.9591346,73.7788008,check_required
3409451,Pandav Nagari,12238111,pm10,µg/m³,2025-08-19,25.6,19.9591346,73.7788008,check_required
3409451,Pandav Nagari,12238111,pm10,µg/m³,2025-08-20,8.96,19.9591346,73.7788008,check_required
3409451,Pandav Nagari,12238111,pm10,µg/m³,2025-08-21,12.4,19.9591346,73.7788008,check_required
3409451,Pandav Nagari,12238111,pm10,µg/m³,2025-08-22,19.2,19.9591346,73.7788008,check_required
3409451,Pandav Nagari,12238111,pm10,µg/m³,2025-08-23,16.0,19.9591346,73.7788008,check_required
3409451,Pandav Nagari,12238111,pm10,µg/m³,2025-08-24,20.3,19.9591346,73.7788008,check_required
3409451,Pandav Nagari,12238111,pm10,µg/m³,2025-08-25,64.9,19.9591346,73.7788008,check_required
3409451,Pandav Nagari,12238111,pm10,µg/m³,2025-08-26,15.3,19.9591346,73.7788008,check_required
3409451,Pandav Nagari,12238111,pm10,µg/m³,2025-08-27,21.7,19.9591346,73.7788008,check_required
3409451,Pandav Nagari,12238111,pm10,µg/m³,2025-08-28,34.9,19.9591346,73.7788008,check_required
3409451,Pandav Nagari,12238111,pm10,µg/m³,2025-08-29,22.6,19.9591346,73.7788008,check_required
3409451,Pandav Nagari,12238111,pm10,µg/m³,2025-08-30,21.3,19.9591346,73.7788008,check_required
3409451,Pandav Nagari,12238111,pm10,µg/m³,2025-08-31,28.4,19.9591346,73.7788008,check_required
3409451,Pandav Nagari,12238111,pm10,µg/m³,2025-09-01,19.7,19.9591346,73.7788008,check_required
3409451,Pandav Nagari,12238111,pm10,µg/m³,2025-09-02,30.5,19.9591346,73.7788008,check_required
3409451,Pandav Nagari,12238111,pm10,µg/m³,2025-09-03,40.1,19.9591346,73.7788008,check_required
3409451,Pandav Nagari,12238111,pm10,µg/m³,2025-09-04,30.8,19.9591346,73.7788008,check_required
3409451,Pandav Nagari,12238111,pm10,µg/m³,2025-09-05,27.0,19.9591346,73.7788008,check_required
3409451,Pandav Nagari,12238111,pm10,µg/m³,2025-09-06,13.1,19.9591346,73.7788008,check_required
3409451,Pandav Nagari,12238111,pm10,µg/m³,2025-09-07,17.2,19.9591346,73.7788008,check_required
3409451,Pandav Nagari,12238111,pm10,µg/m³,2025-09-08,28.2,19.9591346,73.7788008,check_required
3409451,Pandav Nagari,12238111,pm10,µg/m³,2025-09-09,59.0,19.9591346,73.7788008,check_required
3409451,Pandav Nagari,12238111,pm10,µg/m³,2025-09-10,61.7,19.9591346,73.7788008,check_required
3409451,Pandav Nagari,12238111,pm10,µg/m³,2025-09-11,62.5,19.9591346,73.7788008,check_required
3409451,Pandav Nagari,12238111,pm10,µg/m³,2025-09-12,49.4,19.9591346,73.7788008,check_required
3409451,Pandav Nagari,12238111,pm10,µg/m³,2025-09-13,49.0,19.9591346,73.7788008,check_required
3409451,Pandav Nagari,12238111,pm10,µg/m³,2025-09-14,46.0,19.9591346,73.7788008,check_required
3409451,Pandav Nagari,12238111,pm10,µg/m³,2025-09-15,117.0,19.9591346,73.7788008,check_required
3409451,Pandav Nagari,12238111,pm10,µg/m³,2025-09-16,33.4,19.9591346,73.7788008,check_required
3409451,Pandav Nagari,12238111,pm10,µg/m³,2025-09-17,30.5,19.9591346,73.7788008,check_required
3409451,Pandav Nagari,12238111,pm10,µg/m³,2025-09-18,29.5,19.9591346,73.7788008,check_required
3409451,Pandav Nagari,12238111,pm10,µg/m³,2025-09-19,32.1,19.9591346,73.7788008,check_required
3409451,Pandav Nagari,12238111,pm10,µg/m³,2025-09-20,36.3,19.9591346,73.7788008,check_required
3409451,Pandav Nagari,12238111,pm10,µg/m³,2025-09-21,50.5,19.9591346,73.7788008,check_required
3409451,Pandav Nagari,12238111,pm10,µg/m³,2025-09-22,37.1,19.9591346,73.7788008,check_required
3409451,Pandav Nagari,12238111,pm10,µg/m³,2025-09-23,25.0,19.9591346,73.7788008,check_required
3409451,Pandav Nagari,12238111,pm10,µg/m³,2025-09-24,39.4,19.9591346,73.7788008,check_required
3409451,Pandav Nagari,12238111,pm10,µg/m³,2025-09-25,37.9,19.9591346,73.7788008,check_required
3409451,Pandav Nagari,12238111,pm10,µg/m³,2025-09-26,36.7,19.9591346,73.7788008,check_required
3409451,Pandav Nagari,12238111,pm10,µg/m³,2025-09-27,45.0,19.9591346,73.7788008,check_required
3409451,Pandav Nagari,12238111,pm10,µg/m³,2025-09-28,12.6,19.9591346,73.7788008,check_required
3409451,Pandav Nagari,12238111,pm10,µg/m³,2025-09-29,14.5,19.9591346,73.7788008,check_required
3409451,Pandav Nagari,12238111,pm10,µg/m³,2025-09-30,24.4,19.9591346,73.7788008,check_required
3409451,Pandav Nagari,12238111,pm10,µg/m³,2025-10-01,28.7,19.9591346,73.7788008,check_required
3409451,Pandav Nagari,12238111,pm10,µg/m³,2025-10-02,20.2,19.9591346,73.7788008,check_required
3409451,Pandav Nagari,12238111,pm10,µg/m³,2025-10-03,28.6,19.9591346,73.7788008,check_required
3409451,Pandav Nagari,12238111,pm10,µg/m³,2025-10-04,39.5,19.9591346,73.7788008,check_required
3409451,Pandav Nagari,12238111,pm10,µg/m³,2025-10-05,33.4,19.9591346,73.7788008,check_required
3409451,Pandav Nagari,12238111,pm10,µg/m³,2025-10-06,35.5,19.9591346,73.7788008,check_required
3409451,Pandav Nagari,12238111,pm10,µg/m³,2025-10-07,35.9,19.9591346,73.7788008,check_required
3409451,Pandav Nagari,12238111,pm10,µg/m³,2025-10-08,72.0,19.9591346,73.7788008,check_required
3409451,Pandav Nagari,12238111,pm10,µg/m³,2025-10-09,111.0,19.9591346,73.7788008,check_required
3409451,Pandav Nagari,12238111,pm10,µg/m³,2025-10-10,131.0,19.9591346,73.7788008,check_required
3409451,Pandav Nagari,12238111,pm10,µg/m³,2025-10-11,168.0,19.9591346,73.7788008,check_required
3409451,Pandav Nagari,12238111,pm10,µg/m³,2025-10-12,143.0,19.9591346,73.7788008,check_required
3409451,Pandav Nagari,12238111,pm10,µg/m³,2025-10-13,134.0,19.9591346,73.7788008,check_required
3409451,Pandav Nagari,12238111,pm10,µg/m³,2025-10-14,140.0,19.9591346,73.7788008,check_required
3409451,Pandav Nagari,12238111,pm10,µg/m³,2025-10-15,128.0,19.9591346,73.7788008,check_required
3409451,Pandav Nagari,12238111,pm10,µg/m³,2025-10-16,61.7,19.9591346,73.7788008,check_required
3409451,Pandav Nagari,12238111,pm10,µg/m³,2025-10-17,92.5,19.9591346,73.7788008,check_required
3409451,Pandav Nagari,12238111,pm10,µg/m³,2025-10-18,85.0,19.9591346,73.7788008,check_required
3409451,Pandav Nagari,12238111,pm10,µg/m³,2025-10-19,89.4,19.9591346,73.7788008,check_required
3409451,Pandav Nagari,12238111,pm10,µg/m³,2025-10-20,108.0,19.9591346,73.7788008,check_required
3409451,Pandav Nagari,12238111,pm10,µg/m³,2025-10-21,192.0,19.9591346,73.7788008,check_required
3409451,Pandav Nagari,12238111,pm10,µg/m³,2025-10-22,107.0,19.9591346,73.7788008,check_required
3409451,Pandav Nagari,12238111,pm10,µg/m³,2025-10-23,67.0,19.9591346,73.7788008,check_required
3409451,Pandav Nagari,12238111,pm10,µg/m³,2025-10-24,38.5,19.9591346,73.7788008,check_required
3409451,Pandav Nagari,12238111,pm10,µg/m³,2025-10-25,25.2,19.9591346,73.7788008,check_required
3409451,Pandav Nagari,12238111,pm10,µg/m³,2025-10-26,20.0,19.9591346,73.7788008,check_required
3409451,Pandav Nagari,12238111,pm10,µg/m³,2025-10-27,16.7,19.9591346,73.7788008,check_required
3409451,Pandav Nagari,12238111,pm10,µg/m³,2025-10-28,27.6,19.9591346,73.7788008,check_required
3409451,Pandav Nagari,12238111,pm10,µg/m³,2025-10-29,37.9,19.9591346,73.7788008,check_required
3409451,Pandav Nagari,12238111,pm10,µg/m³,2025-10-30,41.0,19.9591346,73.7788008,check_required
3409451,Pandav Nagari,12238111,pm10,µg/m³,2025-10-31,42.6,19.9591346,73.7788008,check_required
3409451,Pandav Nagari,12238111,pm10,µg/m³,2025-11-01,15.7,19.9591346,73.7788008,check_required
3409451,Pandav Nagari,12238111,pm10,µg/m³,2025-11-02,21.9,19.9591346,73.7788008,check_required
3409451,Pandav Nagari,12238111,pm10,µg/m³,2025-11-03,30.0,19.9591346,73.7788008,check_required
3409451,Pandav Nagari,12238111,pm10,µg/m³,2025-11-04,56.0,19.9591346,73.7788008,check_required
3409451,Pandav Nagari,12238111,pm10,µg/m³,2025-11-05,50.8,19.9591346,73.7788008,check_required
3409451,Pandav Nagari,12238111,pm10,µg/m³,2025-11-06,66.3,19.9591346,73.7788008,check_required
3409451,Pandav Nagari,12238111,pm10,µg/m³,2025-11-07,76.6,19.9591346,73.7788008,check_required
3409451,Pandav Nagari,12238111,pm10,µg/m³,2025-11-08,93.2,19.9591346,73.7788008,check_required
3409451,Pandav Nagari,12238111,pm10,µg/m³,2025-11-09,93.2,19.9591346,73.7788008,check_required
3409451,Pandav Nagari,12238111,pm10,µg/m³,2025-11-10,163.0,19.9591346,73.7788008,check_required
3409451,Pandav Nagari,12238111,pm10,µg/m³,2025-11-11,147.0,19.9591346,73.7788008,check_required
3409451,Pandav Nagari,12238111,pm10,µg/m³,2025-11-12,155.0,19.9591346,73.7788008,check_required
3409451,Pandav Nagari,12238111,pm10,µg/m³,2025-11-13,145.0,19.9591346,73.7788008,check_required
3409451,Pandav Nagari,12238111,pm10,µg/m³,2025-11-14,123.0,19.9591346,73.7788008,check_required
3409451,Pandav Nagari,12238111,pm10,µg/m³,2025-11-15,120.0,19.9591346,73.7788008,check_required
3409451,Pandav Nagari,12238111,pm10,µg/m³,2025-11-16,116.0,19.9591346,73.7788008,check_required
3409451,Pandav Nagari,12238111,pm10,µg/m³,2025-11-17,105.0,19.9591346,73.7788008,check_required
3409451,Pandav Nagari,12238111,pm10,µg/m³,2025-11-18,129.0,19.9591346,73.7788008,check_required
3409451,Pandav Nagari,12238111,pm10,µg/m³,2025-11-19,142.0,19.9591346,73.7788008,check_required
3409451,Pandav Nagari,12238111,pm10,µg/m³,2025-11-20,154.0,19.9591346,73.7788008,check_required
3409451,Pandav Nagari,12238111,pm10,µg/m³,2025-11-21,157.0,19.9591346,73.7788008,check_required
3409451,Pandav Nagari,12238111,pm10,µg/m³,2025-11-22,143.0,19.9591346,73.7788008,check_required
3409451,Pandav Nagari,12238111,pm10,µg/m³,2025-11-23,114.0,19.9591346,73.7788008,check_required
3409451,Pandav Nagari,12238111,pm10,µg/m³,2025-11-24,115.0,19.9591346,73.7788008,check_required
3409451,Pandav Nagari,12238111,pm10,µg/m³,2025-11-25,82.0,19.9591346,73.7788008,check_required
3409451,Pandav Nagari,12238111,pm10,µg/m³,2025-11-26,91.7,19.9591346,73.7788008,check_required
3409451,Pandav Nagari,12238111,pm10,µg/m³,2025-11-27,102.0,19.9591346,73.7788008,check_required
3409451,Pandav Nagari,12238111,pm10,µg/m³,2025-11-28,149.0,19.9591346,73.7788008,check_required
3409451,Pandav Nagari,12238111,pm10,µg/m³,2025-11-29,119.0,19.9591346,73.7788008,check_required
3409451,Pandav Nagari,12238111,pm10,µg/m³,2025-11-30,113.0,19.9591346,73.7788008,check_required
3409451,Pandav Nagari,12238111,pm10,µg/m³,2025-12-01,117.0,19.9591346,73.7788008,check_required
3409451,Pandav Nagari,12238111,pm10,µg/m³,2025-12-02,137.0,19.9591346,73.7788008,check_required
3409451,Pandav Nagari,12238111,pm10,µg/m³,2025-12-03,131.0,19.9591346,73.7788008,check_required
3409451,Pandav Nagari,12238111,pm10,µg/m³,2025-12-04,132.0,19.9591346,73.7788008,check_required
3409451,Pandav Nagari,12238111,pm10,µg/m³,2025-12-05,116.0,19.9591346,73.7788008,check_required
3409451,Pandav Nagari,12238111,pm10,µg/m³,2025-12-06,101.0,19.9591346,73.7788008,check_required
3409451,Pandav Nagari,12238111,pm10,µg/m³,2025-12-07,101.0,19.9591346,73.7788008,check_required
3409451,Pandav Nagari,12238111,pm10,µg/m³,2025-12-08,99.3,19.9591346,73.7788008,check_required
3409451,Pandav Nagari,12238111,pm10,µg/m³,2025-12-09,88.2,19.9591346,73.7788008,check_required
3409451,Pandav Nagari,12238111,pm10,µg/m³,2025-12-10,78.5,19.9591346,73.7788008,check_required
3409451,Pandav Nagari,12238111,pm10,µg/m³,2025-12-11,86.7,19.9591346,73.7788008,check_required
3409451,Pandav Nagari,12238111,pm10,µg/m³,2025-12-12,101.0,19.9591346,73.7788008,check_required
3409451,Pandav Nagari,12238111,pm10,µg/m³,2025-12-13,127.0,19.9591346,73.7788008,check_required
3409451,Pandav Nagari,12238111,pm10,µg/m³,2025-12-14,89.7,19.9591346,73.7788008,check_required
3409451,Pandav Nagari,12238111,pm10,µg/m³,2025-12-15,98.7,19.9591346,73.7788008,check_required
3409451,Pandav Nagari,12238111,pm10,µg/m³,2025-12-16,118.0,19.9591346,73.7788008,check_required
3409451,Pandav Nagari,12238111,pm10,µg/m³,2025-12-17,136.0,19.9591346,73.7788008,check_required
3409451,Pandav Nagari,12238111,pm10,µg/m³,2025-12-18,116.0,19.9591346,73.7788008,check_required
3409451,Pandav Nagari,12238111,pm10,µg/m³,2025-12-19,86.8,19.9591346,73.7788008,check_required
3409451,Pandav Nagari,12238111,pm10,µg/m³,2025-12-20,96.7,19.9591346,73.7788008,check_required
3409451,Pandav Nagari,12238111,pm10,µg/m³,2025-12-21,77.7,19.9591346,73.7788008,check_required
3409451,Pandav Nagari,12238111,pm10,µg/m³,2025-12-22,102.0,19.9591346,73.7788008,check_required
3409451,Pandav Nagari,12238111,pm10,µg/m³,2025-12-23,95.6,19.9591346,73.7788008,check_required
3409451,Pandav Nagari,12238111,pm10,µg/m³,2025-12-24,68.0,19.9591346,73.7788008,check_required
3409451,Pandav Nagari,12238111,pm10,µg/m³,2025-12-25,89.5,19.9591346,73.7788008,check_required
3409451,Pandav Nagari,12238111,pm10,µg/m³,2025-12-26,115.0,19.9591346,73.7788008,check_required
3409451,Pandav Nagari,12238111,pm10,µg/m³,2025-12-27,111.0,19.9591346,73.7788008,check_required
3409451,Pandav Nagari,12238111,pm10,µg/m³,2025-12-28,109.0,19.9591346,73.7788008,check_required
3409451,Pandav Nagari,12238111,pm10,µg/m³,2025-12-29,129.0,19.9591346,73.7788008,check_required
3409451,Pandav Nagari,12238111,pm10,µg/m³,2025-12-30,125.0,19.9591346,73.7788008,check_required
3409451,Pandav Nagari,12238111,pm10,µg/m³,2025-12-31,126.0,19.9591346,73.7788008,check_required
5592,Gangapur Road,14793,so2,µg/m³,2019-01-03,4.19,20.0073285,73.7762427,check_required
5592,Gangapur Road,14793,so2,µg/m³,2019-02-13,6.06,20.0073285,73.7762427,check_required
5592,Gangapur Road,14793,so2,µg/m³,2019-02-14,5.37,20.0073285,73.7762427,check_required
5592,Gangapur Road,14793,so2,µg/m³,2019-04-27,7.68,20.0073285,73.7762427,check_required
5592,Gangapur Road,14793,so2,µg/m³,2019-04-28,8.3,20.0073285,73.7762427,check_required
5592,Gangapur Road,14793,so2,µg/m³,2019-04-29,8.09,20.0073285,73.7762427,check_required
5592,Gangapur Road,14793,so2,µg/m³,2019-04-30,5.07,20.0073285,73.7762427,check_required
5592,Gangapur Road,14793,so2,µg/m³,2019-05-01,4.16,20.0073285,73.7762427,check_required
5592,Gangapur Road,14793,so2,µg/m³,2019-05-02,3.67,20.0073285,73.7762427,check_required
5592,Gangapur Road,14793,so2,µg/m³,2019-05-03,3.16,20.0073285,73.7762427,check_required
5592,Gangapur Road,14793,so2,µg/m³,2019-06-19,1.76,20.0073285,73.7762427,check_required
5592,Gangapur Road,14793,so2,µg/m³,2019-06-20,2.47,20.0073285,73.7762427,check_required
5592,Gangapur Road,14793,so2,µg/m³,2019-06-21,2.92,20.0073285,73.7762427,check_required
5592,Gangapur Road,14793,so2,µg/m³,2019-06-22,2.67,20.0073285,73.7762427,check_required
5592,Gangapur Road,14793,so2,µg/m³,2019-06-23,2.57,20.0073285,73.7762427,check_required
5592,Gangapur Road,14793,so2,µg/m³,2019-06-24,3.51,20.0073285,73.7762427,check_required
5592,Gangapur Road,14793,so2,µg/m³,2019-06-25,14.8,20.0073285,73.7762427,check_required
5592,Gangapur Road,14793,so2,µg/m³,2019-06-26,2.23,20.0073285,73.7762427,check_required
5592,Gangapur Road,14793,so2,µg/m³,2019-06-27,3.05,20.0073285,73.7762427,check_required
5592,Gangapur Road,14793,so2,µg/m³,2019-06-28,4.56,20.0073285,73.7762427,check_required
5592,Gangapur Road,14793,so2,µg/m³,2019-06-29,15.4,20.0073285,73.7762427,check_required
5592,Gangapur Road,14793,so2,µg/m³,2019-07-01,5.35,20.0073285,73.7762427,check_required
5592,Gangapur Road,14793,so2,µg/m³,2019-07-08,0.878,20.0073285,73.7762427,check_required
5592,Gangapur Road,14793,so2,µg/m³,2019-07-09,1.15,20.0073285,73.7762427,check_required
5592,Gangapur Road,14793,so2,µg/m³,2019-07-10,6.68,20.0073285,73.7762427,check_required
5592,Gangapur Road,14793,so2,µg/m³,2019-07-11,1.41,20.0073285,73.7762427,check_required
5592,Gangapur Road,14793,so2,µg/m³,2019-07-12,1.68,20.0073285,73.7762427,check_required
5592,Gangapur Road,14793,so2,µg/m³,2019-07-13,1.66,20.0073285,73.7762427,check_required
5592,Gangapur Road,14793,so2,µg/m³,2019-07-14,1.91,20.0073285,73.7762427,check_required
5592,Gangapur Road,14793,so2,µg/m³,2019-07-15,1.69,20.0073285,73.7762427,check_required
5592,Gangapur Road,14793,so2,µg/m³,2019-07-16,1.39,20.0073285,73.7762427,check_required
5592,Gangapur Road,14793,so2,µg/m³,2019-07-17,1.72,20.0073285,73.7762427,check_required
5592,Gangapur Road,14793,so2,µg/m³,2019-07-18,1.15,20.0073285,73.7762427,check_required
5592,Gangapur Road,14793,so2,µg/m³,2019-07-19,4.58,20.0073285,73.7762427,check_required
5592,Gangapur Road,14793,so2,µg/m³,2019-07-20,1.25,20.0073285,73.7762427,check_required
5592,Gangapur Road,14793,so2,µg/m³,2019-07-21,1.3,20.0073285,73.7762427,check_required
5592,Gangapur Road,14793,so2,µg/m³,2019-07-22,1.16,20.0073285,73.7762427,check_required
5592,Gangapur Road,14793,so2,µg/m³,2019-07-23,1.2,20.0073285,73.7762427,check_required
5592,Gangapur Road,14793,so2,µg/m³,2019-07-24,1.49,20.0073285,73.7762427,check_required
5592,Gangapur Road,14793,so2,µg/m³,2019-07-25,1.03,20.0073285,73.7762427,check_required
5592,Gangapur Road,14793,so2,µg/m³,2019-07-26,1.34,20.0073285,73.7762427,check_required
5592,Gangapur Road,14793,so2,µg/m³,2019-07-27,1.14,20.0073285,73.7762427,check_required
5592,Gangapur Road,14793,so2,µg/m³,2019-07-28,1.4,20.0073285,73.7762427,check_required
5592,Gangapur Road,14793,so2,µg/m³,2019-07-29,1.79,20.0073285,73.7762427,check_required
5592,Gangapur Road,14793,so2,µg/m³,2019-07-30,1.17,20.0073285,73.7762427,check_required
5592,Gangapur Road,14793,so2,µg/m³,2019-07-31,1.28,20.0073285,73.7762427,check_required
5592,Gangapur Road,14793,so2,µg/m³,2019-08-01,1.78,20.0073285,73.7762427,check_required
5592,Gangapur Road,14793,so2,µg/m³,2019-08-02,2.18,20.0073285,73.7762427,check_required
5592,Gangapur Road,14793,so2,µg/m³,2019-08-03,2.52,20.0073285,73.7762427,check_required
5592,Gangapur Road,14793,so2,µg/m³,2019-08-04,2.97,20.0073285,73.7762427,check_required
5592,Gangapur Road,14793,so2,µg/m³,2019-08-05,2.05,20.0073285,73.7762427,check_required
5592,Gangapur Road,14793,so2,µg/m³,2019-08-06,2.28,20.0073285,73.7762427,check_required
5592,Gangapur Road,14793,so2,µg/m³,2019-08-07,1.79,20.0073285,73.7762427,check_required
5592,Gangapur Road,14793,so2,µg/m³,2019-08-08,2.29,20.0073285,73.7762427,check_required
5592,Gangapur Road,14793,so2,µg/m³,2019-08-09,1.8,20.0073285,73.7762427,check_required
5592,Gangapur Road,14793,so2,µg/m³,2019-08-10,1.97,20.0073285,73.7762427,check_required
5592,Gangapur Road,14793,so2,µg/m³,2019-08-11,2.78,20.0073285,73.7762427,check_required
5592,Gangapur Road,14793,so2,µg/m³,2019-08-12,2.43,20.0073285,73.7762427,check_required
5592,Gangapur Road,14793,so2,µg/m³,2019-08-13,2.04,20.0073285,73.7762427,check_required
5592,Gangapur Road,14793,so2,µg/m³,2019-08-14,2.16,20.0073285,73.7762427,check_required
5592,Gangapur Road,14793,so2,µg/m³,2019-08-15,2.1,20.0073285,73.7762427,check_required
5592,Gangapur Road,14793,so2,µg/m³,2019-08-16,2.27,20.0073285,73.7762427,check_required
5592,Gangapur Road,14793,so2,µg/m³,2019-08-17,2.38,20.0073285,73.7762427,check_required
5592,Gangapur Road,14793,so2,µg/m³,2019-08-18,2.61,20.0073285,73.7762427,check_required
5592,Gangapur Road,14793,so2,µg/m³,2019-08-19,2.63,20.0073285,73.7762427,check_required
5592,Gangapur Road,14793,so2,µg/m³,2019-08-20,5.86,20.0073285,73.7762427,check_required
5592,Gangapur Road,14793,so2,µg/m³,2019-08-21,5.02,20.0073285,73.7762427,check_required
5592,Gangapur Road,14793,so2,µg/m³,2019-08-22,3.6,20.0073285,73.7762427,check_required
5592,Gangapur Road,14793,so2,µg/m³,2019-08-23,6.13,20.0073285,73.7762427,check_required
5592,Gangapur Road,14793,so2,µg/m³,2019-08-24,11.2,20.0073285,73.7762427,check_required
5592,Gangapur Road,14793,so2,µg/m³,2019-08-25,2.02,20.0073285,73.7762427,check_required
5592,Gangapur Road,14793,so2,µg/m³,2019-08-26,2.43,20.0073285,73.7762427,check_required
5592,Gangapur Road,14793,so2,µg/m³,2019-08-27,2.43,20.0073285,73.7762427,check_required
5592,Gangapur Road,14793,so2,µg/m³,2019-08-28,2.0,20.0073285,73.7762427,check_required
5592,Gangapur Road,14793,so2,µg/m³,2019-08-29,2.87,20.0073285,73.7762427,check_required
5592,Gangapur Road,14793,so2,µg/m³,2019-08-30,2.45,20.0073285,73.7762427,check_required
5592,Gangapur Road,14793,so2,µg/m³,2019-08-31,9.59,20.0073285,73.7762427,check_required
5592,Gangapur Road,14793,so2,µg/m³,2019-09-01,2.37,20.0073285,73.7762427,check_required
5592,Gangapur Road,14793,so2,µg/m³,2019-09-02,2.42,20.0073285,73.7762427,check_required
5592,Gangapur Road,14793,so2,µg/m³,2019-09-03,2.29,20.0073285,73.7762427,check_required
5592,Gangapur Road,14793,so2,µg/m³,2019-09-04,2.2,20.0073285,73.7762427,check_required
5592,Gangapur Road,14793,so2,µg/m³,2019-09-05,2.67,20.0073285,73.7762427,check_required
5592,Gangapur Road,14793,so2,µg/m³,2019-09-06,2.52,20.0073285,73.7762427,check_required
5592,Gangapur Road,14793,so2,µg/m³,2019-09-07,2.42,20.0073285,73.7762427,check_required
5592,Gangapur Road,14793,so2,µg/m³,2019-09-08,2.31,20.0073285,73.7762427,check_required
5592,Gangapur Road,14793,so2,µg/m³,2019-09-09,2.27,20.0073285,73.7762427,check_required
5592,Gangapur Road,14793,so2,µg/m³,2019-09-10,1.72,20.0073285,73.7762427,check_required
5592,Gangapur Road,14793,so2,µg/m³,2019-09-11,2.01,20.0073285,73.7762427,check_required
5592,Gangapur Road,14793,so2,µg/m³,2019-09-12,2.13,20.0073285,73.7762427,check_required
5592,Gangapur Road,14793,so2,µg/m³,2019-09-13,2.05,20.0073285,73.7762427,check_required
5592,Gangapur Road,14793,so2,µg/m³,2019-09-14,2.17,20.0073285,73.7762427,check_required
5592,Gangapur Road,14793,so2,µg/m³,2019-09-15,2.58,20.0073285,73.7762427,check_required
5592,Gangapur Road,14793,so2,µg/m³,2019-09-16,2.23,20.0073285,73.7762427,check_required
5592,Gangapur Road,14793,so2,µg/m³,2019-09-17,2.47,20.0073285,73.7762427,check_required
5592,Gangapur Road,14793,so2,µg/m³,2019-09-18,2.41,20.0073285,73.7762427,check_required
5592,Gangapur Road,14793,so2,µg/m³,2019-09-19,2.13,20.0073285,73.7762427,check_required
5592,Gangapur Road,14793,so2,µg/m³,2019-09-20,2.09,20.0073285,73.7762427,check_required
5592,Gangapur Road,14793,so2,µg/m³,2019-09-21,2.31,20.0073285,73.7762427,check_required
5592,Gangapur Road,14793,so2,µg/m³,2019-09-22,2.47,20.0073285,73.7762427,check_required
5592,Gangapur Road,14793,so2,µg/m³,2019-09-23,3.61,20.0073285,73.7762427,check_required
5592,Gangapur Road,14793,so2,µg/m³,2019-09-24,2.21,20.0073285,73.7762427,check_required
5592,Gangapur Road,14793,so2,µg/m³,2019-09-25,2.37,20.0073285,73.7762427,check_required
5592,Gangapur Road,14793,so2,µg/m³,2019-09-26,3.42,20.0073285,73.7762427,check_required
5592,Gangapur Road,14793,so2,µg/m³,2019-09-27,18.5,20.0073285,73.7762427,check_required
5592,Gangapur Road,14793,so2,µg/m³,2019-09-28,3.06,20.0073285,73.7762427,check_required
5592,Gangapur Road,14793,so2,µg/m³,2019-09-29,2.17,20.0073285,73.7762427,check_required
5592,Gangapur Road,14793,so2,µg/m³,2019-09-30,2.66,20.0073285,73.7762427,check_required
5592,Gangapur Road,14793,so2,µg/m³,2019-10-01,1.63,20.0073285,73.7762427,check_required
5592,Gangapur Road,14793,so2,µg/m³,2019-10-03,3.54,20.0073285,73.7762427,check_required
5592,Gangapur Road,14793,so2,µg/m³,2019-10-04,2.55,20.0073285,73.7762427,check_required
5592,Gangapur Road,14793,so2,µg/m³,2019-10-05,2.15,20.0073285,73.7762427,check_required
5592,Gangapur Road,14793,so2,µg/m³,2019-10-06,2.79,20.0073285,73.7762427,check_required
5592,Gangapur Road,14793,so2,µg/m³,2019-10-07,2.44,20.0073285,73.7762427,check_required
5592,Gangapur Road,14793,so2,µg/m³,2019-10-08,2.38,20.0073285,73.7762427,check_required
5592,Gangapur Road,14793,so2,µg/m³,2019-10-09,2.96,20.0073285,73.7762427,check_required
5592,Gangapur Road,14793,so2,µg/m³,2019-10-10,1.71,20.0073285,73.7762427,check_required
5592,Gangapur Road,14793,so2,µg/m³,2019-10-11,2.31,20.0073285,73.7762427,check_required
5592,Gangapur Road,14793,so2,µg/m³,2019-10-12,3.12,20.0073285,73.7762427,check_required
5592,Gangapur Road,14793,so2,µg/m³,2019-10-13,2.37,20.0073285,73.7762427,check_required
5592,Gangapur Road,14793,so2,µg/m³,2019-10-14,3.12,20.0073285,73.7762427,check_required
5592,Gangapur Road,14793,so2,µg/m³,2019-10-15,4.6,20.0073285,73.7762427,check_required
5592,Gangapur Road,14793,so2,µg/m³,2019-10-16,3.29,20.0073285,73.7762427,check_required
5592,Gangapur Road,14793,so2,µg/m³,2019-10-17,2.24,20.0073285,73.7762427,check_required
5592,Gangapur Road,14793,so2,µg/m³,2019-10-18,0.769,20.0073285,73.7762427,check_required
5592,Gangapur Road,14793,so2,µg/m³,2019-10-19,2.95,20.0073285,73.7762427,check_required
5592,Gangapur Road,14793,so2,µg/m³,2019-10-20,2.48,20.0073285,73.7762427,check_required
5592,Gangapur Road,14793,so2,µg/m³,2019-10-21,2.39,20.0073285,73.7762427,check_required
5592,Gangapur Road,14793,so2,µg/m³,2019-10-22,2.46,20.0073285,73.7762427,check_required
5592,Gangapur Road,14793,so2,µg/m³,2019-10-23,2.09,20.0073285,73.7762427,check_required
5592,Gangapur Road,14793,so2,µg/m³,2019-10-24,2.08,20.0073285,73.7762427,check_required
5592,Gangapur Road,14793,so2,µg/m³,2019-10-25,2.36,20.0073285,73.7762427,check_required
5592,Gangapur Road,14793,so2,µg/m³,2019-10-26,2.57,20.0073285,73.7762427,check_required
5592,Gangapur Road,14793,so2,µg/m³,2019-10-27,2.6,20.0073285,73.7762427,check_required
5592,Gangapur Road,14793,so2,µg/m³,2019-10-28,2.98,20.0073285,73.7762427,check_required
5592,Gangapur Road,14793,so2,µg/m³,2019-10-29,2.36,20.0073285,73.7762427,check_required
5592,Gangapur Road,14793,so2,µg/m³,2019-10-30,2.36,20.0073285,73.7762427,check_required
5592,Gangapur Road,14793,so2,µg/m³,2019-11-11,4.11,20.0073285,73.7762427,check_required
5592,Gangapur Road,14793,so2,µg/m³,2019-11-12,3.82,20.0073285,73.7762427,check_required
5592,Gangapur Road,14793,so2,µg/m³,2019-11-13,3.65,20.0073285,73.7762427,check_required
5592,Gangapur Road,14793,so2,µg/m³,2019-11-14,4.8,20.0073285,73.7762427,check_required
5592,Gangapur Road,14793,so2,µg/m³,2019-11-15,2.61,20.0073285,73.7762427,check_required
5592,Gangapur Road,14793,so2,µg/m³,2019-11-16,1.88,20.0073285,73.7762427,check_required
5592,Gangapur Road,14793,so2,µg/m³,2019-11-17,1.34,20.0073285,73.7762427,check_required
5592,Gangapur Road,14793,so2,µg/m³,2019-11-18,1.65,20.0073285,73.7762427,check_required
5592,Gangapur Road,14793,so2,µg/m³,2019-11-19,2.28,20.0073285,73.7762427,check_required
5592,Gangapur Road,14793,so2,µg/m³,2019-11-20,2.02,20.0073285,73.7762427,check_required
5592,Gangapur Road,14793,so2,µg/m³,2019-11-21,1.74,20.0073285,73.7762427,check_required
5592,Gangapur Road,14793,so2,µg/m³,2019-11-22,1.49,20.0073285,73.7762427,check_required
5592,Gangapur Road,14793,so2,µg/m³,2019-11-23,2.44,20.0073285,73.7762427,check_required
5592,Gangapur Road,14793,so2,µg/m³,2019-11-24,2.44,20.0073285,73.7762427,check_required
5592,Gangapur Road,14793,so2,µg/m³,2019-11-25,2.74,20.0073285,73.7762427,check_required
5592,Gangapur Road,14793,so2,µg/m³,2019-11-26,2.66,20.0073285,73.7762427,check_required
5592,Gangapur Road,14793,so2,µg/m³,2019-11-27,2.38,20.0073285,73.7762427,check_required
5592,Gangapur Road,14793,so2,µg/m³,2019-11-28,2.82,20.0073285,73.7762427,check_required
5592,Gangapur Road,14793,so2,µg/m³,2019-11-29,2.81,20.0073285,73.7762427,check_required
5592,Gangapur Road,14793,so2,µg/m³,2019-11-30,1.77,20.0073285,73.7762427,check_required
5592,Gangapur Road,14793,so2,µg/m³,2019-12-01,2.89,20.0073285,73.7762427,check_required
5592,Gangapur Road,14793,so2,µg/m³,2019-12-02,2.58,20.0073285,73.7762427,check_required
5592,Gangapur Road,14793,so2,µg/m³,2019-12-03,2.53,20.0073285,73.7762427,check_required
5592,Gangapur Road,14793,so2,µg/m³,2019-12-04,3.76,20.0073285,73.7762427,check_required
5592,Gangapur Road,14793,so2,µg/m³,2019-12-05,4.97,20.0073285,73.7762427,check_required
5592,Gangapur Road,14793,so2,µg/m³,2019-12-06,9.26,20.0073285,73.7762427,check_required
5592,Gangapur Road,14793,so2,µg/m³,2019-12-07,10.7,20.0073285,73.7762427,check_required
5592,Gangapur Road,14793,so2,µg/m³,2019-12-08,4.18,20.0073285,73.7762427,check_required
5592,Gangapur Road,14793,so2,µg/m³,2019-12-10,3.22,20.0073285,73.7762427,check_required
5592,Gangapur Road,14793,so2,µg/m³,2019-12-11,2.64,20.0073285,73.7762427,check_required
5592,Gangapur Road,14793,so2,µg/m³,2019-12-12,2.29,20.0073285,73.7762427,check_required
5592,Gangapur Road,14793,so2,µg/m³,2019-12-13,2.48,20.0073285,73.7762427,check_required
5592,Gangapur Road,14793,so2,µg/m³,2019-12-14,1.83,20.0073285,73.7762427,check_required
5592,Gangapur Road,14793,so2,µg/m³,2019-12-15,2.35,20.0073285,73.7762427,check_required
5592,Gangapur Road,14793,so2,µg/m³,2019-12-16,2.81,20.0073285,73.7762427,check_required
5592,Gangapur Road,14793,so2,µg/m³,2019-12-17,3.29,20.0073285,73.7762427,check_required
5592,Gangapur Road,14793,so2,µg/m³,2019-12-18,2.81,20.0073285,73.7762427,check_required
5592,Gangapur Road,14793,so2,µg/m³,2019-12-19,3.68,20.0073285,73.7762427,check_required
5592,Gangapur Road,14793,so2,µg/m³,2019-12-20,2.9,20.0073285,73.7762427,check_required
5592,Gangapur Road,14793,so2,µg/m³,2019-12-21,2.74,20.0073285,73.7762427,check_required
5592,Gangapur Road,14793,so2,µg/m³,2019-12-22,2.12,20.0073285,73.7762427,check_required
5592,Gangapur Road,14793,so2,µg/m³,2019-12-23,2.69,20.0073285,73.7762427,check_required
5592,Gangapur Road,14793,so2,µg/m³,2019-12-24,2.85,20.0073285,73.7762427,check_required
5592,Gangapur Road,14793,so2,µg/m³,2019-12-25,2.55,20.0073285,73.7762427,check_required
5592,Gangapur Road,14793,so2,µg/m³,2019-12-26,2.33,20.0073285,73.7762427,check_required
5592,Gangapur Road,14793,so2,µg/m³,2019-12-27,3.0,20.0073285,73.7762427,check_required
5592,Gangapur Road,14793,so2,µg/m³,2019-12-28,7.14,20.0073285,73.7762427,check_required
5592,Gangapur Road,14793,so2,µg/m³,2019-12-29,10.1,20.0073285,73.7762427,check_required
5592,Gangapur Road,14793,so2,µg/m³,2019-12-30,8.51,20.0073285,73.7762427,check_required
5592,Gangapur Road,14793,so2,µg/m³,2019-12-31,3.01,20.0073285,73.7762427,check_required
5592,Gangapur Road,14793,so2,µg/m³,2020-01-01,3.09,20.0073285,73.7762427,check_required
5592,Gangapur Road,14793,so2,µg/m³,2020-01-02,3.01,20.0073285,73.7762427,check_required
5592,Gangapur Road,14793,so2,µg/m³,2020-01-03,2.49,20.0073285,73.7762427,check_required
5592,Gangapur Road,14793,so2,µg/m³,2020-01-04,4.07,20.0073285,73.7762427,check_required
5592,Gangapur Road,14793,so2,µg/m³,2020-01-05,8.17,20.0073285,73.7762427,check_required
5592,Gangapur Road,14793,so2,µg/m³,2020-01-06,6.14,20.0073285,73.7762427,check_required
5592,Gangapur Road,14793,so2,µg/m³,2020-01-07,3.57,20.0073285,73.7762427,check_required
5592,Gangapur Road,14793,so2,µg/m³,2020-01-08,2.67,20.0073285,73.7762427,check_required
5592,Gangapur Road,14793,so2,µg/m³,2020-01-09,6.46,20.0073285,73.7762427,check_required
5592,Gangapur Road,14793,so2,µg/m³,2020-01-10,7.57,20.0073285,73.7762427,check_required
5592,Gangapur Road,14793,so2,µg/m³,2020-01-11,6.11,20.0073285,73.7762427,check_required
5592,Gangapur Road,14793,so2,µg/m³,2020-01-12,4.86,20.0073285,73.7762427,check_required
5592,Gangapur Road,14793,so2,µg/m³,2020-01-13,2.39,20.0073285,73.7762427,check_required
5592,Gangapur Road,14793,so2,µg/m³,2020-01-14,2.48,20.0073285,73.7762427,check_required
5592,Gangapur Road,14793,so2,µg/m³,2020-01-15,2.5,20.0073285,73.7762427,check_required
5592,Gangapur Road,14793,so2,µg/m³,2020-01-16,2.64,20.0073285,73.7762427,check_required
5592,Gangapur Road,14793,so2,µg/m³,2020-01-17,5.6,20.0073285,73.7762427,check_required
5592,Gangapur Road,14793,so2,µg/m³,2020-01-18,8.09,20.0073285,73.7762427,check_required
5592,Gangapur Road,14793,so2,µg/m³,2020-01-19,2.72,20.0073285,73.7762427,check_required
5592,Gangapur Road,14793,so2,µg/m³,2020-01-20,4.39,20.0073285,73.7762427,check_required
5592,Gangapur Road,14793,so2,µg/m³,2020-01-21,2.91,20.0073285,73.7762427,check_required
5592,Gangapur Road,14793,so2,µg/m³,2020-01-22,4.48,20.0073285,73.7762427,check_required
5592,Gangapur Road,14793,so2,µg/m³,2020-01-23,4.68,20.0073285,73.7762427,check_required
5592,Gangapur Road,14793,so2,µg/m³,2020-01-24,4.85,20.0073285,73.7762427,check_required
5592,Gangapur Road,14793,so2,µg/m³,2020-01-25,3.56,20.0073285,73.7762427,check_required
5592,Gangapur Road,14793,so2,µg/m³,2020-01-26,4.85,20.0073285,73.7762427,check_required
5592,Gangapur Road,14793,so2,µg/m³,2020-01-27,4.05,20.0073285,73.7762427,check_required
5592,Gangapur Road,14793,so2,µg/m³,2020-01-28,2.64,20.0073285,73.7762427,check_required
5592,Gangapur Road,14793,so2,µg/m³,2020-01-29,3.38,20.0073285,73.7762427,check_required
5592,Gangapur Road,14793,so2,µg/m³,2020-01-30,5.08,20.0073285,73.7762427,check_required
5592,Gangapur Road,14793,so2,µg/m³,2020-01-31,6.25,20.0073285,73.7762427,check_required
5592,Gangapur Road,14793,so2,µg/m³,2020-02-01,4.08,20.0073285,73.7762427,check_required
5592,Gangapur Road,14793,so2,µg/m³,2020-02-02,11.0,20.0073285,73.7762427,check_required
5592,Gangapur Road,14793,so2,µg/m³,2020-02-03,4.6,20.0073285,73.7762427,check_required
5592,Gangapur Road,14793,so2,µg/m³,2020-02-04,3.49,20.0073285,73.7762427,check_required
5592,Gangapur Road,14793,so2,µg/m³,2020-02-05,11.4,20.0073285,73.7762427,check_required
5592,Gangapur Road,14793,so2,µg/m³,2020-02-06,2.53,20.0073285,73.7762427,check_required
5592,Gangapur Road,14793,so2,µg/m³,2020-02-07,2.14,20.0073285,73.7762427,check_required
5592,Gangapur Road,14793,so2,µg/m³,2020-02-08,3.14,20.0073285,73.7762427,check_required
5592,Gangapur Road,14793,so2,µg/m³,2020-02-09,5.18,20.0073285,73.7762427,check_required
5592,Gangapur Road,14793,so2,µg/m³,2020-02-10,3.24,20.0073285,73.7762427,check_required
5592,Gangapur Road,14793,so2,µg/m³,2020-02-11,4.57,20.0073285,73.7762427,check_required
5592,Gangapur Road,14793,so2,µg/m³,2020-02-12,5.03,20.0073285,73.7762427,check_required
5592,Gangapur Road,14793,so2,µg/m³,2020-02-13,16.1,20.0073285,73.7762427,check_required
5592,Gangapur Road,14793,so2,µg/m³,2020-02-14,2.54,20.0073285,73.7762427,check_required
5592,Gangapur Road,14793,so2,µg/m³,2020-02-15,5.94,20.0073285,73.7762427,check_required
5592,Gangapur Road,14793,so2,µg/m³,2020-02-16,7.29,20.0073285,73.7762427,check_required
5592,Gangapur Road,14793,so2,µg/m³,2020-02-17,6.77,20.0073285,73.7762427,check_required
5592,Gangapur Road,14793,so2,µg/m³,2020-02-18,7.64,20.0073285,73.7762427,check_required
5592,Gangapur Road,14793,so2,µg/m³,2020-02-19,3.53,20.0073285,73.7762427,check_required
5592,Gangapur Road,14793,so2,µg/m³,2020-02-20,3.01,20.0073285,73.7762427,check_required
5592,Gangapur Road,14793,so2,µg/m³,2020-02-21,2.93,20.0073285,73.7762427,check_required
5592,Gangapur Road,14793,so2,µg/m³,2020-02-22,7.92,20.0073285,73.7762427,check_required
5592,Gangapur Road,14793,so2,µg/m³,2020-02-23,4.1,20.0073285,73.7762427,check_required
5592,Gangapur Road,14793,so2,µg/m³,2020-02-24,3.57,20.0073285,73.7762427,check_required
5592,Gangapur Road,14793,so2,µg/m³,2020-02-25,2.34,20.0073285,73.7762427,check_required
5592,Gangapur Road,14793,so2,µg/m³,2020-02-26,10.9,20.0073285,73.7762427,check_required
5592,Gangapur Road,14793,so2,µg/m³,2020-02-27,23.6,20.0073285,73.7762427,check_required
5592,Gangapur Road,14793,so2,µg/m³,2020-02-28,10.0,20.0073285,73.7762427,check_required
5592,Gangapur Road,14793,so2,µg/m³,2020-02-29,3.65,20.0073285,73.7762427,check_required
5592,Gangapur Road,14793,so2,µg/m³,2020-03-01,4.74,20.0073285,73.7762427,check_required
5592,Gangapur Road,14793,so2,µg/m³,2020-03-02,2.52,20.0073285,73.7762427,check_required
5592,Gangapur Road,14793,so2,µg/m³,2020-03-03,6.28,20.0073285,73.7762427,check_required
5592,Gangapur Road,14793,so2,µg/m³,2020-03-04,3.19,20.0073285,73.7762427,check_required
5592,Gangapur Road,14793,so2,µg/m³,2020-03-05,2.4,20.0073285,73.7762427,check_required
5592,Gangapur Road,14793,so2,µg/m³,2020-03-06,2.67,20.0073285,73.7762427,check_required
5592,Gangapur Road,14793,so2,µg/m³,2020-03-07,2.44,20.0073285,73.7762427,check_required
5592,Gangapur Road,14793,so2,µg/m³,2020-03-08,1.97,20.0073285,73.7762427,check_required
5592,Gangapur Road,14793,so2,µg/m³,2020-03-09,4.19,20.0073285,73.7762427,check_required
5592,Gangapur Road,14793,so2,µg/m³,2020-03-10,2.58,20.0073285,73.7762427,check_required
5592,Gangapur Road,14793,so2,µg/m³,2020-03-11,2.54,20.0073285,73.7762427,check_required
5592,Gangapur Road,14793,so2,µg/m³,2020-03-12,2.49,20.0073285,73.7762427,check_required
5592,Gangapur Road,14793,so2,µg/m³,2020-03-13,2.36,20.0073285,73.7762427,check_required
5592,Gangapur Road,14793,so2,µg/m³,2020-03-14,4.09,20.0073285,73.7762427,check_required
5592,Gangapur Road,14793,so2,µg/m³,2020-03-15,5.24,20.0073285,73.7762427,check_required
5592,Gangapur Road,14793,so2,µg/m³,2020-03-16,8.8,20.0073285,73.7762427,check_required
5592,Gangapur Road,14793,so2,µg/m³,2020-03-17,8.56,20.0073285,73.7762427,check_required
5592,Gangapur Road,14793,so2,µg/m³,2020-03-18,4.0,20.0073285,73.7762427,check_required
5592,Gangapur Road,14793,so2,µg/m³,2020-03-19,2.6,20.0073285,73.7762427,check_required
5592,Gangapur Road,14793,so2,µg/m³,2020-03-20,2.3,20.0073285,73.7762427,check_required
5592,Gangapur Road,14793,so2,µg/m³,2020-03-21,2.59,20.0073285,73.7762427,check_required
5592,Gangapur Road,14793,so2,µg/m³,2020-03-22,3.31,20.0073285,73.7762427,check_required
5592,Gangapur Road,14793,so2,µg/m³,2020-03-23,3.58,20.0073285,73.7762427,check_required
5592,Gangapur Road,14793,so2,µg/m³,2020-03-24,6.25,20.0073285,73.7762427,check_required
5592,Gangapur Road,14793,so2,µg/m³,2020-03-25,4.0,20.0073285,73.7762427,check_required
5592,Gangapur Road,14793,so2,µg/m³,2020-03-26,2.51,20.0073285,73.7762427,check_required
5592,Gangapur Road,14793,so2,µg/m³,2020-03-27,2.95,20.0073285,73.7762427,check_required
5592,Gangapur Road,14793,so2,µg/m³,2020-03-28,2.43,20.0073285,73.7762427,check_required
5592,Gangapur Road,14793,so2,µg/m³,2020-03-29,2.72,20.0073285,73.7762427,check_required
5592,Gangapur Road,14793,so2,µg/m³,2020-03-30,2.91,20.0073285,73.7762427,check_required
5592,Gangapur Road,14793,so2,µg/m³,2020-03-31,2.76,20.0073285,73.7762427,check_required
5592,Gangapur Road,14793,so2,µg/m³,2020-04-01,1.93,20.0073285,73.7762427,check_required
5592,Gangapur Road,14793,so2,µg/m³,2020-04-02,1.87,20.0073285,73.7762427,check_required
5592,Gangapur Road,14793,so2,µg/m³,2020-04-03,1.73,20.0073285,73.7762427,check_required
5592,Gangapur Road,14793,so2,µg/m³,2020-04-04,2.3,20.0073285,73.7762427,check_required
5592,Gangapur Road,14793,so2,µg/m³,2020-04-05,1.83,20.0073285,73.7762427,check_required
5592,Gangapur Road,14793,so2,µg/m³,2020-04-06,2.14,20.0073285,73.7762427,check_required
5592,Gangapur Road,14793,so2,µg/m³,2020-04-07,1.53,20.0073285,73.7762427,check_required
5592,Gangapur Road,14793,so2,µg/m³,2020-04-08,2.75,20.0073285,73.7762427,check_required
5592,Gangapur Road,14793,so2,µg/m³,2020-04-09,1.93,20.0073285,73.7762427,check_required
5592,Gangapur Road,14793,so2,µg/m³,2020-04-10,2.01,20.0073285,73.7762427,check_required
5592,Gangapur Road,14793,so2,µg/m³,2020-04-11,3.25,20.0073285,73.7762427,check_required
5592,Gangapur Road,14793,so2,µg/m³,2020-04-12,2.64,20.0073285,73.7762427,check_required
5592,Gangapur Road,14793,so2,µg/m³,2020-04-13,2.77,20.0073285,73.7762427,check_required
5592,Gangapur Road,14793,so2,µg/m³,2020-04-14,2.59,20.0073285,73.7762427,check_required
5592,Gangapur Road,14793,so2,µg/m³,2020-04-15,2.82,20.0073285,73.7762427,check_required
5592,Gangapur Road,14793,so2,µg/m³,2020-04-16,2.85,20.0073285,73.7762427,check_required
5592,Gangapur Road,14793,so2,µg/m³,2020-04-17,2.25,20.0073285,73.7762427,check_required
5592,Gangapur Road,14793,so2,µg/m³,2020-04-18,2.88,20.0073285,73.7762427,check_required
5592,Gangapur Road,14793,so2,µg/m³,2020-04-19,3.06,20.0073285,73.7762427,check_required
5592,Gangapur Road,14793,so2,µg/m³,2020-04-20,2.47,20.0073285,73.7762427,check_required
5592,Gangapur Road,14793,so2,µg/m³,2020-04-21,2.2,20.0073285,73.7762427,check_required
5592,Gangapur Road,14793,so2,µg/m³,2020-04-22,2.12,20.0073285,73.7762427,check_required
5592,Gangapur Road,14793,so2,µg/m³,2020-04-23,2.06,20.0073285,73.7762427,check_required
5592,Gangapur Road,14793,so2,µg/m³,2020-04-24,2.05,20.0073285,73.7762427,check_required
5592,Gangapur Road,14793,so2,µg/m³,2020-04-26,2.03,20.0073285,73.7762427,check_required
5592,Gangapur Road,14793,so2,µg/m³,2020-04-27,2.04,20.0073285,73.7762427,check_required
5592,Gangapur Road,14793,so2,µg/m³,2020-04-28,2.35,20.0073285,73.7762427,check_required
5592,Gangapur Road,14793,so2,µg/m³,2020-04-29,3.53,20.0073285,73.7762427,check_required
5592,Gangapur Road,14793,so2,µg/m³,2020-04-30,2.28,20.0073285,73.7762427,check_required
5592,Gangapur Road,14793,so2,µg/m³,2020-05-01,1.61,20.0073285,73.7762427,check_required
5592,Gangapur Road,14793,so2,µg/m³,2020-05-02,2.34,20.0073285,73.7762427,check_required
5592,Gangapur Road,14793,so2,µg/m³,2020-05-03,2.22,20.0073285,73.7762427,check_required
5592,Gangapur Road,14793,so2,µg/m³,2020-05-04,3.05,20.0073285,73.7762427,check_required
5592,Gangapur Road,14793,so2,µg/m³,2020-05-05,2.02,20.0073285,73.7762427,check_required
5592,Gangapur Road,14793,so2,µg/m³,2020-05-06,2.28,20.0073285,73.7762427,check_required
5592,Gangapur Road,14793,so2,µg/m³,2020-05-07,1.77,20.0073285,73.7762427,check_required
5592,Gangapur Road,14793,so2,µg/m³,2020-05-08,1.89,20.0073285,73.7762427,check_required
5592,Gangapur Road,14793,so2,µg/m³,2020-05-09,1.62,20.0073285,73.7762427,check_required
5592,Gangapur Road,14793,so2,µg/m³,2020-05-10,1.87,20.0073285,73.7762427,check_required
5592,Gangapur Road,14793,so2,µg/m³,2020-05-11,2.09,20.0073285,73.7762427,check_required
5592,Gangapur Road,14793,so2,µg/m³,2020-05-12,2.31,20.0073285,73.7762427,check_required
5592,Gangapur Road,14793,so2,µg/m³,2020-05-13,2.95,20.0073285,73.7762427,check_required
5592,Gangapur Road,14793,so2,µg/m³,2020-05-14,2.89,20.0073285,73.7762427,check_required
5592,Gangapur Road,14793,so2,µg/m³,2020-05-15,1.98,20.0073285,73.7762427,check_required
5592,Gangapur Road,14793,so2,µg/m³,2020-05-16,2.07,20.0073285,73.7762427,check_required
5592,Gangapur Road,14793,so2,µg/m³,2020-05-17,1.94,20.0073285,73.7762427,check_required
5592,Gangapur Road,14793,so2,µg/m³,2020-05-18,1.39,20.0073285,73.7762427,check_required
5592,Gangapur Road,14793,so2,µg/m³,2020-05-19,1.82,20.0073285,73.7762427,check_required
5592,Gangapur Road,14793,so2,µg/m³,2020-05-20,1.63,20.0073285,73.7762427,check_required
5592,Gangapur Road,14793,so2,µg/m³,2020-05-21,1.72,20.0073285,73.7762427,check_required
5592,Gangapur Road,14793,so2,µg/m³,2020-05-22,1.55,20.0073285,73.7762427,check_required
5592,Gangapur Road,14793,so2,µg/m³,2020-05-23,2.52,20.0073285,73.7762427,check_required
5592,Gangapur Road,14793,so2,µg/m³,2020-05-24,1.57,20.0073285,73.7762427,check_required
5592,Gangapur Road,14793,so2,µg/m³,2020-05-25,3.35,20.0073285,73.7762427,check_required
5592,Gangapur Road,14793,so2,µg/m³,2020-05-26,1.6,20.0073285,73.7762427,check_required
5592,Gangapur Road,14793,so2,µg/m³,2020-05-27,1.65,20.0073285,73.7762427,check_required
5592,Gangapur Road,14793,so2,µg/m³,2020-05-28,1.72,20.0073285,73.7762427,check_required
5592,Gangapur Road,14793,so2,µg/m³,2020-05-29,2.0,20.0073285,73.7762427,check_required
5592,Gangapur Road,14793,so2,µg/m³,2020-05-30,1.46,20.0073285,73.7762427,check_required
5592,Gangapur Road,14793,so2,µg/m³,2020-05-31,2.05,20.0073285,73.7762427,check_required
5592,Gangapur Road,14793,so2,µg/m³,2020-06-01,1.71,20.0073285,73.7762427,check_required
5592,Gangapur Road,14793,so2,µg/m³,2020-06-04,0.676,20.0073285,73.7762427,check_required
5592,Gangapur Road,14793,so2,µg/m³,2020-06-05,3.99,20.0073285,73.7762427,check_required
5592,Gangapur Road,14793,so2,µg/m³,2020-06-06,0.714,20.0073285,73.7762427,check_required
5592,Gangapur Road,14793,so2,µg/m³,2020-06-07,0.843,20.0073285,73.7762427,check_required
5592,Gangapur Road,14793,so2,µg/m³,2020-06-08,1.29,20.0073285,73.7762427,check_required
5592,Gangapur Road,14793,so2,µg/m³,2020-06-09,1.41,20.0073285,73.7762427,check_required
5592,Gangapur Road,14793,so2,µg/m³,2020-06-10,1.92,20.0073285,73.7762427,check_required
5592,Gangapur Road,14793,so2,µg/m³,2020-06-11,18.0,20.0073285,73.7762427,check_required
5592,Gangapur Road,14793,so2,µg/m³,2020-06-12,1.37,20.0073285,73.7762427,check_required
5592,Gangapur Road,14793,so2,µg/m³,2020-06-13,0.838,20.0073285,73.7762427,check_required
5592,Gangapur Road,14793,so2,µg/m³,2020-06-14,0.793,20.0073285,73.7762427,check_required
5592,Gangapur Road,14793,so2,µg/m³,2020-06-15,0.699,20.0073285,73.7762427,check_required
5592,Gangapur Road,14793,so2,µg/m³,2020-06-16,0.795,20.0073285,73.7762427,check_required
5592,Gangapur Road,14793,so2,µg/m³,2020-06-17,0.985,20.0073285,73.7762427,check_required
5592,Gangapur Road,14793,so2,µg/m³,2020-06-18,1.28,20.0073285,73.7762427,check_required
5592,Gangapur Road,14793,so2,µg/m³,2020-06-19,1.24,20.0073285,73.7762427,check_required
5592,Gangapur Road,14793,so2,µg/m³,2020-06-20,1.03,20.0073285,73.7762427,check_required
5592,Gangapur Road,14793,so2,µg/m³,2020-06-21,1.06,20.0073285,73.7762427,check_required
5592,Gangapur Road,14793,so2,µg/m³,2020-06-22,1.11,20.0073285,73.7762427,check_required
5592,Gangapur Road,14793,so2,µg/m³,2020-06-23,1.01,20.0073285,73.7762427,check_required
5592,Gangapur Road,14793,so2,µg/m³,2020-06-24,3.33,20.0073285,73.7762427,check_required
5592,Gangapur Road,14793,so2,µg/m³,2020-06-25,1.43,20.0073285,73.7762427,check_required
5592,Gangapur Road,14793,so2,µg/m³,2020-06-26,1.46,20.0073285,73.7762427,check_required
5592,Gangapur Road,14793,so2,µg/m³,2020-06-27,1.42,20.0073285,73.7762427,check_required
5592,Gangapur Road,14793,so2,µg/m³,2020-06-28,1.31,20.0073285,73.7762427,check_required
5592,Gangapur Road,14793,so2,µg/m³,2020-06-29,0.894,20.0073285,73.7762427,check_required
5592,Gangapur Road,14793,so2,µg/m³,2020-06-30,1.17,20.0073285,73.7762427,check_required
5592,Gangapur Road,14793,so2,µg/m³,2020-07-01,1.27,20.0073285,73.7762427,check_required
5592,Gangapur Road,14793,so2,µg/m³,2020-07-02,1.2,20.0073285,73.7762427,check_required
5592,Gangapur Road,14793,so2,µg/m³,2020-07-03,1.05,20.0073285,73.7762427,check_required
5592,Gangapur Road,14793,so2,µg/m³,2020-07-04,1.81,20.0073285,73.7762427,check_required
5592,Gangapur Road,14793,so2,µg/m³,2020-07-05,1.82,20.0073285,73.7762427,check_required
5592,Gangapur Road,14793,so2,µg/m³,2020-07-06,1.42,20.0073285,73.7762427,check_required
5592,Gangapur Road,14793,so2,µg/m³,2020-07-07,1.05,20.0073285,73.7762427,check_required
5592,Gangapur Road,14793,so2,µg/m³,2020-07-08,1.2,20.0073285,73.7762427,check_required
5592,Gangapur Road,14793,so2,µg/m³,2020-07-09,1.51,20.0073285,73.7762427,check_required
5592,Gangapur Road,14793,so2,µg/m³,2020-07-10,1.05,20.0073285,73.7762427,check_required
5592,Gangapur Road,14793,so2,µg/m³,2020-07-11,0.997,20.0073285,73.7762427,check_required
5592,Gangapur Road,14793,so2,µg/m³,2020-07-12,1.18,20.0073285,73.7762427,check_required
5592,Gangapur Road,14793,so2,µg/m³,2020-07-13,1.09,20.0073285,73.7762427,check_required
5592,Gangapur Road,14793,so2,µg/m³,2020-07-14,1.13,20.0073285,73.7762427,check_required
5592,Gangapur Road,14793,so2,µg/m³,2020-07-15,0.921,20.0073285,73.7762427,check_required
5592,Gangapur Road,14793,so2,µg/m³,2020-07-16,1.28,20.0073285,73.7762427,check_required
5592,Gangapur Road,14793,so2,µg/m³,2020-07-17,1.35,20.0073285,73.7762427,check_required
5592,Gangapur Road,14793,so2,µg/m³,2020-07-18,1.32,20.0073285,73.7762427,check_required
5592,Gangapur Road,14793,so2,µg/m³,2020-07-19,1.29,20.0073285,73.7762427,check_required
5592,Gangapur Road,14793,so2,µg/m³,2020-07-20,1.13,20.0073285,73.7762427,check_required
5592,Gangapur Road,14793,so2,µg/m³,2020-07-21,1.37,20.0073285,73.7762427,check_required
5592,Gangapur Road,14793,so2,µg/m³,2020-07-22,21.0,20.0073285,73.7762427,check_required
5592,Gangapur Road,14793,so2,µg/m³,2020-07-23,1.44,20.0073285,73.7762427,check_required
5592,Gangapur Road,14793,so2,µg/m³,2020-07-24,1.53,20.0073285,73.7762427,check_required
5592,Gangapur Road,14793,so2,µg/m³,2020-07-25,1.27,20.0073285,73.7762427,check_required
5592,Gangapur Road,14793,so2,µg/m³,2020-07-26,1.42,20.0073285,73.7762427,check_required
5592,Gangapur Road,14793,so2,µg/m³,2020-07-27,1.46,20.0073285,73.7762427,check_required
5592,Gangapur Road,14793,so2,µg/m³,2020-07-28,1.41,20.0073285,73.7762427,check_required
5592,Gangapur Road,14793,so2,µg/m³,2020-07-29,1.18,20.0073285,73.7762427,check_required
5592,Gangapur Road,14793,so2,µg/m³,2020-07-30,1.62,20.0073285,73.7762427,check_required
5592,Gangapur Road,14793,so2,µg/m³,2020-07-31,1.25,20.0073285,73.7762427,check_required
5592,Gangapur Road,14793,so2,µg/m³,2020-08-04,1.81,20.0073285,73.7762427,check_required
5592,Gangapur Road,14793,so2,µg/m³,2020-08-05,1.94,20.0073285,73.7762427,check_required
5592,Gangapur Road,14793,so2,µg/m³,2020-08-06,1.37,20.0073285,73.7762427,check_required
5592,Gangapur Road,14793,so2,µg/m³,2020-08-07,1.2,20.0073285,73.7762427,check_required
5592,Gangapur Road,14793,so2,µg/m³,2020-08-08,1.38,20.0073285,73.7762427,check_required
5592,Gangapur Road,14793,so2,µg/m³,2020-08-09,1.24,20.0073285,73.7762427,check_required
5592,Gangapur Road,14793,so2,µg/m³,2020-08-10,1.65,20.0073285,73.7762427,check_required
5592,Gangapur Road,14793,so2,µg/m³,2020-08-11,1.83,20.0073285,73.7762427,check_required
5592,Gangapur Road,14793,so2,µg/m³,2020-08-12,0.692,20.0073285,73.7762427,check_required
5592,Gangapur Road,14793,so2,µg/m³,2020-08-13,1.65,20.0073285,73.7762427,check_required
5592,Gangapur Road,14793,so2,µg/m³,2020-08-14,1.88,20.0073285,73.7762427,check_required
5592,Gangapur Road,14793,so2,µg/m³,2020-08-16,1.04,20.0073285,73.7762427,check_required
5592,Gangapur Road,14793,so2,µg/m³,2020-08-17,1.16,20.0073285,73.7762427,check_required
5592,Gangapur Road,14793,so2,µg/m³,2020-08-18,1.22,20.0073285,73.7762427,check_required
5592,Gangapur Road,14793,so2,µg/m³,2020-08-22,1.84,20.0073285,73.7762427,check_required
5592,Gangapur Road,14793,so2,µg/m³,2020-08-23,0.07,20.0073285,73.7762427,check_required
5592,Gangapur Road,14793,so2,µg/m³,2020-08-24,3.81,20.0073285,73.7762427,check_required
5592,Gangapur Road,14793,so2,µg/m³,2020-08-25,1.37,20.0073285,73.7762427,check_required
5592,Gangapur Road,14793,so2,µg/m³,2020-08-26,1.61,20.0073285,73.7762427,check_required
5592,Gangapur Road,14793,so2,µg/m³,2020-08-27,0.923,20.0073285,73.7762427,check_required
5592,Gangapur Road,14793,so2,µg/m³,2020-08-28,1.2,20.0073285,73.7762427,check_required
5592,Gangapur Road,14793,so2,µg/m³,2020-08-30,2.5,20.0073285,73.7762427,check_required
5592,Gangapur Road,14793,so2,µg/m³,2020-08-31,1.59,20.0073285,73.7762427,check_required
5592,Gangapur Road,14793,so2,µg/m³,2020-09-01,0.13,20.0073285,73.7762427,check_required
5592,Gangapur Road,14793,so2,µg/m³,2020-09-03,1.82,20.0073285,73.7762427,check_required
5592,Gangapur Road,14793,so2,µg/m³,2020-09-04,2.27,20.0073285,73.7762427,check_required
5592,Gangapur Road,14793,so2,µg/m³,2020-09-06,0.62,20.0073285,73.7762427,check_required
5592,Gangapur Road,14793,so2,µg/m³,2020-09-07,1.88,20.0073285,73.7762427,check_required
5592,Gangapur Road,14793,so2,µg/m³,2020-09-09,1.78,20.0073285,73.7762427,check_required
5592,Gangapur Road,14793,so2,µg/m³,2020-09-10,2.2,20.0073285,73.7762427,check_required
5592,Gangapur Road,14793,so2,µg/m³,2020-09-11,0.92,20.0073285,73.7762427,check_required
5592,Gangapur Road,14793,so2,µg/m³,2020-09-12,0.12,20.0073285,73.7762427,check_required
5592,Gangapur Road,14793,so2,µg/m³,2020-09-13,1.24,20.0073285,73.7762427,check_required
5592,Gangapur Road,14793,so2,µg/m³,2020-09-14,1.65,20.0073285,73.7762427,check_required
5592,Gangapur Road,14793,so2,µg/m³,2020-09-15,0.577,20.0073285,73.7762427,check_required
5592,Gangapur Road,14793,so2,µg/m³,2020-09-16,1.07,20.0073285,73.7762427,check_required
5592,Gangapur Road,14793,so2,µg/m³,2020-09-17,0.74,20.0073285,73.7762427,check_required
5592,Gangapur Road,14793,so2,µg/m³,2020-09-18,1.24,20.0073285,73.7762427,check_required
5592,Gangapur Road,14793,so2,µg/m³,2020-09-19,0.216,20.0073285,73.7762427,check_required
5592,Gangapur Road,14793,so2,µg/m³,2020-09-20,1.07,20.0073285,73.7762427,check_required
5592,Gangapur Road,14793,so2,µg/m³,2020-09-21,1.43,20.0073285,73.7762427,check_required
5592,Gangapur Road,14793,so2,µg/m³,2020-09-22,0.03,20.0073285,73.7762427,check_required
5592,Gangapur Road,14793,so2,µg/m³,2020-09-23,0.81,20.0073285,73.7762427,check_required
5592,Gangapur Road,14793,so2,µg/m³,2020-09-24,1.03,20.0073285,73.7762427,check_required
5592,Gangapur Road,14793,so2,µg/m³,2020-09-25,1.12,20.0073285,73.7762427,check_required
5592,Gangapur Road,14793,so2,µg/m³,2020-09-26,1.13,20.0073285,73.7762427,check_required
5592,Gangapur Road,14793,so2,µg/m³,2020-09-27,1.22,20.0073285,73.7762427,check_required
5592,Gangapur Road,14793,so2,µg/m³,2020-09-28,2.18,20.0073285,73.7762427,check_required
5592,Gangapur Road,14793,so2,µg/m³,2020-09-29,1.02,20.0073285,73.7762427,check_required
5592,Gangapur Road,14793,so2,µg/m³,2020-09-30,0.636,20.0073285,73.7762427,check_required
5592,Gangapur Road,14793,so2,µg/m³,2020-10-01,1.13,20.0073285,73.7762427,check_required
5592,Gangapur Road,14793,so2,µg/m³,2020-10-02,1.46,20.0073285,73.7762427,check_required
5592,Gangapur Road,14793,so2,µg/m³,2020-10-03,0.992,20.0073285,73.7762427,check_required
5592,Gangapur Road,14793,so2,µg/m³,2020-10-04,2.28,20.0073285,73.7762427,check_required
5592,Gangapur Road,14793,so2,µg/m³,2020-10-05,1.85,20.0073285,73.7762427,check_required
5592,Gangapur Road,14793,so2,µg/m³,2020-10-06,0.673,20.0073285,73.7762427,check_required
5592,Gangapur Road,14793,so2,µg/m³,2020-10-07,1.11,20.0073285,73.7762427,check_required
5592,Gangapur Road,14793,so2,µg/m³,2020-10-08,1.32,20.0073285,73.7762427,check_required
5592,Gangapur Road,14793,so2,µg/m³,2020-10-09,2.06,20.0073285,73.7762427,check_required
5592,Gangapur Road,14793,so2,µg/m³,2020-10-10,0.808,20.0073285,73.7762427,check_required
5592,Gangapur Road,14793,so2,µg/m³,2020-10-11,0.905,20.0073285,73.7762427,check_required
5592,Gangapur Road,14793,so2,µg/m³,2020-10-12,1.05,20.0073285,73.7762427,check_required
5592,Gangapur Road,14793,so2,µg/m³,2020-10-13,1.25,20.0073285,73.7762427,check_required
5592,Gangapur Road,14793,so2,µg/m³,2020-10-14,1.01,20.0073285,73.7762427,check_required
5592,Gangapur Road,14793,so2,µg/m³,2020-10-15,0.594,20.0073285,73.7762427,check_required
5592,Gangapur Road,14793,so2,µg/m³,2020-10-16,1.23,20.0073285,73.7762427,check_required
5592,Gangapur Road,14793,so2,µg/m³,2020-10-17,0.998,20.0073285,73.7762427,check_required
5592,Gangapur Road,14793,so2,µg/m³,2020-10-18,2.26,20.0073285,73.7762427,check_required
5592,Gangapur Road,14793,so2,µg/m³,2020-10-19,1.88,20.0073285,73.7762427,check_required
5592,Gangapur Road,14793,so2,µg/m³,2020-10-20,1.37,20.0073285,73.7762427,check_required
5592,Gangapur Road,14793,so2,µg/m³,2020-10-21,0.61,20.0073285,73.7762427,check_required
5592,Gangapur Road,14793,so2,µg/m³,2020-10-22,0.922,20.0073285,73.7762427,check_required
5592,Gangapur Road,14793,so2,µg/m³,2020-10-23,2.0,20.0073285,73.7762427,check_required
5592,Gangapur Road,14793,so2,µg/m³,2020-10-24,1.64,20.0073285,73.7762427,check_required
5592,Gangapur Road,14793,so2,µg/m³,2020-10-25,1.74,20.0073285,73.7762427,check_required
5592,Gangapur Road,14793,so2,µg/m³,2020-10-26,1.15,20.0073285,73.7762427,check_required
5592,Gangapur Road,14793,so2,µg/m³,2020-10-27,1.65,20.0073285,73.7762427,check_required
5592,Gangapur Road,14793,so2,µg/m³,2020-10-28,27.3,20.0073285,73.7762427,check_required
5592,Gangapur Road,14793,so2,µg/m³,2020-10-29,6.7,20.0073285,73.7762427,check_required
5592,Gangapur Road,14793,so2,µg/m³,2020-10-30,1.2,20.0073285,73.7762427,check_required
5592,Gangapur Road,14793,so2,µg/m³,2020-10-31,1.55,20.0073285,73.7762427,check_required
5592,Gangapur Road,14793,so2,µg/m³,2020-11-01,3.25,20.0073285,73.7762427,check_required
5592,Gangapur Road,14793,so2,µg/m³,2020-11-02,2.82,20.0073285,73.7762427,check_required
5592,Gangapur Road,14793,so2,µg/m³,2020-11-03,2.82,20.0073285,73.7762427,check_required
5592,Gangapur Road,14793,so2,µg/m³,2020-11-04,2.35,20.0073285,73.7762427,check_required
5592,Gangapur Road,14793,so2,µg/m³,2020-11-05,1.97,20.0073285,73.7762427,check_required
5592,Gangapur Road,14793,so2,µg/m³,2020-11-06,1.24,20.0073285,73.7762427,check_required
5592,Gangapur Road,14793,so2,µg/m³,2020-11-07,5.88,20.0073285,73.7762427,check_required
5592,Gangapur Road,14793,so2,µg/m³,2020-11-08,5.25,20.0073285,73.7762427,check_required
5592,Gangapur Road,14793,so2,µg/m³,2020-11-09,2.76,20.0073285,73.7762427,check_required
5592,Gangapur Road,14793,so2,µg/m³,2020-11-10,4.49,20.0073285,73.7762427,check_required
5592,Gangapur Road,14793,so2,µg/m³,2020-11-11,3.35,20.0073285,73.7762427,check_required
5592,Gangapur Road,14793,so2,µg/m³,2020-11-12,10.4,20.0073285,73.7762427,check_required
5592,Gangapur Road,14793,so2,µg/m³,2020-11-13,3.43,20.0073285,73.7762427,check_required
5592,Gangapur Road,14793,so2,µg/m³,2020-11-14,1.46,20.0073285,73.7762427,check_required
5592,Gangapur Road,14793,so2,µg/m³,2020-11-15,1.61,20.0073285,73.7762427,check_required
5592,Gangapur Road,14793,so2,µg/m³,2020-11-16,2.24,20.0073285,73.7762427,check_required
5592,Gangapur Road,14793,so2,µg/m³,2020-11-17,1.47,20.0073285,73.7762427,check_required
5592,Gangapur Road,14793,so2,µg/m³,2020-11-18,1.9,20.0073285,73.7762427,check_required
5592,Gangapur Road,14793,so2,µg/m³,2020-11-19,1.8,20.0073285,73.7762427,check_required
5592,Gangapur Road,14793,so2,µg/m³,2020-11-20,1.59,20.0073285,73.7762427,check_required
5592,Gangapur Road,14793,so2,µg/m³,2020-11-21,1.71,20.0073285,73.7762427,check_required
5592,Gangapur Road,14793,so2,µg/m³,2020-11-22,1.81,20.0073285,73.7762427,check_required
5592,Gangapur Road,14793,so2,µg/m³,2020-11-23,1.68,20.0073285,73.7762427,check_required
5592,Gangapur Road,14793,so2,µg/m³,2020-11-24,1.63,20.0073285,73.7762427,check_required
5592,Gangapur Road,14793,so2,µg/m³,2020-11-25,0.01,20.0073285,73.7762427,check_required
5592,Gangapur Road,14793,so2,µg/m³,2020-11-26,0.68,20.0073285,73.7762427,check_required
5592,Gangapur Road,14793,so2,µg/m³,2020-11-27,1.43,20.0073285,73.7762427,check_required
5592,Gangapur Road,14793,so2,µg/m³,2020-11-28,4.0,20.0073285,73.7762427,check_required
5592,Gangapur Road,14793,so2,µg/m³,2020-11-30,3.13,20.0073285,73.7762427,check_required
5592,Gangapur Road,14793,so2,µg/m³,2020-12-01,1.49,20.0073285,73.7762427,check_required
5592,Gangapur Road,14793,so2,µg/m³,2020-12-02,1.79,20.0073285,73.7762427,check_required
5592,Gangapur Road,14793,so2,µg/m³,2020-12-03,0.612,20.0073285,73.7762427,check_required
5592,Gangapur Road,14793,so2,µg/m³,2020-12-04,5.21,20.0073285,73.7762427,check_required
5592,Gangapur Road,14793,so2,µg/m³,2020-12-05,2.97,20.0073285,73.7762427,check_required
5592,Gangapur Road,14793,so2,µg/m³,2020-12-06,8.91,20.0073285,73.7762427,check_required
5592,Gangapur Road,14793,so2,µg/m³,2020-12-07,5.34,20.0073285,73.7762427,check_required
5592,Gangapur Road,14793,so2,µg/m³,2020-12-08,2.26,20.0073285,73.7762427,check_required
5592,Gangapur Road,14793,so2,µg/m³,2020-12-09,2.45,20.0073285,73.7762427,check_required
5592,Gangapur Road,14793,so2,µg/m³,2020-12-10,2.8,20.0073285,73.7762427,check_required
5592,Gangapur Road,14793,so2,µg/m³,2020-12-11,1.24,20.0073285,73.7762427,check_required
5592,Gangapur Road,14793,so2,µg/m³,2020-12-14,1.67,20.0073285,73.7762427,check_required
5592,Gangapur Road,14793,so2,µg/m³,2020-12-15,0.536,20.0073285,73.7762427,check_required
5592,Gangapur Road,14793,so2,µg/m³,2020-12-16,1.34,20.0073285,73.7762427,check_required
5592,Gangapur Road,14793,so2,µg/m³,2020-12-17,3.25,20.0073285,73.7762427,check_required
5592,Gangapur Road,14793,so2,µg/m³,2020-12-18,1.12,20.0073285,73.7762427,check_required
5592,Gangapur Road,14793,so2,µg/m³,2020-12-19,2.05,20.0073285,73.7762427,check_required
5592,Gangapur Road,14793,so2,µg/m³,2020-12-20,5.29,20.0073285,73.7762427,check_required
5592,Gangapur Road,14793,so2,µg/m³,2020-12-21,2.71,20.0073285,73.7762427,check_required
5592,Gangapur Road,14793,so2,µg/m³,2020-12-22,4.93,20.0073285,73.7762427,check_required
5592,Gangapur Road,14793,so2,µg/m³,2020-12-23,0.0,20.0073285,73.7762427,check_required
5592,Gangapur Road,14793,so2,µg/m³,2020-12-24,2.04,20.0073285,73.7762427,check_required
5592,Gangapur Road,14793,so2,µg/m³,2020-12-25,2.81,20.0073285,73.7762427,check_required
5592,Gangapur Road,14793,so2,µg/m³,2020-12-26,5.72,20.0073285,73.7762427,check_required
5592,Gangapur Road,14793,so2,µg/m³,2020-12-27,1.48,20.0073285,73.7762427,check_required
5592,Gangapur Road,14793,so2,µg/m³,2020-12-28,4.13,20.0073285,73.7762427,check_required
5592,Gangapur Road,14793,so2,µg/m³,2020-12-29,6.85,20.0073285,73.7762427,check_required
5592,Gangapur Road,14793,so2,µg/m³,2020-12-31,1.17,20.0073285,73.7762427,check_required
5592,Gangapur Road,14793,so2,µg/m³,2021-01-01,0.755,20.0073285,73.7762427,check_required
5592,Gangapur Road,14793,so2,µg/m³,2021-01-02,0.67,20.0073285,73.7762427,check_required
5592,Gangapur Road,14793,so2,µg/m³,2021-01-03,2.07,20.0073285,73.7762427,check_required
5592,Gangapur Road,14793,so2,µg/m³,2021-01-04,1.24,20.0073285,73.7762427,check_required
5592,Gangapur Road,14793,so2,µg/m³,2021-01-05,1.92,20.0073285,73.7762427,check_required
5592,Gangapur Road,14793,so2,µg/m³,2021-01-06,0.921,20.0073285,73.7762427,check_required
5592,Gangapur Road,14793,so2,µg/m³,2021-01-07,1.25,20.0073285,73.7762427,check_required
5592,Gangapur Road,14793,so2,µg/m³,2021-01-08,1.26,20.0073285,73.7762427,check_required
5592,Gangapur Road,14793,so2,µg/m³,2021-01-09,1.17,20.0073285,73.7762427,check_required
5592,Gangapur Road,14793,so2,µg/m³,2021-01-10,2.33,20.0073285,73.7762427,check_required
5592,Gangapur Road,14793,so2,µg/m³,2021-01-11,2.17,20.0073285,73.7762427,check_required
5592,Gangapur Road,14793,so2,µg/m³,2021-01-12,1.87,20.0073285,73.7762427,check_required
5592,Gangapur Road,14793,so2,µg/m³,2021-01-13,1.89,20.0073285,73.7762427,check_required
5592,Gangapur Road,14793,so2,µg/m³,2021-01-14,1.81,20.0073285,73.7762427,check_required
5592,Gangapur Road,14793,so2,µg/m³,2021-01-15,2.85,20.0073285,73.7762427,check_required
5592,Gangapur Road,14793,so2,µg/m³,2021-01-16,1.98,20.0073285,73.7762427,check_required
5592,Gangapur Road,14793,so2,µg/m³,2021-01-17,1.77,20.0073285,73.7762427,check_required
5592,Gangapur Road,14793,so2,µg/m³,2021-01-18,2.59,20.0073285,73.7762427,check_required
5592,Gangapur Road,14793,so2,µg/m³,2021-01-19,2.65,20.0073285,73.7762427,check_required
5592,Gangapur Road,14793,so2,µg/m³,2021-01-20,1.57,20.0073285,73.7762427,check_required
5592,Gangapur Road,14793,so2,µg/m³,2021-01-21,48.1,20.0073285,73.7762427,check_required
5592,Gangapur Road,14793,so2,µg/m³,2021-01-22,5.94,20.0073285,73.7762427,check_required
5592,Gangapur Road,14793,so2,µg/m³,2021-01-23,2.19,20.0073285,73.7762427,check_required
5592,Gangapur Road,14793,so2,µg/m³,2021-01-24,1.39,20.0073285,73.7762427,check_required
5592,Gangapur Road,14793,so2,µg/m³,2021-01-25,3.38,20.0073285,73.7762427,check_required
5592,Gangapur Road,14793,so2,µg/m³,2021-01-26,3.29,20.0073285,73.7762427,check_required
5592,Gangapur Road,14793,so2,µg/m³,2021-01-27,0.49,20.0073285,73.7762427,check_required
5592,Gangapur Road,14793,so2,µg/m³,2021-02-05,1.74,20.0073285,73.7762427,check_required
5592,Gangapur Road,14793,so2,µg/m³,2021-02-06,2.87,20.0073285,73.7762427,check_required
5592,Gangapur Road,14793,so2,µg/m³,2021-02-07,4.6,20.0073285,73.7762427,check_required
5592,Gangapur Road,14793,so2,µg/m³,2021-02-08,5.62,20.0073285,73.7762427,check_required
5592,Gangapur Road,14793,so2,µg/m³,2021-02-09,4.13,20.0073285,73.7762427,check_required
5592,Gangapur Road,14793,so2,µg/m³,2021-02-10,27.2,20.0073285,73.7762427,check_required
5592,Gangapur Road,14793,so2,µg/m³,2021-02-11,16.0,20.0073285,73.7762427,check_required
5592,Gangapur Road,14793,so2,µg/m³,2021-02-12,3.34,20.0073285,73.7762427,check_required
5592,Gangapur Road,14793,so2,µg/m³,2021-02-13,3.13,20.0073285,73.7762427,check_required
5592,Gangapur Road,14793,so2,µg/m³,2021-02-14,5.85,20.0073285,73.7762427,check_required
5592,Gangapur Road,14793,so2,µg/m³,2021-02-15,3.1,20.0073285,73.7762427,check_required
5592,Gangapur Road,14793,so2,µg/m³,2021-02-16,5.65,20.0073285,73.7762427,check_required
5592,Gangapur Road,14793,so2,µg/m³,2021-02-17,2.05,20.0073285,73.7762427,check_required
5592,Gangapur Road,14793,so2,µg/m³,2021-02-18,3.33,20.0073285,73.7762427,check_required
5592,Gangapur Road,14793,so2,µg/m³,2021-02-19,1.29,20.0073285,73.7762427,check_required
5592,Gangapur Road,14793,so2,µg/m³,2021-02-21,8.71,20.0073285,73.7762427,check_required
5592,Gangapur Road,14793,so2,µg/m³,2021-02-22,4.37,20.0073285,73.7762427,check_required
5592,Gangapur Road,14793,so2,µg/m³,2021-02-23,3.99,20.0073285,73.7762427,check_required
5592,Gangapur Road,14793,so2,µg/m³,2021-02-24,6.02,20.0073285,73.7762427,check_required
5592,Gangapur Road,14793,so2,µg/m³,2021-02-25,5.86,20.0073285,73.7762427,check_required
5592,Gangapur Road,14793,so2,µg/m³,2021-02-26,1.3,20.0073285,73.7762427,check_required
5592,Gangapur Road,14793,so2,µg/m³,2021-03-01,6.05,20.0073285,73.7762427,check_required
5592,Gangapur Road,14793,so2,µg/m³,2021-03-02,5.25,20.0073285,73.7762427,check_required
5592,Gangapur Road,14793,so2,µg/m³,2021-03-03,2.01,20.0073285,73.7762427,check_required
5592,Gangapur Road,14793,so2,µg/m³,2021-03-04,8.52,20.0073285,73.7762427,check_required
5592,Gangapur Road,14793,so2,µg/m³,2021-03-05,6.78,20.0073285,73.7762427,check_required
5592,Gangapur Road,14793,so2,µg/m³,2021-03-06,13.5,20.0073285,73.7762427,check_required
5592,Gangapur Road,14793,so2,µg/m³,2021-03-07,2.63,20.0073285,73.7762427,check_required
5592,Gangapur Road,14793,so2,µg/m³,2021-03-08,3.98,20.0073285,73.7762427,check_required
5592,Gangapur Road,14793,so2,µg/m³,2021-03-13,5.98,20.0073285,73.7762427,check_required
5592,Gangapur Road,14793,so2,µg/m³,2021-03-14,2.81,20.0073285,73.7762427,check_required
5592,Gangapur Road,14793,so2,µg/m³,2021-03-17,7.94,20.0073285,73.7762427,check_required
5592,Gangapur Road,14793,so2,µg/m³,2021-03-18,4.07,20.0073285,73.7762427,check_required
5592,Gangapur Road,14793,so2,µg/m³,2021-03-19,9.99,20.0073285,73.7762427,check_required
5592,Gangapur Road,14793,so2,µg/m³,2021-03-20,19.6,20.0073285,73.7762427,check_required
5592,Gangapur Road,14793,so2,µg/m³,2021-03-21,5.55,20.0073285,73.7762427,check_required
5592,Gangapur Road,14793,so2,µg/m³,2021-03-22,5.37,20.0073285,73.7762427,check_required
5592,Gangapur Road,14793,so2,µg/m³,2021-03-23,8.44,20.0073285,73.7762427,check_required
5592,Gangapur Road,14793,so2,µg/m³,2021-03-24,2.79,20.0073285,73.7762427,check_required
5592,Gangapur Road,14793,so2,µg/m³,2021-03-25,3.96,20.0073285,73.7762427,check_required
5592,Gangapur Road,14793,so2,µg/m³,2021-03-26,6.6,20.0073285,73.7762427,check_required
5592,Gangapur Road,14793,so2,µg/m³,2021-03-28,7.62,20.0073285,73.7762427,check_required
5592,Gangapur Road,14793,so2,µg/m³,2021-03-29,4.01,20.0073285,73.7762427,check_required
5592,Gangapur Road,14793,so2,µg/m³,2021-04-07,7.16,20.0073285,73.7762427,check_required
5592,Gangapur Road,14793,so2,µg/m³,2021-04-08,2.67,20.0073285,73.7762427,check_required
5592,Gangapur Road,14793,so2,µg/m³,2021-04-09,4.69,20.0073285,73.7762427,check_required
5592,Gangapur Road,14793,so2,µg/m³,2021-04-13,3.34,20.0073285,73.7762427,check_required
5592,Gangapur Road,14793,so2,µg/m³,2021-04-15,4.14,20.0073285,73.7762427,check_required
5592,Gangapur Road,14793,so2,µg/m³,2021-04-20,3.15,20.0073285,73.7762427,check_required
5592,Gangapur Road,14793,so2,µg/m³,2021-04-22,2.64,20.0073285,73.7762427,check_required
5592,Gangapur Road,14793,so2,µg/m³,2021-04-23,3.25,20.0073285,73.7762427,check_required
5592,Gangapur Road,14793,so2,µg/m³,2021-05-05,3.04,20.0073285,73.7762427,check_required
5592,Gangapur Road,14793,so2,µg/m³,2021-05-10,1.68,20.0073285,73.7762427,check_required
5592,Gangapur Road,14793,so2,µg/m³,2021-05-12,2.56,20.0073285,73.7762427,check_required
5592,Gangapur Road,14793,so2,µg/m³,2021-05-13,1.61,20.0073285,73.7762427,check_required
5592,Gangapur Road,14793,so2,µg/m³,2021-05-15,16.2,20.0073285,73.7762427,check_required
5592,Gangapur Road,14793,so2,µg/m³,2021-05-17,1.39,20.0073285,73.7762427,check_required
5592,Gangapur Road,14793,so2,µg/m³,2021-05-19,0.85,20.0073285,73.7762427,check_required
5592,Gangapur Road,14793,so2,µg/m³,2021-05-20,1.82,20.0073285,73.7762427,check_required
5592,Gangapur Road,14793,so2,µg/m³,2021-05-25,1.31,20.0073285,73.7762427,check_required
5592,Gangapur Road,14793,so2,µg/m³,2021-06-01,1.91,20.0073285,73.7762427,check_required
5592,Gangapur Road,14793,so2,µg/m³,2021-06-02,0.63,20.0073285,73.7762427,check_required
5592,Gangapur Road,14793,so2,µg/m³,2021-06-03,0.48,20.0073285,73.7762427,check_required
5592,Gangapur Road,14793,so2,µg/m³,2021-06-04,1.35,20.0073285,73.7762427,check_required
5592,Gangapur Road,14793,so2,µg/m³,2021-06-06,1.17,20.0073285,73.7762427,check_required
5592,Gangapur Road,14793,so2,µg/m³,2021-06-07,1.07,20.0073285,73.7762427,check_required
5592,Gangapur Road,14793,so2,µg/m³,2021-06-08,0.58,20.0073285,73.7762427,check_required
5592,Gangapur Road,14793,so2,µg/m³,2021-06-20,0.33,20.0073285,73.7762427,check_required
5592,Gangapur Road,14793,so2,µg/m³,2021-06-24,0.29,20.0073285,73.7762427,check_required
5592,Gangapur Road,14793,so2,µg/m³,2021-06-26,1.54,20.0073285,73.7762427,check_required
5592,Gangapur Road,14793,so2,µg/m³,2021-06-27,1.84,20.0073285,73.7762427,check_required
5592,Gangapur Road,14793,so2,µg/m³,2021-06-28,327.0,20.0073285,73.7762427,high_value_review
5592,Gangapur Road,14793,so2,µg/m³,2021-06-29,1.28,20.0073285,73.7762427,check_required
5592,Gangapur Road,14793,so2,µg/m³,2021-07-01,0.72,20.0073285,73.7762427,check_required
5592,Gangapur Road,14793,so2,µg/m³,2021-07-04,1.88,20.0073285,73.7762427,check_required
5592,Gangapur Road,14793,so2,µg/m³,2021-07-06,0.98,20.0073285,73.7762427,check_required
5592,Gangapur Road,14793,so2,µg/m³,2021-07-08,0.537,20.0073285,73.7762427,check_required
5592,Gangapur Road,14793,so2,µg/m³,2021-07-09,0.947,20.0073285,73.7762427,check_required
5592,Gangapur Road,14793,so2,µg/m³,2021-07-15,0.6,20.0073285,73.7762427,check_required
5592,Gangapur Road,14793,so2,µg/m³,2021-07-18,0.899,20.0073285,73.7762427,check_required
5592,Gangapur Road,14793,so2,µg/m³,2021-07-19,0.503,20.0073285,73.7762427,check_required
5592,Gangapur Road,14793,so2,µg/m³,2021-07-20,1.05,20.0073285,73.7762427,check_required
5592,Gangapur Road,14793,so2,µg/m³,2021-07-21,0.57,20.0073285,73.7762427,check_required
5592,Gangapur Road,14793,so2,µg/m³,2021-07-22,0.985,20.0073285,73.7762427,check_required
5592,Gangapur Road,14793,so2,µg/m³,2021-07-23,0.699,20.0073285,73.7762427,check_required
5592,Gangapur Road,14793,so2,µg/m³,2021-07-24,0.01,20.0073285,73.7762427,check_required
5592,Gangapur Road,14793,so2,µg/m³,2021-07-25,0.809,20.0073285,73.7762427,check_required
5592,Gangapur Road,14793,so2,µg/m³,2021-08-25,0.09,20.0073285,73.7762427,check_required
5592,Gangapur Road,14793,so2,µg/m³,2021-09-01,1.5,20.0073285,73.7762427,check_required
5592,Gangapur Road,14793,so2,µg/m³,2021-09-02,1.08,20.0073285,73.7762427,check_required
5592,Gangapur Road,14793,so2,µg/m³,2021-09-03,0.13,20.0073285,73.7762427,check_required
5592,Gangapur Road,14793,so2,µg/m³,2021-09-08,0.2,20.0073285,73.7762427,check_required
5592,Gangapur Road,14793,so2,µg/m³,2021-09-09,1.36,20.0073285,73.7762427,check_required
5592,Gangapur Road,14793,so2,µg/m³,2021-09-11,0.778,20.0073285,73.7762427,check_required
5592,Gangapur Road,14793,so2,µg/m³,2021-09-12,1.14,20.0073285,73.7762427,check_required
5592,Gangapur Road,14793,so2,µg/m³,2021-09-13,0.72,20.0073285,73.7762427,check_required
5592,Gangapur Road,14793,so2,µg/m³,2021-09-14,1.62,20.0073285,73.7762427,check_required
5592,Gangapur Road,14793,so2,µg/m³,2021-09-15,1.07,20.0073285,73.7762427,check_required
5592,Gangapur Road,14793,so2,µg/m³,2021-09-16,0.85,20.0073285,73.7762427,check_required
5592,Gangapur Road,14793,so2,µg/m³,2021-09-17,1.28,20.0073285,73.7762427,check_required
5592,Gangapur Road,14793,so2,µg/m³,2021-09-18,0.867,20.0073285,73.7762427,check_required
5592,Gangapur Road,14793,so2,µg/m³,2021-09-19,0.851,20.0073285,73.7762427,check_required
5592,Gangapur Road,14793,so2,µg/m³,2021-09-20,1.23,20.0073285,73.7762427,check_required
5592,Gangapur Road,14793,so2,µg/m³,2021-09-21,0.824,20.0073285,73.7762427,check_required
5592,Gangapur Road,14793,so2,µg/m³,2021-09-22,0.918,20.0073285,73.7762427,check_required
5592,Gangapur Road,14793,so2,µg/m³,2021-09-23,0.57,20.0073285,73.7762427,check_required
5592,Gangapur Road,14793,so2,µg/m³,2021-09-24,1.28,20.0073285,73.7762427,check_required
5592,Gangapur Road,14793,so2,µg/m³,2021-09-25,1.09,20.0073285,73.7762427,check_required
5592,Gangapur Road,14793,so2,µg/m³,2021-09-26,1.17,20.0073285,73.7762427,check_required
5592,Gangapur Road,14793,so2,µg/m³,2021-09-27,0.991,20.0073285,73.7762427,check_required
5592,Gangapur Road,14793,so2,µg/m³,2021-09-28,1.05,20.0073285,73.7762427,check_required
5592,Gangapur Road,14793,so2,µg/m³,2021-09-29,0.936,20.0073285,73.7762427,check_required
5592,Gangapur Road,14793,so2,µg/m³,2021-09-30,1.06,20.0073285,73.7762427,check_required
5592,Gangapur Road,14793,so2,µg/m³,2021-10-13,0.906,20.0073285,73.7762427,check_required
5592,Gangapur Road,14793,so2,µg/m³,2021-10-14,0.991,20.0073285,73.7762427,check_required
5592,Gangapur Road,14793,so2,µg/m³,2021-10-15,1.15,20.0073285,73.7762427,check_required
5592,Gangapur Road,14793,so2,µg/m³,2021-10-16,0.804,20.0073285,73.7762427,check_required
5592,Gangapur Road,14793,so2,µg/m³,2021-10-17,0.837,20.0073285,73.7762427,check_required
5592,Gangapur Road,14793,so2,µg/m³,2021-10-18,1.25,20.0073285,73.7762427,check_required
5592,Gangapur Road,14793,so2,µg/m³,2021-10-19,1.27,20.0073285,73.7762427,check_required
5592,Gangapur Road,14793,so2,µg/m³,2021-10-20,1.17,20.0073285,73.7762427,check_required
5592,Gangapur Road,14793,so2,µg/m³,2021-10-21,1.2,20.0073285,73.7762427,check_required
5592,Gangapur Road,14793,so2,µg/m³,2021-10-22,1.0,20.0073285,73.7762427,check_required
5592,Gangapur Road,14793,so2,µg/m³,2021-10-23,1.45,20.0073285,73.7762427,check_required
5592,Gangapur Road,14793,so2,µg/m³,2021-10-24,1.01,20.0073285,73.7762427,check_required
5592,Gangapur Road,14793,so2,µg/m³,2021-10-25,0.899,20.0073285,73.7762427,check_required
5592,Gangapur Road,14793,so2,µg/m³,2021-10-26,1.24,20.0073285,73.7762427,check_required
5592,Gangapur Road,14793,so2,µg/m³,2021-10-27,6.6,20.0073285,73.7762427,check_required
5592,Gangapur Road,14793,so2,µg/m³,2021-10-28,0.938,20.0073285,73.7762427,check_required
5592,Gangapur Road,14793,so2,µg/m³,2021-10-29,0.731,20.0073285,73.7762427,check_required
5592,Gangapur Road,14793,so2,µg/m³,2021-10-30,1.99,20.0073285,73.7762427,check_required
5592,Gangapur Road,14793,so2,µg/m³,2021-10-31,1.55,20.0073285,73.7762427,check_required
5592,Gangapur Road,14793,so2,µg/m³,2021-11-01,2.09,20.0073285,73.7762427,check_required
5592,Gangapur Road,14793,so2,µg/m³,2021-11-02,1.03,20.0073285,73.7762427,check_required
5592,Gangapur Road,14793,so2,µg/m³,2021-11-03,1.75,20.0073285,73.7762427,check_required
5592,Gangapur Road,14793,so2,µg/m³,2021-11-04,1.02,20.0073285,73.7762427,check_required
5592,Gangapur Road,14793,so2,µg/m³,2021-11-05,1.11,20.0073285,73.7762427,check_required
5592,Gangapur Road,14793,so2,µg/m³,2021-11-06,0.947,20.0073285,73.7762427,check_required
5592,Gangapur Road,14793,so2,µg/m³,2021-11-07,1.05,20.0073285,73.7762427,check_required
5592,Gangapur Road,14793,so2,µg/m³,2021-11-08,2.03,20.0073285,73.7762427,check_required
5592,Gangapur Road,14793,so2,µg/m³,2021-11-09,2.94,20.0073285,73.7762427,check_required
5592,Gangapur Road,14793,so2,µg/m³,2021-11-10,2.23,20.0073285,73.7762427,check_required
5592,Gangapur Road,14793,so2,µg/m³,2021-11-11,1.85,20.0073285,73.7762427,check_required
5592,Gangapur Road,14793,so2,µg/m³,2021-11-12,2.32,20.0073285,73.7762427,check_required
5592,Gangapur Road,14793,so2,µg/m³,2021-11-13,0.83,20.0073285,73.7762427,check_required
5592,Gangapur Road,14793,so2,µg/m³,2021-11-14,0.999,20.0073285,73.7762427,check_required
5592,Gangapur Road,14793,so2,µg/m³,2021-11-15,0.887,20.0073285,73.7762427,check_required
5592,Gangapur Road,14793,so2,µg/m³,2021-11-16,0.563,20.0073285,73.7762427,check_required
5592,Gangapur Road,14793,so2,µg/m³,2021-11-17,1.07,20.0073285,73.7762427,check_required
5592,Gangapur Road,14793,so2,µg/m³,2021-11-18,0.997,20.0073285,73.7762427,check_required
5592,Gangapur Road,14793,so2,µg/m³,2021-11-19,0.835,20.0073285,73.7762427,check_required
5592,Gangapur Road,14793,so2,µg/m³,2021-11-20,0.827,20.0073285,73.7762427,check_required
5592,Gangapur Road,14793,so2,µg/m³,2021-11-21,0.87,20.0073285,73.7762427,check_required
5592,Gangapur Road,14793,so2,µg/m³,2021-11-22,0.723,20.0073285,73.7762427,check_required
5592,Gangapur Road,14793,so2,µg/m³,2021-11-23,0.851,20.0073285,73.7762427,check_required
5592,Gangapur Road,14793,so2,µg/m³,2021-11-24,0.819,20.0073285,73.7762427,check_required
5592,Gangapur Road,14793,so2,µg/m³,2021-11-25,0.762,20.0073285,73.7762427,check_required
5592,Gangapur Road,14793,so2,µg/m³,2021-11-26,1.25,20.0073285,73.7762427,check_required
5592,Gangapur Road,14793,so2,µg/m³,2021-11-27,3.42,20.0073285,73.7762427,check_required
5592,Gangapur Road,14793,so2,µg/m³,2021-11-28,1.44,20.0073285,73.7762427,check_required
5592,Gangapur Road,14793,so2,µg/m³,2021-11-29,12.5,20.0073285,73.7762427,check_required
5592,Gangapur Road,14793,so2,µg/m³,2021-11-30,6.13,20.0073285,73.7762427,check_required
5592,Gangapur Road,14793,so2,µg/m³,2021-12-01,2.41,20.0073285,73.7762427,check_required
5592,Gangapur Road,14793,so2,µg/m³,2021-12-02,1.33,20.0073285,73.7762427,check_required
5592,Gangapur Road,14793,so2,µg/m³,2021-12-03,1.1,20.0073285,73.7762427,check_required
5592,Gangapur Road,14793,so2,µg/m³,2021-12-04,1.4,20.0073285,73.7762427,check_required
5592,Gangapur Road,14793,so2,µg/m³,2021-12-05,1.48,20.0073285,73.7762427,check_required
5592,Gangapur Road,14793,so2,µg/m³,2021-12-06,2.0,20.0073285,73.7762427,check_required
5592,Gangapur Road,14793,so2,µg/m³,2021-12-07,1.55,20.0073285,73.7762427,check_required
5592,Gangapur Road,14793,so2,µg/m³,2021-12-08,1.09,20.0073285,73.7762427,check_required
5592,Gangapur Road,14793,so2,µg/m³,2021-12-09,1.54,20.0073285,73.7762427,check_required
5592,Gangapur Road,14793,so2,µg/m³,2021-12-10,2.05,20.0073285,73.7762427,check_required
5592,Gangapur Road,14793,so2,µg/m³,2021-12-11,1.82,20.0073285,73.7762427,check_required
5592,Gangapur Road,14793,so2,µg/m³,2021-12-12,3.48,20.0073285,73.7762427,check_required
5592,Gangapur Road,14793,so2,µg/m³,2021-12-13,4.32,20.0073285,73.7762427,check_required
5592,Gangapur Road,14793,so2,µg/m³,2021-12-14,2.12,20.0073285,73.7762427,check_required
5592,Gangapur Road,14793,so2,µg/m³,2021-12-15,1.74,20.0073285,73.7762427,check_required
5592,Gangapur Road,14793,so2,µg/m³,2021-12-16,2.1,20.0073285,73.7762427,check_required
5592,Gangapur Road,14793,so2,µg/m³,2021-12-17,2.17,20.0073285,73.7762427,check_required
5592,Gangapur Road,14793,so2,µg/m³,2021-12-18,3.87,20.0073285,73.7762427,check_required
5592,Gangapur Road,14793,so2,µg/m³,2021-12-19,6.35,20.0073285,73.7762427,check_required
5592,Gangapur Road,14793,so2,µg/m³,2021-12-20,6.34,20.0073285,73.7762427,check_required
5592,Gangapur Road,14793,so2,µg/m³,2021-12-22,4.2,20.0073285,73.7762427,check_required
5592,Gangapur Road,14793,so2,µg/m³,2021-12-23,2.83,20.0073285,73.7762427,check_required
5592,Gangapur Road,14793,so2,µg/m³,2021-12-24,3.63,20.0073285,73.7762427,check_required
5592,Gangapur Road,14793,so2,µg/m³,2021-12-25,1.82,20.0073285,73.7762427,check_required
5592,Gangapur Road,14793,so2,µg/m³,2021-12-26,2.91,20.0073285,73.7762427,check_required
5592,Gangapur Road,14793,so2,µg/m³,2021-12-27,3.18,20.0073285,73.7762427,check_required
5592,Gangapur Road,14793,so2,µg/m³,2021-12-28,0.473,20.0073285,73.7762427,check_required
5592,Gangapur Road,14793,so2,µg/m³,2021-12-29,5.62,20.0073285,73.7762427,check_required
5592,Gangapur Road,14793,so2,µg/m³,2021-12-30,5.91,20.0073285,73.7762427,check_required
5592,Gangapur Road,14793,so2,µg/m³,2021-12-31,3.1,20.0073285,73.7762427,check_required
5592,Gangapur Road,14793,so2,µg/m³,2022-01-01,5.53,20.0073285,73.7762427,check_required
5592,Gangapur Road,14793,so2,µg/m³,2022-01-02,3.92,20.0073285,73.7762427,check_required
5592,Gangapur Road,14793,so2,µg/m³,2022-01-03,2.7,20.0073285,73.7762427,check_required
5592,Gangapur Road,14793,so2,µg/m³,2022-01-04,24.6,20.0073285,73.7762427,check_required
5592,Gangapur Road,14793,so2,µg/m³,2022-01-05,4.38,20.0073285,73.7762427,check_required
5592,Gangapur Road,14793,so2,µg/m³,2022-01-06,2.6,20.0073285,73.7762427,check_required
5592,Gangapur Road,14793,so2,µg/m³,2022-01-07,2.17,20.0073285,73.7762427,check_required
5592,Gangapur Road,14793,so2,µg/m³,2022-01-08,1.25,20.0073285,73.7762427,check_required
5592,Gangapur Road,14793,so2,µg/m³,2022-01-09,2.45,20.0073285,73.7762427,check_required
5592,Gangapur Road,14793,so2,µg/m³,2022-01-10,5.63,20.0073285,73.7762427,check_required
5592,Gangapur Road,14793,so2,µg/m³,2022-01-11,4.18,20.0073285,73.7762427,check_required
5592,Gangapur Road,14793,so2,µg/m³,2022-01-12,6.73,20.0073285,73.7762427,check_required
5592,Gangapur Road,14793,so2,µg/m³,2022-01-13,4.39,20.0073285,73.7762427,check_required
5592,Gangapur Road,14793,so2,µg/m³,2022-01-14,4.69,20.0073285,73.7762427,check_required
5592,Gangapur Road,14793,so2,µg/m³,2022-01-15,7.93,20.0073285,73.7762427,check_required
5592,Gangapur Road,14793,so2,µg/m³,2022-01-16,8.64,20.0073285,73.7762427,check_required
5592,Gangapur Road,14793,so2,µg/m³,2022-01-17,3.92,20.0073285,73.7762427,check_required
5592,Gangapur Road,14793,so2,µg/m³,2022-01-18,7.83,20.0073285,73.7762427,check_required
5592,Gangapur Road,14793,so2,µg/m³,2022-01-19,2.02,20.0073285,73.7762427,check_required
5592,Gangapur Road,14793,so2,µg/m³,2022-01-20,4.26,20.0073285,73.7762427,check_required
5592,Gangapur Road,14793,so2,µg/m³,2022-01-21,0.935,20.0073285,73.7762427,check_required
5592,Gangapur Road,14793,so2,µg/m³,2022-01-22,1.51,20.0073285,73.7762427,check_required
5592,Gangapur Road,14793,so2,µg/m³,2022-01-23,1.65,20.0073285,73.7762427,check_required
5592,Gangapur Road,14793,so2,µg/m³,2022-01-24,2.43,20.0073285,73.7762427,check_required
5592,Gangapur Road,14793,so2,µg/m³,2022-01-25,3.05,20.0073285,73.7762427,check_required
5592,Gangapur Road,14793,so2,µg/m³,2022-01-26,17.2,20.0073285,73.7762427,check_required
5592,Gangapur Road,14793,so2,µg/m³,2022-01-28,9.67,20.0073285,73.7762427,check_required
5592,Gangapur Road,14793,so2,µg/m³,2022-01-29,13.7,20.0073285,73.7762427,check_required
5592,Gangapur Road,14793,so2,µg/m³,2022-02-02,4.2,20.0073285,73.7762427,check_required
5592,Gangapur Road,14793,so2,µg/m³,2022-02-03,2.39,20.0073285,73.7762427,check_required
5592,Gangapur Road,14793,so2,µg/m³,2022-02-04,2.38,20.0073285,73.7762427,check_required
5592,Gangapur Road,14793,so2,µg/m³,2022-02-05,1.54,20.0073285,73.7762427,check_required
5592,Gangapur Road,14793,so2,µg/m³,2022-03-25,11.9,20.0073285,73.7762427,check_required
5592,Gangapur Road,14793,so2,µg/m³,2022-03-26,12.8,20.0073285,73.7762427,check_required
5592,Gangapur Road,14793,so2,µg/m³,2022-03-27,5.94,20.0073285,73.7762427,check_required
5592,Gangapur Road,14793,so2,µg/m³,2022-03-28,0.61,20.0073285,73.7762427,check_required
5592,Gangapur Road,14793,so2,µg/m³,2022-03-29,3.89,20.0073285,73.7762427,check_required
5592,Gangapur Road,14793,so2,µg/m³,2022-04-01,3.56,20.0073285,73.7762427,check_required
5592,Gangapur Road,14793,so2,µg/m³,2022-04-02,1.73,20.0073285,73.7762427,check_required
5592,Gangapur Road,14793,so2,µg/m³,2022-04-04,2.05,20.0073285,73.7762427,check_required
5592,Gangapur Road,14793,so2,µg/m³,2022-04-05,33.6,20.0073285,73.7762427,check_required
5592,Gangapur Road,14793,so2,µg/m³,2022-04-06,3.04,20.0073285,73.7762427,check_required
5592,Gangapur Road,14793,so2,µg/m³,2022-04-07,5.72,20.0073285,73.7762427,check_required
5592,Gangapur Road,14793,so2,µg/m³,2022-04-08,3.61,20.0073285,73.7762427,check_required
5592,Gangapur Road,14793,so2,µg/m³,2022-04-09,1.99,20.0073285,73.7762427,check_required
5592,Gangapur Road,14793,so2,µg/m³,2022-04-10,2.77,20.0073285,73.7762427,check_required
5592,Gangapur Road,14793,so2,µg/m³,2022-04-11,5.37,20.0073285,73.7762427,check_required
5592,Gangapur Road,14793,so2,µg/m³,2022-04-12,4.18,20.0073285,73.7762427,check_required
5592,Gangapur Road,14793,so2,µg/m³,2022-04-13,5.14,20.0073285,73.7762427,check_required
5592,Gangapur Road,14793,so2,µg/m³,2022-04-14,4.53,20.0073285,73.7762427,check_required
5592,Gangapur Road,14793,so2,µg/m³,2022-04-15,3.54,20.0073285,73.7762427,check_required
5592,Gangapur Road,14793,so2,µg/m³,2022-04-18,2.2,20.0073285,73.7762427,check_required
5592,Gangapur Road,14793,so2,µg/m³,2022-04-19,0.525,20.0073285,73.7762427,check_required
5592,Gangapur Road,14793,so2,µg/m³,2022-04-20,6.54,20.0073285,73.7762427,check_required
5592,Gangapur Road,14793,so2,µg/m³,2022-04-21,2.94,20.0073285,73.7762427,check_required
5592,Gangapur Road,14793,so2,µg/m³,2022-04-22,13.5,20.0073285,73.7762427,check_required
5592,Gangapur Road,14793,so2,µg/m³,2022-04-23,10.3,20.0073285,73.7762427,check_required
5592,Gangapur Road,14793,so2,µg/m³,2022-04-25,6.81,20.0073285,73.7762427,check_required
5592,Gangapur Road,14793,so2,µg/m³,2022-04-26,4.36,20.0073285,73.7762427,check_required
5592,Gangapur Road,14793,so2,µg/m³,2022-04-28,7.57,20.0073285,73.7762427,check_required
5592,Gangapur Road,14793,so2,µg/m³,2022-04-29,5.0,20.0073285,73.7762427,check_required
5592,Gangapur Road,14793,so2,µg/m³,2022-04-30,2.36,20.0073285,73.7762427,check_required
5592,Gangapur Road,14793,so2,µg/m³,2022-05-01,1.94,20.0073285,73.7762427,check_required
5592,Gangapur Road,14793,so2,µg/m³,2022-05-05,0.395,20.0073285,73.7762427,check_required
5592,Gangapur Road,14793,so2,µg/m³,2022-05-06,4.17,20.0073285,73.7762427,check_required
5592,Gangapur Road,14793,so2,µg/m³,2022-05-07,2.57,20.0073285,73.7762427,check_required
5592,Gangapur Road,14793,so2,µg/m³,2022-05-08,2.52,20.0073285,73.7762427,check_required
5592,Gangapur Road,14793,so2,µg/m³,2022-05-09,4.11,20.0073285,73.7762427,check_required
5592,Gangapur Road,14793,so2,µg/m³,2022-05-10,4.31,20.0073285,73.7762427,check_required
5592,Gangapur Road,14793,so2,µg/m³,2022-05-11,0.99,20.0073285,73.7762427,check_required
5592,Gangapur Road,14793,so2,µg/m³,2022-05-12,1.81,20.0073285,73.7762427,check_required
5592,Gangapur Road,14793,so2,µg/m³,2022-05-15,1.45,20.0073285,73.7762427,check_required
5592,Gangapur Road,14793,so2,µg/m³,2022-05-16,2.19,20.0073285,73.7762427,check_required
5592,Gangapur Road,14793,so2,µg/m³,2022-05-17,0.96,20.0073285,73.7762427,check_required
5592,Gangapur Road,14793,so2,µg/m³,2022-05-18,6.4,20.0073285,73.7762427,check_required
5592,Gangapur Road,14793,so2,µg/m³,2022-05-20,2.19,20.0073285,73.7762427,check_required
5592,Gangapur Road,14793,so2,µg/m³,2022-05-21,0.95,20.0073285,73.7762427,check_required
5592,Gangapur Road,14793,so2,µg/m³,2022-05-23,1.84,20.0073285,73.7762427,check_required
5592,Gangapur Road,14793,so2,µg/m³,2022-05-24,3.11,20.0073285,73.7762427,check_required
5592,Gangapur Road,14793,so2,µg/m³,2022-05-25,1.2,20.0073285,73.7762427,check_required
5592,Gangapur Road,14793,so2,µg/m³,2022-05-26,0.06,20.0073285,73.7762427,check_required
5592,Gangapur Road,14793,so2,µg/m³,2022-05-28,0.89,20.0073285,73.7762427,check_required
5592,Gangapur Road,14793,so2,µg/m³,2022-05-29,1.91,20.0073285,73.7762427,check_required
5592,Gangapur Road,14793,so2,µg/m³,2022-06-03,2.32,20.0073285,73.7762427,check_required
5592,Gangapur Road,14793,so2,µg/m³,2022-06-04,2.3,20.0073285,73.7762427,check_required
5592,Gangapur Road,14793,so2,µg/m³,2022-06-09,5.51,20.0073285,73.7762427,check_required
5592,Gangapur Road,14793,so2,µg/m³,2022-06-10,1.66,20.0073285,73.7762427,check_required
5592,Gangapur Road,14793,so2,µg/m³,2022-06-13,1.15,20.0073285,73.7762427,check_required
5592,Gangapur Road,14793,so2,µg/m³,2022-06-14,0.757,20.0073285,73.7762427,check_required
5592,Gangapur Road,14793,so2,µg/m³,2022-06-15,3.89,20.0073285,73.7762427,check_required
5592,Gangapur Road,14793,so2,µg/m³,2022-06-18,2.41,20.0073285,73.7762427,check_required
5592,Gangapur Road,14793,so2,µg/m³,2022-06-19,2.13,20.0073285,73.7762427,check_required
5592,Gangapur Road,14793,so2,µg/m³,2022-06-20,1.91,20.0073285,73.7762427,check_required
5592,Gangapur Road,14793,so2,µg/m³,2022-06-21,1.24,20.0073285,73.7762427,check_required
5592,Gangapur Road,14793,so2,µg/m³,2022-06-22,1.45,20.0073285,73.7762427,check_required
5592,Gangapur Road,14793,so2,µg/m³,2022-07-05,1.41,20.0073285,73.7762427,check_required
5592,Gangapur Road,14793,so2,µg/m³,2022-07-08,2.33,20.0073285,73.7762427,check_required
5592,Gangapur Road,14793,so2,µg/m³,2022-07-09,0.52,20.0073285,73.7762427,check_required
5592,Gangapur Road,14793,so2,µg/m³,2022-07-10,0.11,20.0073285,73.7762427,check_required
5592,Gangapur Road,14793,so2,µg/m³,2022-07-11,0.09,20.0073285,73.7762427,check_required
5592,Gangapur Road,14793,so2,µg/m³,2022-07-13,0.57,20.0073285,73.7762427,check_required
5592,Gangapur Road,14793,so2,µg/m³,2022-07-14,0.39,20.0073285,73.7762427,check_required
5592,Gangapur Road,14793,so2,µg/m³,2022-07-15,2.03,20.0073285,73.7762427,check_required
5592,Gangapur Road,14793,so2,µg/m³,2022-07-18,3.08,20.0073285,73.7762427,check_required
5592,Gangapur Road,14793,so2,µg/m³,2022-07-19,0.75,20.0073285,73.7762427,check_required
5592,Gangapur Road,14793,so2,µg/m³,2022-07-20,1.87,20.0073285,73.7762427,check_required
5592,Gangapur Road,14793,so2,µg/m³,2022-07-21,3.86,20.0073285,73.7762427,check_required
5592,Gangapur Road,14793,so2,µg/m³,2022-07-22,1.21,20.0073285,73.7762427,check_required
5592,Gangapur Road,14793,so2,µg/m³,2022-07-23,0.849,20.0073285,73.7762427,check_required
5592,Gangapur Road,14793,so2,µg/m³,2022-07-24,0.978,20.0073285,73.7762427,check_required
5592,Gangapur Road,14793,so2,µg/m³,2022-07-25,1.07,20.0073285,73.7762427,check_required
5592,Gangapur Road,14793,so2,µg/m³,2022-07-26,1.98,20.0073285,73.7762427,check_required
5592,Gangapur Road,14793,so2,µg/m³,2022-07-27,3.48,20.0073285,73.7762427,check_required
5592,Gangapur Road,14793,so2,µg/m³,2022-07-28,0.885,20.0073285,73.7762427,check_required
5592,Gangapur Road,14793,so2,µg/m³,2022-07-29,1.85,20.0073285,73.7762427,check_required
5592,Gangapur Road,14793,so2,µg/m³,2022-07-30,0.755,20.0073285,73.7762427,check_required
5592,Gangapur Road,14793,so2,µg/m³,2022-07-31,0.331,20.0073285,73.7762427,check_required
5592,Gangapur Road,14793,so2,µg/m³,2022-08-02,0.06,20.0073285,73.7762427,check_required
5592,Gangapur Road,14793,so2,µg/m³,2022-08-03,3.52,20.0073285,73.7762427,check_required
5592,Gangapur Road,14793,so2,µg/m³,2022-09-13,4.94,20.0073285,73.7762427,check_required
5592,Gangapur Road,14793,so2,µg/m³,2022-09-14,4.16,20.0073285,73.7762427,check_required
5592,Gangapur Road,14793,so2,µg/m³,2022-09-15,4.65,20.0073285,73.7762427,check_required
5592,Gangapur Road,14793,so2,µg/m³,2022-09-16,13.4,20.0073285,73.7762427,check_required
5592,Gangapur Road,14793,so2,µg/m³,2022-09-17,7.73,20.0073285,73.7762427,check_required
5592,Gangapur Road,14793,so2,µg/m³,2022-09-18,4.86,20.0073285,73.7762427,check_required
5592,Gangapur Road,14793,so2,µg/m³,2022-09-20,3.15,20.0073285,73.7762427,check_required
5592,Gangapur Road,14793,so2,µg/m³,2022-09-21,10.3,20.0073285,73.7762427,check_required
5592,Gangapur Road,14793,so2,µg/m³,2022-09-22,6.78,20.0073285,73.7762427,check_required
5592,Gangapur Road,14793,so2,µg/m³,2022-09-23,6.67,20.0073285,73.7762427,check_required
5592,Gangapur Road,14793,so2,µg/m³,2022-09-24,20.7,20.0073285,73.7762427,check_required
5592,Gangapur Road,14793,so2,µg/m³,2022-09-25,4.02,20.0073285,73.7762427,check_required
5592,Gangapur Road,14793,so2,µg/m³,2022-09-26,7.18,20.0073285,73.7762427,check_required
5592,Gangapur Road,14793,so2,µg/m³,2022-09-27,6.59,20.0073285,73.7762427,check_required
5592,Gangapur Road,14793,so2,µg/m³,2022-09-28,6.86,20.0073285,73.7762427,check_required
5592,Gangapur Road,14793,so2,µg/m³,2022-09-29,10.0,20.0073285,73.7762427,check_required
5592,Gangapur Road,14793,so2,µg/m³,2022-09-30,8.35,20.0073285,73.7762427,check_required
5592,Gangapur Road,14793,so2,µg/m³,2022-10-01,11.0,20.0073285,73.7762427,check_required
5592,Gangapur Road,14793,so2,µg/m³,2022-10-02,5.79,20.0073285,73.7762427,check_required
5592,Gangapur Road,14793,so2,µg/m³,2022-10-03,10.6,20.0073285,73.7762427,check_required
5592,Gangapur Road,14793,so2,µg/m³,2022-10-04,16.3,20.0073285,73.7762427,check_required
5592,Gangapur Road,14793,so2,µg/m³,2022-10-05,7.03,20.0073285,73.7762427,check_required
5592,Gangapur Road,14793,so2,µg/m³,2022-10-06,10.5,20.0073285,73.7762427,check_required
5592,Gangapur Road,14793,so2,µg/m³,2022-10-07,11.7,20.0073285,73.7762427,check_required
5592,Gangapur Road,14793,so2,µg/m³,2022-10-08,5.97,20.0073285,73.7762427,check_required
5592,Gangapur Road,14793,so2,µg/m³,2022-10-09,5.61,20.0073285,73.7762427,check_required
5592,Gangapur Road,14793,so2,µg/m³,2022-10-10,6.26,20.0073285,73.7762427,check_required
5592,Gangapur Road,14793,so2,µg/m³,2022-10-11,8.26,20.0073285,73.7762427,check_required
5592,Gangapur Road,14793,so2,µg/m³,2022-10-12,5.88,20.0073285,73.7762427,check_required
5592,Gangapur Road,14793,so2,µg/m³,2022-10-13,7.11,20.0073285,73.7762427,check_required
5592,Gangapur Road,14793,so2,µg/m³,2022-10-14,1.16,20.0073285,73.7762427,check_required
5592,Gangapur Road,14793,so2,µg/m³,2022-10-15,14.0,20.0073285,73.7762427,check_required
5592,Gangapur Road,14793,so2,µg/m³,2022-10-16,0.966,20.0073285,73.7762427,check_required
5592,Gangapur Road,14793,so2,µg/m³,2022-10-31,3.17,20.0073285,73.7762427,check_required
5592,Gangapur Road,12235637,so2,ppb,2025-02-19,6.04,20.0073285,73.7762427,check_required
5592,Gangapur Road,12235637,so2,ppb,2025-02-20,8.02,20.0073285,73.7762427,check_required
5592,Gangapur Road,12235637,so2,ppb,2025-02-21,16.6,20.0073285,73.7762427,check_required
5592,Gangapur Road,12235637,so2,ppb,2025-02-22,32.1,20.0073285,73.7762427,check_required
5592,Gangapur Road,12235637,so2,ppb,2025-02-23,20.6,20.0073285,73.7762427,check_required
5592,Gangapur Road,12235637,so2,ppb,2025-02-24,15.1,20.0073285,73.7762427,check_required
5592,Gangapur Road,12235637,so2,ppb,2025-02-25,19.5,20.0073285,73.7762427,check_required
5592,Gangapur Road,12235637,so2,ppb,2025-02-26,9.3,20.0073285,73.7762427,check_required
5592,Gangapur Road,12235637,so2,ppb,2025-02-27,7.3,20.0073285,73.7762427,check_required
5592,Gangapur Road,12235637,so2,ppb,2025-02-28,5.23,20.0073285,73.7762427,check_required
5592,Gangapur Road,12235637,so2,ppb,2025-03-01,4.43,20.0073285,73.7762427,check_required
5592,Gangapur Road,12235637,so2,ppb,2025-03-02,6.5,20.0073285,73.7762427,check_required
5592,Gangapur Road,12235637,so2,ppb,2025-03-03,11.7,20.0073285,73.7762427,check_required
5592,Gangapur Road,12235637,so2,ppb,2025-03-04,3.1,20.0073285,73.7762427,check_required
5592,Gangapur Road,12235637,so2,ppb,2025-03-05,4.07,20.0073285,73.7762427,check_required
5592,Gangapur Road,12235637,so2,ppb,2025-03-06,16.5,20.0073285,73.7762427,check_required
5592,Gangapur Road,12235637,so2,ppb,2025-03-07,5.4,20.0073285,73.7762427,check_required
5592,Gangapur Road,12235637,so2,ppb,2025-03-08,4.87,20.0073285,73.7762427,check_required
5592,Gangapur Road,12235637,so2,ppb,2025-03-09,5.12,20.0073285,73.7762427,check_required
5592,Gangapur Road,12235637,so2,ppb,2025-03-10,2.55,20.0073285,73.7762427,check_required
5592,Gangapur Road,12235637,so2,ppb,2025-03-12,4.02,20.0073285,73.7762427,check_required
5592,Gangapur Road,12235637,so2,ppb,2025-03-13,4.06,20.0073285,73.7762427,check_required
5592,Gangapur Road,12235637,so2,ppb,2025-03-14,5.89,20.0073285,73.7762427,check_required
5592,Gangapur Road,12235637,so2,ppb,2025-03-15,3.99,20.0073285,73.7762427,check_required
5592,Gangapur Road,12235637,so2,ppb,2025-03-17,4.56,20.0073285,73.7762427,check_required
5592,Gangapur Road,12235637,so2,ppb,2025-03-18,4.66,20.0073285,73.7762427,check_required
5592,Gangapur Road,12235637,so2,ppb,2025-03-19,4.48,20.0073285,73.7762427,check_required
5592,Gangapur Road,12235637,so2,ppb,2025-03-20,5.03,20.0073285,73.7762427,check_required
5592,Gangapur Road,12235637,so2,ppb,2025-03-21,4.42,20.0073285,73.7762427,check_required
5592,Gangapur Road,12235637,so2,ppb,2025-03-22,5.22,20.0073285,73.7762427,check_required
5592,Gangapur Road,12235637,so2,ppb,2025-03-23,5.26,20.0073285,73.7762427,check_required
5592,Gangapur Road,12235637,so2,ppb,2025-03-24,5.55,20.0073285,73.7762427,check_required
5592,Gangapur Road,12235637,so2,ppb,2025-03-25,10.3,20.0073285,73.7762427,check_required
5592,Gangapur Road,12235637,so2,ppb,2025-03-26,5.96,20.0073285,73.7762427,check_required
5592,Gangapur Road,12235637,so2,ppb,2025-03-27,4.25,20.0073285,73.7762427,check_required
5592,Gangapur Road,12235637,so2,ppb,2025-03-28,6.47,20.0073285,73.7762427,check_required
5592,Gangapur Road,12235637,so2,ppb,2025-03-29,15.2,20.0073285,73.7762427,check_required
5592,Gangapur Road,12235637,so2,ppb,2025-03-30,12.0,20.0073285,73.7762427,check_required
5592,Gangapur Road,12235637,so2,ppb,2025-03-31,7.69,20.0073285,73.7762427,check_required
5592,Gangapur Road,12235637,so2,ppb,2025-04-01,7.17,20.0073285,73.7762427,check_required
5592,Gangapur Road,12235637,so2,ppb,2025-04-02,6.7,20.0073285,73.7762427,check_required
5592,Gangapur Road,12235637,so2,ppb,2025-04-03,4.44,20.0073285,73.7762427,check_required
5592,Gangapur Road,12235637,so2,ppb,2025-04-04,7.21,20.0073285,73.7762427,check_required
5592,Gangapur Road,12235637,so2,ppb,2025-04-05,7.71,20.0073285,73.7762427,check_required
5592,Gangapur Road,12235637,so2,ppb,2025-04-06,5.93,20.0073285,73.7762427,check_required
5592,Gangapur Road,12235637,so2,ppb,2025-04-07,5.79,20.0073285,73.7762427,check_required
5592,Gangapur Road,12235637,so2,ppb,2025-04-08,7.74,20.0073285,73.7762427,check_required
5592,Gangapur Road,12235637,so2,ppb,2025-04-09,6.95,20.0073285,73.7762427,check_required
5592,Gangapur Road,12235637,so2,ppb,2025-04-11,5.4,20.0073285,73.7762427,check_required
5592,Gangapur Road,12235637,so2,ppb,2025-04-12,4.01,20.0073285,73.7762427,check_required
5592,Gangapur Road,12235637,so2,ppb,2025-04-13,4.5,20.0073285,73.7762427,check_required
5592,Gangapur Road,12235637,so2,ppb,2025-04-14,3.86,20.0073285,73.7762427,check_required
5592,Gangapur Road,12235637,so2,ppb,2025-04-15,6.32,20.0073285,73.7762427,check_required
5592,Gangapur Road,12235637,so2,ppb,2025-04-16,5.23,20.0073285,73.7762427,check_required
5592,Gangapur Road,12235637,so2,ppb,2025-04-17,3.97,20.0073285,73.7762427,check_required
5592,Gangapur Road,12235637,so2,ppb,2025-04-18,4.75,20.0073285,73.7762427,check_required
5592,Gangapur Road,12235637,so2,ppb,2025-04-19,5.34,20.0073285,73.7762427,check_required
5592,Gangapur Road,12235637,so2,ppb,2025-04-20,5.15,20.0073285,73.7762427,check_required
5592,Gangapur Road,12235637,so2,ppb,2025-04-21,5.05,20.0073285,73.7762427,check_required
5592,Gangapur Road,12235637,so2,ppb,2025-04-22,6.13,20.0073285,73.7762427,check_required
5592,Gangapur Road,12235637,so2,ppb,2025-04-23,5.54,20.0073285,73.7762427,check_required
5592,Gangapur Road,12235637,so2,ppb,2025-04-24,9.06,20.0073285,73.7762427,check_required
5592,Gangapur Road,12235637,so2,ppb,2025-04-25,6.27,20.0073285,73.7762427,check_required
5592,Gangapur Road,12235637,so2,ppb,2025-04-26,8.09,20.0073285,73.7762427,check_required
5592,Gangapur Road,12235637,so2,ppb,2025-04-27,4.86,20.0073285,73.7762427,check_required
5592,Gangapur Road,12235637,so2,ppb,2025-04-28,5.86,20.0073285,73.7762427,check_required
5592,Gangapur Road,12235637,so2,ppb,2025-04-29,5.83,20.0073285,73.7762427,check_required
5592,Gangapur Road,12235637,so2,ppb,2025-04-30,4.61,20.0073285,73.7762427,check_required
5592,Gangapur Road,12235637,so2,ppb,2025-05-01,4.15,20.0073285,73.7762427,check_required
5592,Gangapur Road,12235637,so2,ppb,2025-05-06,5.18,20.0073285,73.7762427,check_required
5592,Gangapur Road,12235637,so2,ppb,2025-05-07,4.97,20.0073285,73.7762427,check_required
5592,Gangapur Road,12235637,so2,ppb,2025-05-08,4.29,20.0073285,73.7762427,check_required
5592,Gangapur Road,12235637,so2,ppb,2025-05-09,4.41,20.0073285,73.7762427,check_required
5592,Gangapur Road,12235637,so2,ppb,2025-05-10,3.92,20.0073285,73.7762427,check_required
5592,Gangapur Road,12235637,so2,ppb,2025-05-11,5.06,20.0073285,73.7762427,check_required
5592,Gangapur Road,12235637,so2,ppb,2025-05-12,3.59,20.0073285,73.7762427,check_required
5592,Gangapur Road,12235637,so2,ppb,2025-05-13,1.29,20.0073285,73.7762427,check_required
5592,Gangapur Road,12235637,so2,ppb,2025-05-14,2.55,20.0073285,73.7762427,check_required
5592,Gangapur Road,12235637,so2,ppb,2025-05-15,4.57,20.0073285,73.7762427,check_required
5592,Gangapur Road,12235637,so2,ppb,2025-05-16,9.84,20.0073285,73.7762427,check_required
5592,Gangapur Road,12235637,so2,ppb,2025-05-17,6.17,20.0073285,73.7762427,check_required
5592,Gangapur Road,12235637,so2,ppb,2025-05-18,4.02,20.0073285,73.7762427,check_required
5592,Gangapur Road,12235637,so2,ppb,2025-05-19,4.16,20.0073285,73.7762427,check_required
5592,Gangapur Road,12235637,so2,ppb,2025-05-20,4.34,20.0073285,73.7762427,check_required
5592,Gangapur Road,12235637,so2,ppb,2025-05-21,4.12,20.0073285,73.7762427,check_required
5592,Gangapur Road,12235637,so2,ppb,2025-05-22,4.82,20.0073285,73.7762427,check_required
5592,Gangapur Road,12235637,so2,ppb,2025-05-23,4.68,20.0073285,73.7762427,check_required
5592,Gangapur Road,12235637,so2,ppb,2025-05-24,4.06,20.0073285,73.7762427,check_required
5592,Gangapur Road,12235637,so2,ppb,2025-05-25,3.74,20.0073285,73.7762427,check_required
5592,Gangapur Road,12235637,so2,ppb,2025-05-26,4.33,20.0073285,73.7762427,check_required
5592,Gangapur Road,12235637,so2,ppb,2025-05-27,4.03,20.0073285,73.7762427,check_required
5592,Gangapur Road,12235637,so2,ppb,2025-05-28,4.4,20.0073285,73.7762427,check_required
5592,Gangapur Road,12235637,so2,ppb,2025-05-29,4.18,20.0073285,73.7762427,check_required
5592,Gangapur Road,12235637,so2,ppb,2025-05-30,3.89,20.0073285,73.7762427,check_required
5592,Gangapur Road,12235637,so2,ppb,2025-05-31,6.27,20.0073285,73.7762427,check_required
5592,Gangapur Road,12235637,so2,ppb,2025-06-01,3.75,20.0073285,73.7762427,check_required
5592,Gangapur Road,12235637,so2,ppb,2025-06-02,4.16,20.0073285,73.7762427,check_required
5592,Gangapur Road,12235637,so2,ppb,2025-06-03,4.32,20.0073285,73.7762427,check_required
5592,Gangapur Road,12235637,so2,ppb,2025-06-04,3.67,20.0073285,73.7762427,check_required
5592,Gangapur Road,12235637,so2,ppb,2025-06-05,4.68,20.0073285,73.7762427,check_required
5592,Gangapur Road,12235637,so2,ppb,2025-06-06,4.42,20.0073285,73.7762427,check_required
5592,Gangapur Road,12235637,so2,ppb,2025-06-07,4.7,20.0073285,73.7762427,check_required
5592,Gangapur Road,12235637,so2,ppb,2025-06-08,4.2,20.0073285,73.7762427,check_required
5592,Gangapur Road,12235637,so2,ppb,2025-06-09,4.27,20.0073285,73.7762427,check_required
5592,Gangapur Road,12235637,so2,ppb,2025-06-10,4.89,20.0073285,73.7762427,check_required
5592,Gangapur Road,12235637,so2,ppb,2025-06-11,7.12,20.0073285,73.7762427,check_required
5592,Gangapur Road,12235637,so2,ppb,2025-06-12,4.55,20.0073285,73.7762427,check_required
5592,Gangapur Road,12235637,so2,ppb,2025-06-13,7.17,20.0073285,73.7762427,check_required
5592,Gangapur Road,12235637,so2,ppb,2025-06-14,4.12,20.0073285,73.7762427,check_required
5592,Gangapur Road,12235637,so2,ppb,2025-06-15,4.3,20.0073285,73.7762427,check_required
5592,Gangapur Road,12235637,so2,ppb,2025-06-16,4.7,20.0073285,73.7762427,check_required
5592,Gangapur Road,12235637,so2,ppb,2025-06-17,4.1,20.0073285,73.7762427,check_required
5592,Gangapur Road,12235637,so2,ppb,2025-06-18,4.08,20.0073285,73.7762427,check_required
5592,Gangapur Road,12235637,so2,ppb,2025-06-19,4.07,20.0073285,73.7762427,check_required
5592,Gangapur Road,12235637,so2,ppb,2025-06-20,4.79,20.0073285,73.7762427,check_required
5592,Gangapur Road,12235637,so2,ppb,2025-06-21,4.91,20.0073285,73.7762427,check_required
5592,Gangapur Road,12235637,so2,ppb,2025-06-22,4.79,20.0073285,73.7762427,check_required
5592,Gangapur Road,12235637,so2,ppb,2025-06-23,4.99,20.0073285,73.7762427,check_required
5592,Gangapur Road,12235637,so2,ppb,2025-06-24,4.3,20.0073285,73.7762427,check_required
5592,Gangapur Road,12235637,so2,ppb,2025-06-25,3.47,20.0073285,73.7762427,check_required
5592,Gangapur Road,12235637,so2,ppb,2025-06-26,4.17,20.0073285,73.7762427,check_required
5592,Gangapur Road,12235637,so2,ppb,2025-06-27,4.4,20.0073285,73.7762427,check_required
5592,Gangapur Road,12235637,so2,ppb,2025-06-28,4.22,20.0073285,73.7762427,check_required
5592,Gangapur Road,12235637,so2,ppb,2025-06-29,7.16,20.0073285,73.7762427,check_required
5592,Gangapur Road,12235637,so2,ppb,2025-06-30,3.49,20.0073285,73.7762427,check_required
5592,Gangapur Road,12235637,so2,ppb,2025-07-01,2.27,20.0073285,73.7762427,check_required
5592,Gangapur Road,12235637,so2,ppb,2025-07-02,3.06,20.0073285,73.7762427,check_required
5592,Gangapur Road,12235637,so2,ppb,2025-07-03,4.96,20.0073285,73.7762427,check_required
5592,Gangapur Road,12235637,so2,ppb,2025-07-04,4.29,20.0073285,73.7762427,check_required
5592,Gangapur Road,12235637,so2,ppb,2025-07-05,4.24,20.0073285,73.7762427,check_required
5592,Gangapur Road,12235637,so2,ppb,2025-07-06,4.25,20.0073285,73.7762427,check_required
5592,Gangapur Road,12235637,so2,ppb,2025-07-07,4.3,20.0073285,73.7762427,check_required
5592,Gangapur Road,12235637,so2,ppb,2025-07-08,4.04,20.0073285,73.7762427,check_required
5592,Gangapur Road,12235637,so2,ppb,2025-07-09,4.22,20.0073285,73.7762427,check_required
5592,Gangapur Road,12235637,so2,ppb,2025-07-10,6.93,20.0073285,73.7762427,check_required
5592,Gangapur Road,12235637,so2,ppb,2025-07-11,4.28,20.0073285,73.7762427,check_required
5592,Gangapur Road,12235637,so2,ppb,2025-07-12,4.13,20.0073285,73.7762427,check_required
5592,Gangapur Road,12235637,so2,ppb,2025-07-13,3.93,20.0073285,73.7762427,check_required
5592,Gangapur Road,12235637,so2,ppb,2025-07-14,4.31,20.0073285,73.7762427,check_required
5592,Gangapur Road,12235637,so2,ppb,2025-07-15,4.25,20.0073285,73.7762427,check_required
5592,Gangapur Road,12235637,so2,ppb,2025-07-16,3.88,20.0073285,73.7762427,check_required
5592,Gangapur Road,12235637,so2,ppb,2025-07-17,4.34,20.0073285,73.7762427,check_required
5592,Gangapur Road,12235637,so2,ppb,2025-07-18,4.59,20.0073285,73.7762427,check_required
5592,Gangapur Road,12235637,so2,ppb,2025-07-19,4.28,20.0073285,73.7762427,check_required
5592,Gangapur Road,12235637,so2,ppb,2025-07-20,4.36,20.0073285,73.7762427,check_required
5592,Gangapur Road,12235637,so2,ppb,2025-07-21,6.16,20.0073285,73.7762427,check_required
5592,Gangapur Road,12235637,so2,ppb,2025-07-22,3.88,20.0073285,73.7762427,check_required
5592,Gangapur Road,12235637,so2,ppb,2025-07-23,4.01,20.0073285,73.7762427,check_required
5592,Gangapur Road,12235637,so2,ppb,2025-07-24,4.33,20.0073285,73.7762427,check_required
5592,Gangapur Road,12235637,so2,ppb,2025-07-25,4.5,20.0073285,73.7762427,check_required
5592,Gangapur Road,12235637,so2,ppb,2025-07-26,4.09,20.0073285,73.7762427,check_required
5592,Gangapur Road,12235637,so2,ppb,2025-07-27,3.93,20.0073285,73.7762427,check_required
5592,Gangapur Road,12235637,so2,ppb,2025-07-28,4.25,20.0073285,73.7762427,check_required
5592,Gangapur Road,12235637,so2,ppb,2025-07-29,4.5,20.0073285,73.7762427,check_required
5592,Gangapur Road,12235637,so2,ppb,2025-07-30,3.98,20.0073285,73.7762427,check_required
5592,Gangapur Road,12235637,so2,ppb,2025-07-31,4.16,20.0073285,73.7762427,check_required
5592,Gangapur Road,12235637,so2,ppb,2025-08-01,4.09,20.0073285,73.7762427,check_required
5592,Gangapur Road,12235637,so2,ppb,2025-08-02,4.5,20.0073285,73.7762427,check_required
5592,Gangapur Road,12235637,so2,ppb,2025-08-03,4.41,20.0073285,73.7762427,check_required
5592,Gangapur Road,12235637,so2,ppb,2025-08-04,8.35,20.0073285,73.7762427,check_required
5592,Gangapur Road,12235637,so2,ppb,2025-08-05,4.21,20.0073285,73.7762427,check_required
5592,Gangapur Road,12235637,so2,ppb,2025-08-06,4.24,20.0073285,73.7762427,check_required
5592,Gangapur Road,12235637,so2,ppb,2025-08-07,4.2,20.0073285,73.7762427,check_required
5592,Gangapur Road,12235637,so2,ppb,2025-08-08,3.51,20.0073285,73.7762427,check_required
5592,Gangapur Road,12235637,so2,ppb,2025-08-09,4.03,20.0073285,73.7762427,check_required
5592,Gangapur Road,12235637,so2,ppb,2025-08-10,4.86,20.0073285,73.7762427,check_required
5592,Gangapur Road,12235637,so2,ppb,2025-08-11,4.06,20.0073285,73.7762427,check_required
5592,Gangapur Road,12235637,so2,ppb,2025-08-12,4.31,20.0073285,73.7762427,check_required
5592,Gangapur Road,12235637,so2,ppb,2025-08-13,4.42,20.0073285,73.7762427,check_required
5592,Gangapur Road,12235637,so2,ppb,2025-08-14,4.05,20.0073285,73.7762427,check_required
5592,Gangapur Road,12235637,so2,ppb,2025-08-15,4.59,20.0073285,73.7762427,check_required
5592,Gangapur Road,12235637,so2,ppb,2025-08-16,3.83,20.0073285,73.7762427,check_required
5592,Gangapur Road,12235637,so2,ppb,2025-08-17,4.23,20.0073285,73.7762427,check_required
5592,Gangapur Road,12235637,so2,ppb,2025-08-18,4.52,20.0073285,73.7762427,check_required
5592,Gangapur Road,12235637,so2,ppb,2025-08-19,3.84,20.0073285,73.7762427,check_required
5592,Gangapur Road,12235637,so2,ppb,2025-08-20,6.78,20.0073285,73.7762427,check_required
5592,Gangapur Road,12235637,so2,ppb,2025-08-21,6.5,20.0073285,73.7762427,check_required
5592,Gangapur Road,12235637,so2,ppb,2025-08-22,6.36,20.0073285,73.7762427,check_required
5592,Gangapur Road,12235637,so2,ppb,2025-08-23,6.85,20.0073285,73.7762427,check_required
5592,Gangapur Road,12235637,so2,ppb,2025-08-24,6.49,20.0073285,73.7762427,check_required
5592,Gangapur Road,12235637,so2,ppb,2025-08-25,7.15,20.0073285,73.7762427,check_required
5592,Gangapur Road,12235637,so2,ppb,2025-08-26,6.97,20.0073285,73.7762427,check_required
5592,Gangapur Road,12235637,so2,ppb,2025-08-27,6.69,20.0073285,73.7762427,check_required
5592,Gangapur Road,12235637,so2,ppb,2025-08-28,6.39,20.0073285,73.7762427,check_required
5592,Gangapur Road,12235637,so2,ppb,2025-08-29,6.45,20.0073285,73.7762427,check_required
5592,Gangapur Road,12235637,so2,ppb,2025-08-30,6.84,20.0073285,73.7762427,check_required
5592,Gangapur Road,12235637,so2,ppb,2025-08-31,6.83,20.0073285,73.7762427,check_required
5592,Gangapur Road,12235637,so2,ppb,2025-09-01,7.53,20.0073285,73.7762427,check_required
5592,Gangapur Road,12235637,so2,ppb,2025-09-02,6.53,20.0073285,73.7762427,check_required
5592,Gangapur Road,12235637,so2,ppb,2025-09-03,7.62,20.0073285,73.7762427,check_required
5592,Gangapur Road,12235637,so2,ppb,2025-09-04,6.75,20.0073285,73.7762427,check_required
5592,Gangapur Road,12235637,so2,ppb,2025-09-05,5.29,20.0073285,73.7762427,check_required
5592,Gangapur Road,12235637,so2,ppb,2025-09-06,4.3,20.0073285,73.7762427,check_required
5592,Gangapur Road,12235637,so2,ppb,2025-09-07,4.06,20.0073285,73.7762427,check_required
5592,Gangapur Road,12235637,so2,ppb,2025-09-08,4.16,20.0073285,73.7762427,check_required
5592,Gangapur Road,12235637,so2,ppb,2025-09-09,3.92,20.0073285,73.7762427,check_required
5592,Gangapur Road,12235637,so2,ppb,2025-09-10,3.84,20.0073285,73.7762427,check_required
5592,Gangapur Road,12235637,so2,ppb,2025-09-11,4.89,20.0073285,73.7762427,check_required
5592,Gangapur Road,12235637,so2,ppb,2025-09-12,3.66,20.0073285,73.7762427,check_required
5592,Gangapur Road,12235637,so2,ppb,2025-09-13,4.25,20.0073285,73.7762427,check_required
5592,Gangapur Road,12235637,so2,ppb,2025-09-14,3.82,20.0073285,73.7762427,check_required
5592,Gangapur Road,12235637,so2,ppb,2025-09-15,3.69,20.0073285,73.7762427,check_required
5592,Gangapur Road,12235637,so2,ppb,2025-09-16,3.58,20.0073285,73.7762427,check_required
5592,Gangapur Road,12235637,so2,ppb,2025-09-17,16.3,20.0073285,73.7762427,check_required
5592,Gangapur Road,12235637,so2,ppb,2025-09-18,1.82,20.0073285,73.7762427,check_required
5592,Gangapur Road,12235637,so2,ppb,2025-09-19,2.48,20.0073285,73.7762427,check_required
5592,Gangapur Road,12235637,so2,ppb,2025-09-20,1.98,20.0073285,73.7762427,check_required
5592,Gangapur Road,12235637,so2,ppb,2025-09-21,1.93,20.0073285,73.7762427,check_required
5592,Gangapur Road,12235637,so2,ppb,2025-09-22,2.24,20.0073285,73.7762427,check_required
5592,Gangapur Road,12235637,so2,ppb,2025-09-23,2.31,20.0073285,73.7762427,check_required
5592,Gangapur Road,12235637,so2,ppb,2025-09-24,2.04,20.0073285,73.7762427,check_required
5592,Gangapur Road,12235637,so2,ppb,2025-09-25,1.65,20.0073285,73.7762427,check_required
5592,Gangapur Road,12235637,so2,ppb,2025-09-26,2.41,20.0073285,73.7762427,check_required
5592,Gangapur Road,12235637,so2,ppb,2025-09-27,1.81,20.0073285,73.7762427,check_required
5592,Gangapur Road,12235637,so2,ppb,2025-09-28,2.06,20.0073285,73.7762427,check_required
5592,Gangapur Road,12235637,so2,ppb,2025-09-29,1.83,20.0073285,73.7762427,check_required
5592,Gangapur Road,12235637,so2,ppb,2025-09-30,2.08,20.0073285,73.7762427,check_required
5592,Gangapur Road,12235637,so2,ppb,2025-10-01,1.99,20.0073285,73.7762427,check_required
5592,Gangapur Road,12235637,so2,ppb,2025-10-02,2.04,20.0073285,73.7762427,check_required
5592,Gangapur Road,12235637,so2,ppb,2025-10-03,2.66,20.0073285,73.7762427,check_required
5592,Gangapur Road,12235637,so2,ppb,2025-10-04,2.36,20.0073285,73.7762427,check_required
5592,Gangapur Road,12235637,so2,ppb,2025-10-05,2.17,20.0073285,73.7762427,check_required
5592,Gangapur Road,12235637,so2,ppb,2025-10-06,2.39,20.0073285,73.7762427,check_required
5592,Gangapur Road,12235637,so2,ppb,2025-10-07,2.14,20.0073285,73.7762427,check_required
5592,Gangapur Road,12235637,so2,ppb,2025-10-08,2.49,20.0073285,73.7762427,check_required
5592,Gangapur Road,12235637,so2,ppb,2025-10-09,2.49,20.0073285,73.7762427,check_required
5592,Gangapur Road,12235637,so2,ppb,2025-10-10,2.42,20.0073285,73.7762427,check_required
5592,Gangapur Road,12235637,so2,ppb,2025-10-11,2.53,20.0073285,73.7762427,check_required
5592,Gangapur Road,12235637,so2,ppb,2025-10-12,2.58,20.0073285,73.7762427,check_required
5592,Gangapur Road,12235637,so2,ppb,2025-10-13,2.46,20.0073285,73.7762427,check_required
5592,Gangapur Road,12235637,so2,ppb,2025-10-14,2.93,20.0073285,73.7762427,check_required
5592,Gangapur Road,12235637,so2,ppb,2025-10-15,3.31,20.0073285,73.7762427,check_required
5592,Gangapur Road,12235637,so2,ppb,2025-10-16,4.67,20.0073285,73.7762427,check_required
5592,Gangapur Road,12235637,so2,ppb,2025-10-17,4.49,20.0073285,73.7762427,check_required
5592,Gangapur Road,12235637,so2,ppb,2025-10-18,4.17,20.0073285,73.7762427,check_required
5592,Gangapur Road,12235637,so2,ppb,2025-10-19,4.4,20.0073285,73.7762427,check_required
5592,Gangapur Road,12235637,so2,ppb,2025-10-20,4.09,20.0073285,73.7762427,check_required
5592,Gangapur Road,12235637,so2,ppb,2025-10-21,4.07,20.0073285,73.7762427,check_required
5592,Gangapur Road,12235637,so2,ppb,2025-10-22,4.32,20.0073285,73.7762427,check_required
5592,Gangapur Road,12235637,so2,ppb,2025-10-23,4.23,20.0073285,73.7762427,check_required
5592,Gangapur Road,12235637,so2,ppb,2025-10-24,4.48,20.0073285,73.7762427,check_required
5592,Gangapur Road,12235637,so2,ppb,2025-10-25,4.35,20.0073285,73.7762427,check_required
5592,Gangapur Road,12235637,so2,ppb,2025-10-26,4.04,20.0073285,73.7762427,check_required
5592,Gangapur Road,12235637,so2,ppb,2025-10-27,4.15,20.0073285,73.7762427,check_required
5592,Gangapur Road,12235637,so2,ppb,2025-10-28,5.99,20.0073285,73.7762427,check_required
5592,Gangapur Road,12235637,so2,ppb,2025-10-29,4.42,20.0073285,73.7762427,check_required
5592,Gangapur Road,12235637,so2,ppb,2025-10-30,4.39,20.0073285,73.7762427,check_required
5592,Gangapur Road,12235637,so2,ppb,2025-10-31,4.27,20.0073285,73.7762427,check_required
5592,Gangapur Road,12235637,so2,ppb,2025-11-01,4.5,20.0073285,73.7762427,check_required
5592,Gangapur Road,12235637,so2,ppb,2025-11-02,4.0,20.0073285,73.7762427,check_required
5592,Gangapur Road,12235637,so2,ppb,2025-11-03,3.82,20.0073285,73.7762427,check_required
5592,Gangapur Road,12235637,so2,ppb,2025-11-04,4.75,20.0073285,73.7762427,check_required
5592,Gangapur Road,12235637,so2,ppb,2025-11-05,4.13,20.0073285,73.7762427,check_required
5592,Gangapur Road,12235637,so2,ppb,2025-11-06,5.1,20.0073285,73.7762427,check_required
5592,Gangapur Road,12235637,so2,ppb,2025-11-07,5.58,20.0073285,73.7762427,check_required
5592,Gangapur Road,12235637,so2,ppb,2025-11-08,6.52,20.0073285,73.7762427,check_required
5592,Gangapur Road,12235637,so2,ppb,2025-11-11,4.52,20.0073285,73.7762427,check_required
5592,Gangapur Road,12235637,so2,ppb,2025-11-12,1.77,20.0073285,73.7762427,check_required
5592,Gangapur Road,12235637,so2,ppb,2025-11-13,19.8,20.0073285,73.7762427,check_required
5592,Gangapur Road,12235637,so2,ppb,2025-11-14,7.46,20.0073285,73.7762427,check_required
5592,Gangapur Road,12235637,so2,ppb,2025-11-15,9.13,20.0073285,73.7762427,check_required
5592,Gangapur Road,12235637,so2,ppb,2025-11-16,8.19,20.0073285,73.7762427,check_required
5592,Gangapur Road,12235637,so2,ppb,2025-11-17,7.66,20.0073285,73.7762427,check_required
5592,Gangapur Road,12235637,so2,ppb,2025-11-18,9.12,20.0073285,73.7762427,check_required
5592,Gangapur Road,12235637,so2,ppb,2025-11-19,9.66,20.0073285,73.7762427,check_required
5592,Gangapur Road,12235637,so2,ppb,2025-11-20,12.5,20.0073285,73.7762427,check_required
5592,Gangapur Road,12235637,so2,ppb,2025-11-21,3.04,20.0073285,73.7762427,check_required
5592,Gangapur Road,12235637,so2,ppb,2025-11-22,-0.785,20.0073285,73.7762427,negative_value_review
5592,Gangapur Road,12235637,so2,ppb,2025-11-23,0.723,20.0073285,73.7762427,check_required
5592,Gangapur Road,12235637,so2,ppb,2025-11-24,9.31,20.0073285,73.7762427,check_required
5592,Gangapur Road,12235637,so2,ppb,2025-11-25,21.7,20.0073285,73.7762427,check_required
5592,Gangapur Road,12235637,so2,ppb,2025-11-26,22.7,20.0073285,73.7762427,check_required
5592,Gangapur Road,12235637,so2,ppb,2025-11-27,24.3,20.0073285,73.7762427,check_required
5592,Gangapur Road,12235637,so2,ppb,2025-11-28,25.7,20.0073285,73.7762427,check_required
5592,Gangapur Road,12235637,so2,ppb,2025-11-29,21.6,20.0073285,73.7762427,check_required
5592,Gangapur Road,12235637,so2,ppb,2025-11-30,21.8,20.0073285,73.7762427,check_required
5592,Gangapur Road,12235637,so2,ppb,2025-12-01,28.5,20.0073285,73.7762427,check_required
5592,Gangapur Road,12235637,so2,ppb,2025-12-02,30.7,20.0073285,73.7762427,check_required
5592,Gangapur Road,12235637,so2,ppb,2025-12-03,30.1,20.0073285,73.7762427,check_required
5592,Gangapur Road,12235637,so2,ppb,2025-12-04,11.7,20.0073285,73.7762427,check_required
5592,Gangapur Road,12235637,so2,ppb,2025-12-05,5.99,20.0073285,73.7762427,check_required
5592,Gangapur Road,12235637,so2,ppb,2025-12-06,7.77,20.0073285,73.7762427,check_required
5592,Gangapur Road,12235637,so2,ppb,2025-12-07,10.0,20.0073285,73.7762427,check_required
5592,Gangapur Road,12235637,so2,ppb,2025-12-08,9.98,20.0073285,73.7762427,check_required
5592,Gangapur Road,12235637,so2,ppb,2025-12-09,8.47,20.0073285,73.7762427,check_required
5592,Gangapur Road,12235637,so2,ppb,2025-12-10,8.14,20.0073285,73.7762427,check_required
5592,Gangapur Road,12235637,so2,ppb,2025-12-11,5.2,20.0073285,73.7762427,check_required
5592,Gangapur Road,12235637,so2,ppb,2025-12-12,7.73,20.0073285,73.7762427,check_required
5592,Gangapur Road,12235637,so2,ppb,2025-12-13,10.7,20.0073285,73.7762427,check_required
5592,Gangapur Road,12235637,so2,ppb,2025-12-14,9.93,20.0073285,73.7762427,check_required
5592,Gangapur Road,12235637,so2,ppb,2025-12-15,7.28,20.0073285,73.7762427,check_required
5592,Gangapur Road,12235637,so2,ppb,2025-12-16,3.89,20.0073285,73.7762427,check_required
5592,Gangapur Road,12235637,so2,ppb,2025-12-17,8.18,20.0073285,73.7762427,check_required
5592,Gangapur Road,12235637,so2,ppb,2025-12-18,17.5,20.0073285,73.7762427,check_required
5592,Gangapur Road,12235637,so2,ppb,2025-12-19,19.6,20.0073285,73.7762427,check_required
5592,Gangapur Road,12235637,so2,ppb,2025-12-20,5.71,20.0073285,73.7762427,check_required
5592,Gangapur Road,12235637,so2,ppb,2025-12-21,8.92,20.0073285,73.7762427,check_required
5592,Gangapur Road,12235637,so2,ppb,2025-12-22,15.4,20.0073285,73.7762427,check_required
5592,Gangapur Road,12235637,so2,ppb,2025-12-23,7.2,20.0073285,73.7762427,check_required
5592,Gangapur Road,12235637,so2,ppb,2025-12-24,12.3,20.0073285,73.7762427,check_required
5592,Gangapur Road,12235637,so2,ppb,2025-12-25,9.45,20.0073285,73.7762427,check_required
5592,Gangapur Road,12235637,so2,ppb,2025-12-26,7.35,20.0073285,73.7762427,check_required
5592,Gangapur Road,12235637,so2,ppb,2025-12-27,7.84,20.0073285,73.7762427,check_required
5592,Gangapur Road,12235637,so2,ppb,2025-12-28,,20.0073285,73.7762427,missing_value
5592,Gangapur Road,12235637,so2,ppb,2025-12-29,2.96,20.0073285,73.7762427,check_required
5592,Gangapur Road,12235637,so2,ppb,2025-12-30,1.92,20.0073285,73.7762427,check_required
5592,Gangapur Road,12235637,so2,ppb,2025-12-31,1.9,20.0073285,73.7762427,check_required
3409454,Hirawadi,12238141,so2,ppb,2025-02-19,13.0,20.021503,73.813844,check_required
3409454,Hirawadi,12238141,so2,ppb,2025-02-20,13.0,20.021503,73.813844,check_required
3409454,Hirawadi,12238141,so2,ppb,2025-02-21,19.5,20.021503,73.813844,check_required
3409454,Hirawadi,12238141,so2,ppb,2025-02-22,3.55,20.021503,73.813844,check_required
3409454,Hirawadi,12238141,so2,ppb,2025-02-23,12.4,20.021503,73.813844,check_required
3409454,Hirawadi,12238141,so2,ppb,2025-02-24,11.2,20.021503,73.813844,check_required
3409454,Hirawadi,12238141,so2,ppb,2025-02-25,19.1,20.021503,73.813844,check_required
3409454,Hirawadi,12238141,so2,ppb,2025-02-26,17.0,20.021503,73.813844,check_required
3409454,Hirawadi,12238141,so2,ppb,2025-02-27,22.0,20.021503,73.813844,check_required
3409454,Hirawadi,12238141,so2,ppb,2025-02-28,17.2,20.021503,73.813844,check_required
3409454,Hirawadi,12238141,so2,ppb,2025-03-01,12.7,20.021503,73.813844,check_required
3409454,Hirawadi,12238141,so2,ppb,2025-03-02,15.2,20.021503,73.813844,check_required
3409454,Hirawadi,12238141,so2,ppb,2025-03-03,10.8,20.021503,73.813844,check_required
3409454,Hirawadi,12238141,so2,ppb,2025-03-04,8.16,20.021503,73.813844,check_required
3409454,Hirawadi,12238141,so2,ppb,2025-03-05,11.1,20.021503,73.813844,check_required
3409454,Hirawadi,12238141,so2,ppb,2025-03-06,11.7,20.021503,73.813844,check_required
3409454,Hirawadi,12238141,so2,ppb,2025-03-07,9.28,20.021503,73.813844,check_required
3409454,Hirawadi,12238141,so2,ppb,2025-03-08,16.2,20.021503,73.813844,check_required
3409454,Hirawadi,12238141,so2,ppb,2025-03-09,21.8,20.021503,73.813844,check_required
3409454,Hirawadi,12238141,so2,ppb,2025-03-10,22.3,20.021503,73.813844,check_required
3409454,Hirawadi,12238141,so2,ppb,2025-03-11,26.1,20.021503,73.813844,check_required
3409454,Hirawadi,12238141,so2,ppb,2025-03-12,7.77,20.021503,73.813844,check_required
3409454,Hirawadi,12238141,so2,ppb,2025-03-13,10.0,20.021503,73.813844,check_required
3409454,Hirawadi,12238141,so2,ppb,2025-03-14,6.44,20.021503,73.813844,check_required
3409454,Hirawadi,12238141,so2,ppb,2025-03-15,9.4,20.021503,73.813844,check_required
3409454,Hirawadi,12238141,so2,ppb,2025-03-16,14.9,20.021503,73.813844,check_required
3409454,Hirawadi,12238141,so2,ppb,2025-03-17,10.5,20.021503,73.813844,check_required
3409454,Hirawadi,12238141,so2,ppb,2025-03-18,20.9,20.021503,73.813844,check_required
3409454,Hirawadi,12238141,so2,ppb,2025-03-19,21.7,20.021503,73.813844,check_required
3409454,Hirawadi,12238141,so2,ppb,2025-03-20,16.6,20.021503,73.813844,check_required
3409454,Hirawadi,12238141,so2,ppb,2025-03-21,16.0,20.021503,73.813844,check_required
3409454,Hirawadi,12238141,so2,ppb,2025-03-22,18.0,20.021503,73.813844,check_required
3409454,Hirawadi,12238141,so2,ppb,2025-03-23,17.2,20.021503,73.813844,check_required
3409454,Hirawadi,12238141,so2,ppb,2025-03-24,10.3,20.021503,73.813844,check_required
3409454,Hirawadi,12238141,so2,ppb,2025-03-25,11.1,20.021503,73.813844,check_required
3409454,Hirawadi,12238141,so2,ppb,2025-03-26,13.3,20.021503,73.813844,check_required
3409454,Hirawadi,12238141,so2,ppb,2025-03-27,8.85,20.021503,73.813844,check_required
3409454,Hirawadi,12238141,so2,ppb,2025-03-28,11.6,20.021503,73.813844,check_required
3409454,Hirawadi,12238141,so2,ppb,2025-03-29,8.64,20.021503,73.813844,check_required
3409454,Hirawadi,12238141,so2,ppb,2025-03-30,15.5,20.021503,73.813844,check_required
3409454,Hirawadi,12238141,so2,ppb,2025-03-31,11.9,20.021503,73.813844,check_required
3409454,Hirawadi,12238141,so2,ppb,2025-04-01,15.5,20.021503,73.813844,check_required
3409454,Hirawadi,12238141,so2,ppb,2025-04-02,19.4,20.021503,73.813844,check_required
3409454,Hirawadi,12238141,so2,ppb,2025-04-03,6.92,20.021503,73.813844,check_required
3409454,Hirawadi,12238141,so2,ppb,2025-04-04,7.77,20.021503,73.813844,check_required
3409454,Hirawadi,12238141,so2,ppb,2025-04-05,11.6,20.021503,73.813844,check_required
3409454,Hirawadi,12238141,so2,ppb,2025-04-06,7.91,20.021503,73.813844,check_required
3409454,Hirawadi,12238141,so2,ppb,2025-04-07,14.4,20.021503,73.813844,check_required
3409454,Hirawadi,12238141,so2,ppb,2025-04-08,10.9,20.021503,73.813844,check_required
3409454,Hirawadi,12238141,so2,ppb,2025-04-09,10.4,20.021503,73.813844,check_required
3409454,Hirawadi,12238141,so2,ppb,2025-04-11,6.1,20.021503,73.813844,check_required
3409454,Hirawadi,12238141,so2,ppb,2025-04-12,10.8,20.021503,73.813844,check_required
3409454,Hirawadi,12238141,so2,ppb,2025-04-18,9.35,20.021503,73.813844,check_required
3409454,Hirawadi,12238141,so2,ppb,2025-04-19,10.2,20.021503,73.813844,check_required
3409454,Hirawadi,12238141,so2,ppb,2025-04-20,7.62,20.021503,73.813844,check_required
3409454,Hirawadi,12238141,so2,ppb,2025-04-21,8.82,20.021503,73.813844,check_required
3409454,Hirawadi,12238141,so2,ppb,2025-04-22,10.7,20.021503,73.813844,check_required
3409454,Hirawadi,12238141,so2,ppb,2025-04-23,11.6,20.021503,73.813844,check_required
3409454,Hirawadi,12238141,so2,ppb,2025-04-24,15.5,20.021503,73.813844,check_required
3409454,Hirawadi,12238141,so2,ppb,2025-04-25,9.87,20.021503,73.813844,check_required
3409454,Hirawadi,12238141,so2,ppb,2025-04-26,5.0,20.021503,73.813844,check_required
3409454,Hirawadi,12238141,so2,ppb,2025-04-27,6.94,20.021503,73.813844,check_required
3409454,Hirawadi,12238141,so2,ppb,2025-04-28,9.2,20.021503,73.813844,check_required
3409454,Hirawadi,12238141,so2,ppb,2025-04-29,6.91,20.021503,73.813844,check_required
3409454,Hirawadi,12238141,so2,ppb,2025-04-30,5.81,20.021503,73.813844,check_required
3409454,Hirawadi,12238141,so2,ppb,2025-05-01,5.06,20.021503,73.813844,check_required
3409454,Hirawadi,12238141,so2,ppb,2025-05-02,6.52,20.021503,73.813844,check_required
3409454,Hirawadi,12238141,so2,ppb,2025-05-03,7.85,20.021503,73.813844,check_required
3409454,Hirawadi,12238141,so2,ppb,2025-05-04,6.59,20.021503,73.813844,check_required
3409454,Hirawadi,12238141,so2,ppb,2025-05-05,4.7,20.021503,73.813844,check_required
3409454,Hirawadi,12238141,so2,ppb,2025-05-06,5.19,20.021503,73.813844,check_required
3409454,Hirawadi,12238141,so2,ppb,2025-05-07,20.7,20.021503,73.813844,check_required
3409454,Hirawadi,12238141,so2,ppb,2025-05-08,6.69,20.021503,73.813844,check_required
3409454,Hirawadi,12238141,so2,ppb,2025-05-09,5.56,20.021503,73.813844,check_required
3409454,Hirawadi,12238141,so2,ppb,2025-05-10,6.04,20.021503,73.813844,check_required
3409454,Hirawadi,12238141,so2,ppb,2025-05-11,4.77,20.021503,73.813844,check_required
3409454,Hirawadi,12238141,so2,ppb,2025-05-12,3.35,20.021503,73.813844,check_required
3409454,Hirawadi,12238141,so2,ppb,2025-05-13,4.24,20.021503,73.813844,check_required
3409454,Hirawadi,12238141,so2,ppb,2025-05-14,1.58,20.021503,73.813844,check_required
3409454,Hirawadi,12238141,so2,ppb,2025-05-15,1.96,20.021503,73.813844,check_required
3409454,Hirawadi,12238141,so2,ppb,2025-05-16,1.24,20.021503,73.813844,check_required
3409454,Hirawadi,12238141,so2,ppb,2025-05-17,2.04,20.021503,73.813844,check_required
3409454,Hirawadi,12238141,so2,ppb,2025-05-18,1.94,20.021503,73.813844,check_required
3409454,Hirawadi,12238141,so2,ppb,2025-05-19,2.06,20.021503,73.813844,check_required
3409454,Hirawadi,12238141,so2,ppb,2025-05-20,1.22,20.021503,73.813844,check_required
3409454,Hirawadi,12238141,so2,ppb,2025-05-21,3.0,20.021503,73.813844,check_required
3409454,Hirawadi,12238141,so2,ppb,2025-05-22,1.16,20.021503,73.813844,check_required
3409454,Hirawadi,12238141,so2,ppb,2025-05-23,1.82,20.021503,73.813844,check_required
3409454,Hirawadi,12238141,so2,ppb,2025-05-24,2.69,20.021503,73.813844,check_required
3409454,Hirawadi,12238141,so2,ppb,2025-05-25,4.23,20.021503,73.813844,check_required
3409454,Hirawadi,12238141,so2,ppb,2025-05-26,3.04,20.021503,73.813844,check_required
3409454,Hirawadi,12238141,so2,ppb,2025-05-27,3.02,20.021503,73.813844,check_required
3409454,Hirawadi,12238141,so2,ppb,2025-05-28,4.32,20.021503,73.813844,check_required
3409454,Hirawadi,12238141,so2,ppb,2025-05-29,3.24,20.021503,73.813844,check_required
3409454,Hirawadi,12238141,so2,ppb,2025-05-30,4.94,20.021503,73.813844,check_required
3409454,Hirawadi,12238141,so2,ppb,2025-05-31,4.59,20.021503,73.813844,check_required
3409454,Hirawadi,12238141,so2,ppb,2025-06-01,4.28,20.021503,73.813844,check_required
3409454,Hirawadi,12238141,so2,ppb,2025-06-02,5.78,20.021503,73.813844,check_required
3409454,Hirawadi,12238141,so2,ppb,2025-06-03,3.47,20.021503,73.813844,check_required
3409454,Hirawadi,12238141,so2,ppb,2025-06-04,7.1,20.021503,73.813844,check_required
3409454,Hirawadi,12238141,so2,ppb,2025-06-05,6.05,20.021503,73.813844,check_required
3409454,Hirawadi,12238141,so2,ppb,2025-06-06,12.9,20.021503,73.813844,check_required
3409454,Hirawadi,12238141,so2,ppb,2025-06-07,4.36,20.021503,73.813844,check_required
3409454,Hirawadi,12238141,so2,ppb,2025-06-08,4.69,20.021503,73.813844,check_required
3409454,Hirawadi,12238141,so2,ppb,2025-06-09,3.7,20.021503,73.813844,check_required
3409454,Hirawadi,12238141,so2,ppb,2025-06-10,3.01,20.021503,73.813844,check_required
3409454,Hirawadi,12238141,so2,ppb,2025-06-11,2.87,20.021503,73.813844,check_required
3409454,Hirawadi,12238141,so2,ppb,2025-06-12,2.92,20.021503,73.813844,check_required
3409454,Hirawadi,12238141,so2,ppb,2025-06-13,3.05,20.021503,73.813844,check_required
3409454,Hirawadi,12238141,so2,ppb,2025-06-14,2.05,20.021503,73.813844,check_required
3409454,Hirawadi,12238141,so2,ppb,2025-06-15,4.31,20.021503,73.813844,check_required
3409454,Hirawadi,12238141,so2,ppb,2025-06-16,2.57,20.021503,73.813844,check_required
3409454,Hirawadi,12238141,so2,ppb,2025-06-17,1.09,20.021503,73.813844,check_required
3409454,Hirawadi,12238141,so2,ppb,2025-06-18,1.62,20.021503,73.813844,check_required
3409454,Hirawadi,12238141,so2,ppb,2025-06-19,2.13,20.021503,73.813844,check_required
3409454,Hirawadi,12238141,so2,ppb,2025-06-20,2.09,20.021503,73.813844,check_required
3409454,Hirawadi,12238141,so2,ppb,2025-06-21,1.66,20.021503,73.813844,check_required
3409454,Hirawadi,12238141,so2,ppb,2025-06-22,1.71,20.021503,73.813844,check_required
3409454,Hirawadi,12238141,so2,ppb,2025-06-23,1.65,20.021503,73.813844,check_required
3409454,Hirawadi,12238141,so2,ppb,2025-06-24,2.58,20.021503,73.813844,check_required
3409454,Hirawadi,12238141,so2,ppb,2025-06-25,2.17,20.021503,73.813844,check_required
3409454,Hirawadi,12238141,so2,ppb,2025-06-26,2.51,20.021503,73.813844,check_required
3409454,Hirawadi,12238141,so2,ppb,2025-06-27,2.18,20.021503,73.813844,check_required
3409454,Hirawadi,12238141,so2,ppb,2025-06-28,2.22,20.021503,73.813844,check_required
3409454,Hirawadi,12238141,so2,ppb,2025-06-29,2.48,20.021503,73.813844,check_required
3409454,Hirawadi,12238141,so2,ppb,2025-06-30,2.89,20.021503,73.813844,check_required
3409454,Hirawadi,12238141,so2,ppb,2025-07-01,2.48,20.021503,73.813844,check_required
3409454,Hirawadi,12238141,so2,ppb,2025-07-02,4.08,20.021503,73.813844,check_required
3409454,Hirawadi,12238141,so2,ppb,2025-07-03,3.7,20.021503,73.813844,check_required
3409454,Hirawadi,12238141,so2,ppb,2025-07-04,4.37,20.021503,73.813844,check_required
3409454,Hirawadi,12238141,so2,ppb,2025-07-05,4.82,20.021503,73.813844,check_required
3409454,Hirawadi,12238141,so2,ppb,2025-07-06,4.15,20.021503,73.813844,check_required
3409454,Hirawadi,12238141,so2,ppb,2025-07-07,12.7,20.021503,73.813844,check_required
3409454,Hirawadi,12238141,so2,ppb,2025-07-08,1.17,20.021503,73.813844,check_required
3409454,Hirawadi,12238141,so2,ppb,2025-07-09,1.52,20.021503,73.813844,check_required
3409454,Hirawadi,12238141,so2,ppb,2025-07-10,1.69,20.021503,73.813844,check_required
3409454,Hirawadi,12238141,so2,ppb,2025-07-11,1.87,20.021503,73.813844,check_required
3409454,Hirawadi,12238141,so2,ppb,2025-07-12,1.78,20.021503,73.813844,check_required
3409454,Hirawadi,12238141,so2,ppb,2025-07-13,2.01,20.021503,73.813844,check_required
3409454,Hirawadi,12238141,so2,ppb,2025-07-14,1.75,20.021503,73.813844,check_required
3409454,Hirawadi,12238141,so2,ppb,2025-07-15,1.79,20.021503,73.813844,check_required
3409454,Hirawadi,12238141,so2,ppb,2025-07-16,1.78,20.021503,73.813844,check_required
3409454,Hirawadi,12238141,so2,ppb,2025-07-17,1.86,20.021503,73.813844,check_required
3409454,Hirawadi,12238141,so2,ppb,2025-07-18,2.58,20.021503,73.813844,check_required
3409454,Hirawadi,12238141,so2,ppb,2025-07-19,2.33,20.021503,73.813844,check_required
3409454,Hirawadi,12238141,so2,ppb,2025-07-20,2.62,20.021503,73.813844,check_required
3409454,Hirawadi,12238141,so2,ppb,2025-07-21,2.82,20.021503,73.813844,check_required
3409454,Hirawadi,12238141,so2,ppb,2025-07-22,2.92,20.021503,73.813844,check_required
3409454,Hirawadi,12238141,so2,ppb,2025-07-23,2.45,20.021503,73.813844,check_required
3409454,Hirawadi,12238141,so2,ppb,2025-07-24,2.7,20.021503,73.813844,check_required
3409454,Hirawadi,12238141,so2,ppb,2025-07-25,2.6,20.021503,73.813844,check_required
3409454,Hirawadi,12238141,so2,ppb,2025-07-26,2.59,20.021503,73.813844,check_required
3409454,Hirawadi,12238141,so2,ppb,2025-07-27,2.87,20.021503,73.813844,check_required
3409454,Hirawadi,12238141,so2,ppb,2025-07-28,2.55,20.021503,73.813844,check_required
3409454,Hirawadi,12238141,so2,ppb,2025-07-29,2.36,20.021503,73.813844,check_required
3409454,Hirawadi,12238141,so2,ppb,2025-07-30,2.67,20.021503,73.813844,check_required
3409454,Hirawadi,12238141,so2,ppb,2025-07-31,2.73,20.021503,73.813844,check_required
3409454,Hirawadi,12238141,so2,ppb,2025-08-01,2.48,20.021503,73.813844,check_required
3409454,Hirawadi,12238141,so2,ppb,2025-08-02,2.67,20.021503,73.813844,check_required
3409454,Hirawadi,12238141,so2,ppb,2025-08-03,2.31,20.021503,73.813844,check_required
3409454,Hirawadi,12238141,so2,ppb,2025-08-04,2.43,20.021503,73.813844,check_required
3409454,Hirawadi,12238141,so2,ppb,2025-08-05,2.95,20.021503,73.813844,check_required
3409454,Hirawadi,12238141,so2,ppb,2025-08-06,2.79,20.021503,73.813844,check_required
3409454,Hirawadi,12238141,so2,ppb,2025-08-07,21.1,20.021503,73.813844,check_required
3409454,Hirawadi,12238141,so2,ppb,2025-08-08,2.72,20.021503,73.813844,check_required
3409454,Hirawadi,12238141,so2,ppb,2025-08-09,1.94,20.021503,73.813844,check_required
3409454,Hirawadi,12238141,so2,ppb,2025-08-10,1.6,20.021503,73.813844,check_required
3409454,Hirawadi,12238141,so2,ppb,2025-08-11,1.98,20.021503,73.813844,check_required
3409454,Hirawadi,12238141,so2,ppb,2025-08-12,1.17,20.021503,73.813844,check_required
3409454,Hirawadi,12238141,so2,ppb,2025-08-13,2.34,20.021503,73.813844,check_required
3409454,Hirawadi,12238141,so2,ppb,2025-08-14,1.9,20.021503,73.813844,check_required
3409454,Hirawadi,12238141,so2,ppb,2025-08-15,1.69,20.021503,73.813844,check_required
3409454,Hirawadi,12238141,so2,ppb,2025-08-16,2.53,20.021503,73.813844,check_required
3409454,Hirawadi,12238141,so2,ppb,2025-08-17,1.97,20.021503,73.813844,check_required
3409454,Hirawadi,12238141,so2,ppb,2025-08-18,1.62,20.021503,73.813844,check_required
3409454,Hirawadi,12238141,so2,ppb,2025-08-19,1.97,20.021503,73.813844,check_required
3409454,Hirawadi,12238141,so2,ppb,2025-08-20,1.71,20.021503,73.813844,check_required
3409454,Hirawadi,12238141,so2,ppb,2025-08-21,1.26,20.021503,73.813844,check_required
3409454,Hirawadi,12238141,so2,ppb,2025-08-22,2.74,20.021503,73.813844,check_required
3409454,Hirawadi,12238141,so2,ppb,2025-08-23,2.66,20.021503,73.813844,check_required
3409454,Hirawadi,12238141,so2,ppb,2025-08-24,1.49,20.021503,73.813844,check_required
3409454,Hirawadi,12238141,so2,ppb,2025-08-25,2.88,20.021503,73.813844,check_required
3409454,Hirawadi,12238141,so2,ppb,2025-08-26,1.66,20.021503,73.813844,check_required
3409454,Hirawadi,12238141,so2,ppb,2025-08-27,2.82,20.021503,73.813844,check_required
3409454,Hirawadi,12238141,so2,ppb,2025-08-28,2.17,20.021503,73.813844,check_required
3409454,Hirawadi,12238141,so2,ppb,2025-08-29,1.78,20.021503,73.813844,check_required
3409454,Hirawadi,12238141,so2,ppb,2025-08-30,2.56,20.021503,73.813844,check_required
3409454,Hirawadi,12238141,so2,ppb,2025-08-31,1.52,20.021503,73.813844,check_required
3409454,Hirawadi,12238141,so2,ppb,2025-09-02,1.09,20.021503,73.813844,check_required
3409454,Hirawadi,12238141,so2,ppb,2025-09-04,0.995,20.021503,73.813844,check_required
3409454,Hirawadi,12238141,so2,ppb,2025-09-11,2.63,20.021503,73.813844,check_required
3409454,Hirawadi,12238141,so2,ppb,2025-09-15,3.5,20.021503,73.813844,check_required
3409454,Hirawadi,12238141,so2,ppb,2025-09-17,0.0,20.021503,73.813844,check_required
3409454,Hirawadi,12238141,so2,ppb,2025-09-18,2.81,20.021503,73.813844,check_required
3409454,Hirawadi,12238141,so2,ppb,2025-09-19,1.39,20.021503,73.813844,check_required
3409454,Hirawadi,12238141,so2,ppb,2025-09-21,2.44,20.021503,73.813844,check_required
3409454,Hirawadi,12238141,so2,ppb,2025-09-22,0.0,20.021503,73.813844,check_required
3409454,Hirawadi,12238141,so2,ppb,2025-09-23,0.13,20.021503,73.813844,check_required
3409454,Hirawadi,12238141,so2,ppb,2025-09-24,3.41,20.021503,73.813844,check_required
3409454,Hirawadi,12238141,so2,ppb,2025-09-25,2.43,20.021503,73.813844,check_required
3409454,Hirawadi,12238141,so2,ppb,2025-09-26,2.04,20.021503,73.813844,check_required
3409454,Hirawadi,12238141,so2,ppb,2025-09-27,2.25,20.021503,73.813844,check_required
3409454,Hirawadi,12238141,so2,ppb,2025-09-28,0.793,20.021503,73.813844,check_required
3409454,Hirawadi,12238141,so2,ppb,2025-09-29,0.797,20.021503,73.813844,check_required
3409454,Hirawadi,12238141,so2,ppb,2025-09-30,2.54,20.021503,73.813844,check_required
3409454,Hirawadi,12238141,so2,ppb,2025-10-01,1.36,20.021503,73.813844,check_required
3409454,Hirawadi,12238141,so2,ppb,2025-10-02,1.78,20.021503,73.813844,check_required
3409454,Hirawadi,12238141,so2,ppb,2025-10-03,0.015,20.021503,73.813844,check_required
3409454,Hirawadi,12238141,so2,ppb,2025-10-04,1.18,20.021503,73.813844,check_required
3409454,Hirawadi,12238141,so2,ppb,2025-10-05,0.225,20.021503,73.813844,check_required
3409454,Hirawadi,12238141,so2,ppb,2025-10-06,1.78,20.021503,73.813844,check_required
3409454,Hirawadi,12238141,so2,ppb,2025-10-08,6.58,20.021503,73.813844,check_required
3409454,Hirawadi,12238141,so2,ppb,2025-10-09,7.15,20.021503,73.813844,check_required
3409454,Hirawadi,12238141,so2,ppb,2025-10-10,8.52,20.021503,73.813844,check_required
3409454,Hirawadi,12238141,so2,ppb,2025-10-11,7.12,20.021503,73.813844,check_required
3409454,Hirawadi,12238141,so2,ppb,2025-10-12,8.8,20.021503,73.813844,check_required
3409454,Hirawadi,12238141,so2,ppb,2025-10-13,17.0,20.021503,73.813844,check_required
3409454,Hirawadi,12238141,so2,ppb,2025-10-14,15.7,20.021503,73.813844,check_required
3409454,Hirawadi,12238141,so2,ppb,2025-10-15,15.0,20.021503,73.813844,check_required
3409454,Hirawadi,12238141,so2,ppb,2025-10-16,23.5,20.021503,73.813844,check_required
3409454,Hirawadi,12238141,so2,ppb,2025-10-17,21.7,20.021503,73.813844,check_required
3409454,Hirawadi,12238141,so2,ppb,2025-10-18,25.0,20.021503,73.813844,check_required
3409454,Hirawadi,12238141,so2,ppb,2025-10-19,26.0,20.021503,73.813844,check_required
3409454,Hirawadi,12238141,so2,ppb,2025-10-20,28.2,20.021503,73.813844,check_required
3409454,Hirawadi,12238141,so2,ppb,2025-10-21,27.8,20.021503,73.813844,check_required
3409454,Hirawadi,12238141,so2,ppb,2025-10-22,31.3,20.021503,73.813844,check_required
3409454,Hirawadi,12238141,so2,ppb,2025-10-23,26.5,20.021503,73.813844,check_required
3409454,Hirawadi,12238141,so2,ppb,2025-10-24,27.5,20.021503,73.813844,check_required
3409454,Hirawadi,12238141,so2,ppb,2025-10-25,25.5,20.021503,73.813844,check_required
3409454,Hirawadi,12238141,so2,ppb,2025-10-27,8.93,20.021503,73.813844,check_required
3409454,Hirawadi,12238141,so2,ppb,2025-10-28,3.45,20.021503,73.813844,check_required
3409454,Hirawadi,12238141,so2,ppb,2025-10-29,15.0,20.021503,73.813844,check_required
3409454,Hirawadi,12238141,so2,ppb,2025-10-30,5.52,20.021503,73.813844,check_required
3409454,Hirawadi,12238141,so2,ppb,2025-10-31,0.675,20.021503,73.813844,check_required
3409454,Hirawadi,12238141,so2,ppb,2025-11-01,4.99,20.021503,73.813844,check_required
3409454,Hirawadi,12238141,so2,ppb,2025-11-02,4.7,20.021503,73.813844,check_required
3409454,Hirawadi,12238141,so2,ppb,2025-11-03,6.1,20.021503,73.813844,check_required
3409454,Hirawadi,12238141,so2,ppb,2025-11-04,8.44,20.021503,73.813844,check_required
3409454,Hirawadi,12238141,so2,ppb,2025-11-05,8.93,20.021503,73.813844,check_required
3409454,Hirawadi,12238141,so2,ppb,2025-11-06,10.9,20.021503,73.813844,check_required
3409454,Hirawadi,12238141,so2,ppb,2025-11-07,2.76,20.021503,73.813844,check_required
3409454,Hirawadi,12238141,so2,ppb,2025-11-08,10.7,20.021503,73.813844,check_required
3409454,Hirawadi,12238141,so2,ppb,2025-11-09,0.225,20.021503,73.813844,check_required
3409454,Hirawadi,12238141,so2,ppb,2025-11-10,0.19,20.021503,73.813844,check_required
3409454,Hirawadi,12238141,so2,ppb,2025-11-11,3.4,20.021503,73.813844,check_required
3409454,Hirawadi,12238141,so2,ppb,2025-11-12,6.99,20.021503,73.813844,check_required
3409454,Hirawadi,12238141,so2,ppb,2025-11-13,4.72,20.021503,73.813844,check_required
3409454,Hirawadi,12238141,so2,ppb,2025-11-14,20.4,20.021503,73.813844,check_required
3409454,Hirawadi,12238141,so2,ppb,2025-11-15,6.78,20.021503,73.813844,check_required
3409454,Hirawadi,12238141,so2,ppb,2025-11-16,0.32,20.021503,73.813844,check_required
3409454,Hirawadi,12238141,so2,ppb,2025-11-17,9.23,20.021503,73.813844,check_required
3409454,Hirawadi,12238141,so2,ppb,2025-11-19,2.06,20.021503,73.813844,check_required
3409454,Hirawadi,12238141,so2,ppb,2025-11-20,14.1,20.021503,73.813844,check_required
3409454,Hirawadi,12238141,so2,ppb,2025-11-21,-2.94,20.021503,73.813844,negative_value_review
3409454,Hirawadi,12238141,so2,ppb,2025-11-22,0.76,20.021503,73.813844,check_required
3409454,Hirawadi,12238141,so2,ppb,2025-11-23,2.97,20.021503,73.813844,check_required
3409454,Hirawadi,12238141,so2,ppb,2025-11-24,36.8,20.021503,73.813844,check_required
3409454,Hirawadi,12238141,so2,ppb,2025-11-25,9.32,20.021503,73.813844,check_required
3409454,Hirawadi,12238141,so2,ppb,2025-11-26,4.7,20.021503,73.813844,check_required
3409454,Hirawadi,12238141,so2,ppb,2025-11-28,2.44,20.021503,73.813844,check_required
3409454,Hirawadi,12238141,so2,ppb,2025-11-29,5.57,20.021503,73.813844,check_required
3409454,Hirawadi,12238141,so2,ppb,2025-11-30,-0.95,20.021503,73.813844,negative_value_review
3409454,Hirawadi,12238141,so2,ppb,2025-12-01,-6.37,20.021503,73.813844,negative_value_review
3409454,Hirawadi,12238141,so2,ppb,2025-12-02,7.15,20.021503,73.813844,check_required
3409454,Hirawadi,12238141,so2,ppb,2025-12-03,,20.021503,73.813844,missing_value
3409454,Hirawadi,12238141,so2,ppb,2025-12-04,2.83,20.021503,73.813844,check_required
3409454,Hirawadi,12238141,so2,ppb,2025-12-05,22.4,20.021503,73.813844,check_required
3409454,Hirawadi,12238141,so2,ppb,2025-12-06,11.8,20.021503,73.813844,check_required
3409454,Hirawadi,12238141,so2,ppb,2025-12-07,0.963,20.021503,73.813844,check_required
3409454,Hirawadi,12238141,so2,ppb,2025-12-08,4.2,20.021503,73.813844,check_required
3409454,Hirawadi,12238141,so2,ppb,2025-12-09,16.9,20.021503,73.813844,check_required
3409454,Hirawadi,12238141,so2,ppb,2025-12-10,7.17,20.021503,73.813844,check_required
3409454,Hirawadi,12238141,so2,ppb,2025-12-11,5.37,20.021503,73.813844,check_required
3409454,Hirawadi,12238141,so2,ppb,2025-12-12,1.13,20.021503,73.813844,check_required
3409454,Hirawadi,12238141,so2,ppb,2025-12-13,9.12,20.021503,73.813844,check_required
3409454,Hirawadi,12238141,so2,ppb,2025-12-14,6.18,20.021503,73.813844,check_required
3409454,Hirawadi,12238141,so2,ppb,2025-12-17,29.2,20.021503,73.813844,check_required
3409454,Hirawadi,12238141,so2,ppb,2025-12-18,17.6,20.021503,73.813844,check_required
3409454,Hirawadi,12238141,so2,ppb,2025-12-20,4.59,20.021503,73.813844,check_required
3409454,Hirawadi,12238141,so2,ppb,2025-12-21,9.82,20.021503,73.813844,check_required
3409454,Hirawadi,12238141,so2,ppb,2025-12-22,18.8,20.021503,73.813844,check_required
3409454,Hirawadi,12238141,so2,ppb,2025-12-23,11.9,20.021503,73.813844,check_required
3409454,Hirawadi,12238141,so2,ppb,2025-12-24,14.3,20.021503,73.813844,check_required
3409454,Hirawadi,12238141,so2,ppb,2025-12-25,17.3,20.021503,73.813844,check_required
3409454,Hirawadi,12238141,so2,ppb,2025-12-26,16.1,20.021503,73.813844,check_required
3409454,Hirawadi,12238141,so2,ppb,2025-12-27,31.1,20.021503,73.813844,check_required
3409454,Hirawadi,12238141,so2,ppb,2025-12-28,17.7,20.021503,73.813844,check_required
3409454,Hirawadi,12238141,so2,ppb,2025-12-29,12.9,20.021503,73.813844,check_required
3409454,Hirawadi,12238141,so2,ppb,2025-12-30,39.8,20.021503,73.813844,check_required
3409454,Hirawadi,12238141,so2,ppb,2025-12-31,14.2,20.021503,73.813844,check_required
3409453,MIDC Ambad,12238132,so2,ppb,2025-02-19,13.6,19.95022,73.73148,check_required
3409453,MIDC Ambad,12238132,so2,ppb,2025-02-20,19.0,19.95022,73.73148,check_required
3409453,MIDC Ambad,12238132,so2,ppb,2025-02-21,17.6,19.95022,73.73148,check_required
3409453,MIDC Ambad,12238132,so2,ppb,2025-02-22,16.4,19.95022,73.73148,check_required
3409453,MIDC Ambad,12238132,so2,ppb,2025-02-23,21.1,19.95022,73.73148,check_required
3409453,MIDC Ambad,12238132,so2,ppb,2025-02-24,33.7,19.95022,73.73148,check_required
3409453,MIDC Ambad,12238132,so2,ppb,2025-02-25,24.2,19.95022,73.73148,check_required
3409453,MIDC Ambad,12238132,so2,ppb,2025-02-26,24.3,19.95022,73.73148,check_required
3409453,MIDC Ambad,12238132,so2,ppb,2025-02-27,18.3,19.95022,73.73148,check_required
3409453,MIDC Ambad,12238132,so2,ppb,2025-02-28,17.0,19.95022,73.73148,check_required
3409453,MIDC Ambad,12238132,so2,ppb,2025-03-01,19.3,19.95022,73.73148,check_required
3409453,MIDC Ambad,12238132,so2,ppb,2025-03-02,14.5,19.95022,73.73148,check_required
3409453,MIDC Ambad,12238132,so2,ppb,2025-03-03,18.9,19.95022,73.73148,check_required
3409453,MIDC Ambad,12238132,so2,ppb,2025-03-04,14.3,19.95022,73.73148,check_required
3409453,MIDC Ambad,12238132,so2,ppb,2025-03-05,32.4,19.95022,73.73148,check_required
3409453,MIDC Ambad,12238132,so2,ppb,2025-03-06,17.9,19.95022,73.73148,check_required
3409453,MIDC Ambad,12238132,so2,ppb,2025-03-07,32.0,19.95022,73.73148,check_required
3409453,MIDC Ambad,12238132,so2,ppb,2025-03-08,19.6,19.95022,73.73148,check_required
3409453,MIDC Ambad,12238132,so2,ppb,2025-03-09,27.6,19.95022,73.73148,check_required
3409453,MIDC Ambad,12238132,so2,ppb,2025-03-10,11.9,19.95022,73.73148,check_required
3409453,MIDC Ambad,12238132,so2,ppb,2025-03-11,9.33,19.95022,73.73148,check_required
3409453,MIDC Ambad,12238132,so2,ppb,2025-03-12,9.2,19.95022,73.73148,check_required
3409453,MIDC Ambad,12238132,so2,ppb,2025-03-13,9.89,19.95022,73.73148,check_required
3409453,MIDC Ambad,12238132,so2,ppb,2025-03-14,9.49,19.95022,73.73148,check_required
3409453,MIDC Ambad,12238132,so2,ppb,2025-03-15,5.75,19.95022,73.73148,check_required
3409453,MIDC Ambad,12238132,so2,ppb,2025-03-16,6.0,19.95022,73.73148,check_required
3409453,MIDC Ambad,12238132,so2,ppb,2025-03-17,8.9,19.95022,73.73148,check_required
3409453,MIDC Ambad,12238132,so2,ppb,2025-03-18,9.47,19.95022,73.73148,check_required
3409453,MIDC Ambad,12238132,so2,ppb,2025-03-19,11.4,19.95022,73.73148,check_required
3409453,MIDC Ambad,12238132,so2,ppb,2025-03-20,10.1,19.95022,73.73148,check_required
3409453,MIDC Ambad,12238132,so2,ppb,2025-03-21,7.71,19.95022,73.73148,check_required
3409453,MIDC Ambad,12238132,so2,ppb,2025-03-22,7.14,19.95022,73.73148,check_required
3409453,MIDC Ambad,12238132,so2,ppb,2025-03-23,10.5,19.95022,73.73148,check_required
3409453,MIDC Ambad,12238132,so2,ppb,2025-03-24,11.6,19.95022,73.73148,check_required
3409453,MIDC Ambad,12238132,so2,ppb,2025-03-25,12.3,19.95022,73.73148,check_required
3409453,MIDC Ambad,12238132,so2,ppb,2025-03-26,10.0,19.95022,73.73148,check_required
3409453,MIDC Ambad,12238132,so2,ppb,2025-03-27,5.76,19.95022,73.73148,check_required
3409453,MIDC Ambad,12238132,so2,ppb,2025-03-28,7.82,19.95022,73.73148,check_required
3409453,MIDC Ambad,12238132,so2,ppb,2025-03-29,14.6,19.95022,73.73148,check_required
3409453,MIDC Ambad,12238132,so2,ppb,2025-03-30,12.0,19.95022,73.73148,check_required
3409453,MIDC Ambad,12238132,so2,ppb,2025-03-31,18.4,19.95022,73.73148,check_required
3409453,MIDC Ambad,12238132,so2,ppb,2025-04-01,18.1,19.95022,73.73148,check_required
3409453,MIDC Ambad,12238132,so2,ppb,2025-04-02,7.7,19.95022,73.73148,check_required
3409453,MIDC Ambad,12238132,so2,ppb,2025-04-03,2.84,19.95022,73.73148,check_required
3409453,MIDC Ambad,12238132,so2,ppb,2025-04-04,4.9,19.95022,73.73148,check_required
3409453,MIDC Ambad,12238132,so2,ppb,2025-04-05,7.56,19.95022,73.73148,check_required
3409453,MIDC Ambad,12238132,so2,ppb,2025-04-06,10.5,19.95022,73.73148,check_required
3409453,MIDC Ambad,12238132,so2,ppb,2025-04-07,11.1,19.95022,73.73148,check_required
3409453,MIDC Ambad,12238132,so2,ppb,2025-04-08,17.5,19.95022,73.73148,check_required
3409453,MIDC Ambad,12238132,so2,ppb,2025-04-09,18.7,19.95022,73.73148,check_required
3409453,MIDC Ambad,12238132,so2,ppb,2025-04-11,5.96,19.95022,73.73148,check_required
3409453,MIDC Ambad,12238132,so2,ppb,2025-04-12,3.2,19.95022,73.73148,check_required
3409453,MIDC Ambad,12238132,so2,ppb,2025-04-13,2.17,19.95022,73.73148,check_required
3409453,MIDC Ambad,12238132,so2,ppb,2025-04-14,4.94,19.95022,73.73148,check_required
3409453,MIDC Ambad,12238132,so2,ppb,2025-04-15,9.19,19.95022,73.73148,check_required
3409453,MIDC Ambad,12238132,so2,ppb,2025-04-16,7.97,19.95022,73.73148,check_required
3409453,MIDC Ambad,12238132,so2,ppb,2025-04-17,5.48,19.95022,73.73148,check_required
3409453,MIDC Ambad,12238132,so2,ppb,2025-04-18,5.11,19.95022,73.73148,check_required
3409453,MIDC Ambad,12238132,so2,ppb,2025-04-19,5.09,19.95022,73.73148,check_required
3409453,MIDC Ambad,12238132,so2,ppb,2025-04-20,5.18,19.95022,73.73148,check_required
3409453,MIDC Ambad,12238132,so2,ppb,2025-04-21,6.64,19.95022,73.73148,check_required
3409453,MIDC Ambad,12238132,so2,ppb,2025-04-22,8.21,19.95022,73.73148,check_required
3409453,MIDC Ambad,12238132,so2,ppb,2025-04-23,14.6,19.95022,73.73148,check_required
3409453,MIDC Ambad,12238132,so2,ppb,2025-04-24,11.7,19.95022,73.73148,check_required
3409453,MIDC Ambad,12238132,so2,ppb,2025-04-25,5.67,19.95022,73.73148,check_required
3409453,MIDC Ambad,12238132,so2,ppb,2025-04-26,8.17,19.95022,73.73148,check_required
3409453,MIDC Ambad,12238132,so2,ppb,2025-04-27,7.91,19.95022,73.73148,check_required
3409453,MIDC Ambad,12238132,so2,ppb,2025-04-28,9.49,19.95022,73.73148,check_required
3409453,MIDC Ambad,12238132,so2,ppb,2025-04-29,4.86,19.95022,73.73148,check_required
3409453,MIDC Ambad,12238132,so2,ppb,2025-04-30,5.31,19.95022,73.73148,check_required
3409453,MIDC Ambad,12238132,so2,ppb,2025-05-01,6.77,19.95022,73.73148,check_required
3409453,MIDC Ambad,12238132,so2,ppb,2025-05-02,6.62,19.95022,73.73148,check_required
3409453,MIDC Ambad,12238132,so2,ppb,2025-05-03,4.25,19.95022,73.73148,check_required
3409453,MIDC Ambad,12238132,so2,ppb,2025-05-04,2.96,19.95022,73.73148,check_required
3409453,MIDC Ambad,12238132,so2,ppb,2025-05-05,4.84,19.95022,73.73148,check_required
3409453,MIDC Ambad,12238132,so2,ppb,2025-05-06,4.43,19.95022,73.73148,check_required
3409453,MIDC Ambad,12238132,so2,ppb,2025-05-07,5.83,19.95022,73.73148,check_required
3409453,MIDC Ambad,12238132,so2,ppb,2025-05-08,5.06,19.95022,73.73148,check_required
3409453,MIDC Ambad,12238132,so2,ppb,2025-05-09,4.26,19.95022,73.73148,check_required
3409453,MIDC Ambad,12238132,so2,ppb,2025-05-10,3.39,19.95022,73.73148,check_required
3409453,MIDC Ambad,12238132,so2,ppb,2025-05-11,5.52,19.95022,73.73148,check_required
3409453,MIDC Ambad,12238132,so2,ppb,2025-05-12,2.62,19.95022,73.73148,check_required
3409453,MIDC Ambad,12238132,so2,ppb,2025-05-13,2.25,19.95022,73.73148,check_required
3409453,MIDC Ambad,12238132,so2,ppb,2025-05-14,3.39,19.95022,73.73148,check_required
3409453,MIDC Ambad,12238132,so2,ppb,2025-05-15,2.94,19.95022,73.73148,check_required
3409453,MIDC Ambad,12238132,so2,ppb,2025-05-16,1.39,19.95022,73.73148,check_required
3409453,MIDC Ambad,12238132,so2,ppb,2025-05-17,1.17,19.95022,73.73148,check_required
3409453,MIDC Ambad,12238132,so2,ppb,2025-05-18,0.933,19.95022,73.73148,check_required
3409453,MIDC Ambad,12238132,so2,ppb,2025-05-19,2.59,19.95022,73.73148,check_required
3409453,MIDC Ambad,12238132,so2,ppb,2025-05-20,3.27,19.95022,73.73148,check_required
3409453,MIDC Ambad,12238132,so2,ppb,2025-05-21,4.02,19.95022,73.73148,check_required
3409453,MIDC Ambad,12238132,so2,ppb,2025-05-22,2.78,19.95022,73.73148,check_required
3409453,MIDC Ambad,12238132,so2,ppb,2025-05-23,2.03,19.95022,73.73148,check_required
3409453,MIDC Ambad,12238132,so2,ppb,2025-05-24,2.05,19.95022,73.73148,check_required
3409453,MIDC Ambad,12238132,so2,ppb,2025-05-25,4.25,19.95022,73.73148,check_required
3409453,MIDC Ambad,12238132,so2,ppb,2025-05-26,3.23,19.95022,73.73148,check_required
3409453,MIDC Ambad,12238132,so2,ppb,2025-05-27,3.57,19.95022,73.73148,check_required
3409453,MIDC Ambad,12238132,so2,ppb,2025-05-28,3.75,19.95022,73.73148,check_required
3409453,MIDC Ambad,12238132,so2,ppb,2025-05-29,3.03,19.95022,73.73148,check_required
3409453,MIDC Ambad,12238132,so2,ppb,2025-05-30,3.84,19.95022,73.73148,check_required
3409453,MIDC Ambad,12238132,so2,ppb,2025-05-31,2.46,19.95022,73.73148,check_required
3409453,MIDC Ambad,12238132,so2,ppb,2025-06-01,4.16,19.95022,73.73148,check_required
3409453,MIDC Ambad,12238132,so2,ppb,2025-06-02,3.16,19.95022,73.73148,check_required
3409453,MIDC Ambad,12238132,so2,ppb,2025-06-03,4.99,19.95022,73.73148,check_required
3409453,MIDC Ambad,12238132,so2,ppb,2025-06-06,6.74,19.95022,73.73148,check_required
3409453,MIDC Ambad,12238132,so2,ppb,2025-06-07,6.27,19.95022,73.73148,check_required
3409453,MIDC Ambad,12238132,so2,ppb,2025-06-08,1.53,19.95022,73.73148,check_required
3409453,MIDC Ambad,12238132,so2,ppb,2025-06-09,1.99,19.95022,73.73148,check_required
3409453,MIDC Ambad,12238132,so2,ppb,2025-06-10,2.2,19.95022,73.73148,check_required
3409453,MIDC Ambad,12238132,so2,ppb,2025-06-11,1.71,19.95022,73.73148,check_required
3409453,MIDC Ambad,12238132,so2,ppb,2025-06-12,1.3,19.95022,73.73148,check_required
3409453,MIDC Ambad,12238132,so2,ppb,2025-06-13,2.92,19.95022,73.73148,check_required
3409453,MIDC Ambad,12238132,so2,ppb,2025-06-14,2.27,19.95022,73.73148,check_required
3409453,MIDC Ambad,12238132,so2,ppb,2025-06-15,1.43,19.95022,73.73148,check_required
3409453,MIDC Ambad,12238132,so2,ppb,2025-06-16,1.87,19.95022,73.73148,check_required
3409453,MIDC Ambad,12238132,so2,ppb,2025-06-17,1.34,19.95022,73.73148,check_required
3409453,MIDC Ambad,12238132,so2,ppb,2025-06-18,1.67,19.95022,73.73148,check_required
3409453,MIDC Ambad,12238132,so2,ppb,2025-06-19,2.13,19.95022,73.73148,check_required
3409453,MIDC Ambad,12238132,so2,ppb,2025-06-20,2.21,19.95022,73.73148,check_required
3409453,MIDC Ambad,12238132,so2,ppb,2025-06-21,2.21,19.95022,73.73148,check_required
3409453,MIDC Ambad,12238132,so2,ppb,2025-06-22,2.86,19.95022,73.73148,check_required
3409453,MIDC Ambad,12238132,so2,ppb,2025-06-23,2.84,19.95022,73.73148,check_required
3409453,MIDC Ambad,12238132,so2,ppb,2025-06-24,2.99,19.95022,73.73148,check_required
3409453,MIDC Ambad,12238132,so2,ppb,2025-06-25,2.52,19.95022,73.73148,check_required
3409453,MIDC Ambad,12238132,so2,ppb,2025-06-26,2.32,19.95022,73.73148,check_required
3409453,MIDC Ambad,12238132,so2,ppb,2025-06-27,3.0,19.95022,73.73148,check_required
3409453,MIDC Ambad,12238132,so2,ppb,2025-06-28,3.08,19.95022,73.73148,check_required
3409453,MIDC Ambad,12238132,so2,ppb,2025-06-29,3.87,19.95022,73.73148,check_required
3409453,MIDC Ambad,12238132,so2,ppb,2025-06-30,3.8,19.95022,73.73148,check_required
3409453,MIDC Ambad,12238132,so2,ppb,2025-07-01,2.69,19.95022,73.73148,check_required
3409453,MIDC Ambad,12238132,so2,ppb,2025-07-02,1.93,19.95022,73.73148,check_required
3409453,MIDC Ambad,12238132,so2,ppb,2025-07-03,3.47,19.95022,73.73148,check_required
3409453,MIDC Ambad,12238132,so2,ppb,2025-07-04,2.94,19.95022,73.73148,check_required
3409453,MIDC Ambad,12238132,so2,ppb,2025-07-05,2.43,19.95022,73.73148,check_required
3409453,MIDC Ambad,12238132,so2,ppb,2025-07-07,1.29,19.95022,73.73148,check_required
3409453,MIDC Ambad,12238132,so2,ppb,2025-07-08,5.88,19.95022,73.73148,check_required
3409453,MIDC Ambad,12238132,so2,ppb,2025-07-09,7.43,19.95022,73.73148,check_required
3409453,MIDC Ambad,12238132,so2,ppb,2025-07-10,7.72,19.95022,73.73148,check_required
3409453,MIDC Ambad,12238132,so2,ppb,2025-07-11,6.63,19.95022,73.73148,check_required
3409453,MIDC Ambad,12238132,so2,ppb,2025-07-12,5.02,19.95022,73.73148,check_required
3409453,MIDC Ambad,12238132,so2,ppb,2025-07-13,4.04,19.95022,73.73148,check_required
3409453,MIDC Ambad,12238132,so2,ppb,2025-07-14,2.91,19.95022,73.73148,check_required
3409453,MIDC Ambad,12238132,so2,ppb,2025-07-15,1.75,19.95022,73.73148,check_required
3409453,MIDC Ambad,12238132,so2,ppb,2025-07-16,4.15,19.95022,73.73148,check_required
3409453,MIDC Ambad,12238132,so2,ppb,2025-07-17,3.23,19.95022,73.73148,check_required
3409453,MIDC Ambad,12238132,so2,ppb,2025-07-19,3.38,19.95022,73.73148,check_required
3409453,MIDC Ambad,12238132,so2,ppb,2025-07-20,3.17,19.95022,73.73148,check_required
3409453,MIDC Ambad,12238132,so2,ppb,2025-07-21,3.47,19.95022,73.73148,check_required
3409453,MIDC Ambad,12238132,so2,ppb,2025-07-22,3.63,19.95022,73.73148,check_required
3409453,MIDC Ambad,12238132,so2,ppb,2025-07-23,4.18,19.95022,73.73148,check_required
3409453,MIDC Ambad,12238132,so2,ppb,2025-07-24,4.4,19.95022,73.73148,check_required
3409453,MIDC Ambad,12238132,so2,ppb,2025-07-25,3.59,19.95022,73.73148,check_required
3409453,MIDC Ambad,12238132,so2,ppb,2025-07-26,4.29,19.95022,73.73148,check_required
3409453,MIDC Ambad,12238132,so2,ppb,2025-07-27,4.04,19.95022,73.73148,check_required
3409453,MIDC Ambad,12238132,so2,ppb,2025-07-28,3.86,19.95022,73.73148,check_required
3409453,MIDC Ambad,12238132,so2,ppb,2025-07-29,4.16,19.95022,73.73148,check_required
3409453,MIDC Ambad,12238132,so2,ppb,2025-07-30,3.53,19.95022,73.73148,check_required
3409453,MIDC Ambad,12238132,so2,ppb,2025-07-31,3.83,19.95022,73.73148,check_required
3409453,MIDC Ambad,12238132,so2,ppb,2025-08-01,3.82,19.95022,73.73148,check_required
3409453,MIDC Ambad,12238132,so2,ppb,2025-08-02,3.48,19.95022,73.73148,check_required
3409453,MIDC Ambad,12238132,so2,ppb,2025-08-03,3.58,19.95022,73.73148,check_required
3409453,MIDC Ambad,12238132,so2,ppb,2025-08-04,4.25,19.95022,73.73148,check_required
3409453,MIDC Ambad,12238132,so2,ppb,2025-08-05,4.18,19.95022,73.73148,check_required
3409453,MIDC Ambad,12238132,so2,ppb,2025-08-06,2.51,19.95022,73.73148,check_required
3409453,MIDC Ambad,12238132,so2,ppb,2025-08-07,4.13,19.95022,73.73148,check_required
3409453,MIDC Ambad,12238132,so2,ppb,2025-08-08,4.23,19.95022,73.73148,check_required
3409453,MIDC Ambad,12238132,so2,ppb,2025-08-09,0.343,19.95022,73.73148,check_required
3409453,MIDC Ambad,12238132,so2,ppb,2025-08-10,0.0275,19.95022,73.73148,check_required
3409453,MIDC Ambad,12238132,so2,ppb,2025-08-11,5.06,19.95022,73.73148,check_required
3409453,MIDC Ambad,12238132,so2,ppb,2025-08-12,0.434,19.95022,73.73148,check_required
3409453,MIDC Ambad,12238132,so2,ppb,2025-08-13,0.288,19.95022,73.73148,check_required
3409453,MIDC Ambad,12238132,so2,ppb,2025-08-14,0.362,19.95022,73.73148,check_required
3409453,MIDC Ambad,12238132,so2,ppb,2025-08-15,2.36,19.95022,73.73148,check_required
3409453,MIDC Ambad,12238132,so2,ppb,2025-08-16,0.197,19.95022,73.73148,check_required
3409453,MIDC Ambad,12238132,so2,ppb,2025-08-17,0.348,19.95022,73.73148,check_required
3409453,MIDC Ambad,12238132,so2,ppb,2025-08-18,0.335,19.95022,73.73148,check_required
3409453,MIDC Ambad,12238132,so2,ppb,2025-08-19,1.88,19.95022,73.73148,check_required
3409453,MIDC Ambad,12238132,so2,ppb,2025-08-20,3.51,19.95022,73.73148,check_required
3409453,MIDC Ambad,12238132,so2,ppb,2025-08-21,3.16,19.95022,73.73148,check_required
3409453,MIDC Ambad,12238132,so2,ppb,2025-08-22,3.95,19.95022,73.73148,check_required
3409453,MIDC Ambad,12238132,so2,ppb,2025-08-23,3.79,19.95022,73.73148,check_required
3409453,MIDC Ambad,12238132,so2,ppb,2025-08-24,4.3,19.95022,73.73148,check_required
3409453,MIDC Ambad,12238132,so2,ppb,2025-08-25,3.96,19.95022,73.73148,check_required
3409453,MIDC Ambad,12238132,so2,ppb,2025-08-26,2.57,19.95022,73.73148,check_required
3409453,MIDC Ambad,12238132,so2,ppb,2025-08-27,3.08,19.95022,73.73148,check_required
3409453,MIDC Ambad,12238132,so2,ppb,2025-08-28,3.64,19.95022,73.73148,check_required
3409453,MIDC Ambad,12238132,so2,ppb,2025-08-29,3.76,19.95022,73.73148,check_required
3409453,MIDC Ambad,12238132,so2,ppb,2025-09-02,2.29,19.95022,73.73148,check_required
3409453,MIDC Ambad,12238132,so2,ppb,2025-09-03,2.93,19.95022,73.73148,check_required
3409453,MIDC Ambad,12238132,so2,ppb,2025-09-04,2.96,19.95022,73.73148,check_required
3409453,MIDC Ambad,12238132,so2,ppb,2025-09-05,3.93,19.95022,73.73148,check_required
3409453,MIDC Ambad,12238132,so2,ppb,2025-09-06,2.16,19.95022,73.73148,check_required
3409453,MIDC Ambad,12238132,so2,ppb,2025-09-07,2.24,19.95022,73.73148,check_required
3409453,MIDC Ambad,12238132,so2,ppb,2025-09-08,3.43,19.95022,73.73148,check_required
3409453,MIDC Ambad,12238132,so2,ppb,2025-09-09,4.6,19.95022,73.73148,check_required
3409453,MIDC Ambad,12238132,so2,ppb,2025-09-10,5.74,19.95022,73.73148,check_required
3409453,MIDC Ambad,12238132,so2,ppb,2025-09-11,6.48,19.95022,73.73148,check_required
3409453,MIDC Ambad,12238132,so2,ppb,2025-09-12,7.92,19.95022,73.73148,check_required
3409453,MIDC Ambad,12238132,so2,ppb,2025-09-13,7.41,19.95022,73.73148,check_required
3409453,MIDC Ambad,12238132,so2,ppb,2025-09-14,8.74,19.95022,73.73148,check_required
3409453,MIDC Ambad,12238132,so2,ppb,2025-09-15,8.06,19.95022,73.73148,check_required
3409453,MIDC Ambad,12238132,so2,ppb,2025-09-16,7.74,19.95022,73.73148,check_required
3409453,MIDC Ambad,12238132,so2,ppb,2025-09-17,7.52,19.95022,73.73148,check_required
3409453,MIDC Ambad,12238132,so2,ppb,2025-09-18,7.89,19.95022,73.73148,check_required
3409453,MIDC Ambad,12238132,so2,ppb,2025-09-19,7.75,19.95022,73.73148,check_required
3409453,MIDC Ambad,12238132,so2,ppb,2025-09-20,6.77,19.95022,73.73148,check_required
3409453,MIDC Ambad,12238132,so2,ppb,2025-09-21,6.75,19.95022,73.73148,check_required
3409453,MIDC Ambad,12238132,so2,ppb,2025-09-22,7.19,19.95022,73.73148,check_required
3409453,MIDC Ambad,12238132,so2,ppb,2025-09-23,6.2,19.95022,73.73148,check_required
3409453,MIDC Ambad,12238132,so2,ppb,2025-09-24,6.4,19.95022,73.73148,check_required
3409453,MIDC Ambad,12238132,so2,ppb,2025-09-25,7.3,19.95022,73.73148,check_required
3409453,MIDC Ambad,12238132,so2,ppb,2025-09-26,8.02,19.95022,73.73148,check_required
3409453,MIDC Ambad,12238132,so2,ppb,2025-09-27,10.2,19.95022,73.73148,check_required
3409453,MIDC Ambad,12238132,so2,ppb,2025-09-28,8.73,19.95022,73.73148,check_required
3409453,MIDC Ambad,12238132,so2,ppb,2025-09-29,9.03,19.95022,73.73148,check_required
3409453,MIDC Ambad,12238132,so2,ppb,2025-09-30,8.94,19.95022,73.73148,check_required
3409453,MIDC Ambad,12238132,so2,ppb,2025-10-01,9.26,19.95022,73.73148,check_required
3409453,MIDC Ambad,12238132,so2,ppb,2025-10-02,10.2,19.95022,73.73148,check_required
3409453,MIDC Ambad,12238132,so2,ppb,2025-10-03,10.1,19.95022,73.73148,check_required
3409453,MIDC Ambad,12238132,so2,ppb,2025-10-04,5.41,19.95022,73.73148,check_required
3409453,MIDC Ambad,12238132,so2,ppb,2025-10-05,5.16,19.95022,73.73148,check_required
3409453,MIDC Ambad,12238132,so2,ppb,2025-10-06,9.66,19.95022,73.73148,check_required
3409453,MIDC Ambad,12238132,so2,ppb,2025-10-07,5.31,19.95022,73.73148,check_required
3409453,MIDC Ambad,12238132,so2,ppb,2025-10-08,7.21,19.95022,73.73148,check_required
3409453,MIDC Ambad,12238132,so2,ppb,2025-10-09,7.19,19.95022,73.73148,check_required
3409453,MIDC Ambad,12238132,so2,ppb,2025-10-10,6.6,19.95022,73.73148,check_required
3409453,MIDC Ambad,12238132,so2,ppb,2025-10-11,6.36,19.95022,73.73148,check_required
3409453,MIDC Ambad,12238132,so2,ppb,2025-10-12,7.01,19.95022,73.73148,check_required
3409453,MIDC Ambad,12238132,so2,ppb,2025-10-13,9.35,19.95022,73.73148,check_required
3409453,MIDC Ambad,12238132,so2,ppb,2025-10-14,10.1,19.95022,73.73148,check_required
3409453,MIDC Ambad,12238132,so2,ppb,2025-10-15,11.0,19.95022,73.73148,check_required
3409453,MIDC Ambad,12238132,so2,ppb,2025-10-16,11.9,19.95022,73.73148,check_required
3409453,MIDC Ambad,12238132,so2,ppb,2025-10-17,11.3,19.95022,73.73148,check_required
3409453,MIDC Ambad,12238132,so2,ppb,2025-10-18,13.5,19.95022,73.73148,check_required
3409453,MIDC Ambad,12238132,so2,ppb,2025-10-19,12.9,19.95022,73.73148,check_required
3409453,MIDC Ambad,12238132,so2,ppb,2025-10-20,13.5,19.95022,73.73148,check_required
3409453,MIDC Ambad,12238132,so2,ppb,2025-10-21,16.8,19.95022,73.73148,check_required
3409453,MIDC Ambad,12238132,so2,ppb,2025-10-22,14.5,19.95022,73.73148,check_required
3409453,MIDC Ambad,12238132,so2,ppb,2025-10-23,13.3,19.95022,73.73148,check_required
3409453,MIDC Ambad,12238132,so2,ppb,2025-10-24,13.6,19.95022,73.73148,check_required
3409453,MIDC Ambad,12238132,so2,ppb,2025-10-25,13.5,19.95022,73.73148,check_required
3409453,MIDC Ambad,12238132,so2,ppb,2025-10-26,8.61,19.95022,73.73148,check_required
3409453,MIDC Ambad,12238132,so2,ppb,2025-10-27,2.98,19.95022,73.73148,check_required
3409453,MIDC Ambad,12238132,so2,ppb,2025-10-28,1.92,19.95022,73.73148,check_required
3409453,MIDC Ambad,12238132,so2,ppb,2025-10-29,2.28,19.95022,73.73148,check_required
3409453,MIDC Ambad,12238132,so2,ppb,2025-10-30,3.76,19.95022,73.73148,check_required
3409453,MIDC Ambad,12238132,so2,ppb,2025-10-31,4.34,19.95022,73.73148,check_required
3409453,MIDC Ambad,12238132,so2,ppb,2025-11-01,4.5,19.95022,73.73148,check_required
3409453,MIDC Ambad,12238132,so2,ppb,2025-11-02,3.17,19.95022,73.73148,check_required
3409453,MIDC Ambad,12238132,so2,ppb,2025-11-03,3.38,19.95022,73.73148,check_required
3409453,MIDC Ambad,12238132,so2,ppb,2025-11-04,4.13,19.95022,73.73148,check_required
3409453,MIDC Ambad,12238132,so2,ppb,2025-11-05,4.42,19.95022,73.73148,check_required
3409453,MIDC Ambad,12238132,so2,ppb,2025-11-06,6.29,19.95022,73.73148,check_required
3409453,MIDC Ambad,12238132,so2,ppb,2025-11-07,17.4,19.95022,73.73148,check_required
3409453,MIDC Ambad,12238132,so2,ppb,2025-11-08,5.85,19.95022,73.73148,check_required
3409453,MIDC Ambad,12238132,so2,ppb,2025-11-09,7.05,19.95022,73.73148,check_required
3409453,MIDC Ambad,12238132,so2,ppb,2025-11-10,8.92,19.95022,73.73148,check_required
3409453,MIDC Ambad,12238132,so2,ppb,2025-11-11,9.55,19.95022,73.73148,check_required
3409453,MIDC Ambad,12238132,so2,ppb,2025-11-12,11.3,19.95022,73.73148,check_required
3409453,MIDC Ambad,12238132,so2,ppb,2025-11-13,13.5,19.95022,73.73148,check_required
3409453,MIDC Ambad,12238132,so2,ppb,2025-11-14,14.3,19.95022,73.73148,check_required
3409453,MIDC Ambad,12238132,so2,ppb,2025-11-15,14.3,19.95022,73.73148,check_required
3409453,MIDC Ambad,12238132,so2,ppb,2025-11-16,15.9,19.95022,73.73148,check_required
3409453,MIDC Ambad,12238132,so2,ppb,2025-11-17,17.6,19.95022,73.73148,check_required
3409453,MIDC Ambad,12238132,so2,ppb,2025-11-18,18.3,19.95022,73.73148,check_required
3409453,MIDC Ambad,12238132,so2,ppb,2025-11-19,10.5,19.95022,73.73148,check_required
3409453,MIDC Ambad,12238132,so2,ppb,2025-11-20,6.62,19.95022,73.73148,check_required
3409453,MIDC Ambad,12238132,so2,ppb,2025-11-21,7.19,19.95022,73.73148,check_required
3409453,MIDC Ambad,12238132,so2,ppb,2025-11-22,6.57,19.95022,73.73148,check_required
3409453,MIDC Ambad,12238132,so2,ppb,2025-11-23,5.57,19.95022,73.73148,check_required
3409453,MIDC Ambad,12238132,so2,ppb,2025-11-24,7.35,19.95022,73.73148,check_required
3409453,MIDC Ambad,12238132,so2,ppb,2025-11-25,6.8,19.95022,73.73148,check_required
3409453,MIDC Ambad,12238132,so2,ppb,2025-11-26,4.49,19.95022,73.73148,check_required
3409453,MIDC Ambad,12238132,so2,ppb,2025-11-27,6.41,19.95022,73.73148,check_required
3409453,MIDC Ambad,12238132,so2,ppb,2025-11-28,6.46,19.95022,73.73148,check_required
3409453,MIDC Ambad,12238132,so2,ppb,2025-11-29,10.2,19.95022,73.73148,check_required
3409453,MIDC Ambad,12238132,so2,ppb,2025-11-30,10.3,19.95022,73.73148,check_required
3409453,MIDC Ambad,12238132,so2,ppb,2025-12-01,10.4,19.95022,73.73148,check_required
3409453,MIDC Ambad,12238132,so2,ppb,2025-12-02,12.8,19.95022,73.73148,check_required
3409453,MIDC Ambad,12238132,so2,ppb,2025-12-03,10.2,19.95022,73.73148,check_required
3409453,MIDC Ambad,12238132,so2,ppb,2025-12-04,11.1,19.95022,73.73148,check_required
3409453,MIDC Ambad,12238132,so2,ppb,2025-12-05,7.85,19.95022,73.73148,check_required
3409453,MIDC Ambad,12238132,so2,ppb,2025-12-06,9.26,19.95022,73.73148,check_required
3409453,MIDC Ambad,12238132,so2,ppb,2025-12-07,8.55,19.95022,73.73148,check_required
3409453,MIDC Ambad,12238132,so2,ppb,2025-12-08,10.4,19.95022,73.73148,check_required
3409453,MIDC Ambad,12238132,so2,ppb,2025-12-09,11.4,19.95022,73.73148,check_required
3409453,MIDC Ambad,12238132,so2,ppb,2025-12-10,9.17,19.95022,73.73148,check_required
3409453,MIDC Ambad,12238132,so2,ppb,2025-12-11,9.48,19.95022,73.73148,check_required
3409453,MIDC Ambad,12238132,so2,ppb,2025-12-12,14.2,19.95022,73.73148,check_required
3409453,MIDC Ambad,12238132,so2,ppb,2025-12-13,14.6,19.95022,73.73148,check_required
3409453,MIDC Ambad,12238132,so2,ppb,2025-12-14,13.1,19.95022,73.73148,check_required
3409453,MIDC Ambad,12238132,so2,ppb,2025-12-15,15.4,19.95022,73.73148,check_required
3409453,MIDC Ambad,12238132,so2,ppb,2025-12-16,15.3,19.95022,73.73148,check_required
3409453,MIDC Ambad,12238132,so2,ppb,2025-12-17,17.0,19.95022,73.73148,check_required
3409453,MIDC Ambad,12238132,so2,ppb,2025-12-18,14.7,19.95022,73.73148,check_required
3409453,MIDC Ambad,12238132,so2,ppb,2025-12-19,18.4,19.95022,73.73148,check_required
3409453,MIDC Ambad,12238132,so2,ppb,2025-12-20,27.5,19.95022,73.73148,check_required
3409453,MIDC Ambad,12238132,so2,ppb,2025-12-21,16.0,19.95022,73.73148,check_required
3409453,MIDC Ambad,12238132,so2,ppb,2025-12-22,18.1,19.95022,73.73148,check_required
3409453,MIDC Ambad,12238132,so2,ppb,2025-12-23,26.7,19.95022,73.73148,check_required
3409453,MIDC Ambad,12238132,so2,ppb,2025-12-24,15.7,19.95022,73.73148,check_required
3409453,MIDC Ambad,12238132,so2,ppb,2025-12-25,16.8,19.95022,73.73148,check_required
3409453,MIDC Ambad,12238132,so2,ppb,2025-12-26,19.9,19.95022,73.73148,check_required
3409453,MIDC Ambad,12238132,so2,ppb,2025-12-27,17.7,19.95022,73.73148,check_required
3409453,MIDC Ambad,12238132,so2,ppb,2025-12-28,18.5,19.95022,73.73148,check_required
3409453,MIDC Ambad,12238132,so2,ppb,2025-12-29,19.5,19.95022,73.73148,check_required
3409453,MIDC Ambad,12238132,so2,ppb,2025-12-30,18.0,19.95022,73.73148,check_required
3409453,MIDC Ambad,12238132,so2,ppb,2025-12-31,17.5,19.95022,73.73148,check_required
3409451,Pandav Nagari,12238114,so2,ppb,2025-02-19,17.1,19.9591346,73.7788008,check_required
3409451,Pandav Nagari,12238114,so2,ppb,2025-02-20,15.5,19.9591346,73.7788008,check_required
3409451,Pandav Nagari,12238114,so2,ppb,2025-02-21,8.01,19.9591346,73.7788008,check_required
3409451,Pandav Nagari,12238114,so2,ppb,2025-02-24,13.6,19.9591346,73.7788008,check_required
3409451,Pandav Nagari,12238114,so2,ppb,2025-02-25,13.7,19.9591346,73.7788008,check_required
3409451,Pandav Nagari,12238114,so2,ppb,2025-02-26,16.7,19.9591346,73.7788008,check_required
3409451,Pandav Nagari,12238114,so2,ppb,2025-02-27,10.6,19.9591346,73.7788008,check_required
3409451,Pandav Nagari,12238114,so2,ppb,2025-02-28,9.89,19.9591346,73.7788008,check_required
3409451,Pandav Nagari,12238114,so2,ppb,2025-03-01,9.88,19.9591346,73.7788008,check_required
3409451,Pandav Nagari,12238114,so2,ppb,2025-03-02,11.0,19.9591346,73.7788008,check_required
3409451,Pandav Nagari,12238114,so2,ppb,2025-03-03,51.3,19.9591346,73.7788008,check_required
3409451,Pandav Nagari,12238114,so2,ppb,2025-03-04,10.0,19.9591346,73.7788008,check_required
3409451,Pandav Nagari,12238114,so2,ppb,2025-03-05,8.72,19.9591346,73.7788008,check_required
3409451,Pandav Nagari,12238114,so2,ppb,2025-03-06,7.7,19.9591346,73.7788008,check_required
3409451,Pandav Nagari,12238114,so2,ppb,2025-03-07,97.4,19.9591346,73.7788008,check_required
3409451,Pandav Nagari,12238114,so2,ppb,2025-03-08,5.65,19.9591346,73.7788008,check_required
3409451,Pandav Nagari,12238114,so2,ppb,2025-03-09,7.86,19.9591346,73.7788008,check_required
3409451,Pandav Nagari,12238114,so2,ppb,2025-03-10,23.6,19.9591346,73.7788008,check_required
3409451,Pandav Nagari,12238114,so2,ppb,2025-03-11,15.2,19.9591346,73.7788008,check_required
3409451,Pandav Nagari,12238114,so2,ppb,2025-03-12,6.76,19.9591346,73.7788008,check_required
3409451,Pandav Nagari,12238114,so2,ppb,2025-03-13,10.2,19.9591346,73.7788008,check_required
3409451,Pandav Nagari,12238114,so2,ppb,2025-03-14,7.17,19.9591346,73.7788008,check_required
3409451,Pandav Nagari,12238114,so2,ppb,2025-03-15,3.7,19.9591346,73.7788008,check_required
3409451,Pandav Nagari,12238114,so2,ppb,2025-03-16,7.32,19.9591346,73.7788008,check_required
3409451,Pandav Nagari,12238114,so2,ppb,2025-03-17,6.65,19.9591346,73.7788008,check_required
3409451,Pandav Nagari,12238114,so2,ppb,2025-03-18,10.7,19.9591346,73.7788008,check_required
3409451,Pandav Nagari,12238114,so2,ppb,2025-03-19,10.8,19.9591346,73.7788008,check_required
3409451,Pandav Nagari,12238114,so2,ppb,2025-03-20,8.77,19.9591346,73.7788008,check_required
3409451,Pandav Nagari,12238114,so2,ppb,2025-03-21,6.52,19.9591346,73.7788008,check_required
3409451,Pandav Nagari,12238114,so2,ppb,2025-03-22,8.87,19.9591346,73.7788008,check_required
3409451,Pandav Nagari,12238114,so2,ppb,2025-03-23,10.4,19.9591346,73.7788008,check_required
3409451,Pandav Nagari,12238114,so2,ppb,2025-03-24,8.17,19.9591346,73.7788008,check_required
3409451,Pandav Nagari,12238114,so2,ppb,2025-03-25,13.0,19.9591346,73.7788008,check_required
3409451,Pandav Nagari,12238114,so2,ppb,2025-03-26,9.07,19.9591346,73.7788008,check_required
3409451,Pandav Nagari,12238114,so2,ppb,2025-03-27,5.12,19.9591346,73.7788008,check_required
3409451,Pandav Nagari,12238114,so2,ppb,2025-03-28,6.51,19.9591346,73.7788008,check_required
3409451,Pandav Nagari,12238114,so2,ppb,2025-03-29,22.0,19.9591346,73.7788008,check_required
3409451,Pandav Nagari,12238114,so2,ppb,2025-03-30,9.02,19.9591346,73.7788008,check_required
3409451,Pandav Nagari,12238114,so2,ppb,2025-03-31,16.0,19.9591346,73.7788008,check_required
3409451,Pandav Nagari,12238114,so2,ppb,2025-04-01,12.4,19.9591346,73.7788008,check_required
3409451,Pandav Nagari,12238114,so2,ppb,2025-04-02,6.42,19.9591346,73.7788008,check_required
3409451,Pandav Nagari,12238114,so2,ppb,2025-04-03,4.0,19.9591346,73.7788008,check_required
3409451,Pandav Nagari,12238114,so2,ppb,2025-04-04,11.8,19.9591346,73.7788008,check_required
3409451,Pandav Nagari,12238114,so2,ppb,2025-04-05,4.05,19.9591346,73.7788008,check_required
3409451,Pandav Nagari,12238114,so2,ppb,2025-04-06,11.1,19.9591346,73.7788008,check_required
3409451,Pandav Nagari,12238114,so2,ppb,2025-04-07,9.46,19.9591346,73.7788008,check_required
3409451,Pandav Nagari,12238114,so2,ppb,2025-04-08,13.1,19.9591346,73.7788008,check_required
3409451,Pandav Nagari,12238114,so2,ppb,2025-04-09,12.5,19.9591346,73.7788008,check_required
3409451,Pandav Nagari,12238114,so2,ppb,2025-04-12,2.94,19.9591346,73.7788008,check_required
3409451,Pandav Nagari,12238114,so2,ppb,2025-04-13,2.72,19.9591346,73.7788008,check_required
3409451,Pandav Nagari,12238114,so2,ppb,2025-04-14,3.51,19.9591346,73.7788008,check_required
3409451,Pandav Nagari,12238114,so2,ppb,2025-04-15,7.6,19.9591346,73.7788008,check_required
3409451,Pandav Nagari,12238114,so2,ppb,2025-04-16,3.05,19.9591346,73.7788008,check_required
3409451,Pandav Nagari,12238114,so2,ppb,2025-04-17,5.06,19.9591346,73.7788008,check_required
3409451,Pandav Nagari,12238114,so2,ppb,2025-04-18,3.69,19.9591346,73.7788008,check_required
3409451,Pandav Nagari,12238114,so2,ppb,2025-04-19,3.53,19.9591346,73.7788008,check_required
3409451,Pandav Nagari,12238114,so2,ppb,2025-04-20,5.45,19.9591346,73.7788008,check_required
3409451,Pandav Nagari,12238114,so2,ppb,2025-04-21,3.98,19.9591346,73.7788008,check_required
3409451,Pandav Nagari,12238114,so2,ppb,2025-04-22,5.53,19.9591346,73.7788008,check_required
3409451,Pandav Nagari,12238114,so2,ppb,2025-04-23,9.15,19.9591346,73.7788008,check_required
3409451,Pandav Nagari,12238114,so2,ppb,2025-04-24,4.85,19.9591346,73.7788008,check_required
3409451,Pandav Nagari,12238114,so2,ppb,2025-04-25,2.84,19.9591346,73.7788008,check_required
3409451,Pandav Nagari,12238114,so2,ppb,2025-04-26,8.47,19.9591346,73.7788008,check_required
3409451,Pandav Nagari,12238114,so2,ppb,2025-04-27,7.76,19.9591346,73.7788008,check_required
3409451,Pandav Nagari,12238114,so2,ppb,2025-04-28,8.15,19.9591346,73.7788008,check_required
3409451,Pandav Nagari,12238114,so2,ppb,2025-04-29,6.12,19.9591346,73.7788008,check_required
3409451,Pandav Nagari,12238114,so2,ppb,2025-04-30,5.92,19.9591346,73.7788008,check_required
3409451,Pandav Nagari,12238114,so2,ppb,2025-05-01,5.7,19.9591346,73.7788008,check_required
3409451,Pandav Nagari,12238114,so2,ppb,2025-05-02,7.08,19.9591346,73.7788008,check_required
3409451,Pandav Nagari,12238114,so2,ppb,2025-05-03,4.21,19.9591346,73.7788008,check_required
3409451,Pandav Nagari,12238114,so2,ppb,2025-05-04,2.53,19.9591346,73.7788008,check_required
3409451,Pandav Nagari,12238114,so2,ppb,2025-05-05,4.9,19.9591346,73.7788008,check_required
3409451,Pandav Nagari,12238114,so2,ppb,2025-05-06,3.66,19.9591346,73.7788008,check_required
3409451,Pandav Nagari,12238114,so2,ppb,2025-05-07,6.34,19.9591346,73.7788008,check_required
3409451,Pandav Nagari,12238114,so2,ppb,2025-05-08,5.8,19.9591346,73.7788008,check_required
3409451,Pandav Nagari,12238114,so2,ppb,2025-05-09,1.79,19.9591346,73.7788008,check_required
3409451,Pandav Nagari,12238114,so2,ppb,2025-05-10,3.85,19.9591346,73.7788008,check_required
3409451,Pandav Nagari,12238114,so2,ppb,2025-05-11,4.58,19.9591346,73.7788008,check_required
3409451,Pandav Nagari,12238114,so2,ppb,2025-05-12,3.11,19.9591346,73.7788008,check_required
3409451,Pandav Nagari,12238114,so2,ppb,2025-05-13,2.99,19.9591346,73.7788008,check_required
3409451,Pandav Nagari,12238114,so2,ppb,2025-05-14,2.06,19.9591346,73.7788008,check_required
3409451,Pandav Nagari,12238114,so2,ppb,2025-05-15,1.92,19.9591346,73.7788008,check_required
3409451,Pandav Nagari,12238114,so2,ppb,2025-05-16,1.17,19.9591346,73.7788008,check_required
3409451,Pandav Nagari,12238114,so2,ppb,2025-05-17,1.2,19.9591346,73.7788008,check_required
3409451,Pandav Nagari,12238114,so2,ppb,2025-05-18,0.959,19.9591346,73.7788008,check_required
3409451,Pandav Nagari,12238114,so2,ppb,2025-05-19,1.22,19.9591346,73.7788008,check_required
3409451,Pandav Nagari,12238114,so2,ppb,2025-05-20,0.653,19.9591346,73.7788008,check_required
3409451,Pandav Nagari,12238114,so2,ppb,2025-05-21,1.77,19.9591346,73.7788008,check_required
3409451,Pandav Nagari,12238114,so2,ppb,2025-05-22,1.86,19.9591346,73.7788008,check_required
3409451,Pandav Nagari,12238114,so2,ppb,2025-05-23,1.18,19.9591346,73.7788008,check_required
3409451,Pandav Nagari,12238114,so2,ppb,2025-05-24,1.31,19.9591346,73.7788008,check_required
3409451,Pandav Nagari,12238114,so2,ppb,2025-05-25,1.64,19.9591346,73.7788008,check_required
3409451,Pandav Nagari,12238114,so2,ppb,2025-05-26,6.78,19.9591346,73.7788008,check_required
3409451,Pandav Nagari,12238114,so2,ppb,2025-05-27,6.95,19.9591346,73.7788008,check_required
3409451,Pandav Nagari,12238114,so2,ppb,2025-05-28,7.88,19.9591346,73.7788008,check_required
3409451,Pandav Nagari,12238114,so2,ppb,2025-05-29,7.63,19.9591346,73.7788008,check_required
3409451,Pandav Nagari,12238114,so2,ppb,2025-05-30,7.12,19.9591346,73.7788008,check_required
3409451,Pandav Nagari,12238114,so2,ppb,2025-05-31,7.38,19.9591346,73.7788008,check_required
3409451,Pandav Nagari,12238114,so2,ppb,2025-06-01,7.58,19.9591346,73.7788008,check_required
3409451,Pandav Nagari,12238114,so2,ppb,2025-06-02,7.52,19.9591346,73.7788008,check_required
3409451,Pandav Nagari,12238114,so2,ppb,2025-06-03,3.17,19.9591346,73.7788008,check_required
3409451,Pandav Nagari,12238114,so2,ppb,2025-06-04,3.48,19.9591346,73.7788008,check_required
3409451,Pandav Nagari,12238114,so2,ppb,2025-06-05,6.57,19.9591346,73.7788008,check_required
3409451,Pandav Nagari,12238114,so2,ppb,2025-06-06,7.3,19.9591346,73.7788008,check_required
3409451,Pandav Nagari,12238114,so2,ppb,2025-06-07,5.67,19.9591346,73.7788008,check_required
3409451,Pandav Nagari,12238114,so2,ppb,2025-06-08,4.49,19.9591346,73.7788008,check_required
3409451,Pandav Nagari,12238114,so2,ppb,2025-06-09,4.28,19.9591346,73.7788008,check_required
3409451,Pandav Nagari,12238114,so2,ppb,2025-06-10,4.11,19.9591346,73.7788008,check_required
3409451,Pandav Nagari,12238114,so2,ppb,2025-06-11,4.4,19.9591346,73.7788008,check_required
3409451,Pandav Nagari,12238114,so2,ppb,2025-06-12,4.47,19.9591346,73.7788008,check_required
3409451,Pandav Nagari,12238114,so2,ppb,2025-06-13,2.86,19.9591346,73.7788008,check_required
3409451,Pandav Nagari,12238114,so2,ppb,2025-06-14,0.713,19.9591346,73.7788008,check_required
3409451,Pandav Nagari,12238114,so2,ppb,2025-06-15,2.4,19.9591346,73.7788008,check_required
3409451,Pandav Nagari,12238114,so2,ppb,2025-06-16,1.91,19.9591346,73.7788008,check_required
3409451,Pandav Nagari,12238114,so2,ppb,2025-06-17,1.92,19.9591346,73.7788008,check_required
3409451,Pandav Nagari,12238114,so2,ppb,2025-06-18,2.19,19.9591346,73.7788008,check_required
3409451,Pandav Nagari,12238114,so2,ppb,2025-06-19,0.72,19.9591346,73.7788008,check_required
3409451,Pandav Nagari,12238114,so2,ppb,2025-06-20,1.39,19.9591346,73.7788008,check_required
3409451,Pandav Nagari,12238114,so2,ppb,2025-06-21,1.81,19.9591346,73.7788008,check_required
3409451,Pandav Nagari,12238114,so2,ppb,2025-06-22,1.63,19.9591346,73.7788008,check_required
3409451,Pandav Nagari,12238114,so2,ppb,2025-06-23,1.83,19.9591346,73.7788008,check_required
3409451,Pandav Nagari,12238114,so2,ppb,2025-06-24,3.28,19.9591346,73.7788008,check_required
3409451,Pandav Nagari,12238114,so2,ppb,2025-06-25,4.06,19.9591346,73.7788008,check_required
3409451,Pandav Nagari,12238114,so2,ppb,2025-06-26,4.3,19.9591346,73.7788008,check_required
3409451,Pandav Nagari,12238114,so2,ppb,2025-06-27,4.71,19.9591346,73.7788008,check_required
3409451,Pandav Nagari,12238114,so2,ppb,2025-06-29,4.84,19.9591346,73.7788008,check_required
3409451,Pandav Nagari,12238114,so2,ppb,2025-06-30,2.45,19.9591346,73.7788008,check_required
3409451,Pandav Nagari,12238114,so2,ppb,2025-07-01,2.54,19.9591346,73.7788008,check_required
3409451,Pandav Nagari,12238114,so2,ppb,2025-07-02,3.19,19.9591346,73.7788008,check_required
3409451,Pandav Nagari,12238114,so2,ppb,2025-07-03,2.2,19.9591346,73.7788008,check_required
3409451,Pandav Nagari,12238114,so2,ppb,2025-07-04,3.44,19.9591346,73.7788008,check_required
3409451,Pandav Nagari,12238114,so2,ppb,2025-07-05,4.36,19.9591346,73.7788008,check_required
3409451,Pandav Nagari,12238114,so2,ppb,2025-07-06,4.44,19.9591346,73.7788008,check_required
3409451,Pandav Nagari,12238114,so2,ppb,2025-07-07,3.35,19.9591346,73.7788008,check_required
3409451,Pandav Nagari,12238114,so2,ppb,2025-07-08,4.24,19.9591346,73.7788008,check_required
3409451,Pandav Nagari,12238114,so2,ppb,2025-07-09,27.9,19.9591346,73.7788008,check_required
3409451,Pandav Nagari,12238114,so2,ppb,2025-07-10,2.29,19.9591346,73.7788008,check_required
3409451,Pandav Nagari,12238114,so2,ppb,2025-07-11,2.13,19.9591346,73.7788008,check_required
3409451,Pandav Nagari,12238114,so2,ppb,2025-07-12,2.24,19.9591346,73.7788008,check_required
3409451,Pandav Nagari,12238114,so2,ppb,2025-07-14,4.27,19.9591346,73.7788008,check_required
3409451,Pandav Nagari,12238114,so2,ppb,2025-07-15,4.5,19.9591346,73.7788008,check_required
3409451,Pandav Nagari,12238114,so2,ppb,2025-07-16,1.87,19.9591346,73.7788008,check_required
3409451,Pandav Nagari,12238114,so2,ppb,2025-07-17,2.51,19.9591346,73.7788008,check_required
3409451,Pandav Nagari,12238114,so2,ppb,2025-07-18,2.15,19.9591346,73.7788008,check_required
3409451,Pandav Nagari,12238114,so2,ppb,2025-07-19,3.06,19.9591346,73.7788008,check_required
3409451,Pandav Nagari,12238114,so2,ppb,2025-07-20,2.64,19.9591346,73.7788008,check_required
3409451,Pandav Nagari,12238114,so2,ppb,2025-07-21,2.41,19.9591346,73.7788008,check_required
3409451,Pandav Nagari,12238114,so2,ppb,2025-07-22,3.12,19.9591346,73.7788008,check_required
3409451,Pandav Nagari,12238114,so2,ppb,2025-07-23,3.0,19.9591346,73.7788008,check_required
3409451,Pandav Nagari,12238114,so2,ppb,2025-07-24,2.69,19.9591346,73.7788008,check_required
3409451,Pandav Nagari,12238114,so2,ppb,2025-07-25,3.05,19.9591346,73.7788008,check_required
3409451,Pandav Nagari,12238114,so2,ppb,2025-07-26,3.31,19.9591346,73.7788008,check_required
3409451,Pandav Nagari,12238114,so2,ppb,2025-07-27,3.57,19.9591346,73.7788008,check_required
3409451,Pandav Nagari,12238114,so2,ppb,2025-07-28,2.52,19.9591346,73.7788008,check_required
3409451,Pandav Nagari,12238114,so2,ppb,2025-07-29,4.03,19.9591346,73.7788008,check_required
3409451,Pandav Nagari,12238114,so2,ppb,2025-07-30,4.21,19.9591346,73.7788008,check_required
3409451,Pandav Nagari,12238114,so2,ppb,2025-07-31,3.04,19.9591346,73.7788008,check_required
3409451,Pandav Nagari,12238114,so2,ppb,2025-08-01,2.93,19.9591346,73.7788008,check_required
3409451,Pandav Nagari,12238114,so2,ppb,2025-08-02,3.24,19.9591346,73.7788008,check_required
3409451,Pandav Nagari,12238114,so2,ppb,2025-08-03,3.79,19.9591346,73.7788008,check_required
3409451,Pandav Nagari,12238114,so2,ppb,2025-08-04,3.39,19.9591346,73.7788008,check_required
3409451,Pandav Nagari,12238114,so2,ppb,2025-08-05,3.04,19.9591346,73.7788008,check_required
3409451,Pandav Nagari,12238114,so2,ppb,2025-08-06,3.49,19.9591346,73.7788008,check_required
3409451,Pandav Nagari,12238114,so2,ppb,2025-08-07,4.07,19.9591346,73.7788008,check_required
3409451,Pandav Nagari,12238114,so2,ppb,2025-08-08,3.37,19.9591346,73.7788008,check_required
3409451,Pandav Nagari,12238114,so2,ppb,2025-08-09,3.63,19.9591346,73.7788008,check_required
3409451,Pandav Nagari,12238114,so2,ppb,2025-08-10,3.13,19.9591346,73.7788008,check_required
3409451,Pandav Nagari,12238114,so2,ppb,2025-08-11,2.77,19.9591346,73.7788008,check_required
3409451,Pandav Nagari,12238114,so2,ppb,2025-08-12,3.02,19.9591346,73.7788008,check_required
3409451,Pandav Nagari,12238114,so2,ppb,2025-08-13,3.29,19.9591346,73.7788008,check_required
3409451,Pandav Nagari,12238114,so2,ppb,2025-08-14,2.54,19.9591346,73.7788008,check_required
3409451,Pandav Nagari,12238114,so2,ppb,2025-08-15,3.16,19.9591346,73.7788008,check_required
3409451,Pandav Nagari,12238114,so2,ppb,2025-08-16,2.34,19.9591346,73.7788008,check_required
3409451,Pandav Nagari,12238114,so2,ppb,2025-08-17,3.13,19.9591346,73.7788008,check_required
3409451,Pandav Nagari,12238114,so2,ppb,2025-08-18,4.62,19.9591346,73.7788008,check_required
3409451,Pandav Nagari,12238114,so2,ppb,2025-08-19,3.08,19.9591346,73.7788008,check_required
3409451,Pandav Nagari,12238114,so2,ppb,2025-08-20,3.73,19.9591346,73.7788008,check_required
3409451,Pandav Nagari,12238114,so2,ppb,2025-08-21,4.0,19.9591346,73.7788008,check_required
3409451,Pandav Nagari,12238114,so2,ppb,2025-08-22,3.77,19.9591346,73.7788008,check_required
3409451,Pandav Nagari,12238114,so2,ppb,2025-08-23,2.91,19.9591346,73.7788008,check_required
3409451,Pandav Nagari,12238114,so2,ppb,2025-08-24,2.76,19.9591346,73.7788008,check_required
3409451,Pandav Nagari,12238114,so2,ppb,2025-08-25,3.2,19.9591346,73.7788008,check_required
3409451,Pandav Nagari,12238114,so2,ppb,2025-08-26,2.3,19.9591346,73.7788008,check_required
3409451,Pandav Nagari,12238114,so2,ppb,2025-08-27,1.86,19.9591346,73.7788008,check_required
3409451,Pandav Nagari,12238114,so2,ppb,2025-08-28,2.0,19.9591346,73.7788008,check_required
3409451,Pandav Nagari,12238114,so2,ppb,2025-08-29,4.25,19.9591346,73.7788008,check_required
3409451,Pandav Nagari,12238114,so2,ppb,2025-08-30,1.43,19.9591346,73.7788008,check_required
3409451,Pandav Nagari,12238114,so2,ppb,2025-08-31,1.62,19.9591346,73.7788008,check_required
3409451,Pandav Nagari,12238114,so2,ppb,2025-09-01,2.29,19.9591346,73.7788008,check_required
3409451,Pandav Nagari,12238114,so2,ppb,2025-09-02,3.2,19.9591346,73.7788008,check_required
3409451,Pandav Nagari,12238114,so2,ppb,2025-09-03,3.58,19.9591346,73.7788008,check_required
3409451,Pandav Nagari,12238114,so2,ppb,2025-09-04,3.16,19.9591346,73.7788008,check_required
3409451,Pandav Nagari,12238114,so2,ppb,2025-09-05,2.68,19.9591346,73.7788008,check_required
3409451,Pandav Nagari,12238114,so2,ppb,2025-09-06,3.5,19.9591346,73.7788008,check_required
3409451,Pandav Nagari,12238114,so2,ppb,2025-09-07,3.47,19.9591346,73.7788008,check_required
3409451,Pandav Nagari,12238114,so2,ppb,2025-09-08,3.47,19.9591346,73.7788008,check_required
3409451,Pandav Nagari,12238114,so2,ppb,2025-09-09,2.94,19.9591346,73.7788008,check_required
3409451,Pandav Nagari,12238114,so2,ppb,2025-09-10,20.4,19.9591346,73.7788008,check_required
3409451,Pandav Nagari,12238114,so2,ppb,2025-09-11,2.8,19.9591346,73.7788008,check_required
3409451,Pandav Nagari,12238114,so2,ppb,2025-09-12,2.6,19.9591346,73.7788008,check_required
3409451,Pandav Nagari,12238114,so2,ppb,2025-09-13,3.96,19.9591346,73.7788008,check_required
3409451,Pandav Nagari,12238114,so2,ppb,2025-09-14,4.34,19.9591346,73.7788008,check_required
3409451,Pandav Nagari,12238114,so2,ppb,2025-09-15,3.86,19.9591346,73.7788008,check_required
3409451,Pandav Nagari,12238114,so2,ppb,2025-09-16,2.94,19.9591346,73.7788008,check_required
3409451,Pandav Nagari,12238114,so2,ppb,2025-09-17,2.61,19.9591346,73.7788008,check_required
3409451,Pandav Nagari,12238114,so2,ppb,2025-09-18,3.17,19.9591346,73.7788008,check_required
3409451,Pandav Nagari,12238114,so2,ppb,2025-09-19,6.75,19.9591346,73.7788008,check_required
3409451,Pandav Nagari,12238114,so2,ppb,2025-09-20,4.84,19.9591346,73.7788008,check_required
3409451,Pandav Nagari,12238114,so2,ppb,2025-09-21,4.23,19.9591346,73.7788008,check_required
3409451,Pandav Nagari,12238114,so2,ppb,2025-09-22,4.97,19.9591346,73.7788008,check_required
3409451,Pandav Nagari,12238114,so2,ppb,2025-09-23,3.45,19.9591346,73.7788008,check_required
3409451,Pandav Nagari,12238114,so2,ppb,2025-09-24,3.28,19.9591346,73.7788008,check_required
3409451,Pandav Nagari,12238114,so2,ppb,2025-09-25,1.78,19.9591346,73.7788008,check_required
3409451,Pandav Nagari,12238114,so2,ppb,2025-09-26,1.84,19.9591346,73.7788008,check_required
3409451,Pandav Nagari,12238114,so2,ppb,2025-09-27,4.11,19.9591346,73.7788008,check_required
3409451,Pandav Nagari,12238114,so2,ppb,2025-09-28,2.64,19.9591346,73.7788008,check_required
3409451,Pandav Nagari,12238114,so2,ppb,2025-09-29,4.73,19.9591346,73.7788008,check_required
3409451,Pandav Nagari,12238114,so2,ppb,2025-09-30,4.35,19.9591346,73.7788008,check_required
3409451,Pandav Nagari,12238114,so2,ppb,2025-10-01,2.92,19.9591346,73.7788008,check_required
3409451,Pandav Nagari,12238114,so2,ppb,2025-10-02,2.62,19.9591346,73.7788008,check_required
3409451,Pandav Nagari,12238114,so2,ppb,2025-10-03,3.27,19.9591346,73.7788008,check_required
3409451,Pandav Nagari,12238114,so2,ppb,2025-10-04,4.16,19.9591346,73.7788008,check_required
3409451,Pandav Nagari,12238114,so2,ppb,2025-10-05,4.53,19.9591346,73.7788008,check_required
3409451,Pandav Nagari,12238114,so2,ppb,2025-10-06,3.98,19.9591346,73.7788008,check_required
3409451,Pandav Nagari,12238114,so2,ppb,2025-10-07,29.4,19.9591346,73.7788008,check_required
3409451,Pandav Nagari,12238114,so2,ppb,2025-10-08,3.42,19.9591346,73.7788008,check_required
3409451,Pandav Nagari,12238114,so2,ppb,2025-10-09,3.44,19.9591346,73.7788008,check_required
3409451,Pandav Nagari,12238114,so2,ppb,2025-10-10,2.82,19.9591346,73.7788008,check_required
3409451,Pandav Nagari,12238114,so2,ppb,2025-10-11,4.71,19.9591346,73.7788008,check_required
3409451,Pandav Nagari,12238114,so2,ppb,2025-10-12,5.19,19.9591346,73.7788008,check_required
3409451,Pandav Nagari,12238114,so2,ppb,2025-10-13,6.3,19.9591346,73.7788008,check_required
3409451,Pandav Nagari,12238114,so2,ppb,2025-10-14,4.8,19.9591346,73.7788008,check_required
3409451,Pandav Nagari,12238114,so2,ppb,2025-10-15,5.36,19.9591346,73.7788008,check_required
3409451,Pandav Nagari,12238114,so2,ppb,2025-10-16,5.54,19.9591346,73.7788008,check_required
3409451,Pandav Nagari,12238114,so2,ppb,2025-10-17,6.6,19.9591346,73.7788008,check_required
3409451,Pandav Nagari,12238114,so2,ppb,2025-10-18,5.59,19.9591346,73.7788008,check_required
3409451,Pandav Nagari,12238114,so2,ppb,2025-10-19,5.36,19.9591346,73.7788008,check_required
3409451,Pandav Nagari,12238114,so2,ppb,2025-10-20,5.48,19.9591346,73.7788008,check_required
3409451,Pandav Nagari,12238114,so2,ppb,2025-10-21,10.6,19.9591346,73.7788008,check_required
3409451,Pandav Nagari,12238114,so2,ppb,2025-10-22,10.2,19.9591346,73.7788008,check_required
3409451,Pandav Nagari,12238114,so2,ppb,2025-10-23,7.94,19.9591346,73.7788008,check_required
3409451,Pandav Nagari,12238114,so2,ppb,2025-10-24,5.67,19.9591346,73.7788008,check_required
3409451,Pandav Nagari,12238114,so2,ppb,2025-10-25,5.78,19.9591346,73.7788008,check_required
3409451,Pandav Nagari,12238114,so2,ppb,2025-10-26,7.97,19.9591346,73.7788008,check_required
3409451,Pandav Nagari,12238114,so2,ppb,2025-10-27,6.33,19.9591346,73.7788008,check_required
3409451,Pandav Nagari,12238114,so2,ppb,2025-10-28,6.56,19.9591346,73.7788008,check_required
3409451,Pandav Nagari,12238114,so2,ppb,2025-10-29,7.21,19.9591346,73.7788008,check_required
3409451,Pandav Nagari,12238114,so2,ppb,2025-10-30,5.55,19.9591346,73.7788008,check_required
3409451,Pandav Nagari,12238114,so2,ppb,2025-10-31,6.06,19.9591346,73.7788008,check_required
3409451,Pandav Nagari,12238114,so2,ppb,2025-11-01,5.18,19.9591346,73.7788008,check_required
3409451,Pandav Nagari,12238114,so2,ppb,2025-11-02,5.54,19.9591346,73.7788008,check_required
3409451,Pandav Nagari,12238114,so2,ppb,2025-11-03,3.48,19.9591346,73.7788008,check_required
3409451,Pandav Nagari,12238114,so2,ppb,2025-11-04,4.6,19.9591346,73.7788008,check_required
3409451,Pandav Nagari,12238114,so2,ppb,2025-11-05,5.0,19.9591346,73.7788008,check_required
3409451,Pandav Nagari,12238114,so2,ppb,2025-11-06,54.3,19.9591346,73.7788008,check_required
3409451,Pandav Nagari,12238114,so2,ppb,2025-11-07,6.26,19.9591346,73.7788008,check_required
3409451,Pandav Nagari,12238114,so2,ppb,2025-11-08,4.88,19.9591346,73.7788008,check_required
3409451,Pandav Nagari,12238114,so2,ppb,2025-11-09,3.98,19.9591346,73.7788008,check_required
3409451,Pandav Nagari,12238114,so2,ppb,2025-11-10,4.75,19.9591346,73.7788008,check_required
3409451,Pandav Nagari,12238114,so2,ppb,2025-11-11,4.18,19.9591346,73.7788008,check_required
3409451,Pandav Nagari,12238114,so2,ppb,2025-11-12,3.26,19.9591346,73.7788008,check_required
3409451,Pandav Nagari,12238114,so2,ppb,2025-11-13,4.77,19.9591346,73.7788008,check_required
3409451,Pandav Nagari,12238114,so2,ppb,2025-11-14,3.9,19.9591346,73.7788008,check_required
3409451,Pandav Nagari,12238114,so2,ppb,2025-11-15,3.64,19.9591346,73.7788008,check_required
3409451,Pandav Nagari,12238114,so2,ppb,2025-11-16,3.7,19.9591346,73.7788008,check_required
3409451,Pandav Nagari,12238114,so2,ppb,2025-11-17,4.69,19.9591346,73.7788008,check_required
3409451,Pandav Nagari,12238114,so2,ppb,2025-11-18,2.41,19.9591346,73.7788008,check_required
3409451,Pandav Nagari,12238114,so2,ppb,2025-11-19,3.99,19.9591346,73.7788008,check_required
3409451,Pandav Nagari,12238114,so2,ppb,2025-11-20,6.85,19.9591346,73.7788008,check_required
3409451,Pandav Nagari,12238114,so2,ppb,2025-11-21,4.19,19.9591346,73.7788008,check_required
3409451,Pandav Nagari,12238114,so2,ppb,2025-11-22,4.67,19.9591346,73.7788008,check_required
3409451,Pandav Nagari,12238114,so2,ppb,2025-11-23,3.09,19.9591346,73.7788008,check_required
3409451,Pandav Nagari,12238114,so2,ppb,2025-11-24,2.53,19.9591346,73.7788008,check_required
3409451,Pandav Nagari,12238114,so2,ppb,2025-11-25,2.98,19.9591346,73.7788008,check_required
3409451,Pandav Nagari,12238114,so2,ppb,2025-11-26,4.01,19.9591346,73.7788008,check_required
3409451,Pandav Nagari,12238114,so2,ppb,2025-11-27,4.44,19.9591346,73.7788008,check_required
3409451,Pandav Nagari,12238114,so2,ppb,2025-11-28,3.59,19.9591346,73.7788008,check_required
3409451,Pandav Nagari,12238114,so2,ppb,2025-11-29,11.8,19.9591346,73.7788008,check_required
3409451,Pandav Nagari,12238114,so2,ppb,2025-11-30,7.41,19.9591346,73.7788008,check_required
3409451,Pandav Nagari,12238114,so2,ppb,2025-12-01,7.52,19.9591346,73.7788008,check_required
3409451,Pandav Nagari,12238114,so2,ppb,2025-12-02,17.9,19.9591346,73.7788008,check_required
3409451,Pandav Nagari,12238114,so2,ppb,2025-12-03,6.23,19.9591346,73.7788008,check_required
3409451,Pandav Nagari,12238114,so2,ppb,2025-12-04,5.43,19.9591346,73.7788008,check_required
3409451,Pandav Nagari,12238114,so2,ppb,2025-12-05,6.14,19.9591346,73.7788008,check_required
3409451,Pandav Nagari,12238114,so2,ppb,2025-12-06,3.47,19.9591346,73.7788008,check_required
3409451,Pandav Nagari,12238114,so2,ppb,2025-12-07,3.54,19.9591346,73.7788008,check_required
3409451,Pandav Nagari,12238114,so2,ppb,2025-12-08,25.4,19.9591346,73.7788008,check_required
3409451,Pandav Nagari,12238114,so2,ppb,2025-12-09,4.02,19.9591346,73.7788008,check_required
3409451,Pandav Nagari,12238114,so2,ppb,2025-12-10,2.97,19.9591346,73.7788008,check_required
3409451,Pandav Nagari,12238114,so2,ppb,2025-12-11,2.34,19.9591346,73.7788008,check_required
3409451,Pandav Nagari,12238114,so2,ppb,2025-12-12,1.64,19.9591346,73.7788008,check_required
3409451,Pandav Nagari,12238114,so2,ppb,2025-12-13,9.26,19.9591346,73.7788008,check_required
3409451,Pandav Nagari,12238114,so2,ppb,2025-12-14,2.22,19.9591346,73.7788008,check_required
3409451,Pandav Nagari,12238114,so2,ppb,2025-12-15,3.81,19.9591346,73.7788008,check_required
3409451,Pandav Nagari,12238114,so2,ppb,2025-12-16,3.0,19.9591346,73.7788008,check_required
3409451,Pandav Nagari,12238114,so2,ppb,2025-12-17,4.84,19.9591346,73.7788008,check_required
3409451,Pandav Nagari,12238114,so2,ppb,2025-12-18,4.34,19.9591346,73.7788008,check_required
3409451,Pandav Nagari,12238114,so2,ppb,2025-12-19,10.1,19.9591346,73.7788008,check_required
3409451,Pandav Nagari,12238114,so2,ppb,2025-12-20,9.38,19.9591346,73.7788008,check_required
3409451,Pandav Nagari,12238114,so2,ppb,2025-12-21,4.91,19.9591346,73.7788008,check_required
3409451,Pandav Nagari,12238114,so2,ppb,2025-12-22,6.57,19.9591346,73.7788008,check_required
3409451,Pandav Nagari,12238114,so2,ppb,2025-12-23,13.3,19.9591346,73.7788008,check_required
3409451,Pandav Nagari,12238114,so2,ppb,2025-12-24,5.32,19.9591346,73.7788008,check_required
3409451,Pandav Nagari,12238114,so2,ppb,2025-12-25,5.19,19.9591346,73.7788008,check_required
3409451,Pandav Nagari,12238114,so2,ppb,2025-12-26,4.31,19.9591346,73.7788008,check_required
3409451,Pandav Nagari,12238114,so2,ppb,2025-12-27,6.77,19.9591346,73.7788008,check_required
3409451,Pandav Nagari,12238114,so2,ppb,2025-12-28,4.58,19.9591346,73.7788008,check_required
3409451,Pandav Nagari,12238114,so2,ppb,2025-12-29,8.47,19.9591346,73.7788008,check_required
3409451,Pandav Nagari,12238114,so2,ppb,2025-12-30,4.81,19.9591346,73.7788008,check_required
3409451,Pandav Nagari,12238114,so2,ppb,2025-12-31,3.66,19.9591346,73.7788008,check_required
