station_id,station_name,sensor_id,parameter,unit,date_local,value,latitude,longitude,year,month
5592,Gangapur Road,14794,pm25,µg/m³,2019-01-03 00:00:00+05:30,132.0,20.0073285,73.7762427,2019,1
5592,Gangapur Road,14794,pm25,µg/m³,2019-02-13 00:00:00+05:30,37.2,20.0073285,73.7762427,2019,2
5592,Gangapur Road,14794,pm25,µg/m³,2019-02-14 00:00:00+05:30,51.6,20.0073285,73.7762427,2019,2
5592,Gangapur Road,14794,pm25,µg/m³,2019-04-27 00:00:00+05:30,39.9,20.0073285,73.7762427,2019,4
5592,Gangapur Road,14794,pm25,µg/m³,2019-04-28 00:00:00+05:30,38.7,20.0073285,73.7762427,2019,4
5592,Gangapur Road,14794,pm25,µg/m³,2019-04-29 00:00:00+05:30,48.3,20.0073285,73.7762427,2019,4
5592,Gangapur Road,14794,pm25,µg/m³,2019-04-30 00:00:00+05:30,34.3,20.0073285,73.7762427,2019,4
5592,Gangapur Road,14794,pm25,µg/m³,2019-05-01 00:00:00+05:30,39.1,20.0073285,73.7762427,2019,5
5592,Gangapur Road,14794,pm25,µg/m³,2019-05-02 00:00:00+05:30,37.9,20.0073285,73.7762427,2019,5
5592,Gangapur Road,14794,pm25,µg/m³,2019-05-03 00:00:00+05:30,36.7,20.0073285,73.7762427,2019,5
5592,Gangapur Road,14794,pm25,µg/m³,2019-06-19 00:00:00+05:30,18.1,20.0073285,73.7762427,2019,6
5592,Gangapur Road,14794,pm25,µg/m³,2019-06-20 00:00:00+05:30,28.1,20.0073285,73.7762427,2019,6
5592,Gangapur Road,14794,pm25,µg/m³,2019-06-21 00:00:00+05:30,22.3,20.0073285,73.7762427,2019,6
5592,Gangapur Road,14794,pm25,µg/m³,2019-06-22 00:00:00+05:30,28.2,20.0073285,73.7762427,2019,6
5592,Gangapur Road,14794,pm25,µg/m³,2019-06-23 00:00:00+05:30,22.6,20.0073285,73.7762427,2019,6
5592,Gangapur Road,14794,pm25,µg/m³,2019-06-24 00:00:00+05:30,23.8,20.0073285,73.7762427,2019,6
5592,Gangapur Road,14794,pm25,µg/m³,2019-06-25 00:00:00+05:30,26.2,20.0073285,73.7762427,2019,6
5592,Gangapur Road,14794,pm25,µg/m³,2019-06-26 00:00:00+05:30,37.7,20.0073285,73.7762427,2019,6
5592,Gangapur Road,14794,pm25,µg/m³,2019-06-27 00:00:00+05:30,19.2,20.0073285,73.7762427,2019,6
5592,Gangapur Road,14794,pm25,µg/m³,2019-06-28 00:00:00+05:30,19.5,20.0073285,73.7762427,2019,6
5592,Gangapur Road,14794,pm25,µg/m³,2019-06-29 00:00:00+05:30,16.3,20.0073285,73.7762427,2019,6
5592,Gangapur Road,14794,pm25,µg/m³,2019-07-01 00:00:00+05:30,0.0144,20.0073285,73.7762427,2019,7
5592,Gangapur Road,14794,pm25,µg/m³,2019-07-08 00:00:00+05:30,30.6,20.0073285,73.7762427,2019,7
5592,Gangapur Road,14794,pm25,µg/m³,2019-07-09 00:00:00+05:30,24.2,20.0073285,73.7762427,2019,7
5592,Gangapur Road,14794,pm25,µg/m³,2019-07-10 00:00:00+05:30,16.6,20.0073285,73.7762427,2019,7
5592,Gangapur Road,14794,pm25,µg/m³,2019-07-11 00:00:00+05:30,19.0,20.0073285,73.7762427,2019,7
5592,Gangapur Road,14794,pm25,µg/m³,2019-07-12 00:00:00+05:30,19.2,20.0073285,73.7762427,2019,7
5592,Gangapur Road,14794,pm25,µg/m³,2019-07-13 00:00:00+05:30,17.6,20.0073285,73.7762427,2019,7
5592,Gangapur Road,14794,pm25,µg/m³,2019-07-14 00:00:00+05:30,25.6,20.0073285,73.7762427,2019,7
5592,Gangapur Road,14794,pm25,µg/m³,2019-07-15 00:00:00+05:30,18.5,20.0073285,73.7762427,2019,7
5592,Gangapur Road,14794,pm25,µg/m³,2019-07-16 00:00:00+05:30,20.0,20.0073285,73.7762427,2019,7
5592,Gangapur Road,14794,pm25,µg/m³,2019-07-17 00:00:00+05:30,21.4,20.0073285,73.7762427,2019,7
5592,Gangapur Road,14794,pm25,µg/m³,2019-07-18 00:00:00+05:30,24.2,20.0073285,73.7762427,2019,7
5592,Gangapur Road,14794,pm25,µg/m³,2019-07-19 00:00:00+05:30,22.9,20.0073285,73.7762427,2019,7
5592,Gangapur Road,14794,pm25,µg/m³,2019-07-20 00:00:00+05:30,22.5,20.0073285,73.7762427,2019,7
5592,Gangapur Road,14794,pm25,µg/m³,2019-07-21 00:00:00+05:30,27.1,20.0073285,73.7762427,2019,7
5592,Gangapur Road,14794,pm25,µg/m³,2019-07-22 00:00:00+05:30,30.0,20.0073285,73.7762427,2019,7
5592,Gangapur Road,14794,pm25,µg/m³,2019-07-23 00:00:00+05:30,34.6,20.0073285,73.7762427,2019,7
5592,Gangapur Road,14794,pm25,µg/m³,2019-07-24 00:00:00+05:30,12.9,20.0073285,73.7762427,2019,7
5592,Gangapur Road,14794,pm25,µg/m³,2019-07-25 00:00:00+05:30,20.4,20.0073285,73.7762427,2019,7
5592,Gangapur Road,14794,pm25,µg/m³,2019-07-26 00:00:00+05:30,21.0,20.0073285,73.7762427,2019,7
5592,Gangapur Road,14794,pm25,µg/m³,2019-07-27 00:00:00+05:30,16.7,20.0073285,73.7762427,2019,7
5592,Gangapur Road,14794,pm25,µg/m³,2019-07-28 00:00:00+05:30,29.9,20.0073285,73.7762427,2019,7
5592,Gangapur Road,14794,pm25,µg/m³,2019-07-29 00:00:00+05:30,18.3,20.0073285,73.7762427,2019,7
5592,Gangapur Road,14794,pm25,µg/m³,2019-07-30 00:00:00+05:30,15.3,20.0073285,73.7762427,2019,7
5592,Gangapur Road,14794,pm25,µg/m³,2019-07-31 00:00:00+05:30,17.3,20.0073285,73.7762427,2019,7
5592,Gangapur Road,14794,pm25,µg/m³,2019-08-01 00:00:00+05:30,17.7,20.0073285,73.7762427,2019,8
5592,Gangapur Road,14794,pm25,µg/m³,2019-08-02 00:00:00+05:30,20.7,20.0073285,73.7762427,2019,8
5592,Gangapur Road,14794,pm25,µg/m³,2019-08-03 00:00:00+05:30,12.2,20.0073285,73.7762427,2019,8
5592,Gangapur Road,14794,pm25,µg/m³,2019-08-04 00:00:00+05:30,13.1,20.0073285,73.7762427,2019,8
5592,Gangapur Road,14794,pm25,µg/m³,2019-08-05 00:00:00+05:30,20.7,20.0073285,73.7762427,2019,8
5592,Gangapur Road,14794,pm25,µg/m³,2019-08-06 00:00:00+05:30,19.2,20.0073285,73.7762427,2019,8
5592,Gangapur Road,14794,pm25,µg/m³,2019-08-07 00:00:00+05:30,22.6,20.0073285,73.7762427,2019,8
5592,Gangapur Road,14794,pm25,µg/m³,2019-08-08 00:00:00+05:30,26.3,20.0073285,73.7762427,2019,8
5592,Gangapur Road,14794,pm25,µg/m³,2019-08-09 00:00:00+05:30,19.3,20.0073285,73.7762427,2019,8
5592,Gangapur Road,14794,pm25,µg/m³,2019-08-10 00:00:00+05:30,16.0,20.0073285,73.7762427,2019,8
5592,Gangapur Road,14794,pm25,µg/m³,2019-08-11 00:00:00+05:30,14.8,20.0073285,73.7762427,2019,8
5592,Gangapur Road,14794,pm25,µg/m³,2019-08-12 00:00:00+05:30,21.3,20.0073285,73.7762427,2019,8
5592,Gangapur Road,14794,pm25,µg/m³,2019-08-13 00:00:00+05:30,24.0,20.0073285,73.7762427,2019,8
5592,Gangapur Road,14794,pm25,µg/m³,2019-08-14 00:00:00+05:30,28.2,20.0073285,73.7762427,2019,8
5592,Gangapur Road,14794,pm25,µg/m³,2019-08-19 00:00:00+05:30,14.8,20.0073285,73.7762427,2019,8
5592,Gangapur Road,14794,pm25,µg/m³,2019-08-20 00:00:00+05:30,24.4,20.0073285,73.7762427,2019,8
5592,Gangapur Road,14794,pm25,µg/m³,2019-08-21 00:00:00+05:30,20.2,20.0073285,73.7762427,2019,8
5592,Gangapur Road,14794,pm25,µg/m³,2019-08-22 00:00:00+05:30,24.8,20.0073285,73.7762427,2019,8
5592,Gangapur Road,14794,pm25,µg/m³,2019-08-23 00:00:00+05:30,28.7,20.0073285,73.7762427,2019,8
5592,Gangapur Road,14794,pm25,µg/m³,2019-08-24 00:00:00+05:30,20.9,20.0073285,73.7762427,2019,8
5592,Gangapur Road,14794,pm25,µg/m³,2019-08-25 00:00:00+05:30,23.2,20.0073285,73.7762427,2019,8
5592,Gangapur Road,14794,pm25,µg/m³,2019-08-26 00:00:00+05:30,29.0,20.0073285,73.7762427,2019,8
5592,Gangapur Road,14794,pm25,µg/m³,2019-08-27 00:00:00+05:30,27.8,20.0073285,73.7762427,2019,8
5592,Gangapur Road,14794,pm25,µg/m³,2019-08-28 00:00:00+05:30,23.8,20.0073285,73.7762427,2019,8
5592,Gangapur Road,14794,pm25,µg/m³,2019-08-29 00:00:00+05:30,23.2,20.0073285,73.7762427,2019,8
5592,Gangapur Road,14794,pm25,µg/m³,2019-08-30 00:00:00+05:30,17.1,20.0073285,73.7762427,2019,8
5592,Gangapur Road,14794,pm25,µg/m³,2019-08-31 00:00:00+05:30,11.4,20.0073285,73.7762427,2019,8
5592,Gangapur Road,14794,pm25,µg/m³,2019-09-01 00:00:00+05:30,15.9,20.0073285,73.7762427,2019,9
5592,Gangapur Road,14794,pm25,µg/m³,2019-09-02 00:00:00+05:30,16.4,20.0073285,73.7762427,2019,9
5592,Gangapur Road,14794,pm25,µg/m³,2019-09-03 00:00:00+05:30,14.7,20.0073285,73.7762427,2019,9
5592,Gangapur Road,14794,pm25,µg/m³,2019-09-04 00:00:00+05:30,10.7,20.0073285,73.7762427,2019,9
5592,Gangapur Road,14794,pm25,µg/m³,2019-09-05 00:00:00+05:30,12.4,20.0073285,73.7762427,2019,9
5592,Gangapur Road,14794,pm25,µg/m³,2019-09-06 00:00:00+05:30,10.2,20.0073285,73.7762427,2019,9
5592,Gangapur Road,14794,pm25,µg/m³,2019-09-07 00:00:00+05:30,10.7,20.0073285,73.7762427,2019,9
5592,Gangapur Road,14794,pm25,µg/m³,2019-09-08 00:00:00+05:30,10.1,20.0073285,73.7762427,2019,9
5592,Gangapur Road,14794,pm25,µg/m³,2019-09-09 00:00:00+05:30,14.9,20.0073285,73.7762427,2019,9
5592,Gangapur Road,14794,pm25,µg/m³,2019-09-10 00:00:00+05:30,16.7,20.0073285,73.7762427,2019,9
5592,Gangapur Road,14794,pm25,µg/m³,2019-09-11 00:00:00+05:30,17.3,20.0073285,73.7762427,2019,9
5592,Gangapur Road,14794,pm25,µg/m³,2019-09-12 00:00:00+05:30,17.6,20.0073285,73.7762427,2019,9
5592,Gangapur Road,14794,pm25,µg/m³,2019-09-13 00:00:00+05:30,19.2,20.0073285,73.7762427,2019,9
5592,Gangapur Road,14794,pm25,µg/m³,2019-09-14 00:00:00+05:30,16.3,20.0073285,73.7762427,2019,9
5592,Gangapur Road,14794,pm25,µg/m³,2019-09-15 00:00:00+05:30,15.0,20.0073285,73.7762427,2019,9
5592,Gangapur Road,14794,pm25,µg/m³,2019-09-16 00:00:00+05:30,18.6,20.0073285,73.7762427,2019,9
5592,Gangapur Road,14794,pm25,µg/m³,2019-09-17 00:00:00+05:30,16.0,20.0073285,73.7762427,2019,9
5592,Gangapur Road,14794,pm25,µg/m³,2019-09-18 00:00:00+05:30,25.9,20.0073285,73.7762427,2019,9
5592,Gangapur Road,14794,pm25,µg/m³,2019-09-19 00:00:00+05:30,26.2,20.0073285,73.7762427,2019,9
5592,Gangapur Road,14794,pm25,µg/m³,2019-09-20 00:00:00+05:30,14.2,20.0073285,73.7762427,2019,9
5592,Gangapur Road,14794,pm25,µg/m³,2019-09-21 00:00:00+05:30,17.9,20.0073285,73.7762427,2019,9
5592,Gangapur Road,14794,pm25,µg/m³,2019-09-22 00:00:00+05:30,22.8,20.0073285,73.7762427,2019,9
5592,Gangapur Road,14794,pm25,µg/m³,2019-09-23 00:00:00+05:30,20.2,20.0073285,73.7762427,2019,9
5592,Gangapur Road,14794,pm25,µg/m³,2019-09-24 00:00:00+05:30,27.9,20.0073285,73.7762427,2019,9
5592,Gangapur Road,14794,pm25,µg/m³,2019-09-25 00:00:00+05:30,33.7,20.0073285,73.7762427,2019,9
5592,Gangapur Road,14794,pm25,µg/m³,2019-09-26 00:00:00+05:30,14.4,20.0073285,73.7762427,2019,9
5592,Gangapur Road,14794,pm25,µg/m³,2019-09-27 00:00:00+05:30,12.3,20.0073285,73.7762427,2019,9
5592,Gangapur Road,14794,pm25,µg/m³,2019-09-28 00:00:00+05:30,27.0,20.0073285,73.7762427,2019,9
5592,Gangapur Road,14794,pm25,µg/m³,2019-09-29 00:00:00+05:30,14.7,20.0073285,73.7762427,2019,9
5592,Gangapur Road,14794,pm25,µg/m³,2019-09-30 00:00:00+05:30,11.3,20.0073285,73.7762427,2019,9
5592,Gangapur Road,14794,pm25,µg/m³,2019-10-01 00:00:00+05:30,15.8,20.0073285,73.7762427,2019,10
5592,Gangapur Road,14794,pm25,µg/m³,2019-10-02 00:00:00+05:30,12.3,20.0073285,73.7762427,2019,10
5592,Gangapur Road,14794,pm25,µg/m³,2019-10-03 00:00:00+05:30,16.8,20.0073285,73.7762427,2019,10
5592,Gangapur Road,14794,pm25,µg/m³,2019-10-04 00:00:00+05:30,35.2,20.0073285,73.7762427,2019,10
5592,Gangapur Road,14794,pm25,µg/m³,2019-10-05 00:00:00+05:30,25.9,20.0073285,73.7762427,2019,10
5592,Gangapur Road,14794,pm25,µg/m³,2019-10-06 00:00:00+05:30,25.0,20.0073285,73.7762427,2019,10
5592,Gangapur Road,14794,pm25,µg/m³,2019-10-07 00:00:00+05:30,36.3,20.0073285,73.7762427,2019,10
5592,Gangapur Road,14794,pm25,µg/m³,2019-10-08 00:00:00+05:30,35.1,20.0073285,73.7762427,2019,10
5592,Gangapur Road,14794,pm25,µg/m³,2019-10-09 00:00:00+05:30,34.2,20.0073285,73.7762427,2019,10
5592,Gangapur Road,14794,pm25,µg/m³,2019-10-10 00:00:00+05:30,27.9,20.0073285,73.7762427,2019,10
5592,Gangapur Road,14794,pm25,µg/m³,2019-10-11 00:00:00+05:30,45.9,20.0073285,73.7762427,2019,10
5592,Gangapur Road,14794,pm25,µg/m³,2019-10-12 00:00:00+05:30,43.6,20.0073285,73.7762427,2019,10
5592,Gangapur Road,14794,pm25,µg/m³,2019-10-13 00:00:00+05:30,54.0,20.0073285,73.7762427,2019,10
5592,Gangapur Road,14794,pm25,µg/m³,2019-10-14 00:00:00+05:30,30.8,20.0073285,73.7762427,2019,10
5592,Gangapur Road,14794,pm25,µg/m³,2019-10-15 00:00:00+05:30,35.8,20.0073285,73.7762427,2019,10
5592,Gangapur Road,14794,pm25,µg/m³,2019-10-16 00:00:00+05:30,37.2,20.0073285,73.7762427,2019,10
5592,Gangapur Road,14794,pm25,µg/m³,2019-10-17 00:00:00+05:30,52.3,20.0073285,73.7762427,2019,10
5592,Gangapur Road,14794,pm25,µg/m³,2019-10-18 00:00:00+05:30,59.6,20.0073285,73.7762427,2019,10
5592,Gangapur Road,14794,pm25,µg/m³,2019-10-19 00:00:00+05:30,13.1,20.0073285,73.7762427,2019,10
5592,Gangapur Road,14794,pm25,µg/m³,2019-10-20 00:00:00+05:30,30.1,20.0073285,73.7762427,2019,10
5592,Gangapur Road,14794,pm25,µg/m³,2019-10-21 00:00:00+05:30,36.2,20.0073285,73.7762427,2019,10
5592,Gangapur Road,14794,pm25,µg/m³,2019-10-22 00:00:00+05:30,27.3,20.0073285,73.7762427,2019,10
5592,Gangapur Road,14794,pm25,µg/m³,2019-10-23 00:00:00+05:30,13.5,20.0073285,73.7762427,2019,10
5592,Gangapur Road,14794,pm25,µg/m³,2019-10-24 00:00:00+05:30,25.1,20.0073285,73.7762427,2019,10
5592,Gangapur Road,14794,pm25,µg/m³,2019-10-25 00:00:00+05:30,29.0,20.0073285,73.7762427,2019,10
5592,Gangapur Road,14794,pm25,µg/m³,2019-10-26 00:00:00+05:30,19.6,20.0073285,73.7762427,2019,10
5592,Gangapur Road,14794,pm25,µg/m³,2019-10-27 00:00:00+05:30,62.7,20.0073285,73.7762427,2019,10
5592,Gangapur Road,14794,pm25,µg/m³,2019-10-28 00:00:00+05:30,30.1,20.0073285,73.7762427,2019,10
5592,Gangapur Road,14794,pm25,µg/m³,2019-10-29 00:00:00+05:30,19.8,20.0073285,73.7762427,2019,10
5592,Gangapur Road,14794,pm25,µg/m³,2019-10-30 00:00:00+05:30,32.5,20.0073285,73.7762427,2019,10
5592,Gangapur Road,14794,pm25,µg/m³,2019-11-11 00:00:00+05:30,68.5,20.0073285,73.7762427,2019,11
5592,Gangapur Road,14794,pm25,µg/m³,2019-11-12 00:00:00+05:30,68.5,20.0073285,73.7762427,2019,11
5592,Gangapur Road,14794,pm25,µg/m³,2019-11-13 00:00:00+05:30,59.5,20.0073285,73.7762427,2019,11
5592,Gangapur Road,14794,pm25,µg/m³,2019-11-14 00:00:00+05:30,59.9,20.0073285,73.7762427,2019,11
5592,Gangapur Road,14794,pm25,µg/m³,2019-11-15 00:00:00+05:30,61.3,20.0073285,73.7762427,2019,11
5592,Gangapur Road,14794,pm25,µg/m³,2019-11-16 00:00:00+05:30,49.7,20.0073285,73.7762427,2019,11
5592,Gangapur Road,14794,pm25,µg/m³,2019-11-17 00:00:00+05:30,46.3,20.0073285,73.7762427,2019,11
5592,Gangapur Road,14794,pm25,µg/m³,2019-11-18 00:00:00+05:30,67.0,20.0073285,73.7762427,2019,11
5592,Gangapur Road,14794,pm25,µg/m³,2019-11-19 00:00:00+05:30,74.2,20.0073285,73.7762427,2019,11
5592,Gangapur Road,14794,pm25,µg/m³,2019-11-20 00:00:00+05:30,65.9,20.0073285,73.7762427,2019,11
5592,Gangapur Road,14794,pm25,µg/m³,2019-11-21 00:00:00+05:30,60.5,20.0073285,73.7762427,2019,11
5592,Gangapur Road,14794,pm25,µg/m³,2019-11-22 00:00:00+05:30,72.1,20.0073285,73.7762427,2019,11
5592,Gangapur Road,14794,pm25,µg/m³,2019-11-23 00:00:00+05:30,68.7,20.0073285,73.7762427,2019,11
5592,Gangapur Road,14794,pm25,µg/m³,2019-11-24 00:00:00+05:30,69.9,20.0073285,73.7762427,2019,11
5592,Gangapur Road,14794,pm25,µg/m³,2019-11-25 00:00:00+05:30,66.6,20.0073285,73.7762427,2019,11
5592,Gangapur Road,14794,pm25,µg/m³,2019-11-26 00:00:00+05:30,62.0,20.0073285,73.7762427,2019,11
5592,Gangapur Road,14794,pm25,µg/m³,2019-11-27 00:00:00+05:30,52.9,20.0073285,73.7762427,2019,11
5592,Gangapur Road,14794,pm25,µg/m³,2019-11-28 00:00:00+05:30,59.5,20.0073285,73.7762427,2019,11
5592,Gangapur Road,14794,pm25,µg/m³,2019-11-29 00:00:00+05:30,66.8,20.0073285,73.7762427,2019,11
5592,Gangapur Road,14794,pm25,µg/m³,2019-11-30 00:00:00+05:30,55.8,20.0073285,73.7762427,2019,11
5592,Gangapur Road,14794,pm25,µg/m³,2019-12-01 00:00:00+05:30,56.3,20.0073285,73.7762427,2019,12
5592,Gangapur Road,14794,pm25,µg/m³,2019-12-02 00:00:00+05:30,45.1,20.0073285,73.7762427,2019,12
5592,Gangapur Road,14794,pm25,µg/m³,2019-12-03 00:00:00+05:30,38.4,20.0073285,73.7762427,2019,12
5592,Gangapur Road,14794,pm25,µg/m³,2019-12-04 00:00:00+05:30,52.1,20.0073285,73.7762427,2019,12
5592,Gangapur Road,14794,pm25,µg/m³,2019-12-05 00:00:00+05:30,55.9,20.0073285,73.7762427,2019,12
5592,Gangapur Road,14794,pm25,µg/m³,2019-12-06 00:00:00+05:30,46.4,20.0073285,73.7762427,2019,12
5592,Gangapur Road,14794,pm25,µg/m³,2019-12-07 00:00:00+05:30,48.6,20.0073285,73.7762427,2019,12
5592,Gangapur Road,14794,pm25,µg/m³,2019-12-08 00:00:00+05:30,54.8,20.0073285,73.7762427,2019,12
5592,Gangapur Road,14794,pm25,µg/m³,2019-12-10 00:00:00+05:30,52.1,20.0073285,73.7762427,2019,12
5592,Gangapur Road,14794,pm25,µg/m³,2019-12-11 00:00:00+05:30,50.7,20.0073285,73.7762427,2019,12
5592,Gangapur Road,14794,pm25,µg/m³,2019-12-12 00:00:00+05:30,47.5,20.0073285,73.7762427,2019,12
5592,Gangapur Road,14794,pm25,µg/m³,2019-12-13 00:00:00+05:30,44.8,20.0073285,73.7762427,2019,12
5592,Gangapur Road,14794,pm25,µg/m³,2019-12-14 00:00:00+05:30,53.3,20.0073285,73.7762427,2019,12
5592,Gangapur Road,14794,pm25,µg/m³,2019-12-15 00:00:00+05:30,72.9,20.0073285,73.7762427,2019,12
5592,Gangapur Road,14794,pm25,µg/m³,2019-12-16 00:00:00+05:30,60.4,20.0073285,73.7762427,2019,12
5592,Gangapur Road,14794,pm25,µg/m³,2019-12-17 00:00:00+05:30,57.2,20.0073285,73.7762427,2019,12
5592,Gangapur Road,14794,pm25,µg/m³,2019-12-18 00:00:00+05:30,73.9,20.0073285,73.7762427,2019,12
5592,Gangapur Road,14794,pm25,µg/m³,2019-12-19 00:00:00+05:30,77.9,20.0073285,73.7762427,2019,12
5592,Gangapur Road,14794,pm25,µg/m³,2019-12-20 00:00:00+05:30,74.8,20.0073285,73.7762427,2019,12
5592,Gangapur Road,14794,pm25,µg/m³,2019-12-21 00:00:00+05:30,70.8,20.0073285,73.7762427,2019,12
5592,Gangapur Road,14794,pm25,µg/m³,2019-12-22 00:00:00+05:30,80.2,20.0073285,73.7762427,2019,12
5592,Gangapur Road,14794,pm25,µg/m³,2019-12-23 00:00:00+05:30,77.3,20.0073285,73.7762427,2019,12
5592,Gangapur Road,14794,pm25,µg/m³,2019-12-24 00:00:00+05:30,65.0,20.0073285,73.7762427,2019,12
5592,Gangapur Road,14794,pm25,µg/m³,2019-12-25 00:00:00+05:30,72.3,20.0073285,73.7762427,2019,12
5592,Gangapur Road,14794,pm25,µg/m³,2019-12-26 00:00:00+05:30,66.6,20.0073285,73.7762427,2019,12
5592,Gangapur Road,14794,pm25,µg/m³,2019-12-27 00:00:00+05:30,58.8,20.0073285,73.7762427,2019,12
5592,Gangapur Road,14794,pm25,µg/m³,2019-12-28 00:00:00+05:30,26.2,20.0073285,73.7762427,2019,12
5592,Gangapur Road,14794,pm25,µg/m³,2019-12-29 00:00:00+05:30,24.4,20.0073285,73.7762427,2019,12
5592,Gangapur Road,14794,pm25,µg/m³,2019-12-30 00:00:00+05:30,41.6,20.0073285,73.7762427,2019,12
5592,Gangapur Road,14794,pm25,µg/m³,2019-12-31 00:00:00+05:30,64.3,20.0073285,73.7762427,2019,12
5592,Gangapur Road,14794,pm25,µg/m³,2020-01-01 00:00:00+05:30,74.1,20.0073285,73.7762427,2020,1
5592,Gangapur Road,14794,pm25,µg/m³,2020-01-02 00:00:00+05:30,68.9,20.0073285,73.7762427,2020,1
5592,Gangapur Road,14794,pm25,µg/m³,2020-01-03 00:00:00+05:30,50.7,20.0073285,73.7762427,2020,1
5592,Gangapur Road,14794,pm25,µg/m³,2020-01-04 00:00:00+05:30,66.8,20.0073285,73.7762427,2020,1
5592,Gangapur Road,14794,pm25,µg/m³,2020-01-05 00:00:00+05:30,51.2,20.0073285,73.7762427,2020,1
5592,Gangapur Road,14794,pm25,µg/m³,2020-01-06 00:00:00+05:30,46.0,20.0073285,73.7762427,2020,1
5592,Gangapur Road,14794,pm25,µg/m³,2020-01-07 00:00:00+05:30,56.7,20.0073285,73.7762427,2020,1
5592,Gangapur Road,14794,pm25,µg/m³,2020-01-08 00:00:00+05:30,55.7,20.0073285,73.7762427,2020,1
5592,Gangapur Road,14794,pm25,µg/m³,2020-01-09 00:00:00+05:30,43.0,20.0073285,73.7762427,2020,1
5592,Gangapur Road,14794,pm25,µg/m³,2020-01-10 00:00:00+05:30,41.6,20.0073285,73.7762427,2020,1
5592,Gangapur Road,14794,pm25,µg/m³,2020-01-11 00:00:00+05:30,53.2,20.0073285,73.7762427,2020,1
5592,Gangapur Road,14794,pm25,µg/m³,2020-01-12 00:00:00+05:30,69.2,20.0073285,73.7762427,2020,1
5592,Gangapur Road,14794,pm25,µg/m³,2020-01-13 00:00:00+05:30,53.5,20.0073285,73.7762427,2020,1
5592,Gangapur Road,14794,pm25,µg/m³,2020-01-14 00:00:00+05:30,30.3,20.0073285,73.7762427,2020,1
5592,Gangapur Road,14794,pm25,µg/m³,2020-01-15 00:00:00+05:30,31.7,20.0073285,73.7762427,2020,1
5592,Gangapur Road,14794,pm25,µg/m³,2020-01-16 00:00:00+05:30,28.5,20.0073285,73.7762427,2020,1
5592,Gangapur Road,14794,pm25,µg/m³,2020-01-17 00:00:00+05:30,42.2,20.0073285,73.7762427,2020,1
5592,Gangapur Road,14794,pm25,µg/m³,2020-01-18 00:00:00+05:30,73.1,20.0073285,73.7762427,2020,1
5592,Gangapur Road,14794,pm25,µg/m³,2020-01-19 00:00:00+05:30,77.5,20.0073285,73.7762427,2020,1
5592,Gangapur Road,14794,pm25,µg/m³,2020-01-20 00:00:00+05:30,63.5,20.0073285,73.7762427,2020,1
5592,Gangapur Road,14794,pm25,µg/m³,2020-01-21 00:00:00+05:30,58.3,20.0073285,73.7762427,2020,1
5592,Gangapur Road,14794,pm25,µg/m³,2020-01-22 00:00:00+05:30,60.2,20.0073285,73.7762427,2020,1
5592,Gangapur Road,14794,pm25,µg/m³,2020-01-23 00:00:00+05:30,77.2,20.0073285,73.7762427,2020,1
5592,Gangapur Road,14794,pm25,µg/m³,2020-01-24 00:00:00+05:30,71.5,20.0073285,73.7762427,2020,1
5592,Gangapur Road,14794,pm25,µg/m³,2020-01-25 00:00:00+05:30,69.9,20.0073285,73.7762427,2020,1
5592,Gangapur Road,14794,pm25,µg/m³,2020-01-26 00:00:00+05:30,56.8,20.0073285,73.7762427,2020,1
5592,Gangapur Road,14794,pm25,µg/m³,2020-01-27 00:00:00+05:30,49.9,20.0073285,73.7762427,2020,1
5592,Gangapur Road,14794,pm25,µg/m³,2020-01-28 00:00:00+05:30,22.8,20.0073285,73.7762427,2020,1
5592,Gangapur Road,14794,pm25,µg/m³,2020-01-29 00:00:00+05:30,21.6,20.0073285,73.7762427,2020,1
5592,Gangapur Road,14794,pm25,µg/m³,2020-01-30 00:00:00+05:30,40.8,20.0073285,73.7762427,2020,1
5592,Gangapur Road,14794,pm25,µg/m³,2020-01-31 00:00:00+05:30,46.4,20.0073285,73.7762427,2020,1
5592,Gangapur Road,14794,pm25,µg/m³,2020-02-01 00:00:00+05:30,48.2,20.0073285,73.7762427,2020,2
5592,Gangapur Road,14794,pm25,µg/m³,2020-02-02 00:00:00+05:30,42.5,20.0073285,73.7762427,2020,2
5592,Gangapur Road,14794,pm25,µg/m³,2020-02-03 00:00:00+05:30,59.1,20.0073285,73.7762427,2020,2
5592,Gangapur Road,14794,pm25,µg/m³,2020-02-04 00:00:00+05:30,55.8,20.0073285,73.7762427,2020,2
5592,Gangapur Road,14794,pm25,µg/m³,2020-02-05 00:00:00+05:30,52.6,20.0073285,73.7762427,2020,2
5592,Gangapur Road,14794,pm25,µg/m³,2020-02-06 00:00:00+05:30,49.9,20.0073285,73.7762427,2020,2
5592,Gangapur Road,14794,pm25,µg/m³,2020-02-07 00:00:00+05:30,47.7,20.0073285,73.7762427,2020,2
5592,Gangapur Road,14794,pm25,µg/m³,2020-02-08 00:00:00+05:30,66.5,20.0073285,73.7762427,2020,2
5592,Gangapur Road,14794,pm25,µg/m³,2020-02-09 00:00:00+05:30,57.9,20.0073285,73.7762427,2020,2
5592,Gangapur Road,14794,pm25,µg/m³,2020-02-10 00:00:00+05:30,51.7,20.0073285,73.7762427,2020,2
5592,Gangapur Road,14794,pm25,µg/m³,2020-02-11 00:00:00+05:30,47.8,20.0073285,73.7762427,2020,2
5592,Gangapur Road,14794,pm25,µg/m³,2020-02-12 00:00:00+05:30,49.2,20.0073285,73.7762427,2020,2
5592,Gangapur Road,14794,pm25,µg/m³,2020-02-13 00:00:00+05:30,73.4,20.0073285,73.7762427,2020,2
5592,Gangapur Road,14794,pm25,µg/m³,2020-02-14 00:00:00+05:30,55.6,20.0073285,73.7762427,2020,2
5592,Gangapur Road,14794,pm25,µg/m³,2020-02-15 00:00:00+05:30,57.0,20.0073285,73.7762427,2020,2
5592,Gangapur Road,14794,pm25,µg/m³,2020-02-16 00:00:00+05:30,69.6,20.0073285,73.7762427,2020,2
5592,Gangapur Road,14794,pm25,µg/m³,2020-02-17 00:00:00+05:30,83.8,20.0073285,73.7762427,2020,2
5592,Gangapur Road,14794,pm25,µg/m³,2020-02-18 00:00:00+05:30,70.5,20.0073285,73.7762427,2020,2
5592,Gangapur Road,14794,pm25,µg/m³,2020-02-19 00:00:00+05:30,50.9,20.0073285,73.7762427,2020,2
5592,Gangapur Road,14794,pm25,µg/m³,2020-02-20 00:00:00+05:30,62.5,20.0073285,73.7762427,2020,2
5592,Gangapur Road,14794,pm25,µg/m³,2020-02-21 00:00:00+05:30,55.5,20.0073285,73.7762427,2020,2
5592,Gangapur Road,14794,pm25,µg/m³,2020-02-22 00:00:00+05:30,56.1,20.0073285,73.7762427,2020,2
5592,Gangapur Road,14794,pm25,µg/m³,2020-02-23 00:00:00+05:30,61.0,20.0073285,73.7762427,2020,2
5592,Gangapur Road,14794,pm25,µg/m³,2020-02-24 00:00:00+05:30,53.1,20.0073285,73.7762427,2020,2
5592,Gangapur Road,14794,pm25,µg/m³,2020-02-25 00:00:00+05:30,36.2,20.0073285,73.7762427,2020,2
5592,Gangapur Road,14794,pm25,µg/m³,2020-02-26 00:00:00+05:30,41.0,20.0073285,73.7762427,2020,2
5592,Gangapur Road,14794,pm25,µg/m³,2020-02-27 00:00:00+05:30,48.5,20.0073285,73.7762427,2020,2
5592,Gangapur Road,14794,pm25,µg/m³,2020-02-28 00:00:00+05:30,55.1,20.0073285,73.7762427,2020,2
5592,Gangapur Road,14794,pm25,µg/m³,2020-02-29 00:00:00+05:30,56.7,20.0073285,73.7762427,2020,2
5592,Gangapur Road,14794,pm25,µg/m³,2020-03-01 00:00:00+05:30,36.2,20.0073285,73.7762427,2020,3
5592,Gangapur Road,14794,pm25,µg/m³,2020-03-02 00:00:00+05:30,50.3,20.0073285,73.7762427,2020,3
5592,Gangapur Road,14794,pm25,µg/m³,2020-03-03 00:00:00+05:30,44.1,20.0073285,73.7762427,2020,3
5592,Gangapur Road,14794,pm25,µg/m³,2020-03-04 00:00:00+05:30,41.3,20.0073285,73.7762427,2020,3
5592,Gangapur Road,14794,pm25,µg/m³,2020-03-05 00:00:00+05:30,40.0,20.0073285,73.7762427,2020,3
5592,Gangapur Road,14794,pm25,µg/m³,2020-03-06 00:00:00+05:30,32.3,20.0073285,73.7762427,2020,3
5592,Gangapur Road,14794,pm25,µg/m³,2020-03-07 00:00:00+05:30,21.2,20.0073285,73.7762427,2020,3
5592,Gangapur Road,14794,pm25,µg/m³,2020-03-08 00:00:00+05:30,28.8,20.0073285,73.7762427,2020,3
5592,Gangapur Road,14794,pm25,µg/m³,2020-03-09 00:00:00+05:30,45.3,20.0073285,73.7762427,2020,3
5592,Gangapur Road,14794,pm25,µg/m³,2020-03-10 00:00:00+05:30,32.2,20.0073285,73.7762427,2020,3
5592,Gangapur Road,14794,pm25,µg/m³,2020-03-11 00:00:00+05:30,23.8,20.0073285,73.7762427,2020,3
5592,Gangapur Road,14794,pm25,µg/m³,2020-03-12 00:00:00+05:30,23.4,20.0073285,73.7762427,2020,3
5592,Gangapur Road,14794,pm25,µg/m³,2020-03-13 00:00:00+05:30,22.3,20.0073285,73.7762427,2020,3
5592,Gangapur Road,14794,pm25,µg/m³,2020-03-14 00:00:00+05:30,37.1,20.0073285,73.7762427,2020,3
5592,Gangapur Road,14794,pm25,µg/m³,2020-03-15 00:00:00+05:30,40.5,20.0073285,73.7762427,2020,3
5592,Gangapur Road,14794,pm25,µg/m³,2020-03-16 00:00:00+05:30,43.0,20.0073285,73.7762427,2020,3
5592,Gangapur Road,14794,pm25,µg/m³,2020-03-17 00:00:00+05:30,37.4,20.0073285,73.7762427,2020,3
5592,Gangapur Road,14794,pm25,µg/m³,2020-03-18 00:00:00+05:30,31.9,20.0073285,73.7762427,2020,3
5592,Gangapur Road,14794,pm25,µg/m³,2020-03-19 00:00:00+05:30,24.8,20.0073285,73.7762427,2020,3
5592,Gangapur Road,14794,pm25,µg/m³,2020-03-20 00:00:00+05:30,32.3,20.0073285,73.7762427,2020,3
5592,Gangapur Road,14794,pm25,µg/m³,2020-03-21 00:00:00+05:30,25.2,20.0073285,73.7762427,2020,3
5592,Gangapur Road,14794,pm25,µg/m³,2020-03-22 00:00:00+05:30,29.4,20.0073285,73.7762427,2020,3
5592,Gangapur Road,14794,pm25,µg/m³,2020-03-23 00:00:00+05:30,33.6,20.0073285,73.7762427,2020,3
5592,Gangapur Road,14794,pm25,µg/m³,2020-03-24 00:00:00+05:30,36.2,20.0073285,73.7762427,2020,3
5592,Gangapur Road,14794,pm25,µg/m³,2020-03-25 00:00:00+05:30,35.6,20.0073285,73.7762427,2020,3
5592,Gangapur Road,14794,pm25,µg/m³,2020-03-26 00:00:00+05:30,27.4,20.0073285,73.7762427,2020,3
5592,Gangapur Road,14794,pm25,µg/m³,2020-03-27 00:00:00+05:30,43.6,20.0073285,73.7762427,2020,3
5592,Gangapur Road,14794,pm25,µg/m³,2020-03-28 00:00:00+05:30,36.0,20.0073285,73.7762427,2020,3
5592,Gangapur Road,14794,pm25,µg/m³,2020-03-29 00:00:00+05:30,28.3,20.0073285,73.7762427,2020,3
5592,Gangapur Road,14794,pm25,µg/m³,2020-03-30 00:00:00+05:30,35.1,20.0073285,73.7762427,2020,3
5592,Gangapur Road,14794,pm25,µg/m³,2020-03-31 00:00:00+05:30,34.9,20.0073285,73.7762427,2020,3
5592,Gangapur Road,14794,pm25,µg/m³,2020-04-01 00:00:00+05:30,25.2,20.0073285,73.7762427,2020,4
5592,Gangapur Road,14794,pm25,µg/m³,2020-04-02 00:00:00+05:30,30.6,20.0073285,73.7762427,2020,4
5592,Gangapur Road,14794,pm25,µg/m³,2020-04-03 00:00:00+05:30,44.0,20.0073285,73.7762427,2020,4
5592,Gangapur Road,14794,pm25,µg/m³,2020-04-04 00:00:00+05:30,42.3,20.0073285,73.7762427,2020,4
5592,Gangapur Road,14794,pm25,µg/m³,2020-04-05 00:00:00+05:30,47.7,20.0073285,73.7762427,2020,4
5592,Gangapur Road,14794,pm25,µg/m³,2020-04-06 00:00:00+05:30,40.0,20.0073285,73.7762427,2020,4
5592,Gangapur Road,14794,pm25,µg/m³,2020-04-07 00:00:00+05:30,26.6,20.0073285,73.7762427,2020,4
5592,Gangapur Road,14794,pm25,µg/m³,2020-04-08 00:00:00+05:30,27.7,20.0073285,73.7762427,2020,4
5592,Gangapur Road,14794,pm25,µg/m³,2020-04-09 00:00:00+05:30,28.2,20.0073285,73.7762427,2020,4
5592,Gangapur Road,14794,pm25,µg/m³,2020-04-10 00:00:00+05:30,27.6,20.0073285,73.7762427,2020,4
5592,Gangapur Road,14794,pm25,µg/m³,2020-04-11 00:00:00+05:30,30.6,20.0073285,73.7762427,2020,4
5592,Gangapur Road,14794,pm25,µg/m³,2020-04-12 00:00:00+05:30,28.4,20.0073285,73.7762427,2020,4
5592,Gangapur Road,14794,pm25,µg/m³,2020-04-13 00:00:00+05:30,28.9,20.0073285,73.7762427,2020,4
5592,Gangapur Road,14794,pm25,µg/m³,2020-04-14 00:00:00+05:30,30.3,20.0073285,73.7762427,2020,4
5592,Gangapur Road,14794,pm25,µg/m³,2020-04-15 00:00:00+05:30,26.4,20.0073285,73.7762427,2020,4
5592,Gangapur Road,14794,pm25,µg/m³,2020-04-16 00:00:00+05:30,27.4,20.0073285,73.7762427,2020,4
5592,Gangapur Road,14794,pm25,µg/m³,2020-04-17 00:00:00+05:30,28.3,20.0073285,73.7762427,2020,4
5592,Gangapur Road,14794,pm25,µg/m³,2020-04-18 00:00:00+05:30,24.5,20.0073285,73.7762427,2020,4
5592,Gangapur Road,14794,pm25,µg/m³,2020-04-19 00:00:00+05:30,29.5,20.0073285,73.7762427,2020,4
5592,Gangapur Road,14794,pm25,µg/m³,2020-04-20 00:00:00+05:30,24.6,20.0073285,73.7762427,2020,4
5592,Gangapur Road,14794,pm25,µg/m³,2020-04-21 00:00:00+05:30,22.4,20.0073285,73.7762427,2020,4
5592,Gangapur Road,14794,pm25,µg/m³,2020-04-22 00:00:00+05:30,19.1,20.0073285,73.7762427,2020,4
5592,Gangapur Road,14794,pm25,µg/m³,2020-04-23 00:00:00+05:30,26.6,20.0073285,73.7762427,2020,4
5592,Gangapur Road,14794,pm25,µg/m³,2020-04-24 00:00:00+05:30,18.7,20.0073285,73.7762427,2020,4
5592,Gangapur Road,14794,pm25,µg/m³,2020-04-26 00:00:00+05:30,17.9,20.0073285,73.7762427,2020,4
5592,Gangapur Road,14794,pm25,µg/m³,2020-04-27 00:00:00+05:30,20.2,20.0073285,73.7762427,2020,4
5592,Gangapur Road,14794,pm25,µg/m³,2020-04-28 00:00:00+05:30,21.3,20.0073285,73.7762427,2020,4
5592,Gangapur Road,14794,pm25,µg/m³,2020-04-29 00:00:00+05:30,30.9,20.0073285,73.7762427,2020,4
5592,Gangapur Road,14794,pm25,µg/m³,2020-04-30 00:00:00+05:30,25.7,20.0073285,73.7762427,2020,4
5592,Gangapur Road,14794,pm25,µg/m³,2020-05-01 00:00:00+05:30,25.9,20.0073285,73.7762427,2020,5
5592,Gangapur Road,14794,pm25,µg/m³,2020-05-02 00:00:00+05:30,22.5,20.0073285,73.7762427,2020,5
5592,Gangapur Road,14794,pm25,µg/m³,2020-05-03 00:00:00+05:30,18.9,20.0073285,73.7762427,2020,5
5592,Gangapur Road,14794,pm25,µg/m³,2020-05-04 00:00:00+05:30,18.0,20.0073285,73.7762427,2020,5
5592,Gangapur Road,14794,pm25,µg/m³,2020-05-05 00:00:00+05:30,20.8,20.0073285,73.7762427,2020,5
5592,Gangapur Road,14794,pm25,µg/m³,2020-05-06 00:00:00+05:30,26.5,20.0073285,73.7762427,2020,5
5592,Gangapur Road,14794,pm25,µg/m³,2020-05-07 00:00:00+05:30,20.6,20.0073285,73.7762427,2020,5
5592,Gangapur Road,14794,pm25,µg/m³,2020-05-08 00:00:00+05:30,18.2,20.0073285,73.7762427,2020,5
5592,Gangapur Road,14794,pm25,µg/m³,2020-05-09 00:00:00+05:30,17.7,20.0073285,73.7762427,2020,5
5592,Gangapur Road,14794,pm25,µg/m³,2020-05-10 00:00:00+05:30,18.7,20.0073285,73.7762427,2020,5
5592,Gangapur Road,14794,pm25,µg/m³,2020-05-11 00:00:00+05:30,19.5,20.0073285,73.7762427,2020,5
5592,Gangapur Road,14794,pm25,µg/m³,2020-05-12 00:00:00+05:30,16.8,20.0073285,73.7762427,2020,5
5592,Gangapur Road,14794,pm25,µg/m³,2020-05-13 00:00:00+05:30,21.6,20.0073285,73.7762427,2020,5
5592,Gangapur Road,14794,pm25,µg/m³,2020-05-14 00:00:00+05:30,20.4,20.0073285,73.7762427,2020,5
5592,Gangapur Road,14794,pm25,µg/m³,2020-05-15 00:00:00+05:30,22.2,20.0073285,73.7762427,2020,5
5592,Gangapur Road,14794,pm25,µg/m³,2020-05-16 00:00:00+05:30,27.1,20.0073285,73.7762427,2020,5
5592,Gangapur Road,14794,pm25,µg/m³,2020-05-17 00:00:00+05:30,34.8,20.0073285,73.7762427,2020,5
5592,Gangapur Road,14794,pm25,µg/m³,2020-05-18 00:00:00+05:30,26.4,20.0073285,73.7762427,2020,5
5592,Gangapur Road,14794,pm25,µg/m³,2020-05-19 00:00:00+05:30,18.9,20.0073285,73.7762427,2020,5
5592,Gangapur Road,14794,pm25,µg/m³,2020-05-20 00:00:00+05:30,14.6,20.0073285,73.7762427,2020,5
5592,Gangapur Road,14794,pm25,µg/m³,2020-05-21 00:00:00+05:30,13.5,20.0073285,73.7762427,2020,5
5592,Gangapur Road,14794,pm25,µg/m³,2020-05-22 00:00:00+05:30,14.6,20.0073285,73.7762427,2020,5
5592,Gangapur Road,14794,pm25,µg/m³,2020-05-23 00:00:00+05:30,16.7,20.0073285,73.7762427,2020,5
5592,Gangapur Road,14794,pm25,µg/m³,2020-05-24 00:00:00+05:30,16.4,20.0073285,73.7762427,2020,5
5592,Gangapur Road,14794,pm25,µg/m³,2020-05-25 00:00:00+05:30,18.2,20.0073285,73.7762427,2020,5
5592,Gangapur Road,14794,pm25,µg/m³,2020-05-26 00:00:00+05:30,16.5,20.0073285,73.7762427,2020,5
5592,Gangapur Road,14794,pm25,µg/m³,2020-05-27 00:00:00+05:30,19.3,20.0073285,73.7762427,2020,5
5592,Gangapur Road,14794,pm25,µg/m³,2020-05-28 00:00:00+05:30,17.8,20.0073285,73.7762427,2020,5
5592,Gangapur Road,14794,pm25,µg/m³,2020-05-29 00:00:00+05:30,10.9,20.0073285,73.7762427,2020,5
5592,Gangapur Road,14794,pm25,µg/m³,2020-05-30 00:00:00+05:30,9.39,20.0073285,73.7762427,2020,5
5592,Gangapur Road,14794,pm25,µg/m³,2020-05-31 00:00:00+05:30,24.9,20.0073285,73.7762427,2020,5
5592,Gangapur Road,14794,pm25,µg/m³,2020-06-01 00:00:00+05:30,12.3,20.0073285,73.7762427,2020,6
5592,Gangapur Road,14794,pm25,µg/m³,2020-06-04 00:00:00+05:30,15.8,20.0073285,73.7762427,2020,6
5592,Gangapur Road,14794,pm25,µg/m³,2020-06-05 00:00:00+05:30,21.0,20.0073285,73.7762427,2020,6
5592,Gangapur Road,14794,pm25,µg/m³,2020-06-06 00:00:00+05:30,14.8,20.0073285,73.7762427,2020,6
5592,Gangapur Road,14794,pm25,µg/m³,2020-06-07 00:00:00+05:30,9.94,20.0073285,73.7762427,2020,6
5592,Gangapur Road,14794,pm25,µg/m³,2020-06-08 00:00:00+05:30,11.1,20.0073285,73.7762427,2020,6
5592,Gangapur Road,14794,pm25,µg/m³,2020-06-09 00:00:00+05:30,16.8,20.0073285,73.7762427,2020,6
5592,Gangapur Road,14794,pm25,µg/m³,2020-06-10 00:00:00+05:30,12.0,20.0073285,73.7762427,2020,6
5592,Gangapur Road,14794,pm25,µg/m³,2020-06-11 00:00:00+05:30,11.4,20.0073285,73.7762427,2020,6
5592,Gangapur Road,14794,pm25,µg/m³,2020-06-12 00:00:00+05:30,12.6,20.0073285,73.7762427,2020,6
5592,Gangapur Road,14794,pm25,µg/m³,2020-06-13 00:00:00+05:30,16.4,20.0073285,73.7762427,2020,6
5592,Gangapur Road,14794,pm25,µg/m³,2020-06-14 00:00:00+05:30,10.9,20.0073285,73.7762427,2020,6
5592,Gangapur Road,14794,pm25,µg/m³,2020-06-15 00:00:00+05:30,9.47,20.0073285,73.7762427,2020,6
5592,Gangapur Road,14794,pm25,µg/m³,2020-06-16 00:00:00+05:30,14.8,20.0073285,73.7762427,2020,6
5592,Gangapur Road,14794,pm25,µg/m³,2020-06-17 00:00:00+05:30,13.2,20.0073285,73.7762427,2020,6
5592,Gangapur Road,14794,pm25,µg/m³,2020-06-18 00:00:00+05:30,9.73,20.0073285,73.7762427,2020,6
5592,Gangapur Road,14794,pm25,µg/m³,2020-06-19 00:00:00+05:30,13.4,20.0073285,73.7762427,2020,6
5592,Gangapur Road,14794,pm25,µg/m³,2020-06-20 00:00:00+05:30,19.0,20.0073285,73.7762427,2020,6
5592,Gangapur Road,14794,pm25,µg/m³,2020-06-21 00:00:00+05:30,18.9,20.0073285,73.7762427,2020,6
5592,Gangapur Road,14794,pm25,µg/m³,2020-06-22 00:00:00+05:30,17.4,20.0073285,73.7762427,2020,6
5592,Gangapur Road,14794,pm25,µg/m³,2020-06-23 00:00:00+05:30,17.1,20.0073285,73.7762427,2020,6
5592,Gangapur Road,14794,pm25,µg/m³,2020-06-24 00:00:00+05:30,9.94,20.0073285,73.7762427,2020,6
5592,Gangapur Road,14794,pm25,µg/m³,2020-06-25 00:00:00+05:30,15.3,20.0073285,73.7762427,2020,6
5592,Gangapur Road,14794,pm25,µg/m³,2020-06-26 00:00:00+05:30,13.2,20.0073285,73.7762427,2020,6
5592,Gangapur Road,14794,pm25,µg/m³,2020-06-27 00:00:00+05:30,14.3,20.0073285,73.7762427,2020,6
5592,Gangapur Road,14794,pm25,µg/m³,2020-06-28 00:00:00+05:30,15.4,20.0073285,73.7762427,2020,6
5592,Gangapur Road,14794,pm25,µg/m³,2020-06-29 00:00:00+05:30,14.1,20.0073285,73.7762427,2020,6
5592,Gangapur Road,14794,pm25,µg/m³,2020-06-30 00:00:00+05:30,13.0,20.0073285,73.7762427,2020,6
5592,Gangapur Road,14794,pm25,µg/m³,2020-07-01 00:00:00+05:30,14.2,20.0073285,73.7762427,2020,7
5592,Gangapur Road,14794,pm25,µg/m³,2020-07-02 00:00:00+05:30,14.0,20.0073285,73.7762427,2020,7
5592,Gangapur Road,14794,pm25,µg/m³,2020-07-03 00:00:00+05:30,14.3,20.0073285,73.7762427,2020,7
5592,Gangapur Road,14794,pm25,µg/m³,2020-07-04 00:00:00+05:30,5.21,20.0073285,73.7762427,2020,7
5592,Gangapur Road,14794,pm25,µg/m³,2020-07-05 00:00:00+05:30,10.2,20.0073285,73.7762427,2020,7
5592,Gangapur Road,14794,pm25,µg/m³,2020-07-06 00:00:00+05:30,6.36,20.0073285,73.7762427,2020,7
5592,Gangapur Road,14794,pm25,µg/m³,2020-07-07 00:00:00+05:30,12.6,20.0073285,73.7762427,2020,7
5592,Gangapur Road,14794,pm25,µg/m³,2020-07-08 00:00:00+05:30,10.7,20.0073285,73.7762427,2020,7
5592,Gangapur Road,14794,pm25,µg/m³,2020-07-09 00:00:00+05:30,13.4,20.0073285,73.7762427,2020,7
5592,Gangapur Road,14794,pm25,µg/m³,2020-07-10 00:00:00+05:30,12.8,20.0073285,73.7762427,2020,7
5592,Gangapur Road,14794,pm25,µg/m³,2020-07-11 00:00:00+05:30,12.1,20.0073285,73.7762427,2020,7
5592,Gangapur Road,14794,pm25,µg/m³,2020-07-12 00:00:00+05:30,17.4,20.0073285,73.7762427,2020,7
5592,Gangapur Road,14794,pm25,µg/m³,2020-07-13 00:00:00+05:30,16.4,20.0073285,73.7762427,2020,7
5592,Gangapur Road,14794,pm25,µg/m³,2020-07-14 00:00:00+05:30,6.99,20.0073285,73.7762427,2020,7
5592,Gangapur Road,14794,pm25,µg/m³,2020-07-15 00:00:00+05:30,7.0,20.0073285,73.7762427,2020,7
5592,Gangapur Road,14794,pm25,µg/m³,2020-07-16 00:00:00+05:30,9.98,20.0073285,73.7762427,2020,7
5592,Gangapur Road,14794,pm25,µg/m³,2020-07-17 00:00:00+05:30,10.9,20.0073285,73.7762427,2020,7
5592,Gangapur Road,14794,pm25,µg/m³,2020-07-18 00:00:00+05:30,9.89,20.0073285,73.7762427,2020,7
5592,Gangapur Road,14794,pm25,µg/m³,2020-07-19 00:00:00+05:30,12.6,20.0073285,73.7762427,2020,7
5592,Gangapur Road,14794,pm25,µg/m³,2020-07-20 00:00:00+05:30,11.0,20.0073285,73.7762427,2020,7
5592,Gangapur Road,14794,pm25,µg/m³,2020-07-21 00:00:00+05:30,11.4,20.0073285,73.7762427,2020,7
5592,Gangapur Road,14794,pm25,µg/m³,2020-07-22 00:00:00+05:30,9.51,20.0073285,73.7762427,2020,7
5592,Gangapur Road,14794,pm25,µg/m³,2020-07-23 00:00:00+05:30,7.62,20.0073285,73.7762427,2020,7
5592,Gangapur Road,14794,pm25,µg/m³,2020-07-24 00:00:00+05:30,12.0,20.0073285,73.7762427,2020,7
5592,Gangapur Road,14794,pm25,µg/m³,2020-07-25 00:00:00+05:30,19.8,20.0073285,73.7762427,2020,7
5592,Gangapur Road,14794,pm25,µg/m³,2020-07-26 00:00:00+05:30,19.7,20.0073285,73.7762427,2020,7
5592,Gangapur Road,14794,pm25,µg/m³,2020-07-27 00:00:00+05:30,7.95,20.0073285,73.7762427,2020,7
5592,Gangapur Road,14794,pm25,µg/m³,2020-07-28 00:00:00+05:30,6.62,20.0073285,73.7762427,2020,7
5592,Gangapur Road,14794,pm25,µg/m³,2020-07-29 00:00:00+05:30,15.9,20.0073285,73.7762427,2020,7
5592,Gangapur Road,14794,pm25,µg/m³,2020-07-30 00:00:00+05:30,14.5,20.0073285,73.7762427,2020,7
5592,Gangapur Road,14794,pm25,µg/m³,2020-07-31 00:00:00+05:30,11.7,20.0073285,73.7762427,2020,7
5592,Gangapur Road,14794,pm25,µg/m³,2020-08-04 00:00:00+05:30,5.5,20.0073285,73.7762427,2020,8
5592,Gangapur Road,14794,pm25,µg/m³,2020-08-05 00:00:00+05:30,7.41,20.0073285,73.7762427,2020,8
5592,Gangapur Road,14794,pm25,µg/m³,2020-08-06 00:00:00+05:30,9.77,20.0073285,73.7762427,2020,8
5592,Gangapur Road,14794,pm25,µg/m³,2020-08-07 00:00:00+05:30,11.3,20.0073285,73.7762427,2020,8
5592,Gangapur Road,14794,pm25,µg/m³,2020-08-08 00:00:00+05:30,12.2,20.0073285,73.7762427,2020,8
5592,Gangapur Road,14794,pm25,µg/m³,2020-08-09 00:00:00+05:30,13.6,20.0073285,73.7762427,2020,8
5592,Gangapur Road,14794,pm25,µg/m³,2020-08-10 00:00:00+05:30,16.4,20.0073285,73.7762427,2020,8
5592,Gangapur Road,14794,pm25,µg/m³,2020-08-11 00:00:00+05:30,14.5,20.0073285,73.7762427,2020,8
5592,Gangapur Road,14794,pm25,µg/m³,2020-08-12 00:00:00+05:30,20.5,20.0073285,73.7762427,2020,8
5592,Gangapur Road,14794,pm25,µg/m³,2020-08-13 00:00:00+05:30,10.0,20.0073285,73.7762427,2020,8
5592,Gangapur Road,14794,pm25,µg/m³,2020-08-14 00:00:00+05:30,8.74,20.0073285,73.7762427,2020,8
5592,Gangapur Road,14794,pm25,µg/m³,2020-08-16 00:00:00+05:30,18.2,20.0073285,73.7762427,2020,8
5592,Gangapur Road,14794,pm25,µg/m³,2020-08-17 00:00:00+05:30,18.8,20.0073285,73.7762427,2020,8
5592,Gangapur Road,14794,pm25,µg/m³,2020-08-18 00:00:00+05:30,9.13,20.0073285,73.7762427,2020,8
5592,Gangapur Road,14794,pm25,µg/m³,2020-08-19 00:00:00+05:30,10.2,20.0073285,73.7762427,2020,8
5592,Gangapur Road,14794,pm25,µg/m³,2020-08-22 00:00:00+05:30,13.9,20.0073285,73.7762427,2020,8
5592,Gangapur Road,14794,pm25,µg/m³,2020-08-23 00:00:00+05:30,29.1,20.0073285,73.7762427,2020,8
5592,Gangapur Road,14794,pm25,µg/m³,2020-08-24 00:00:00+05:30,13.2,20.0073285,73.7762427,2020,8
5592,Gangapur Road,14794,pm25,µg/m³,2020-08-25 00:00:00+05:30,19.1,20.0073285,73.7762427,2020,8
5592,Gangapur Road,14794,pm25,µg/m³,2020-08-26 00:00:00+05:30,28.9,20.0073285,73.7762427,2020,8
5592,Gangapur Road,14794,pm25,µg/m³,2020-08-27 00:00:00+05:30,26.7,20.0073285,73.7762427,2020,8
5592,Gangapur Road,14794,pm25,µg/m³,2020-08-28 00:00:00+05:30,15.1,20.0073285,73.7762427,2020,8
5592,Gangapur Road,14794,pm25,µg/m³,2020-08-30 00:00:00+05:30,3.97,20.0073285,73.7762427,2020,8
5592,Gangapur Road,14794,pm25,µg/m³,2020-08-31 00:00:00+05:30,15.2,20.0073285,73.7762427,2020,8
5592,Gangapur Road,14794,pm25,µg/m³,2020-09-01 00:00:00+05:30,21.5,20.0073285,73.7762427,2020,9
5592,Gangapur Road,14794,pm25,µg/m³,2020-09-03 00:00:00+05:30,15.6,20.0073285,73.7762427,2020,9
5592,Gangapur Road,14794,pm25,µg/m³,2020-09-04 00:00:00+05:30,13.7,20.0073285,73.7762427,2020,9
5592,Gangapur Road,14794,pm25,µg/m³,2020-09-06 00:00:00+05:30,29.7,20.0073285,73.7762427,2020,9
5592,Gangapur Road,14794,pm25,µg/m³,2020-09-07 00:00:00+05:30,28.4,20.0073285,73.7762427,2020,9
5592,Gangapur Road,14794,pm25,µg/m³,2020-09-09 00:00:00+05:30,17.6,20.0073285,73.7762427,2020,9
5592,Gangapur Road,14794,pm25,µg/m³,2020-09-10 00:00:00+05:30,12.2,20.0073285,73.7762427,2020,9
5592,Gangapur Road,14794,pm25,µg/m³,2020-09-11 00:00:00+05:30,24.9,20.0073285,73.7762427,2020,9
5592,Gangapur Road,14794,pm25,µg/m³,2020-09-12 00:00:00+05:30,10.7,20.0073285,73.7762427,2020,9
5592,Gangapur Road,14794,pm25,µg/m³,2020-09-13 00:00:00+05:30,10.1,20.0073285,73.7762427,2020,9
5592,Gangapur Road,14794,pm25,µg/m³,2020-09-14 00:00:00+05:30,28.4,20.0073285,73.7762427,2020,9
5592,Gangapur Road,14794,pm25,µg/m³,2020-09-15 00:00:00+05:30,10.5,20.0073285,73.7762427,2020,9
5592,Gangapur Road,14794,pm25,µg/m³,2020-09-16 00:00:00+05:30,18.5,20.0073285,73.7762427,2020,9
5592,Gangapur Road,14794,pm25,µg/m³,2020-09-17 00:00:00+05:30,17.6,20.0073285,73.7762427,2020,9
5592,Gangapur Road,14794,pm25,µg/m³,2020-09-18 00:00:00+05:30,12.1,20.0073285,73.7762427,2020,9
5592,Gangapur Road,14794,pm25,µg/m³,2020-09-19 00:00:00+05:30,17.8,20.0073285,73.7762427,2020,9
5592,Gangapur Road,14794,pm25,µg/m³,2020-09-20 00:00:00+05:30,16.1,20.0073285,73.7762427,2020,9
5592,Gangapur Road,14794,pm25,µg/m³,2020-09-21 00:00:00+05:30,35.9,20.0073285,73.7762427,2020,9
5592,Gangapur Road,14794,pm25,µg/m³,2020-09-22 00:00:00+05:30,21.2,20.0073285,73.7762427,2020,9
5592,Gangapur Road,14794,pm25,µg/m³,2020-09-23 00:00:00+05:30,10.9,20.0073285,73.7762427,2020,9
5592,Gangapur Road,14794,pm25,µg/m³,2020-09-24 00:00:00+05:30,8.0,20.0073285,73.7762427,2020,9
5592,Gangapur Road,14794,pm25,µg/m³,2020-09-25 00:00:00+05:30,9.91,20.0073285,73.7762427,2020,9
5592,Gangapur Road,14794,pm25,µg/m³,2020-09-26 00:00:00+05:30,13.1,20.0073285,73.7762427,2020,9
5592,Gangapur Road,14794,pm25,µg/m³,2020-09-27 00:00:00+05:30,13.6,20.0073285,73.7762427,2020,9
5592,Gangapur Road,14794,pm25,µg/m³,2020-09-28 00:00:00+05:30,9.55,20.0073285,73.7762427,2020,9
5592,Gangapur Road,14794,pm25,µg/m³,2020-09-29 00:00:00+05:30,17.5,20.0073285,73.7762427,2020,9
5592,Gangapur Road,14794,pm25,µg/m³,2020-09-30 00:00:00+05:30,22.8,20.0073285,73.7762427,2020,9
5592,Gangapur Road,14794,pm25,µg/m³,2020-10-01 00:00:00+05:30,27.0,20.0073285,73.7762427,2020,10
5592,Gangapur Road,14794,pm25,µg/m³,2020-10-02 00:00:00+05:30,23.7,20.0073285,73.7762427,2020,10
5592,Gangapur Road,14794,pm25,µg/m³,2020-10-03 00:00:00+05:30,24.3,20.0073285,73.7762427,2020,10
5592,Gangapur Road,14794,pm25,µg/m³,2020-10-04 00:00:00+05:30,16.8,20.0073285,73.7762427,2020,10
5592,Gangapur Road,14794,pm25,µg/m³,2020-10-05 00:00:00+05:30,22.9,20.0073285,73.7762427,2020,10
5592,Gangapur Road,14794,pm25,µg/m³,2020-10-06 00:00:00+05:30,29.3,20.0073285,73.7762427,2020,10
5592,Gangapur Road,14794,pm25,µg/m³,2020-10-07 00:00:00+05:30,31.2,20.0073285,73.7762427,2020,10
5592,Gangapur Road,14794,pm25,µg/m³,2020-10-08 00:00:00+05:30,34.7,20.0073285,73.7762427,2020,10
5592,Gangapur Road,14794,pm25,µg/m³,2020-10-09 00:00:00+05:30,39.1,20.0073285,73.7762427,2020,10
5592,Gangapur Road,14794,pm25,µg/m³,2020-10-10 00:00:00+05:30,39.1,20.0073285,73.7762427,2020,10
5592,Gangapur Road,14794,pm25,µg/m³,2020-10-11 00:00:00+05:30,39.6,20.0073285,73.7762427,2020,10
5592,Gangapur Road,14794,pm25,µg/m³,2020-10-12 00:00:00+05:30,50.9,20.0073285,73.7762427,2020,10
5592,Gangapur Road,14794,pm25,µg/m³,2020-10-13 00:00:00+05:30,36.5,20.0073285,73.7762427,2020,10
5592,Gangapur Road,14794,pm25,µg/m³,2020-10-14 00:00:00+05:30,32.2,20.0073285,73.7762427,2020,10
5592,Gangapur Road,14794,pm25,µg/m³,2020-10-15 00:00:00+05:30,19.2,20.0073285,73.7762427,2020,10
5592,Gangapur Road,14794,pm25,µg/m³,2020-10-16 00:00:00+05:30,16.2,20.0073285,73.7762427,2020,10
5592,Gangapur Road,14794,pm25,µg/m³,2020-10-17 00:00:00+05:30,18.9,20.0073285,73.7762427,2020,10
5592,Gangapur Road,14794,pm25,µg/m³,2020-10-18 00:00:00+05:30,18.9,20.0073285,73.7762427,2020,10
5592,Gangapur Road,14794,pm25,µg/m³,2020-10-19 00:00:00+05:30,19.2,20.0073285,73.7762427,2020,10
5592,Gangapur Road,14794,pm25,µg/m³,2020-10-20 00:00:00+05:30,32.9,20.0073285,73.7762427,2020,10
5592,Gangapur Road,14794,pm25,µg/m³,2020-10-21 00:00:00+05:30,29.1,20.0073285,73.7762427,2020,10
5592,Gangapur Road,14794,pm25,µg/m³,2020-10-22 00:00:00+05:30,40.5,20.0073285,73.7762427,2020,10
5592,Gangapur Road,14794,pm25,µg/m³,2020-10-23 00:00:00+05:30,36.4,20.0073285,73.7762427,2020,10
5592,Gangapur Road,14794,pm25,µg/m³,2020-10-24 00:00:00+05:30,43.0,20.0073285,73.7762427,2020,10
5592,Gangapur Road,14794,pm25,µg/m³,2020-10-25 00:00:00+05:30,35.3,20.0073285,73.7762427,2020,10
5592,Gangapur Road,14794,pm25,µg/m³,2020-10-26 00:00:00+05:30,33.7,20.0073285,73.7762427,2020,10
5592,Gangapur Road,14794,pm25,µg/m³,2020-10-27 00:00:00+05:30,33.0,20.0073285,73.7762427,2020,10
5592,Gangapur Road,14794,pm25,µg/m³,2020-10-28 00:00:00+05:30,33.5,20.0073285,73.7762427,2020,10
5592,Gangapur Road,14794,pm25,µg/m³,2020-10-29 00:00:00+05:30,33.7,20.0073285,73.7762427,2020,10
5592,Gangapur Road,14794,pm25,µg/m³,2020-10-30 00:00:00+05:30,23.7,20.0073285,73.7762427,2020,10
5592,Gangapur Road,14794,pm25,µg/m³,2020-10-31 00:00:00+05:30,30.9,20.0073285,73.7762427,2020,10
5592,Gangapur Road,14794,pm25,µg/m³,2020-11-01 00:00:00+05:30,46.7,20.0073285,73.7762427,2020,11
5592,Gangapur Road,14794,pm25,µg/m³,2020-11-02 00:00:00+05:30,66.6,20.0073285,73.7762427,2020,11
5592,Gangapur Road,14794,pm25,µg/m³,2020-11-03 00:00:00+05:30,81.9,20.0073285,73.7762427,2020,11
5592,Gangapur Road,14794,pm25,µg/m³,2020-11-04 00:00:00+05:30,46.6,20.0073285,73.7762427,2020,11
5592,Gangapur Road,14794,pm25,µg/m³,2020-11-05 00:00:00+05:30,54.7,20.0073285,73.7762427,2020,11
5592,Gangapur Road,14794,pm25,µg/m³,2020-11-06 00:00:00+05:30,50.6,20.0073285,73.7762427,2020,11
5592,Gangapur Road,14794,pm25,µg/m³,2020-11-07 00:00:00+05:30,58.8,20.0073285,73.7762427,2020,11
5592,Gangapur Road,14794,pm25,µg/m³,2020-11-08 00:00:00+05:30,65.6,20.0073285,73.7762427,2020,11
5592,Gangapur Road,14794,pm25,µg/m³,2020-11-09 00:00:00+05:30,79.9,20.0073285,73.7762427,2020,11
5592,Gangapur Road,14794,pm25,µg/m³,2020-11-10 00:00:00+05:30,71.6,20.0073285,73.7762427,2020,11
5592,Gangapur Road,14794,pm25,µg/m³,2020-11-11 00:00:00+05:30,68.4,20.0073285,73.7762427,2020,11
5592,Gangapur Road,14794,pm25,µg/m³,2020-11-12 00:00:00+05:30,67.9,20.0073285,73.7762427,2020,11
5592,Gangapur Road,14794,pm25,µg/m³,2020-11-13 00:00:00+05:30,58.7,20.0073285,73.7762427,2020,11
5592,Gangapur Road,14794,pm25,µg/m³,2020-11-14 00:00:00+05:30,93.3,20.0073285,73.7762427,2020,11
5592,Gangapur Road,14794,pm25,µg/m³,2020-11-15 00:00:00+05:30,40.3,20.0073285,73.7762427,2020,11
5592,Gangapur Road,14794,pm25,µg/m³,2020-11-16 00:00:00+05:30,63.5,20.0073285,73.7762427,2020,11
5592,Gangapur Road,14794,pm25,µg/m³,2020-11-17 00:00:00+05:30,58.2,20.0073285,73.7762427,2020,11
5592,Gangapur Road,14794,pm25,µg/m³,2020-11-18 00:00:00+05:30,31.0,20.0073285,73.7762427,2020,11
5592,Gangapur Road,14794,pm25,µg/m³,2020-11-19 00:00:00+05:30,60.3,20.0073285,73.7762427,2020,11
5592,Gangapur Road,14794,pm25,µg/m³,2020-11-20 00:00:00+05:30,33.6,20.0073285,73.7762427,2020,11
5592,Gangapur Road,14794,pm25,µg/m³,2020-11-21 00:00:00+05:30,41.1,20.0073285,73.7762427,2020,11
5592,Gangapur Road,14794,pm25,µg/m³,2020-11-22 00:00:00+05:30,57.2,20.0073285,73.7762427,2020,11
5592,Gangapur Road,14794,pm25,µg/m³,2020-11-23 00:00:00+05:30,49.4,20.0073285,73.7762427,2020,11
5592,Gangapur Road,14794,pm25,µg/m³,2020-11-24 00:00:00+05:30,47.5,20.0073285,73.7762427,2020,11
5592,Gangapur Road,14794,pm25,µg/m³,2020-11-25 00:00:00+05:30,70.8,20.0073285,73.7762427,2020,11
5592,Gangapur Road,14794,pm25,µg/m³,2020-11-26 00:00:00+05:30,73.0,20.0073285,73.7762427,2020,11
5592,Gangapur Road,14794,pm25,µg/m³,2020-11-27 00:00:00+05:30,61.1,20.0073285,73.7762427,2020,11
5592,Gangapur Road,14794,pm25,µg/m³,2020-11-28 00:00:00+05:30,50.2,20.0073285,73.7762427,2020,11
5592,Gangapur Road,14794,pm25,µg/m³,2020-11-29 00:00:00+05:30,32.9,20.0073285,73.7762427,2020,11
5592,Gangapur Road,14794,pm25,µg/m³,2020-11-30 00:00:00+05:30,50.3,20.0073285,73.7762427,2020,11
5592,Gangapur Road,14794,pm25,µg/m³,2020-12-01 00:00:00+05:30,70.2,20.0073285,73.7762427,2020,12
5592,Gangapur Road,14794,pm25,µg/m³,2020-12-02 00:00:00+05:30,56.4,20.0073285,73.7762427,2020,12
5592,Gangapur Road,14794,pm25,µg/m³,2020-12-03 00:00:00+05:30,46.9,20.0073285,73.7762427,2020,12
5592,Gangapur Road,14794,pm25,µg/m³,2020-12-04 00:00:00+05:30,65.3,20.0073285,73.7762427,2020,12
5592,Gangapur Road,14794,pm25,µg/m³,2020-12-05 00:00:00+05:30,65.6,20.0073285,73.7762427,2020,12
5592,Gangapur Road,14794,pm25,µg/m³,2020-12-06 00:00:00+05:30,62.4,20.0073285,73.7762427,2020,12
5592,Gangapur Road,14794,pm25,µg/m³,2020-12-07 00:00:00+05:30,69.4,20.0073285,73.7762427,2020,12
5592,Gangapur Road,14794,pm25,µg/m³,2020-12-08 00:00:00+05:30,78.2,20.0073285,73.7762427,2020,12
5592,Gangapur Road,14794,pm25,µg/m³,2020-12-09 00:00:00+05:30,48.4,20.0073285,73.7762427,2020,12
5592,Gangapur Road,14794,pm25,µg/m³,2020-12-10 00:00:00+05:30,58.4,20.0073285,73.7762427,2020,12
5592,Gangapur Road,14794,pm25,µg/m³,2020-12-11 00:00:00+05:30,71.0,20.0073285,73.7762427,2020,12
5592,Gangapur Road,14794,pm25,µg/m³,2020-12-14 00:00:00+05:30,49.7,20.0073285,73.7762427,2020,12
5592,Gangapur Road,14794,pm25,µg/m³,2020-12-15 00:00:00+05:30,37.8,20.0073285,73.7762427,2020,12
5592,Gangapur Road,14794,pm25,µg/m³,2020-12-16 00:00:00+05:30,49.7,20.0073285,73.7762427,2020,12
5592,Gangapur Road,14794,pm25,µg/m³,2020-12-17 00:00:00+05:30,63.8,20.0073285,73.7762427,2020,12
5592,Gangapur Road,14794,pm25,µg/m³,2020-12-18 00:00:00+05:30,61.2,20.0073285,73.7762427,2020,12
5592,Gangapur Road,14794,pm25,µg/m³,2020-12-19 00:00:00+05:30,72.0,20.0073285,73.7762427,2020,12
5592,Gangapur Road,14794,pm25,µg/m³,2020-12-20 00:00:00+05:30,48.7,20.0073285,73.7762427,2020,12
5592,Gangapur Road,14794,pm25,µg/m³,2020-12-21 00:00:00+05:30,50.1,20.0073285,73.7762427,2020,12
5592,Gangapur Road,14794,pm25,µg/m³,2020-12-22 00:00:00+05:30,37.9,20.0073285,73.7762427,2020,12
5592,Gangapur Road,14794,pm25,µg/m³,2020-12-23 00:00:00+05:30,61.3,20.0073285,73.7762427,2020,12
5592,Gangapur Road,14794,pm25,µg/m³,2020-12-24 00:00:00+05:30,74.1,20.0073285,73.7762427,2020,12
5592,Gangapur Road,14794,pm25,µg/m³,2020-12-25 00:00:00+05:30,74.8,20.0073285,73.7762427,2020,12
5592,Gangapur Road,14794,pm25,µg/m³,2020-12-26 00:00:00+05:30,65.6,20.0073285,73.7762427,2020,12
5592,Gangapur Road,14794,pm25,µg/m³,2020-12-27 00:00:00+05:30,60.5,20.0073285,73.7762427,2020,12
5592,Gangapur Road,14794,pm25,µg/m³,2020-12-28 00:00:00+05:30,43.3,20.0073285,73.7762427,2020,12
5592,Gangapur Road,14794,pm25,µg/m³,2020-12-29 00:00:00+05:30,55.3,20.0073285,73.7762427,2020,12
5592,Gangapur Road,14794,pm25,µg/m³,2020-12-31 00:00:00+05:30,75.5,20.0073285,73.7762427,2020,12
5592,Gangapur Road,14794,pm25,µg/m³,2021-01-01 00:00:00+05:30,96.2,20.0073285,73.7762427,2021,1
5592,Gangapur Road,14794,pm25,µg/m³,2021-01-02 00:00:00+05:30,85.8,20.0073285,73.7762427,2021,1
5592,Gangapur Road,14794,pm25,µg/m³,2021-01-03 00:00:00+05:30,80.3,20.0073285,73.7762427,2021,1
5592,Gangapur Road,14794,pm25,µg/m³,2021-01-04 00:00:00+05:30,102.0,20.0073285,73.7762427,2021,1
5592,Gangapur Road,14794,pm25,µg/m³,2021-01-05 00:00:00+05:30,77.7,20.0073285,73.7762427,2021,1
5592,Gangapur Road,14794,pm25,µg/m³,2021-01-06 00:00:00+05:30,79.9,20.0073285,73.7762427,2021,1
5592,Gangapur Road,14794,pm25,µg/m³,2021-01-07 00:00:00+05:30,54.0,20.0073285,73.7762427,2021,1
5592,Gangapur Road,14794,pm25,µg/m³,2021-01-08 00:00:00+05:30,25.3,20.0073285,73.7762427,2021,1
5592,Gangapur Road,14794,pm25,µg/m³,2021-01-09 00:00:00+05:30,42.5,20.0073285,73.7762427,2021,1
5592,Gangapur Road,14794,pm25,µg/m³,2021-01-10 00:00:00+05:30,57.1,20.0073285,73.7762427,2021,1
5592,Gangapur Road,14794,pm25,µg/m³,2021-01-11 00:00:00+05:30,50.8,20.0073285,73.7762427,2021,1
5592,Gangapur Road,14794,pm25,µg/m³,2021-01-12 00:00:00+05:30,55.9,20.0073285,73.7762427,2021,1
5592,Gangapur Road,14794,pm25,µg/m³,2021-01-13 00:00:00+05:30,41.7,20.0073285,73.7762427,2021,1
5592,Gangapur Road,14794,pm25,µg/m³,2021-01-14 00:00:00+05:30,39.6,20.0073285,73.7762427,2021,1
5592,Gangapur Road,14794,pm25,µg/m³,2021-01-15 00:00:00+05:30,52.9,20.0073285,73.7762427,2021,1
5592,Gangapur Road,14794,pm25,µg/m³,2021-01-16 00:00:00+05:30,46.9,20.0073285,73.7762427,2021,1
5592,Gangapur Road,14794,pm25,µg/m³,2021-01-17 00:00:00+05:30,69.1,20.0073285,73.7762427,2021,1
5592,Gangapur Road,14794,pm25,µg/m³,2021-01-18 00:00:00+05:30,48.5,20.0073285,73.7762427,2021,1
5592,Gangapur Road,14794,pm25,µg/m³,2021-01-19 00:00:00+05:30,31.0,20.0073285,73.7762427,2021,1
5592,Gangapur Road,14794,pm25,µg/m³,2021-01-20 00:00:00+05:30,31.9,20.0073285,73.7762427,2021,1
5592,Gangapur Road,14794,pm25,µg/m³,2021-01-21 00:00:00+05:30,48.0,20.0073285,73.7762427,2021,1
5592,Gangapur Road,14794,pm25,µg/m³,2021-01-22 00:00:00+05:30,59.5,20.0073285,73.7762427,2021,1
5592,Gangapur Road,14794,pm25,µg/m³,2021-01-23 00:00:00+05:30,62.5,20.0073285,73.7762427,2021,1
5592,Gangapur Road,14794,pm25,µg/m³,2021-01-24 00:00:00+05:30,56.1,20.0073285,73.7762427,2021,1
5592,Gangapur Road,14794,pm25,µg/m³,2021-01-25 00:00:00+05:30,51.6,20.0073285,73.7762427,2021,1
5592,Gangapur Road,14794,pm25,µg/m³,2021-01-26 00:00:00+05:30,60.4,20.0073285,73.7762427,2021,1
5592,Gangapur Road,14794,pm25,µg/m³,2021-01-27 00:00:00+05:30,72.2,20.0073285,73.7762427,2021,1
5592,Gangapur Road,14794,pm25,µg/m³,2021-02-05 00:00:00+05:30,60.9,20.0073285,73.7762427,2021,2
5592,Gangapur Road,14794,pm25,µg/m³,2021-02-06 00:00:00+05:30,27.1,20.0073285,73.7762427,2021,2
5592,Gangapur Road,14794,pm25,µg/m³,2021-02-07 00:00:00+05:30,55.7,20.0073285,73.7762427,2021,2
5592,Gangapur Road,14794,pm25,µg/m³,2021-02-08 00:00:00+05:30,52.0,20.0073285,73.7762427,2021,2
5592,Gangapur Road,14794,pm25,µg/m³,2021-02-09 00:00:00+05:30,64.5,20.0073285,73.7762427,2021,2
5592,Gangapur Road,14794,pm25,µg/m³,2021-02-10 00:00:00+05:30,53.1,20.0073285,73.7762427,2021,2
5592,Gangapur Road,14794,pm25,µg/m³,2021-02-11 00:00:00+05:30,59.2,20.0073285,73.7762427,2021,2
5592,Gangapur Road,14794,pm25,µg/m³,2021-02-12 00:00:00+05:30,68.9,20.0073285,73.7762427,2021,2
5592,Gangapur Road,14794,pm25,µg/m³,2021-02-13 00:00:00+05:30,53.1,20.0073285,73.7762427,2021,2
5592,Gangapur Road,14794,pm25,µg/m³,2021-02-14 00:00:00+05:30,56.0,20.0073285,73.7762427,2021,2
5592,Gangapur Road,14794,pm25,µg/m³,2021-02-15 00:00:00+05:30,77.2,20.0073285,73.7762427,2021,2
5592,Gangapur Road,14794,pm25,µg/m³,2021-02-16 00:00:00+05:30,45.7,20.0073285,73.7762427,2021,2
5592,Gangapur Road,14794,pm25,µg/m³,2021-02-17 00:00:00+05:30,50.3,20.0073285,73.7762427,2021,2
5592,Gangapur Road,14794,pm25,µg/m³,2021-02-18 00:00:00+05:30,56.0,20.0073285,73.7762427,2021,2
5592,Gangapur Road,14794,pm25,µg/m³,2021-02-19 00:00:00+05:30,25.7,20.0073285,73.7762427,2021,2
5592,Gangapur Road,14794,pm25,µg/m³,2021-02-21 00:00:00+05:30,56.6,20.0073285,73.7762427,2021,2
5592,Gangapur Road,14794,pm25,µg/m³,2021-02-22 00:00:00+05:30,65.4,20.0073285,73.7762427,2021,2
5592,Gangapur Road,14794,pm25,µg/m³,2021-02-23 00:00:00+05:30,43.3,20.0073285,73.7762427,2021,2
5592,Gangapur Road,14794,pm25,µg/m³,2021-02-24 00:00:00+05:30,49.9,20.0073285,73.7762427,2021,2
5592,Gangapur Road,14794,pm25,µg/m³,2021-02-25 00:00:00+05:30,80.7,20.0073285,73.7762427,2021,2
5592,Gangapur Road,14794,pm25,µg/m³,2021-02-26 00:00:00+05:30,43.9,20.0073285,73.7762427,2021,2
5592,Gangapur Road,14794,pm25,µg/m³,2021-03-01 00:00:00+05:30,44.5,20.0073285,73.7762427,2021,3
5592,Gangapur Road,14794,pm25,µg/m³,2021-03-02 00:00:00+05:30,42.6,20.0073285,73.7762427,2021,3
5592,Gangapur Road,14794,pm25,µg/m³,2021-03-03 00:00:00+05:30,50.0,20.0073285,73.7762427,2021,3
5592,Gangapur Road,14794,pm25,µg/m³,2021-03-04 00:00:00+05:30,48.8,20.0073285,73.7762427,2021,3
5592,Gangapur Road,14794,pm25,µg/m³,2021-03-05 00:00:00+05:30,52.1,20.0073285,73.7762427,2021,3
5592,Gangapur Road,14794,pm25,µg/m³,2021-03-06 00:00:00+05:30,60.4,20.0073285,73.7762427,2021,3
5592,Gangapur Road,14794,pm25,µg/m³,2021-03-07 00:00:00+05:30,41.1,20.0073285,73.7762427,2021,3
5592,Gangapur Road,14794,pm25,µg/m³,2021-03-08 00:00:00+05:30,40.8,20.0073285,73.7762427,2021,3
5592,Gangapur Road,14794,pm25,µg/m³,2021-03-13 00:00:00+05:30,69.4,20.0073285,73.7762427,2021,3
5592,Gangapur Road,14794,pm25,µg/m³,2021-03-14 00:00:00+05:30,42.3,20.0073285,73.7762427,2021,3
5592,Gangapur Road,14794,pm25,µg/m³,2021-03-17 00:00:00+05:30,77.6,20.0073285,73.7762427,2021,3
5592,Gangapur Road,14794,pm25,µg/m³,2021-03-18 00:00:00+05:30,66.0,20.0073285,73.7762427,2021,3
5592,Gangapur Road,14794,pm25,µg/m³,2021-03-19 00:00:00+05:30,49.1,20.0073285,73.7762427,2021,3
5592,Gangapur Road,14794,pm25,µg/m³,2021-03-20 00:00:00+05:30,58.6,20.0073285,73.7762427,2021,3
5592,Gangapur Road,14794,pm25,µg/m³,2021-03-21 00:00:00+05:30,51.8,20.0073285,73.7762427,2021,3
5592,Gangapur Road,14794,pm25,µg/m³,2021-03-22 00:00:00+05:30,61.9,20.0073285,73.7762427,2021,3
5592,Gangapur Road,14794,pm25,µg/m³,2021-03-23 00:00:00+05:30,60.2,20.0073285,73.7762427,2021,3
5592,Gangapur Road,14794,pm25,µg/m³,2021-03-24 00:00:00+05:30,49.3,20.0073285,73.7762427,2021,3
5592,Gangapur Road,14794,pm25,µg/m³,2021-03-25 00:00:00+05:30,47.1,20.0073285,73.7762427,2021,3
5592,Gangapur Road,14794,pm25,µg/m³,2021-03-26 00:00:00+05:30,55.6,20.0073285,73.7762427,2021,3
5592,Gangapur Road,14794,pm25,µg/m³,2021-03-28 00:00:00+05:30,132.0,20.0073285,73.7762427,2021,3
5592,Gangapur Road,14794,pm25,µg/m³,2021-03-29 00:00:00+05:30,58.7,20.0073285,73.7762427,2021,3
5592,Gangapur Road,14794,pm25,µg/m³,2021-04-07 00:00:00+05:30,43.1,20.0073285,73.7762427,2021,4
5592,Gangapur Road,14794,pm25,µg/m³,2021-04-08 00:00:00+05:30,45.2,20.0073285,73.7762427,2021,4
5592,Gangapur Road,14794,pm25,µg/m³,2021-04-09 00:00:00+05:30,70.8,20.0073285,73.7762427,2021,4
5592,Gangapur Road,14794,pm25,µg/m³,2021-04-13 00:00:00+05:30,50.2,20.0073285,73.7762427,2021,4
5592,Gangapur Road,14794,pm25,µg/m³,2021-04-15 00:00:00+05:30,42.3,20.0073285,73.7762427,2021,4
5592,Gangapur Road,14794,pm25,µg/m³,2021-04-20 00:00:00+05:30,44.3,20.0073285,73.7762427,2021,4
5592,Gangapur Road,14794,pm25,µg/m³,2021-04-22 00:00:00+05:30,41.0,20.0073285,73.7762427,2021,4
5592,Gangapur Road,14794,pm25,µg/m³,2021-04-23 00:00:00+05:30,29.7,20.0073285,73.7762427,2021,4
5592,Gangapur Road,14794,pm25,µg/m³,2021-05-05 00:00:00+05:30,35.9,20.0073285,73.7762427,2021,5
5592,Gangapur Road,14794,pm25,µg/m³,2021-05-10 00:00:00+05:30,30.1,20.0073285,73.7762427,2021,5
5592,Gangapur Road,14794,pm25,µg/m³,2021-05-12 00:00:00+05:30,30.8,20.0073285,73.7762427,2021,5
5592,Gangapur Road,14794,pm25,µg/m³,2021-05-13 00:00:00+05:30,24.7,20.0073285,73.7762427,2021,5
5592,Gangapur Road,14794,pm25,µg/m³,2021-05-15 00:00:00+05:30,35.8,20.0073285,73.7762427,2021,5
5592,Gangapur Road,14794,pm25,µg/m³,2021-05-17 00:00:00+05:30,16.4,20.0073285,73.7762427,2021,5
5592,Gangapur Road,14794,pm25,µg/m³,2021-05-19 00:00:00+05:30,49.1,20.0073285,73.7762427,2021,5
5592,Gangapur Road,14794,pm25,µg/m³,2021-05-20 00:00:00+05:30,58.5,20.0073285,73.7762427,2021,5
5592,Gangapur Road,14794,pm25,µg/m³,2021-05-25 00:00:00+05:30,34.1,20.0073285,73.7762427,2021,5
5592,Gangapur Road,14794,pm25,µg/m³,2021-06-01 00:00:00+05:30,27.7,20.0073285,73.7762427,2021,6
5592,Gangapur Road,14794,pm25,µg/m³,2021-06-02 00:00:00+05:30,19.1,20.0073285,73.7762427,2021,6
5592,Gangapur Road,14794,pm25,µg/m³,2021-06-03 00:00:00+05:30,20.0,20.0073285,73.7762427,2021,6
5592,Gangapur Road,14794,pm25,µg/m³,2021-06-04 00:00:00+05:30,20.6,20.0073285,73.7762427,2021,6
5592,Gangapur Road,14794,pm25,µg/m³,2021-06-06 00:00:00+05:30,16.4,20.0073285,73.7762427,2021,6
5592,Gangapur Road,14794,pm25,µg/m³,2021-06-07 00:00:00+05:30,21.7,20.0073285,73.7762427,2021,6
5592,Gangapur Road,14794,pm25,µg/m³,2021-06-08 00:00:00+05:30,12.8,20.0073285,73.7762427,2021,6
5592,Gangapur Road,14794,pm25,µg/m³,2021-06-20 00:00:00+05:30,47.2,20.0073285,73.7762427,2021,6
5592,Gangapur Road,14794,pm25,µg/m³,2021-06-24 00:00:00+05:30,32.7,20.0073285,73.7762427,2021,6
5592,Gangapur Road,14794,pm25,µg/m³,2021-06-26 00:00:00+05:30,17.8,20.0073285,73.7762427,2021,6
5592,Gangapur Road,14794,pm25,µg/m³,2021-06-27 00:00:00+05:30,17.3,20.0073285,73.7762427,2021,6
5592,Gangapur Road,14794,pm25,µg/m³,2021-06-28 00:00:00+05:30,8.61,20.0073285,73.7762427,2021,6
5592,Gangapur Road,14794,pm25,µg/m³,2021-06-29 00:00:00+05:30,15.7,20.0073285,73.7762427,2021,6
5592,Gangapur Road,14794,pm25,µg/m³,2021-07-01 00:00:00+05:30,15.9,20.0073285,73.7762427,2021,7
5592,Gangapur Road,14794,pm25,µg/m³,2021-07-04 00:00:00+05:30,24.8,20.0073285,73.7762427,2021,7
5592,Gangapur Road,14794,pm25,µg/m³,2021-07-06 00:00:00+05:30,29.5,20.0073285,73.7762427,2021,7
5592,Gangapur Road,14794,pm25,µg/m³,2021-07-08 00:00:00+05:30,19.9,20.0073285,73.7762427,2021,7
5592,Gangapur Road,14794,pm25,µg/m³,2021-07-09 00:00:00+05:30,16.3,20.0073285,73.7762427,2021,7
5592,Gangapur Road,14794,pm25,µg/m³,2021-07-15 00:00:00+05:30,25.9,20.0073285,73.7762427,2021,7
5592,Gangapur Road,14794,pm25,µg/m³,2021-07-18 00:00:00+05:30,7.25,20.0073285,73.7762427,2021,7
5592,Gangapur Road,14794,pm25,µg/m³,2021-07-19 00:00:00+05:30,12.5,20.0073285,73.7762427,2021,7
5592,Gangapur Road,14794,pm25,µg/m³,2021-07-20 00:00:00+05:30,38.9,20.0073285,73.7762427,2021,7
5592,Gangapur Road,14794,pm25,µg/m³,2021-07-21 00:00:00+05:30,26.3,20.0073285,73.7762427,2021,7
5592,Gangapur Road,14794,pm25,µg/m³,2021-07-22 00:00:00+05:30,22.6,20.0073285,73.7762427,2021,7
5592,Gangapur Road,14794,pm25,µg/m³,2021-07-23 00:00:00+05:30,18.6,20.0073285,73.7762427,2021,7
5592,Gangapur Road,14794,pm25,µg/m³,2021-07-24 00:00:00+05:30,20.4,20.0073285,73.7762427,2021,7
5592,Gangapur Road,14794,pm25,µg/m³,2021-07-25 00:00:00+05:30,21.1,20.0073285,73.7762427,2021,7
5592,Gangapur Road,14794,pm25,µg/m³,2021-08-25 00:00:00+05:30,20.8,20.0073285,73.7762427,2021,8
5592,Gangapur Road,14794,pm25,µg/m³,2021-09-01 00:00:00+05:30,24.5,20.0073285,73.7762427,2021,9
5592,Gangapur Road,14794,pm25,µg/m³,2021-09-02 00:00:00+05:30,13.8,20.0073285,73.7762427,2021,9
5592,Gangapur Road,14794,pm25,µg/m³,2021-09-03 00:00:00+05:30,7.28,20.0073285,73.7762427,2021,9
5592,Gangapur Road,14794,pm25,µg/m³,2021-09-08 00:00:00+05:30,14.1,20.0073285,73.7762427,2021,9
5592,Gangapur Road,14794,pm25,µg/m³,2021-09-09 00:00:00+05:30,11.9,20.0073285,73.7762427,2021,9
5592,Gangapur Road,14794,pm25,µg/m³,2021-09-11 00:00:00+05:30,6.57,20.0073285,73.7762427,2021,9
5592,Gangapur Road,14794,pm25,µg/m³,2021-09-12 00:00:00+05:30,18.4,20.0073285,73.7762427,2021,9
5592,Gangapur Road,14794,pm25,µg/m³,2021-09-13 00:00:00+05:30,14.9,20.0073285,73.7762427,2021,9
5592,Gangapur Road,14794,pm25,µg/m³,2021-09-14 00:00:00+05:30,12.0,20.0073285,73.7762427,2021,9
5592,Gangapur Road,14794,pm25,µg/m³,2021-09-15 00:00:00+05:30,32.8,20.0073285,73.7762427,2021,9
5592,Gangapur Road,14794,pm25,µg/m³,2021-09-16 00:00:00+05:30,26.8,20.0073285,73.7762427,2021,9
5592,Gangapur Road,14794,pm25,µg/m³,2021-09-17 00:00:00+05:30,24.9,20.0073285,73.7762427,2021,9
5592,Gangapur Road,14794,pm25,µg/m³,2021-09-18 00:00:00+05:30,21.8,20.0073285,73.7762427,2021,9
5592,Gangapur Road,14794,pm25,µg/m³,2021-09-19 00:00:00+05:30,13.3,20.0073285,73.7762427,2021,9
5592,Gangapur Road,14794,pm25,µg/m³,2021-09-20 00:00:00+05:30,16.2,20.0073285,73.7762427,2021,9
5592,Gangapur Road,14794,pm25,µg/m³,2021-09-21 00:00:00+05:30,12.8,20.0073285,73.7762427,2021,9
5592,Gangapur Road,14794,pm25,µg/m³,2021-09-22 00:00:00+05:30,12.3,20.0073285,73.7762427,2021,9
5592,Gangapur Road,14794,pm25,µg/m³,2021-09-23 00:00:00+05:30,14.6,20.0073285,73.7762427,2021,9
5592,Gangapur Road,14794,pm25,µg/m³,2021-09-24 00:00:00+05:30,20.1,20.0073285,73.7762427,2021,9
5592,Gangapur Road,14794,pm25,µg/m³,2021-09-25 00:00:00+05:30,16.2,20.0073285,73.7762427,2021,9
5592,Gangapur Road,14794,pm25,µg/m³,2021-09-26 00:00:00+05:30,14.8,20.0073285,73.7762427,2021,9
5592,Gangapur Road,14794,pm25,µg/m³,2021-09-27 00:00:00+05:30,13.2,20.0073285,73.7762427,2021,9
5592,Gangapur Road,14794,pm25,µg/m³,2021-09-28 00:00:00+05:30,13.6,20.0073285,73.7762427,2021,9
5592,Gangapur Road,14794,pm25,µg/m³,2021-09-29 00:00:00+05:30,8.97,20.0073285,73.7762427,2021,9
5592,Gangapur Road,14794,pm25,µg/m³,2021-09-30 00:00:00+05:30,17.6,20.0073285,73.7762427,2021,9
5592,Gangapur Road,14794,pm25,µg/m³,2021-10-13 00:00:00+05:30,66.1,20.0073285,73.7762427,2021,10
5592,Gangapur Road,14794,pm25,µg/m³,2021-10-14 00:00:00+05:30,50.4,20.0073285,73.7762427,2021,10
5592,Gangapur Road,14794,pm25,µg/m³,2021-10-15 00:00:00+05:30,48.6,20.0073285,73.7762427,2021,10
5592,Gangapur Road,14794,pm25,µg/m³,2021-10-16 00:00:00+05:30,35.7,20.0073285,73.7762427,2021,10
5592,Gangapur Road,14794,pm25,µg/m³,2021-10-17 00:00:00+05:30,43.5,20.0073285,73.7762427,2021,10
5592,Gangapur Road,14794,pm25,µg/m³,2021-10-18 00:00:00+05:30,35.6,20.0073285,73.7762427,2021,10
5592,Gangapur Road,14794,pm25,µg/m³,2021-10-19 00:00:00+05:30,29.9,20.0073285,73.7762427,2021,10
5592,Gangapur Road,14794,pm25,µg/m³,2021-10-20 00:00:00+05:30,30.9,20.0073285,73.7762427,2021,10
5592,Gangapur Road,14794,pm25,µg/m³,2021-10-21 00:00:00+05:30,37.8,20.0073285,73.7762427,2021,10
5592,Gangapur Road,14794,pm25,µg/m³,2021-10-22 00:00:00+05:30,32.5,20.0073285,73.7762427,2021,10
5592,Gangapur Road,14794,pm25,µg/m³,2021-10-23 00:00:00+05:30,30.9,20.0073285,73.7762427,2021,10
5592,Gangapur Road,14794,pm25,µg/m³,2021-10-24 00:00:00+05:30,29.2,20.0073285,73.7762427,2021,10
5592,Gangapur Road,14794,pm25,µg/m³,2021-10-25 00:00:00+05:30,29.7,20.0073285,73.7762427,2021,10
5592,Gangapur Road,14794,pm25,µg/m³,2021-10-26 00:00:00+05:30,35.8,20.0073285,73.7762427,2021,10
5592,Gangapur Road,14794,pm25,µg/m³,2021-10-27 00:00:00+05:30,45.9,20.0073285,73.7762427,2021,10
5592,Gangapur Road,14794,pm25,µg/m³,2021-10-28 00:00:00+05:30,47.4,20.0073285,73.7762427,2021,10
5592,Gangapur Road,14794,pm25,µg/m³,2021-10-29 00:00:00+05:30,44.8,20.0073285,73.7762427,2021,10
5592,Gangapur Road,14794,pm25,µg/m³,2021-10-30 00:00:00+05:30,54.6,20.0073285,73.7762427,2021,10
5592,Gangapur Road,14794,pm25,µg/m³,2021-10-31 00:00:00+05:30,64.0,20.0073285,73.7762427,2021,10
5592,Gangapur Road,14794,pm25,µg/m³,2021-11-01 00:00:00+05:30,69.1,20.0073285,73.7762427,2021,11
5592,Gangapur Road,14794,pm25,µg/m³,2021-11-02 00:00:00+05:30,56.1,20.0073285,73.7762427,2021,11
5592,Gangapur Road,14794,pm25,µg/m³,2021-11-03 00:00:00+05:30,59.9,20.0073285,73.7762427,2021,11
5592,Gangapur Road,14794,pm25,µg/m³,2021-11-04 00:00:00+05:30,79.2,20.0073285,73.7762427,2021,11
5592,Gangapur Road,14794,pm25,µg/m³,2021-11-05 00:00:00+05:30,82.6,20.0073285,73.7762427,2021,11
5592,Gangapur Road,14794,pm25,µg/m³,2021-11-06 00:00:00+05:30,50.8,20.0073285,73.7762427,2021,11
5592,Gangapur Road,14794,pm25,µg/m³,2021-11-07 00:00:00+05:30,72.6,20.0073285,73.7762427,2021,11
5592,Gangapur Road,14794,pm25,µg/m³,2021-11-08 00:00:00+05:30,70.1,20.0073285,73.7762427,2021,11
5592,Gangapur Road,14794,pm25,µg/m³,2021-11-09 00:00:00+05:30,64.7,20.0073285,73.7762427,2021,11
5592,Gangapur Road,14794,pm25,µg/m³,2021-11-10 00:00:00+05:30,65.9,20.0073285,73.7762427,2021,11
5592,Gangapur Road,14794,pm25,µg/m³,2021-11-11 00:00:00+05:30,69.4,20.0073285,73.7762427,2021,11
5592,Gangapur Road,14794,pm25,µg/m³,2021-11-12 00:00:00+05:30,63.8,20.0073285,73.7762427,2021,11
5592,Gangapur Road,14794,pm25,µg/m³,2021-11-13 00:00:00+05:30,80.2,20.0073285,73.7762427,2021,11
5592,Gangapur Road,14794,pm25,µg/m³,2021-11-14 00:00:00+05:30,74.2,20.0073285,73.7762427,2021,11
5592,Gangapur Road,14794,pm25,µg/m³,2021-11-15 00:00:00+05:30,67.5,20.0073285,73.7762427,2021,11
5592,Gangapur Road,14794,pm25,µg/m³,2021-11-16 00:00:00+05:30,66.3,20.0073285,73.7762427,2021,11
5592,Gangapur Road,14794,pm25,µg/m³,2021-11-17 00:00:00+05:30,56.0,20.0073285,73.7762427,2021,11
5592,Gangapur Road,14794,pm25,µg/m³,2021-11-18 00:00:00+05:30,25.7,20.0073285,73.7762427,2021,11
5592,Gangapur Road,14794,pm25,µg/m³,2021-11-19 00:00:00+05:30,36.7,20.0073285,73.7762427,2021,11
5592,Gangapur Road,14794,pm25,µg/m³,2021-11-20 00:00:00+05:30,48.3,20.0073285,73.7762427,2021,11
5592,Gangapur Road,14794,pm25,µg/m³,2021-11-21 00:00:00+05:30,31.4,20.0073285,73.7762427,2021,11
5592,Gangapur Road,14794,pm25,µg/m³,2021-11-22 00:00:00+05:30,19.1,20.0073285,73.7762427,2021,11
5592,Gangapur Road,14794,pm25,µg/m³,2021-11-23 00:00:00+05:30,25.1,20.0073285,73.7762427,2021,11
5592,Gangapur Road,14794,pm25,µg/m³,2021-11-24 00:00:00+05:30,44.4,20.0073285,73.7762427,2021,11
5592,Gangapur Road,14794,pm25,µg/m³,2021-11-25 00:00:00+05:30,39.1,20.0073285,73.7762427,2021,11
5592,Gangapur Road,14794,pm25,µg/m³,2021-11-26 00:00:00+05:30,58.1,20.0073285,73.7762427,2021,11
5592,Gangapur Road,14794,pm25,µg/m³,2021-11-27 00:00:00+05:30,57.8,20.0073285,73.7762427,2021,11
5592,Gangapur Road,14794,pm25,µg/m³,2021-11-28 00:00:00+05:30,62.5,20.0073285,73.7762427,2021,11
5592,Gangapur Road,14794,pm25,µg/m³,2021-11-29 00:00:00+05:30,65.9,20.0073285,73.7762427,2021,11
5592,Gangapur Road,14794,pm25,µg/m³,2021-11-30 00:00:00+05:30,69.7,20.0073285,73.7762427,2021,11
5592,Gangapur Road,14794,pm25,µg/m³,2021-12-01 00:00:00+05:30,63.1,20.0073285,73.7762427,2021,12
5592,Gangapur Road,14794,pm25,µg/m³,2021-12-02 00:00:00+05:30,45.2,20.0073285,73.7762427,2021,12
5592,Gangapur Road,14794,pm25,µg/m³,2021-12-03 00:00:00+05:30,61.8,20.0073285,73.7762427,2021,12
5592,Gangapur Road,14794,pm25,µg/m³,2021-12-04 00:00:00+05:30,60.4,20.0073285,73.7762427,2021,12
5592,Gangapur Road,14794,pm25,µg/m³,2021-12-05 00:00:00+05:30,35.7,20.0073285,73.7762427,2021,12
5592,Gangapur Road,14794,pm25,µg/m³,2021-12-06 00:00:00+05:30,62.2,20.0073285,73.7762427,2021,12
5592,Gangapur Road,14794,pm25,µg/m³,2021-12-07 00:00:00+05:30,111.0,20.0073285,73.7762427,2021,12
5592,Gangapur Road,14794,pm25,µg/m³,2021-12-08 00:00:00+05:30,113.0,20.0073285,73.7762427,2021,12
5592,Gangapur Road,14794,pm25,µg/m³,2021-12-09 00:00:00+05:30,84.0,20.0073285,73.7762427,2021,12
5592,Gangapur Road,14794,pm25,µg/m³,2021-12-10 00:00:00+05:30,75.2,20.0073285,73.7762427,2021,12
5592,Gangapur Road,14794,pm25,µg/m³,2021-12-11 00:00:00+05:30,75.3,20.0073285,73.7762427,2021,12
5592,Gangapur Road,14794,pm25,µg/m³,2021-12-12 00:00:00+05:30,78.5,20.0073285,73.7762427,2021,12
5592,Gangapur Road,14794,pm25,µg/m³,2021-12-13 00:00:00+05:30,71.7,20.0073285,73.7762427,2021,12
5592,Gangapur Road,14794,pm25,µg/m³,2021-12-14 00:00:00+05:30,55.0,20.0073285,73.7762427,2021,12
5592,Gangapur Road,14794,pm25,µg/m³,2021-12-15 00:00:00+05:30,64.4,20.0073285,73.7762427,2021,12
5592,Gangapur Road,14794,pm25,µg/m³,2021-12-16 00:00:00+05:30,57.4,20.0073285,73.7762427,2021,12
5592,Gangapur Road,14794,pm25,µg/m³,2021-12-17 00:00:00+05:30,72.7,20.0073285,73.7762427,2021,12
5592,Gangapur Road,14794,pm25,µg/m³,2021-12-18 00:00:00+05:30,70.8,20.0073285,73.7762427,2021,12
5592,Gangapur Road,14794,pm25,µg/m³,2021-12-19 00:00:00+05:30,74.3,20.0073285,73.7762427,2021,12
5592,Gangapur Road,14794,pm25,µg/m³,2021-12-20 00:00:00+05:30,79.2,20.0073285,73.7762427,2021,12
5592,Gangapur Road,14794,pm25,µg/m³,2021-12-22 00:00:00+05:30,68.2,20.0073285,73.7762427,2021,12
5592,Gangapur Road,14794,pm25,µg/m³,2021-12-23 00:00:00+05:30,66.3,20.0073285,73.7762427,2021,12
5592,Gangapur Road,14794,pm25,µg/m³,2021-12-24 00:00:00+05:30,55.9,20.0073285,73.7762427,2021,12
5592,Gangapur Road,14794,pm25,µg/m³,2021-12-25 00:00:00+05:30,51.2,20.0073285,73.7762427,2021,12
5592,Gangapur Road,14794,pm25,µg/m³,2021-12-26 00:00:00+05:30,48.1,20.0073285,73.7762427,2021,12
5592,Gangapur Road,14794,pm25,µg/m³,2021-12-27 00:00:00+05:30,62.2,20.0073285,73.7762427,2021,12
5592,Gangapur Road,14794,pm25,µg/m³,2021-12-28 00:00:00+05:30,61.8,20.0073285,73.7762427,2021,12
5592,Gangapur Road,14794,pm25,µg/m³,2021-12-29 00:00:00+05:30,51.2,20.0073285,73.7762427,2021,12
5592,Gangapur Road,14794,pm25,µg/m³,2021-12-30 00:00:00+05:30,73.3,20.0073285,73.7762427,2021,12
5592,Gangapur Road,14794,pm25,µg/m³,2021-12-31 00:00:00+05:30,77.5,20.0073285,73.7762427,2021,12
5592,Gangapur Road,14794,pm25,µg/m³,2022-01-01 00:00:00+05:30,66.6,20.0073285,73.7762427,2022,1
5592,Gangapur Road,14794,pm25,µg/m³,2022-01-02 00:00:00+05:30,73.4,20.0073285,73.7762427,2022,1
5592,Gangapur Road,14794,pm25,µg/m³,2022-01-03 00:00:00+05:30,71.2,20.0073285,73.7762427,2022,1
5592,Gangapur Road,14794,pm25,µg/m³,2022-01-04 00:00:00+05:30,62.0,20.0073285,73.7762427,2022,1
5592,Gangapur Road,14794,pm25,µg/m³,2022-01-05 00:00:00+05:30,50.5,20.0073285,73.7762427,2022,1
5592,Gangapur Road,14794,pm25,µg/m³,2022-01-06 00:00:00+05:30,66.1,20.0073285,73.7762427,2022,1
5592,Gangapur Road,14794,pm25,µg/m³,2022-01-07 00:00:00+05:30,52.7,20.0073285,73.7762427,2022,1
5592,Gangapur Road,14794,pm25,µg/m³,2022-01-08 00:00:00+05:30,47.3,20.0073285,73.7762427,2022,1
5592,Gangapur Road,14794,pm25,µg/m³,2022-01-09 00:00:00+05:30,14.1,20.0073285,73.7762427,2022,1
5592,Gangapur Road,14794,pm25,µg/m³,2022-01-10 00:00:00+05:30,29.0,20.0073285,73.7762427,2022,1
5592,Gangapur Road,14794,pm25,µg/m³,2022-01-11 00:00:00+05:30,47.6,20.0073285,73.7762427,2022,1
5592,Gangapur Road,14794,pm25,µg/m³,2022-01-12 00:00:00+05:30,40.0,20.0073285,73.7762427,2022,1
5592,Gangapur Road,14794,pm25,µg/m³,2022-01-13 00:00:00+05:30,56.5,20.0073285,73.7762427,2022,1
5592,Gangapur Road,14794,pm25,µg/m³,2022-01-14 00:00:00+05:30,54.8,20.0073285,73.7762427,2022,1
5592,Gangapur Road,14794,pm25,µg/m³,2022-01-15 00:00:00+05:30,56.4,20.0073285,73.7762427,2022,1
5592,Gangapur Road,14794,pm25,µg/m³,2022-01-16 00:00:00+05:30,113.0,20.0073285,73.7762427,2022,1
5592,Gangapur Road,14794,pm25,µg/m³,2022-01-17 00:00:00+05:30,56.6,20.0073285,73.7762427,2022,1
5592,Gangapur Road,14794,pm25,µg/m³,2022-01-18 00:00:00+05:30,33.3,20.0073285,73.7762427,2022,1
5592,Gangapur Road,14794,pm25,µg/m³,2022-01-19 00:00:00+05:30,27.4,20.0073285,73.7762427,2022,1
5592,Gangapur Road,14794,pm25,µg/m³,2022-01-20 00:00:00+05:30,16.6,20.0073285,73.7762427,2022,1
5592,Gangapur Road,14794,pm25,µg/m³,2022-01-21 00:00:00+05:30,26.9,20.0073285,73.7762427,2022,1
5592,Gangapur Road,14794,pm25,µg/m³,2022-01-22 00:00:00+05:30,18.7,20.0073285,73.7762427,2022,1
5592,Gangapur Road,14794,pm25,µg/m³,2022-01-23 00:00:00+05:30,55.2,20.0073285,73.7762427,2022,1
5592,Gangapur Road,14794,pm25,µg/m³,2022-01-24 00:00:00+05:30,42.5,20.0073285,73.7762427,2022,1
5592,Gangapur Road,14794,pm25,µg/m³,2022-01-25 00:00:00+05:30,37.2,20.0073285,73.7762427,2022,1
5592,Gangapur Road,14794,pm25,µg/m³,2022-01-26 00:00:00+05:30,39.4,20.0073285,73.7762427,2022,1
5592,Gangapur Road,14794,pm25,µg/m³,2022-01-28 00:00:00+05:30,60.4,20.0073285,73.7762427,2022,1
5592,Gangapur Road,14794,pm25,µg/m³,2022-01-29 00:00:00+05:30,74.7,20.0073285,73.7762427,2022,1
5592,Gangapur Road,14794,pm25,µg/m³,2022-02-02 00:00:00+05:30,49.3,20.0073285,73.7762427,2022,2
5592,Gangapur Road,14794,pm25,µg/m³,2022-02-03 00:00:00+05:30,35.8,20.0073285,73.7762427,2022,2
5592,Gangapur Road,14794,pm25,µg/m³,2022-02-04 00:00:00+05:30,24.3,20.0073285,73.7762427,2022,2
5592,Gangapur Road,14794,pm25,µg/m³,2022-02-05 00:00:00+05:30,30.1,20.0073285,73.7762427,2022,2
5592,Gangapur Road,14794,pm25,µg/m³,2022-03-25 00:00:00+05:30,51.3,20.0073285,73.7762427,2022,3
5592,Gangapur Road,14794,pm25,µg/m³,2022-03-26 00:00:00+05:30,35.0,20.0073285,73.7762427,2022,3
5592,Gangapur Road,14794,pm25,µg/m³,2022-03-27 00:00:00+05:30,37.3,20.0073285,73.7762427,2022,3
5592,Gangapur Road,14794,pm25,µg/m³,2022-03-28 00:00:00+05:30,28.4,20.0073285,73.7762427,2022,3
5592,Gangapur Road,14794,pm25,µg/m³,2022-03-29 00:00:00+05:30,31.8,20.0073285,73.7762427,2022,3
5592,Gangapur Road,14794,pm25,µg/m³,2022-04-01 00:00:00+05:30,46.2,20.0073285,73.7762427,2022,4
5592,Gangapur Road,14794,pm25,µg/m³,2022-04-02 00:00:00+05:30,28.6,20.0073285,73.7762427,2022,4
5592,Gangapur Road,14794,pm25,µg/m³,2022-04-04 00:00:00+05:30,39.8,20.0073285,73.7762427,2022,4
5592,Gangapur Road,14794,pm25,µg/m³,2022-04-05 00:00:00+05:30,50.5,20.0073285,73.7762427,2022,4
5592,Gangapur Road,14794,pm25,µg/m³,2022-04-06 00:00:00+05:30,40.8,20.0073285,73.7762427,2022,4
5592,Gangapur Road,14794,pm25,µg/m³,2022-04-07 00:00:00+05:30,26.7,20.0073285,73.7762427,2022,4
5592,Gangapur Road,14794,pm25,µg/m³,2022-04-08 00:00:00+05:30,41.5,20.0073285,73.7762427,2022,4
5592,Gangapur Road,14794,pm25,µg/m³,2022-04-09 00:00:00+05:30,35.7,20.0073285,73.7762427,2022,4
5592,Gangapur Road,14794,pm25,µg/m³,2022-04-10 00:00:00+05:30,30.1,20.0073285,73.7762427,2022,4
5592,Gangapur Road,14794,pm25,µg/m³,2022-04-11 00:00:00+05:30,34.5,20.0073285,73.7762427,2022,4
5592,Gangapur Road,14794,pm25,µg/m³,2022-04-12 00:00:00+05:30,38.3,20.0073285,73.7762427,2022,4
5592,Gangapur Road,14794,pm25,µg/m³,2022-04-13 00:00:00+05:30,44.0,20.0073285,73.7762427,2022,4
5592,Gangapur Road,14794,pm25,µg/m³,2022-04-14 00:00:00+05:30,41.3,20.0073285,73.7762427,2022,4
5592,Gangapur Road,14794,pm25,µg/m³,2022-04-15 00:00:00+05:30,28.5,20.0073285,73.7762427,2022,4
5592,Gangapur Road,14794,pm25,µg/m³,2022-04-18 00:00:00+05:30,28.3,20.0073285,73.7762427,2022,4
5592,Gangapur Road,14794,pm25,µg/m³,2022-04-19 00:00:00+05:30,33.7,20.0073285,73.7762427,2022,4
5592,Gangapur Road,14794,pm25,µg/m³,2022-04-20 00:00:00+05:30,35.7,20.0073285,73.7762427,2022,4
5592,Gangapur Road,14794,pm25,µg/m³,2022-04-21 00:00:00+05:30,20.9,20.0073285,73.7762427,2022,4
5592,Gangapur Road,14794,pm25,µg/m³,2022-04-22 00:00:00+05:30,45.0,20.0073285,73.7762427,2022,4
5592,Gangapur Road,14794,pm25,µg/m³,2022-04-23 00:00:00+05:30,35.7,20.0073285,73.7762427,2022,4
5592,Gangapur Road,14794,pm25,µg/m³,2022-04-25 00:00:00+05:30,59.8,20.0073285,73.7762427,2022,4
5592,Gangapur Road,14794,pm25,µg/m³,2022-04-26 00:00:00+05:30,46.4,20.0073285,73.7762427,2022,4
5592,Gangapur Road,14794,pm25,µg/m³,2022-04-28 00:00:00+05:30,62.6,20.0073285,73.7762427,2022,4
5592,Gangapur Road,14794,pm25,µg/m³,2022-04-29 00:00:00+05:30,41.3,20.0073285,73.7762427,2022,4
5592,Gangapur Road,14794,pm25,µg/m³,2022-04-30 00:00:00+05:30,28.7,20.0073285,73.7762427,2022,4
5592,Gangapur Road,14794,pm25,µg/m³,2022-05-01 00:00:00+05:30,27.7,20.0073285,73.7762427,2022,5
5592,Gangapur Road,14794,pm25,µg/m³,2022-05-05 00:00:00+05:30,30.9,20.0073285,73.7762427,2022,5
5592,Gangapur Road,14794,pm25,µg/m³,2022-05-06 00:00:00+05:30,38.9,20.0073285,73.7762427,2022,5
5592,Gangapur Road,14794,pm25,µg/m³,2022-05-07 00:00:00+05:30,40.3,20.0073285,73.7762427,2022,5
5592,Gangapur Road,14794,pm25,µg/m³,2022-05-08 00:00:00+05:30,45.0,20.0073285,73.7762427,2022,5
5592,Gangapur Road,14794,pm25,µg/m³,2022-05-09 00:00:00+05:30,58.7,20.0073285,73.7762427,2022,5
5592,Gangapur Road,14794,pm25,µg/m³,2022-05-10 00:00:00+05:30,48.9,20.0073285,73.7762427,2022,5
5592,Gangapur Road,14794,pm25,µg/m³,2022-05-11 00:00:00+05:30,37.2,20.0073285,73.7762427,2022,5
5592,Gangapur Road,14794,pm25,µg/m³,2022-05-12 00:00:00+05:30,29.9,20.0073285,73.7762427,2022,5
5592,Gangapur Road,14794,pm25,µg/m³,2022-05-15 00:00:00+05:30,27.9,20.0073285,73.7762427,2022,5
5592,Gangapur Road,14794,pm25,µg/m³,2022-05-16 00:00:00+05:30,24.3,20.0073285,73.7762427,2022,5
5592,Gangapur Road,14794,pm25,µg/m³,2022-05-17 00:00:00+05:30,42.2,20.0073285,73.7762427,2022,5
5592,Gangapur Road,14794,pm25,µg/m³,2022-05-18 00:00:00+05:30,34.5,20.0073285,73.7762427,2022,5
5592,Gangapur Road,14794,pm25,µg/m³,2022-05-20 00:00:00+05:30,39.2,20.0073285,73.7762427,2022,5
5592,Gangapur Road,14794,pm25,µg/m³,2022-05-21 00:00:00+05:30,27.9,20.0073285,73.7762427,2022,5
5592,Gangapur Road,14794,pm25,µg/m³,2022-05-23 00:00:00+05:30,17.9,20.0073285,73.7762427,2022,5
5592,Gangapur Road,14794,pm25,µg/m³,2022-05-24 00:00:00+05:30,26.0,20.0073285,73.7762427,2022,5
5592,Gangapur Road,14794,pm25,µg/m³,2022-05-25 00:00:00+05:30,23.6,20.0073285,73.7762427,2022,5
5592,Gangapur Road,14794,pm25,µg/m³,2022-05-26 00:00:00+05:30,19.3,20.0073285,73.7762427,2022,5
5592,Gangapur Road,14794,pm25,µg/m³,2022-05-28 00:00:00+05:30,15.4,20.0073285,73.7762427,2022,5
5592,Gangapur Road,14794,pm25,µg/m³,2022-05-29 00:00:00+05:30,14.0,20.0073285,73.7762427,2022,5
5592,Gangapur Road,14794,pm25,µg/m³,2022-06-03 00:00:00+05:30,38.9,20.0073285,73.7762427,2022,6
5592,Gangapur Road,14794,pm25,µg/m³,2022-06-04 00:00:00+05:30,18.9,20.0073285,73.7762427,2022,6
5592,Gangapur Road,14794,pm25,µg/m³,2022-06-09 00:00:00+05:30,26.9,20.0073285,73.7762427,2022,6
5592,Gangapur Road,14794,pm25,µg/m³,2022-06-10 00:00:00+05:30,24.5,20.0073285,73.7762427,2022,6
5592,Gangapur Road,14794,pm25,µg/m³,2022-06-13 00:00:00+05:30,14.0,20.0073285,73.7762427,2022,6
5592,Gangapur Road,14794,pm25,µg/m³,2022-06-14 00:00:00+05:30,20.2,20.0073285,73.7762427,2022,6
5592,Gangapur Road,14794,pm25,µg/m³,2022-06-15 00:00:00+05:30,19.1,20.0073285,73.7762427,2022,6
5592,Gangapur Road,14794,pm25,µg/m³,2022-06-18 00:00:00+05:30,43.5,20.0073285,73.7762427,2022,6
5592,Gangapur Road,14794,pm25,µg/m³,2022-06-19 00:00:00+05:30,13.3,20.0073285,73.7762427,2022,6
5592,Gangapur Road,14794,pm25,µg/m³,2022-06-20 00:00:00+05:30,13.4,20.0073285,73.7762427,2022,6
5592,Gangapur Road,14794,pm25,µg/m³,2022-06-21 00:00:00+05:30,13.7,20.0073285,73.7762427,2022,6
5592,Gangapur Road,14794,pm25,µg/m³,2022-06-22 00:00:00+05:30,11.1,20.0073285,73.7762427,2022,6
5592,Gangapur Road,14794,pm25,µg/m³,2022-07-05 00:00:00+05:30,13.7,20.0073285,73.7762427,2022,7
5592,Gangapur Road,14794,pm25,µg/m³,2022-07-08 00:00:00+05:30,5.33,20.0073285,73.7762427,2022,7
5592,Gangapur Road,14794,pm25,µg/m³,2022-07-09 00:00:00+05:30,11.1,20.0073285,73.7762427,2022,7
5592,Gangapur Road,14794,pm25,µg/m³,2022-07-10 00:00:00+05:30,17.2,20.0073285,73.7762427,2022,7
5592,Gangapur Road,14794,pm25,µg/m³,2022-07-11 00:00:00+05:30,7.36,20.0073285,73.7762427,2022,7
5592,Gangapur Road,14794,pm25,µg/m³,2022-07-13 00:00:00+05:30,11.5,20.0073285,73.7762427,2022,7
5592,Gangapur Road,14794,pm25,µg/m³,2022-07-14 00:00:00+05:30,14.5,20.0073285,73.7762427,2022,7
5592,Gangapur Road,14794,pm25,µg/m³,2022-07-15 00:00:00+05:30,15.4,20.0073285,73.7762427,2022,7
5592,Gangapur Road,14794,pm25,µg/m³,2022-07-18 00:00:00+05:30,10.1,20.0073285,73.7762427,2022,7
5592,Gangapur Road,14794,pm25,µg/m³,2022-07-19 00:00:00+05:30,12.7,20.0073285,73.7762427,2022,7
5592,Gangapur Road,14794,pm25,µg/m³,2022-07-20 00:00:00+05:30,34.6,20.0073285,73.7762427,2022,7
5592,Gangapur Road,14794,pm25,µg/m³,2022-07-21 00:00:00+05:30,28.2,20.0073285,73.7762427,2022,7
5592,Gangapur Road,14794,pm25,µg/m³,2022-07-22 00:00:00+05:30,19.0,20.0073285,73.7762427,2022,7
5592,Gangapur Road,14794,pm25,µg/m³,2022-07-23 00:00:00+05:30,13.6,20.0073285,73.7762427,2022,7
5592,Gangapur Road,14794,pm25,µg/m³,2022-07-24 00:00:00+05:30,18.5,20.0073285,73.7762427,2022,7
5592,Gangapur Road,14794,pm25,µg/m³,2022-07-25 00:00:00+05:30,16.1,20.0073285,73.7762427,2022,7
5592,Gangapur Road,14794,pm25,µg/m³,2022-07-26 00:00:00+05:30,50.1,20.0073285,73.7762427,2022,7
5592,Gangapur Road,14794,pm25,µg/m³,2022-07-27 00:00:00+05:30,0.94,20.0073285,73.7762427,2022,7
5592,Gangapur Road,14794,pm25,µg/m³,2022-07-28 00:00:00+05:30,0.94,20.0073285,73.7762427,2022,7
5592,Gangapur Road,14794,pm25,µg/m³,2022-07-29 00:00:00+05:30,10.3,20.0073285,73.7762427,2022,7
5592,Gangapur Road,14794,pm25,µg/m³,2022-07-30 00:00:00+05:30,17.8,20.0073285,73.7762427,2022,7
5592,Gangapur Road,14794,pm25,µg/m³,2022-07-31 00:00:00+05:30,18.2,20.0073285,73.7762427,2022,7
5592,Gangapur Road,14794,pm25,µg/m³,2022-08-02 00:00:00+05:30,35.8,20.0073285,73.7762427,2022,8
5592,Gangapur Road,14794,pm25,µg/m³,2022-08-03 00:00:00+05:30,30.3,20.0073285,73.7762427,2022,8
5592,Gangapur Road,14794,pm25,µg/m³,2022-09-13 00:00:00+05:30,15.0,20.0073285,73.7762427,2022,9
5592,Gangapur Road,14794,pm25,µg/m³,2022-09-14 00:00:00+05:30,9.71,20.0073285,73.7762427,2022,9
5592,Gangapur Road,14794,pm25,µg/m³,2022-09-15 00:00:00+05:30,3.34,20.0073285,73.7762427,2022,9
5592,Gangapur Road,14794,pm25,µg/m³,2022-09-16 00:00:00+05:30,11.4,20.0073285,73.7762427,2022,9
5592,Gangapur Road,14794,pm25,µg/m³,2022-09-17 00:00:00+05:30,13.7,20.0073285,73.7762427,2022,9
5592,Gangapur Road,14794,pm25,µg/m³,2022-09-18 00:00:00+05:30,19.2,20.0073285,73.7762427,2022,9
5592,Gangapur Road,14794,pm25,µg/m³,2022-09-20 00:00:00+05:30,17.4,20.0073285,73.7762427,2022,9
5592,Gangapur Road,14794,pm25,µg/m³,2022-09-21 00:00:00+05:30,18.9,20.0073285,73.7762427,2022,9
5592,Gangapur Road,14794,pm25,µg/m³,2022-09-22 00:00:00+05:30,269.0,20.0073285,73.7762427,2022,9
5592,Gangapur Road,14794,pm25,µg/m³,2022-09-23 00:00:00+05:30,40.7,20.0073285,73.7762427,2022,9
5592,Gangapur Road,14794,pm25,µg/m³,2022-09-24 00:00:00+05:30,25.3,20.0073285,73.7762427,2022,9
5592,Gangapur Road,14794,pm25,µg/m³,2022-09-25 00:00:00+05:30,19.5,20.0073285,73.7762427,2022,9
5592,Gangapur Road,14794,pm25,µg/m³,2022-09-26 00:00:00+05:30,11.4,20.0073285,73.7762427,2022,9
5592,Gangapur Road,14794,pm25,µg/m³,2022-09-27 00:00:00+05:30,22.9,20.0073285,73.7762427,2022,9
5592,Gangapur Road,14794,pm25,µg/m³,2022-09-28 00:00:00+05:30,22.4,20.0073285,73.7762427,2022,9
5592,Gangapur Road,14794,pm25,µg/m³,2022-09-29 00:00:00+05:30,212.0,20.0073285,73.7762427,2022,9
5592,Gangapur Road,14794,pm25,µg/m³,2022-09-30 00:00:00+05:30,30.9,20.0073285,73.7762427,2022,9
5592,Gangapur Road,14794,pm25,µg/m³,2022-10-01 00:00:00+05:30,29.8,20.0073285,73.7762427,2022,10
5592,Gangapur Road,14794,pm25,µg/m³,2022-10-02 00:00:00+05:30,27.1,20.0073285,73.7762427,2022,10
5592,Gangapur Road,14794,pm25,µg/m³,2022-10-03 00:00:00+05:30,20.8,20.0073285,73.7762427,2022,10
5592,Gangapur Road,14794,pm25,µg/m³,2022-10-04 00:00:00+05:30,41.1,20.0073285,73.7762427,2022,10
5592,Gangapur Road,14794,pm25,µg/m³,2022-10-05 00:00:00+05:30,32.8,20.0073285,73.7762427,2022,10
5592,Gangapur Road,14794,pm25,µg/m³,2022-10-06 00:00:00+05:30,31.3,20.0073285,73.7762427,2022,10
5592,Gangapur Road,14794,pm25,µg/m³,2022-10-07 00:00:00+05:30,30.3,20.0073285,73.7762427,2022,10
5592,Gangapur Road,14794,pm25,µg/m³,2022-10-08 00:00:00+05:30,18.2,20.0073285,73.7762427,2022,10
5592,Gangapur Road,14794,pm25,µg/m³,2022-10-09 00:00:00+05:30,16.5,20.0073285,73.7762427,2022,10
5592,Gangapur Road,14794,pm25,µg/m³,2022-10-10 00:00:00+05:30,32.9,20.0073285,73.7762427,2022,10
5592,Gangapur Road,14794,pm25,µg/m³,2022-10-11 00:00:00+05:30,23.6,20.0073285,73.7762427,2022,10
5592,Gangapur Road,14794,pm25,µg/m³,2022-10-12 00:00:00+05:30,26.5,20.0073285,73.7762427,2022,10
5592,Gangapur Road,14794,pm25,µg/m³,2022-10-13 00:00:00+05:30,36.6,20.0073285,73.7762427,2022,10
5592,Gangapur Road,14794,pm25,µg/m³,2022-10-14 00:00:00+05:30,34.6,20.0073285,73.7762427,2022,10
5592,Gangapur Road,14794,pm25,µg/m³,2022-10-15 00:00:00+05:30,26.9,20.0073285,73.7762427,2022,10
5592,Gangapur Road,14794,pm25,µg/m³,2022-10-16 00:00:00+05:30,37.2,20.0073285,73.7762427,2022,10
5592,Gangapur Road,14794,pm25,µg/m³,2022-10-31 00:00:00+05:30,42.1,20.0073285,73.7762427,2022,10
5592,Gangapur Road,12235635,pm25,µg/m³,2025-02-19 00:00:00+05:30,33.5,20.0073285,73.7762427,2025,2
5592,Gangapur Road,12235635,pm25,µg/m³,2025-02-20 00:00:00+05:30,35.3,20.0073285,73.7762427,2025,2
5592,Gangapur Road,12235635,pm25,µg/m³,2025-02-21 00:00:00+05:30,51.6,20.0073285,73.7762427,2025,2
5592,Gangapur Road,12235635,pm25,µg/m³,2025-02-22 00:00:00+05:30,50.8,20.0073285,73.7762427,2025,2
5592,Gangapur Road,12235635,pm25,µg/m³,2025-02-23 00:00:00+05:30,48.7,20.0073285,73.7762427,2025,2
5592,Gangapur Road,12235635,pm25,µg/m³,2025-02-24 00:00:00+05:30,50.5,20.0073285,73.7762427,2025,2
5592,Gangapur Road,12235635,pm25,µg/m³,2025-02-25 00:00:00+05:30,65.9,20.0073285,73.7762427,2025,2
5592,Gangapur Road,12235635,pm25,µg/m³,2025-02-26 00:00:00+05:30,73.3,20.0073285,73.7762427,2025,2
5592,Gangapur Road,12235635,pm25,µg/m³,2025-02-27 00:00:00+05:30,63.5,20.0073285,73.7762427,2025,2
5592,Gangapur Road,12235635,pm25,µg/m³,2025-02-28 00:00:00+05:30,55.6,20.0073285,73.7762427,2025,2
5592,Gangapur Road,12235635,pm25,µg/m³,2025-03-01 00:00:00+05:30,67.6,20.0073285,73.7762427,2025,3
5592,Gangapur Road,12235635,pm25,µg/m³,2025-03-02 00:00:00+05:30,42.1,20.0073285,73.7762427,2025,3
5592,Gangapur Road,12235635,pm25,µg/m³,2025-03-03 00:00:00+05:30,60.6,20.0073285,73.7762427,2025,3
5592,Gangapur Road,12235635,pm25,µg/m³,2025-03-04 00:00:00+05:30,45.0,20.0073285,73.7762427,2025,3
5592,Gangapur Road,12235635,pm25,µg/m³,2025-03-05 00:00:00+05:30,52.4,20.0073285,73.7762427,2025,3
5592,Gangapur Road,12235635,pm25,µg/m³,2025-03-06 00:00:00+05:30,53.2,20.0073285,73.7762427,2025,3
5592,Gangapur Road,12235635,pm25,µg/m³,2025-03-07 00:00:00+05:30,48.5,20.0073285,73.7762427,2025,3
5592,Gangapur Road,12235635,pm25,µg/m³,2025-03-08 00:00:00+05:30,50.5,20.0073285,73.7762427,2025,3
5592,Gangapur Road,12235635,pm25,µg/m³,2025-03-09 00:00:00+05:30,54.3,20.0073285,73.7762427,2025,3
5592,Gangapur Road,12235635,pm25,µg/m³,2025-03-10 00:00:00+05:30,44.6,20.0073285,73.7762427,2025,3
5592,Gangapur Road,12235635,pm25,µg/m³,2025-03-12 00:00:00+05:30,63.3,20.0073285,73.7762427,2025,3
5592,Gangapur Road,12235635,pm25,µg/m³,2025-03-13 00:00:00+05:30,73.9,20.0073285,73.7762427,2025,3
5592,Gangapur Road,12235635,pm25,µg/m³,2025-03-14 00:00:00+05:30,53.6,20.0073285,73.7762427,2025,3
5592,Gangapur Road,12235635,pm25,µg/m³,2025-03-15 00:00:00+05:30,48.0,20.0073285,73.7762427,2025,3
5592,Gangapur Road,12235635,pm25,µg/m³,2025-03-17 00:00:00+05:30,41.2,20.0073285,73.7762427,2025,3
5592,Gangapur Road,12235635,pm25,µg/m³,2025-03-18 00:00:00+05:30,45.0,20.0073285,73.7762427,2025,3
5592,Gangapur Road,12235635,pm25,µg/m³,2025-03-19 00:00:00+05:30,46.7,20.0073285,73.7762427,2025,3
5592,Gangapur Road,12235635,pm25,µg/m³,2025-03-20 00:00:00+05:30,38.6,20.0073285,73.7762427,2025,3
5592,Gangapur Road,12235635,pm25,µg/m³,2025-03-21 00:00:00+05:30,35.9,20.0073285,73.7762427,2025,3
5592,Gangapur Road,12235635,pm25,µg/m³,2025-03-22 00:00:00+05:30,42.1,20.0073285,73.7762427,2025,3
5592,Gangapur Road,12235635,pm25,µg/m³,2025-03-23 00:00:00+05:30,46.2,20.0073285,73.7762427,2025,3
5592,Gangapur Road,12235635,pm25,µg/m³,2025-03-24 00:00:00+05:30,51.5,20.0073285,73.7762427,2025,3
5592,Gangapur Road,12235635,pm25,µg/m³,2025-03-25 00:00:00+05:30,53.9,20.0073285,73.7762427,2025,3
5592,Gangapur Road,12235635,pm25,µg/m³,2025-03-26 00:00:00+05:30,55.2,20.0073285,73.7762427,2025,3
5592,Gangapur Road,12235635,pm25,µg/m³,2025-03-27 00:00:00+05:30,30.5,20.0073285,73.7762427,2025,3
5592,Gangapur Road,12235635,pm25,µg/m³,2025-03-28 00:00:00+05:30,46.4,20.0073285,73.7762427,2025,3
5592,Gangapur Road,12235635,pm25,µg/m³,2025-03-29 00:00:00+05:30,58.7,20.0073285,73.7762427,2025,3
5592,Gangapur Road,12235635,pm25,µg/m³,2025-03-30 00:00:00+05:30,57.1,20.0073285,73.7762427,2025,3
5592,Gangapur Road,12235635,pm25,µg/m³,2025-03-31 00:00:00+05:30,75.1,20.0073285,73.7762427,2025,3
5592,Gangapur Road,12235635,pm25,µg/m³,2025-04-01 00:00:00+05:30,80.0,20.0073285,73.7762427,2025,4
5592,Gangapur Road,12235635,pm25,µg/m³,2025-04-02 00:00:00+05:30,69.4,20.0073285,73.7762427,2025,4
5592,Gangapur Road,12235635,pm25,µg/m³,2025-04-03 00:00:00+05:30,56.2,20.0073285,73.7762427,2025,4
5592,Gangapur Road,12235635,pm25,µg/m³,2025-04-04 00:00:00+05:30,63.8,20.0073285,73.7762427,2025,4
5592,Gangapur Road,12235635,pm25,µg/m³,2025-04-05 00:00:00+05:30,57.2,20.0073285,73.7762427,2025,4
5592,Gangapur Road,12235635,pm25,µg/m³,2025-04-06 00:00:00+05:30,79.0,20.0073285,73.7762427,2025,4
5592,Gangapur Road,12235635,pm25,µg/m³,2025-04-07 00:00:00+05:30,61.8,20.0073285,73.7762427,2025,4
5592,Gangapur Road,12235635,pm25,µg/m³,2025-04-08 00:00:00+05:30,45.7,20.0073285,73.7762427,2025,4
5592,Gangapur Road,12235635,pm25,µg/m³,2025-04-09 00:00:00+05:30,51.4,20.0073285,73.7762427,2025,4
5592,Gangapur Road,12235635,pm25,µg/m³,2025-04-11 00:00:00+05:30,36.1,20.0073285,73.7762427,2025,4
5592,Gangapur Road,12235635,pm25,µg/m³,2025-04-12 00:00:00+05:30,30.2,20.0073285,73.7762427,2025,4
5592,Gangapur Road,12235635,pm25,µg/m³,2025-04-13 00:00:00+05:30,26.6,20.0073285,73.7762427,2025,4
5592,Gangapur Road,12235635,pm25,µg/m³,2025-04-14 00:00:00+05:30,51.4,20.0073285,73.7762427,2025,4
5592,Gangapur Road,12235635,pm25,µg/m³,2025-04-15 00:00:00+05:30,56.7,20.0073285,73.7762427,2025,4
5592,Gangapur Road,12235635,pm25,µg/m³,2025-04-16 00:00:00+05:30,65.6,20.0073285,73.7762427,2025,4
5592,Gangapur Road,12235635,pm25,µg/m³,2025-04-17 00:00:00+05:30,42.1,20.0073285,73.7762427,2025,4
5592,Gangapur Road,12235635,pm25,µg/m³,2025-04-18 00:00:00+05:30,31.5,20.0073285,73.7762427,2025,4
5592,Gangapur Road,12235635,pm25,µg/m³,2025-04-19 00:00:00+05:30,36.3,20.0073285,73.7762427,2025,4
5592,Gangapur Road,12235635,pm25,µg/m³,2025-04-20 00:00:00+05:30,48.9,20.0073285,73.7762427,2025,4
5592,Gangapur Road,12235635,pm25,µg/m³,2025-04-21 00:00:00+05:30,45.4,20.0073285,73.7762427,2025,4
5592,Gangapur Road,12235635,pm25,µg/m³,2025-04-22 00:00:00+05:30,56.0,20.0073285,73.7762427,2025,4
5592,Gangapur Road,12235635,pm25,µg/m³,2025-04-23 00:00:00+05:30,65.9,20.0073285,73.7762427,2025,4
5592,Gangapur Road,12235635,pm25,µg/m³,2025-04-24 00:00:00+05:30,62.0,20.0073285,73.7762427,2025,4
5592,Gangapur Road,12235635,pm25,µg/m³,2025-04-25 00:00:00+05:30,51.9,20.0073285,73.7762427,2025,4
5592,Gangapur Road,12235635,pm25,µg/m³,2025-04-26 00:00:00+05:30,36.5,20.0073285,73.7762427,2025,4
5592,Gangapur Road,12235635,pm25,µg/m³,2025-04-27 00:00:00+05:30,40.4,20.0073285,73.7762427,2025,4
5592,Gangapur Road,12235635,pm25,µg/m³,2025-04-28 00:00:00+05:30,64.8,20.0073285,73.7762427,2025,4
5592,Gangapur Road,12235635,pm25,µg/m³,2025-04-29 00:00:00+05:30,50.3,20.0073285,73.7762427,2025,4
5592,Gangapur Road,12235635,pm25,µg/m³,2025-04-30 00:00:00+05:30,41.2,20.0073285,73.7762427,2025,4
5592,Gangapur Road,12235635,pm25,µg/m³,2025-05-01 00:00:00+05:30,37.6,20.0073285,73.7762427,2025,5
5592,Gangapur Road,12235635,pm25,µg/m³,2025-05-06 00:00:00+05:30,115.0,20.0073285,73.7762427,2025,5
5592,Gangapur Road,12235635,pm25,µg/m³,2025-05-07 00:00:00+05:30,32.0,20.0073285,73.7762427,2025,5
5592,Gangapur Road,12235635,pm25,µg/m³,2025-05-08 00:00:00+05:30,27.7,20.0073285,73.7762427,2025,5
5592,Gangapur Road,12235635,pm25,µg/m³,2025-05-09 00:00:00+05:30,17.6,20.0073285,73.7762427,2025,5
5592,Gangapur Road,12235635,pm25,µg/m³,2025-05-10 00:00:00+05:30,13.4,20.0073285,73.7762427,2025,5
5592,Gangapur Road,12235635,pm25,µg/m³,2025-05-11 00:00:00+05:30,63.9,20.0073285,73.7762427,2025,5
5592,Gangapur Road,12235635,pm25,µg/m³,2025-05-12 00:00:00+05:30,41.3,20.0073285,73.7762427,2025,5
5592,Gangapur Road,12235635,pm25,µg/m³,2025-05-13 00:00:00+05:30,8.9,20.0073285,73.7762427,2025,5
5592,Gangapur Road,12235635,pm25,µg/m³,2025-05-14 00:00:00+05:30,55.4,20.0073285,73.7762427,2025,5
5592,Gangapur Road,12235635,pm25,µg/m³,2025-05-15 00:00:00+05:30,40.7,20.0073285,73.7762427,2025,5
5592,Gangapur Road,12235635,pm25,µg/m³,2025-05-16 00:00:00+05:30,40.4,20.0073285,73.7762427,2025,5
5592,Gangapur Road,12235635,pm25,µg/m³,2025-05-17 00:00:00+05:30,25.9,20.0073285,73.7762427,2025,5
5592,Gangapur Road,12235635,pm25,µg/m³,2025-05-18 00:00:00+05:30,29.1,20.0073285,73.7762427,2025,5
5592,Gangapur Road,12235635,pm25,µg/m³,2025-05-19 00:00:00+05:30,29.1,20.0073285,73.7762427,2025,5
5592,Gangapur Road,12235635,pm25,µg/m³,2025-05-20 00:00:00+05:30,29.1,20.0073285,73.7762427,2025,5
5592,Gangapur Road,12235635,pm25,µg/m³,2025-05-21 00:00:00+05:30,27.0,20.0073285,73.7762427,2025,5
5592,Gangapur Road,12235635,pm25,µg/m³,2025-05-22 00:00:00+05:30,22.5,20.0073285,73.7762427,2025,5
5592,Gangapur Road,12235635,pm25,µg/m³,2025-05-23 00:00:00+05:30,27.5,20.0073285,73.7762427,2025,5
5592,Gangapur Road,12235635,pm25,µg/m³,2025-05-24 00:00:00+05:30,21.7,20.0073285,73.7762427,2025,5
5592,Gangapur Road,12235635,pm25,µg/m³,2025-05-25 00:00:00+05:30,28.8,20.0073285,73.7762427,2025,5
5592,Gangapur Road,12235635,pm25,µg/m³,2025-05-26 00:00:00+05:30,40.6,20.0073285,73.7762427,2025,5
5592,Gangapur Road,12235635,pm25,µg/m³,2025-05-27 00:00:00+05:30,25.3,20.0073285,73.7762427,2025,5
5592,Gangapur Road,12235635,pm25,µg/m³,2025-05-28 00:00:00+05:30,14.3,20.0073285,73.7762427,2025,5
5592,Gangapur Road,12235635,pm25,µg/m³,2025-05-29 00:00:00+05:30,20.5,20.0073285,73.7762427,2025,5
5592,Gangapur Road,12235635,pm25,µg/m³,2025-05-30 00:00:00+05:30,24.2,20.0073285,73.7762427,2025,5
5592,Gangapur Road,12235635,pm25,µg/m³,2025-05-31 00:00:00+05:30,17.5,20.0073285,73.7762427,2025,5
5592,Gangapur Road,12235635,pm25,µg/m³,2025-06-01 00:00:00+05:30,17.0,20.0073285,73.7762427,2025,6
5592,Gangapur Road,12235635,pm25,µg/m³,2025-06-02 00:00:00+05:30,19.6,20.0073285,73.7762427,2025,6
5592,Gangapur Road,12235635,pm25,µg/m³,2025-06-03 00:00:00+05:30,19.4,20.0073285,73.7762427,2025,6
5592,Gangapur Road,12235635,pm25,µg/m³,2025-06-04 00:00:00+05:30,19.8,20.0073285,73.7762427,2025,6
5592,Gangapur Road,12235635,pm25,µg/m³,2025-06-05 00:00:00+05:30,28.0,20.0073285,73.7762427,2025,6
5592,Gangapur Road,12235635,pm25,µg/m³,2025-06-06 00:00:00+05:30,19.2,20.0073285,73.7762427,2025,6
5592,Gangapur Road,12235635,pm25,µg/m³,2025-06-07 00:00:00+05:30,43.1,20.0073285,73.7762427,2025,6
5592,Gangapur Road,12235635,pm25,µg/m³,2025-06-08 00:00:00+05:30,33.4,20.0073285,73.7762427,2025,6
5592,Gangapur Road,12235635,pm25,µg/m³,2025-06-09 00:00:00+05:30,36.8,20.0073285,73.7762427,2025,6
5592,Gangapur Road,12235635,pm25,µg/m³,2025-06-10 00:00:00+05:30,23.6,20.0073285,73.7762427,2025,6
5592,Gangapur Road,12235635,pm25,µg/m³,2025-06-11 00:00:00+05:30,26.8,20.0073285,73.7762427,2025,6
5592,Gangapur Road,12235635,pm25,µg/m³,2025-06-12 00:00:00+05:30,49.7,20.0073285,73.7762427,2025,6
5592,Gangapur Road,12235635,pm25,µg/m³,2025-06-13 00:00:00+05:30,41.7,20.0073285,73.7762427,2025,6
5592,Gangapur Road,12235635,pm25,µg/m³,2025-06-14 00:00:00+05:30,41.8,20.0073285,73.7762427,2025,6
5592,Gangapur Road,12235635,pm25,µg/m³,2025-06-15 00:00:00+05:30,37.4,20.0073285,73.7762427,2025,6
5592,Gangapur Road,12235635,pm25,µg/m³,2025-06-16 00:00:00+05:30,36.0,20.0073285,73.7762427,2025,6
5592,Gangapur Road,12235635,pm25,µg/m³,2025-06-17 00:00:00+05:30,42.5,20.0073285,73.7762427,2025,6
5592,Gangapur Road,12235635,pm25,µg/m³,2025-06-18 00:00:00+05:30,29.6,20.0073285,73.7762427,2025,6
5592,Gangapur Road,12235635,pm25,µg/m³,2025-06-19 00:00:00+05:30,27.8,20.0073285,73.7762427,2025,6
5592,Gangapur Road,12235635,pm25,µg/m³,2025-06-20 00:00:00+05:30,21.6,20.0073285,73.7762427,2025,6
5592,Gangapur Road,12235635,pm25,µg/m³,2025-06-21 00:00:00+05:30,19.3,20.0073285,73.7762427,2025,6
5592,Gangapur Road,12235635,pm25,µg/m³,2025-06-22 00:00:00+05:30,22.0,20.0073285,73.7762427,2025,6
5592,Gangapur Road,12235635,pm25,µg/m³,2025-06-23 00:00:00+05:30,19.4,20.0073285,73.7762427,2025,6
5592,Gangapur Road,12235635,pm25,µg/m³,2025-06-24 00:00:00+05:30,26.8,20.0073285,73.7762427,2025,6
5592,Gangapur Road,12235635,pm25,µg/m³,2025-06-25 00:00:00+05:30,43.9,20.0073285,73.7762427,2025,6
5592,Gangapur Road,12235635,pm25,µg/m³,2025-06-26 00:00:00+05:30,23.1,20.0073285,73.7762427,2025,6
5592,Gangapur Road,12235635,pm25,µg/m³,2025-06-27 00:00:00+05:30,24.5,20.0073285,73.7762427,2025,6
5592,Gangapur Road,12235635,pm25,µg/m³,2025-06-28 00:00:00+05:30,29.8,20.0073285,73.7762427,2025,6
5592,Gangapur Road,12235635,pm25,µg/m³,2025-06-29 00:00:00+05:30,44.4,20.0073285,73.7762427,2025,6
5592,Gangapur Road,12235635,pm25,µg/m³,2025-06-30 00:00:00+05:30,21.2,20.0073285,73.7762427,2025,6
5592,Gangapur Road,12235635,pm25,µg/m³,2025-07-01 00:00:00+05:30,11.9,20.0073285,73.7762427,2025,7
5592,Gangapur Road,12235635,pm25,µg/m³,2025-07-02 00:00:00+05:30,29.0,20.0073285,73.7762427,2025,7
5592,Gangapur Road,12235635,pm25,µg/m³,2025-07-03 00:00:00+05:30,16.2,20.0073285,73.7762427,2025,7
5592,Gangapur Road,12235635,pm25,µg/m³,2025-07-04 00:00:00+05:30,13.2,20.0073285,73.7762427,2025,7
5592,Gangapur Road,12235635,pm25,µg/m³,2025-07-05 00:00:00+05:30,6.47,20.0073285,73.7762427,2025,7
5592,Gangapur Road,12235635,pm25,µg/m³,2025-07-06 00:00:00+05:30,9.17,20.0073285,73.7762427,2025,7
5592,Gangapur Road,12235635,pm25,µg/m³,2025-07-07 00:00:00+05:30,30.7,20.0073285,73.7762427,2025,7
5592,Gangapur Road,12235635,pm25,µg/m³,2025-07-08 00:00:00+05:30,14.7,20.0073285,73.7762427,2025,7
5592,Gangapur Road,12235635,pm25,µg/m³,2025-07-09 00:00:00+05:30,26.4,20.0073285,73.7762427,2025,7
5592,Gangapur Road,12235635,pm25,µg/m³,2025-07-10 00:00:00+05:30,16.3,20.0073285,73.7762427,2025,7
5592,Gangapur Road,12235635,pm25,µg/m³,2025-07-11 00:00:00+05:30,15.1,20.0073285,73.7762427,2025,7
5592,Gangapur Road,12235635,pm25,µg/m³,2025-07-12 00:00:00+05:30,51.9,20.0073285,73.7762427,2025,7
5592,Gangapur Road,12235635,pm25,µg/m³,2025-07-13 00:00:00+05:30,9.82,20.0073285,73.7762427,2025,7
5592,Gangapur Road,12235635,pm25,µg/m³,2025-07-14 00:00:00+05:30,8.86,20.0073285,73.7762427,2025,7
5592,Gangapur Road,12235635,pm25,µg/m³,2025-07-15 00:00:00+05:30,16.3,20.0073285,73.7762427,2025,7
5592,Gangapur Road,12235635,pm25,µg/m³,2025-07-16 00:00:00+05:30,29.5,20.0073285,73.7762427,2025,7
5592,Gangapur Road,12235635,pm25,µg/m³,2025-07-17 00:00:00+05:30,25.6,20.0073285,73.7762427,2025,7
5592,Gangapur Road,12235635,pm25,µg/m³,2025-07-18 00:00:00+05:30,25.9,20.0073285,73.7762427,2025,7
5592,Gangapur Road,12235635,pm25,µg/m³,2025-07-19 00:00:00+05:30,22.1,20.0073285,73.7762427,2025,7
5592,Gangapur Road,12235635,pm25,µg/m³,2025-07-20 00:00:00+05:30,30.9,20.0073285,73.7762427,2025,7
5592,Gangapur Road,12235635,pm25,µg/m³,2025-07-21 00:00:00+05:30,16.4,20.0073285,73.7762427,2025,7
5592,Gangapur Road,12235635,pm25,µg/m³,2025-07-22 00:00:00+05:30,17.2,20.0073285,73.7762427,2025,7
5592,Gangapur Road,12235635,pm25,µg/m³,2025-07-23 00:00:00+05:30,17.2,20.0073285,73.7762427,2025,7
5592,Gangapur Road,12235635,pm25,µg/m³,2025-07-24 00:00:00+05:30,11.2,20.0073285,73.7762427,2025,7
5592,Gangapur Road,12235635,pm25,µg/m³,2025-07-25 00:00:00+05:30,7.75,20.0073285,73.7762427,2025,7
5592,Gangapur Road,12235635,pm25,µg/m³,2025-07-26 00:00:00+05:30,8.79,20.0073285,73.7762427,2025,7
5592,Gangapur Road,12235635,pm25,µg/m³,2025-07-27 00:00:00+05:30,13.3,20.0073285,73.7762427,2025,7
5592,Gangapur Road,12235635,pm25,µg/m³,2025-07-28 00:00:00+05:30,10.7,20.0073285,73.7762427,2025,7
5592,Gangapur Road,12235635,pm25,µg/m³,2025-07-29 00:00:00+05:30,12.5,20.0073285,73.7762427,2025,7
5592,Gangapur Road,12235635,pm25,µg/m³,2025-07-30 00:00:00+05:30,14.7,20.0073285,73.7762427,2025,7
5592,Gangapur Road,12235635,pm25,µg/m³,2025-07-31 00:00:00+05:30,20.3,20.0073285,73.7762427,2025,7
5592,Gangapur Road,12235635,pm25,µg/m³,2025-08-01 00:00:00+05:30,17.5,20.0073285,73.7762427,2025,8
5592,Gangapur Road,12235635,pm25,µg/m³,2025-08-02 00:00:00+05:30,13.0,20.0073285,73.7762427,2025,8
5592,Gangapur Road,12235635,pm25,µg/m³,2025-08-03 00:00:00+05:30,8.9,20.0073285,73.7762427,2025,8
5592,Gangapur Road,12235635,pm25,µg/m³,2025-08-04 00:00:00+05:30,17.6,20.0073285,73.7762427,2025,8
5592,Gangapur Road,12235635,pm25,µg/m³,2025-08-05 00:00:00+05:30,10.7,20.0073285,73.7762427,2025,8
5592,Gangapur Road,12235635,pm25,µg/m³,2025-08-06 00:00:00+05:30,12.4,20.0073285,73.7762427,2025,8
5592,Gangapur Road,12235635,pm25,µg/m³,2025-08-07 00:00:00+05:30,12.3,20.0073285,73.7762427,2025,8
5592,Gangapur Road,12235635,pm25,µg/m³,2025-08-08 00:00:00+05:30,12.5,20.0073285,73.7762427,2025,8
5592,Gangapur Road,12235635,pm25,µg/m³,2025-08-09 00:00:00+05:30,11.7,20.0073285,73.7762427,2025,8
5592,Gangapur Road,12235635,pm25,µg/m³,2025-08-10 00:00:00+05:30,12.1,20.0073285,73.7762427,2025,8
5592,Gangapur Road,12235635,pm25,µg/m³,2025-08-11 00:00:00+05:30,9.77,20.0073285,73.7762427,2025,8
5592,Gangapur Road,12235635,pm25,µg/m³,2025-08-12 00:00:00+05:30,14.1,20.0073285,73.7762427,2025,8
5592,Gangapur Road,12235635,pm25,µg/m³,2025-08-13 00:00:00+05:30,8.62,20.0073285,73.7762427,2025,8
5592,Gangapur Road,12235635,pm25,µg/m³,2025-08-14 00:00:00+05:30,7.56,20.0073285,73.7762427,2025,8
5592,Gangapur Road,12235635,pm25,µg/m³,2025-08-15 00:00:00+05:30,6.9,20.0073285,73.7762427,2025,8
5592,Gangapur Road,12235635,pm25,µg/m³,2025-08-16 00:00:00+05:30,7.51,20.0073285,73.7762427,2025,8
5592,Gangapur Road,12235635,pm25,µg/m³,2025-08-17 00:00:00+05:30,5.21,20.0073285,73.7762427,2025,8
5592,Gangapur Road,12235635,pm25,µg/m³,2025-08-18 00:00:00+05:30,3.44,20.0073285,73.7762427,2025,8
5592,Gangapur Road,12235635,pm25,µg/m³,2025-08-19 00:00:00+05:30,5.54,20.0073285,73.7762427,2025,8
5592,Gangapur Road,12235635,pm25,µg/m³,2025-08-20 00:00:00+05:30,7.9,20.0073285,73.7762427,2025,8
5592,Gangapur Road,12235635,pm25,µg/m³,2025-08-21 00:00:00+05:30,7.97,20.0073285,73.7762427,2025,8
5592,Gangapur Road,12235635,pm25,µg/m³,2025-08-22 00:00:00+05:30,14.0,20.0073285,73.7762427,2025,8
5592,Gangapur Road,12235635,pm25,µg/m³,2025-08-23 00:00:00+05:30,15.2,20.0073285,73.7762427,2025,8
5592,Gangapur Road,12235635,pm25,µg/m³,2025-08-24 00:00:00+05:30,16.9,20.0073285,73.7762427,2025,8
5592,Gangapur Road,12235635,pm25,µg/m³,2025-08-25 00:00:00+05:30,13.2,20.0073285,73.7762427,2025,8
5592,Gangapur Road,12235635,pm25,µg/m³,2025-08-26 00:00:00+05:30,12.3,20.0073285,73.7762427,2025,8
5592,Gangapur Road,12235635,pm25,µg/m³,2025-08-27 00:00:00+05:30,11.2,20.0073285,73.7762427,2025,8
5592,Gangapur Road,12235635,pm25,µg/m³,2025-08-28 00:00:00+05:30,18.7,20.0073285,73.7762427,2025,8
5592,Gangapur Road,12235635,pm25,µg/m³,2025-08-29 00:00:00+05:30,17.5,20.0073285,73.7762427,2025,8
5592,Gangapur Road,12235635,pm25,µg/m³,2025-08-30 00:00:00+05:30,19.8,20.0073285,73.7762427,2025,8
5592,Gangapur Road,12235635,pm25,µg/m³,2025-08-31 00:00:00+05:30,19.8,20.0073285,73.7762427,2025,8
5592,Gangapur Road,12235635,pm25,µg/m³,2025-09-01 00:00:00+05:30,16.0,20.0073285,73.7762427,2025,9
5592,Gangapur Road,12235635,pm25,µg/m³,2025-09-02 00:00:00+05:30,20.3,20.0073285,73.7762427,2025,9
5592,Gangapur Road,12235635,pm25,µg/m³,2025-09-03 00:00:00+05:30,24.0,20.0073285,73.7762427,2025,9
5592,Gangapur Road,12235635,pm25,µg/m³,2025-09-04 00:00:00+05:30,16.2,20.0073285,73.7762427,2025,9
5592,Gangapur Road,12235635,pm25,µg/m³,2025-09-05 00:00:00+05:30,14.9,20.0073285,73.7762427,2025,9
5592,Gangapur Road,12235635,pm25,µg/m³,2025-09-06 00:00:00+05:30,12.6,20.0073285,73.7762427,2025,9
5592,Gangapur Road,12235635,pm25,µg/m³,2025-09-07 00:00:00+05:30,10.6,20.0073285,73.7762427,2025,9
5592,Gangapur Road,12235635,pm25,µg/m³,2025-09-08 00:00:00+05:30,24.9,20.0073285,73.7762427,2025,9
5592,Gangapur Road,12235635,pm25,µg/m³,2025-09-09 00:00:00+05:30,31.0,20.0073285,73.7762427,2025,9
5592,Gangapur Road,12235635,pm25,µg/m³,2025-09-10 00:00:00+05:30,26.8,20.0073285,73.7762427,2025,9
5592,Gangapur Road,12235635,pm25,µg/m³,2025-09-11 00:00:00+05:30,30.4,20.0073285,73.7762427,2025,9
5592,Gangapur Road,12235635,pm25,µg/m³,2025-09-12 00:00:00+05:30,24.7,20.0073285,73.7762427,2025,9
5592,Gangapur Road,12235635,pm25,µg/m³,2025-09-13 00:00:00+05:30,25.5,20.0073285,73.7762427,2025,9
5592,Gangapur Road,12235635,pm25,µg/m³,2025-09-14 00:00:00+05:30,24.3,20.0073285,73.7762427,2025,9
5592,Gangapur Road,12235635,pm25,µg/m³,2025-09-15 00:00:00+05:30,25.5,20.0073285,73.7762427,2025,9
5592,Gangapur Road,12235635,pm25,µg/m³,2025-09-16 00:00:00+05:30,17.8,20.0073285,73.7762427,2025,9
5592,Gangapur Road,12235635,pm25,µg/m³,2025-09-17 00:00:00+05:30,12.9,20.0073285,73.7762427,2025,9
5592,Gangapur Road,12235635,pm25,µg/m³,2025-09-18 00:00:00+05:30,12.6,20.0073285,73.7762427,2025,9
5592,Gangapur Road,12235635,pm25,µg/m³,2025-09-19 00:00:00+05:30,12.3,20.0073285,73.7762427,2025,9
5592,Gangapur Road,12235635,pm25,µg/m³,2025-09-20 00:00:00+05:30,11.3,20.0073285,73.7762427,2025,9
5592,Gangapur Road,12235635,pm25,µg/m³,2025-09-21 00:00:00+05:30,15.8,20.0073285,73.7762427,2025,9
5592,Gangapur Road,12235635,pm25,µg/m³,2025-09-22 00:00:00+05:30,16.4,20.0073285,73.7762427,2025,9
5592,Gangapur Road,12235635,pm25,µg/m³,2025-09-23 00:00:00+05:30,9.96,20.0073285,73.7762427,2025,9
5592,Gangapur Road,12235635,pm25,µg/m³,2025-09-24 00:00:00+05:30,13.2,20.0073285,73.7762427,2025,9
5592,Gangapur Road,12235635,pm25,µg/m³,2025-09-25 00:00:00+05:30,12.6,20.0073285,73.7762427,2025,9
5592,Gangapur Road,12235635,pm25,µg/m³,2025-09-26 00:00:00+05:30,14.9,20.0073285,73.7762427,2025,9
5592,Gangapur Road,12235635,pm25,µg/m³,2025-09-27 00:00:00+05:30,18.6,20.0073285,73.7762427,2025,9
5592,Gangapur Road,12235635,pm25,µg/m³,2025-09-28 00:00:00+05:30,8.16,20.0073285,73.7762427,2025,9
5592,Gangapur Road,12235635,pm25,µg/m³,2025-09-29 00:00:00+05:30,10.9,20.0073285,73.7762427,2025,9
5592,Gangapur Road,12235635,pm25,µg/m³,2025-09-30 00:00:00+05:30,15.3,20.0073285,73.7762427,2025,9
5592,Gangapur Road,12235635,pm25,µg/m³,2025-10-01 00:00:00+05:30,20.5,20.0073285,73.7762427,2025,10
5592,Gangapur Road,12235635,pm25,µg/m³,2025-10-02 00:00:00+05:30,17.6,20.0073285,73.7762427,2025,10
5592,Gangapur Road,12235635,pm25,µg/m³,2025-10-03 00:00:00+05:30,20.5,20.0073285,73.7762427,2025,10
5592,Gangapur Road,12235635,pm25,µg/m³,2025-10-04 00:00:00+05:30,19.4,20.0073285,73.7762427,2025,10
5592,Gangapur Road,12235635,pm25,µg/m³,2025-10-05 00:00:00+05:30,17.7,20.0073285,73.7762427,2025,10
5592,Gangapur Road,12235635,pm25,µg/m³,2025-10-06 00:00:00+05:30,25.8,20.0073285,73.7762427,2025,10
5592,Gangapur Road,12235635,pm25,µg/m³,2025-10-07 00:00:00+05:30,17.4,20.0073285,73.7762427,2025,10
5592,Gangapur Road,12235635,pm25,µg/m³,2025-10-08 00:00:00+05:30,30.8,20.0073285,73.7762427,2025,10
5592,Gangapur Road,12235635,pm25,µg/m³,2025-10-09 00:00:00+05:30,48.1,20.0073285,73.7762427,2025,10
5592,Gangapur Road,12235635,pm25,µg/m³,2025-10-10 00:00:00+05:30,56.6,20.0073285,73.7762427,2025,10
5592,Gangapur Road,12235635,pm25,µg/m³,2025-10-11 00:00:00+05:30,58.9,20.0073285,73.7762427,2025,10
5592,Gangapur Road,12235635,pm25,µg/m³,2025-10-12 00:00:00+05:30,54.2,20.0073285,73.7762427,2025,10
5592,Gangapur Road,12235635,pm25,µg/m³,2025-10-13 00:00:00+05:30,46.8,20.0073285,73.7762427,2025,10
5592,Gangapur Road,12235635,pm25,µg/m³,2025-10-14 00:00:00+05:30,57.2,20.0073285,73.7762427,2025,10
5592,Gangapur Road,12235635,pm25,µg/m³,2025-10-15 00:00:00+05:30,47.2,20.0073285,73.7762427,2025,10
5592,Gangapur Road,12235635,pm25,µg/m³,2025-10-16 00:00:00+05:30,29.2,20.0073285,73.7762427,2025,10
5592,Gangapur Road,12235635,pm25,µg/m³,2025-10-17 00:00:00+05:30,37.7,20.0073285,73.7762427,2025,10
5592,Gangapur Road,12235635,pm25,µg/m³,2025-10-18 00:00:00+05:30,39.4,20.0073285,73.7762427,2025,10
5592,Gangapur Road,12235635,pm25,µg/m³,2025-10-19 00:00:00+05:30,47.4,20.0073285,73.7762427,2025,10
5592,Gangapur Road,12235635,pm25,µg/m³,2025-10-20 00:00:00+05:30,56.5,20.0073285,73.7762427,2025,10
5592,Gangapur Road,12235635,pm25,µg/m³,2025-10-21 00:00:00+05:30,95.2,20.0073285,73.7762427,2025,10
5592,Gangapur Road,12235635,pm25,µg/m³,2025-10-22 00:00:00+05:30,29.4,20.0073285,73.7762427,2025,10
5592,Gangapur Road,12235635,pm25,µg/m³,2025-10-23 00:00:00+05:30,29.5,20.0073285,73.7762427,2025,10
5592,Gangapur Road,12235635,pm25,µg/m³,2025-10-24 00:00:00+05:30,21.0,20.0073285,73.7762427,2025,10
5592,Gangapur Road,12235635,pm25,µg/m³,2025-10-25 00:00:00+05:30,10.4,20.0073285,73.7762427,2025,10
5592,Gangapur Road,12235635,pm25,µg/m³,2025-10-26 00:00:00+05:30,5.28,20.0073285,73.7762427,2025,10
5592,Gangapur Road,12235635,pm25,µg/m³,2025-10-27 00:00:00+05:30,7.68,20.0073285,73.7762427,2025,10
5592,Gangapur Road,12235635,pm25,µg/m³,2025-10-28 00:00:00+05:30,9.1,20.0073285,73.7762427,2025,10
5592,Gangapur Road,12235635,pm25,µg/m³,2025-10-29 00:00:00+05:30,15.5,20.0073285,73.7762427,2025,10
5592,Gangapur Road,12235635,pm25,µg/m³,2025-10-30 00:00:00+05:30,26.2,20.0073285,73.7762427,2025,10
5592,Gangapur Road,12235635,pm25,µg/m³,2025-10-31 00:00:00+05:30,16.6,20.0073285,73.7762427,2025,10
5592,Gangapur Road,12235635,pm25,µg/m³,2025-11-01 00:00:00+05:30,11.5,20.0073285,73.7762427,2025,11
5592,Gangapur Road,12235635,pm25,µg/m³,2025-11-02 00:00:00+05:30,11.4,20.0073285,73.7762427,2025,11
5592,Gangapur Road,12235635,pm25,µg/m³,2025-11-03 00:00:00+05:30,8.84,20.0073285,73.7762427,2025,11
5592,Gangapur Road,12235635,pm25,µg/m³,2025-11-04 00:00:00+05:30,12.1,20.0073285,73.7762427,2025,11
5592,Gangapur Road,12235635,pm25,µg/m³,2025-11-05 00:00:00+05:30,16.5,20.0073285,73.7762427,2025,11
5592,Gangapur Road,12235635,pm25,µg/m³,2025-11-06 00:00:00+05:30,29.1,20.0073285,73.7762427,2025,11
5592,Gangapur Road,12235635,pm25,µg/m³,2025-11-07 00:00:00+05:30,39.0,20.0073285,73.7762427,2025,11
5592,Gangapur Road,12235635,pm25,µg/m³,2025-11-08 00:00:00+05:30,44.1,20.0073285,73.7762427,2025,11
5592,Gangapur Road,12235635,pm25,µg/m³,2025-11-11 00:00:00+05:30,43.6,20.0073285,73.7762427,2025,11
5592,Gangapur Road,12235635,pm25,µg/m³,2025-11-12 00:00:00+05:30,108.0,20.0073285,73.7762427,2025,11
5592,Gangapur Road,12235635,pm25,µg/m³,2025-11-13 00:00:00+05:30,73.6,20.0073285,73.7762427,2025,11
5592,Gangapur Road,12235635,pm25,µg/m³,2025-11-14 00:00:00+05:30,82.3,20.0073285,73.7762427,2025,11
5592,Gangapur Road,12235635,pm25,µg/m³,2025-11-15 00:00:00+05:30,66.5,20.0073285,73.7762427,2025,11
5592,Gangapur Road,12235635,pm25,µg/m³,2025-11-16 00:00:00+05:30,65.4,20.0073285,73.7762427,2025,11
5592,Gangapur Road,12235635,pm25,µg/m³,2025-11-17 00:00:00+05:30,75.5,20.0073285,73.7762427,2025,11
5592,Gangapur Road,12235635,pm25,µg/m³,2025-11-18 00:00:00+05:30,79.3,20.0073285,73.7762427,2025,11
5592,Gangapur Road,12235635,pm25,µg/m³,2025-11-19 00:00:00+05:30,89.0,20.0073285,73.7762427,2025,11
5592,Gangapur Road,12235635,pm25,µg/m³,2025-11-20 00:00:00+05:30,109.0,20.0073285,73.7762427,2025,11
5592,Gangapur Road,12235635,pm25,µg/m³,2025-11-21 00:00:00+05:30,94.6,20.0073285,73.7762427,2025,11
5592,Gangapur Road,12235635,pm25,µg/m³,2025-11-22 00:00:00+05:30,68.0,20.0073285,73.7762427,2025,11
5592,Gangapur Road,12235635,pm25,µg/m³,2025-11-23 00:00:00+05:30,39.1,20.0073285,73.7762427,2025,11
5592,Gangapur Road,12235635,pm25,µg/m³,2025-11-24 00:00:00+05:30,43.4,20.0073285,73.7762427,2025,11
5592,Gangapur Road,12235635,pm25,µg/m³,2025-11-25 00:00:00+05:30,53.3,20.0073285,73.7762427,2025,11
5592,Gangapur Road,12235635,pm25,µg/m³,2025-11-26 00:00:00+05:30,42.6,20.0073285,73.7762427,2025,11
5592,Gangapur Road,12235635,pm25,µg/m³,2025-11-27 00:00:00+05:30,55.0,20.0073285,73.7762427,2025,11
5592,Gangapur Road,12235635,pm25,µg/m³,2025-11-28 00:00:00+05:30,67.3,20.0073285,73.7762427,2025,11
5592,Gangapur Road,12235635,pm25,µg/m³,2025-11-29 00:00:00+05:30,51.5,20.0073285,73.7762427,2025,11
5592,Gangapur Road,12235635,pm25,µg/m³,2025-11-30 00:00:00+05:30,51.1,20.0073285,73.7762427,2025,11
5592,Gangapur Road,12235635,pm25,µg/m³,2025-12-01 00:00:00+05:30,67.9,20.0073285,73.7762427,2025,12
5592,Gangapur Road,12235635,pm25,µg/m³,2025-12-02 00:00:00+05:30,75.4,20.0073285,73.7762427,2025,12
5592,Gangapur Road,12235635,pm25,µg/m³,2025-12-03 00:00:00+05:30,73.3,20.0073285,73.7762427,2025,12
5592,Gangapur Road,12235635,pm25,µg/m³,2025-12-04 00:00:00+05:30,70.0,20.0073285,73.7762427,2025,12
5592,Gangapur Road,12235635,pm25,µg/m³,2025-12-05 00:00:00+05:30,63.0,20.0073285,73.7762427,2025,12
5592,Gangapur Road,12235635,pm25,µg/m³,2025-12-06 00:00:00+05:30,78.5,20.0073285,73.7762427,2025,12
5592,Gangapur Road,12235635,pm25,µg/m³,2025-12-07 00:00:00+05:30,44.1,20.0073285,73.7762427,2025,12
5592,Gangapur Road,12235635,pm25,µg/m³,2025-12-08 00:00:00+05:30,46.5,20.0073285,73.7762427,2025,12
5592,Gangapur Road,12235635,pm25,µg/m³,2025-12-09 00:00:00+05:30,43.5,20.0073285,73.7762427,2025,12
5592,Gangapur Road,12235635,pm25,µg/m³,2025-12-10 00:00:00+05:30,48.1,20.0073285,73.7762427,2025,12
5592,Gangapur Road,12235635,pm25,µg/m³,2025-12-11 00:00:00+05:30,54.4,20.0073285,73.7762427,2025,12
5592,Gangapur Road,12235635,pm25,µg/m³,2025-12-12 00:00:00+05:30,58.7,20.0073285,73.7762427,2025,12
5592,Gangapur Road,12235635,pm25,µg/m³,2025-12-13 00:00:00+05:30,65.8,20.0073285,73.7762427,2025,12
5592,Gangapur Road,12235635,pm25,µg/m³,2025-12-14 00:00:00+05:30,44.1,20.0073285,73.7762427,2025,12
5592,Gangapur Road,12235635,pm25,µg/m³,2025-12-15 00:00:00+05:30,42.2,20.0073285,73.7762427,2025,12
5592,Gangapur Road,12235635,pm25,µg/m³,2025-12-16 00:00:00+05:30,39.9,20.0073285,73.7762427,2025,12
5592,Gangapur Road,12235635,pm25,µg/m³,2025-12-17 00:00:00+05:30,61.8,20.0073285,73.7762427,2025,12
5592,Gangapur Road,12235635,pm25,µg/m³,2025-12-18 00:00:00+05:30,58.1,20.0073285,73.7762427,2025,12
5592,Gangapur Road,12235635,pm25,µg/m³,2025-12-19 00:00:00+05:30,49.2,20.0073285,73.7762427,2025,12
5592,Gangapur Road,12235635,pm25,µg/m³,2025-12-20 00:00:00+05:30,33.8,20.0073285,73.7762427,2025,12
5592,Gangapur Road,12235635,pm25,µg/m³,2025-12-21 00:00:00+05:30,50.1,20.0073285,73.7762427,2025,12
5592,Gangapur Road,12235635,pm25,µg/m³,2025-12-22 00:00:00+05:30,50.3,20.0073285,73.7762427,2025,12
5592,Gangapur Road,12235635,pm25,µg/m³,2025-12-23 00:00:00+05:30,38.2,20.0073285,73.7762427,2025,12
5592,Gangapur Road,12235635,pm25,µg/m³,2025-12-24 00:00:00+05:30,38.6,20.0073285,73.7762427,2025,12
5592,Gangapur Road,12235635,pm25,µg/m³,2025-12-25 00:00:00+05:30,52.6,20.0073285,73.7762427,2025,12
5592,Gangapur Road,12235635,pm25,µg/m³,2025-12-26 00:00:00+05:30,56.8,20.0073285,73.7762427,2025,12
5592,Gangapur Road,12235635,pm25,µg/m³,2025-12-27 00:00:00+05:30,63.5,20.0073285,73.7762427,2025,12
5592,Gangapur Road,12235635,pm25,µg/m³,2025-12-28 00:00:00+05:30,66.3,20.0073285,73.7762427,2025,12
5592,Gangapur Road,12235635,pm25,µg/m³,2025-12-29 00:00:00+05:30,42.6,20.0073285,73.7762427,2025,12
5592,Gangapur Road,12235635,pm25,µg/m³,2025-12-30 00:00:00+05:30,42.6,20.0073285,73.7762427,2025,12
5592,Gangapur Road,12235635,pm25,µg/m³,2025-12-31 00:00:00+05:30,35.2,20.0073285,73.7762427,2025,12
3409454,Hirawadi,12238139,pm25,µg/m³,2025-02-19 00:00:00+05:30,44.0,20.021503,73.813844,2025,2
3409454,Hirawadi,12238139,pm25,µg/m³,2025-02-20 00:00:00+05:30,48.3,20.021503,73.813844,2025,2
3409454,Hirawadi,12238139,pm25,µg/m³,2025-02-21 00:00:00+05:30,56.5,20.021503,73.813844,2025,2
3409454,Hirawadi,12238139,pm25,µg/m³,2025-02-22 00:00:00+05:30,60.1,20.021503,73.813844,2025,2
3409454,Hirawadi,12238139,pm25,µg/m³,2025-02-23 00:00:00+05:30,61.5,20.021503,73.813844,2025,2
3409454,Hirawadi,12238139,pm25,µg/m³,2025-02-24 00:00:00+05:30,64.8,20.021503,73.813844,2025,2
3409454,Hirawadi,12238139,pm25,µg/m³,2025-02-25 00:00:00+05:30,59.6,20.021503,73.813844,2025,2
3409454,Hirawadi,12238139,pm25,µg/m³,2025-02-26 00:00:00+05:30,73.5,20.021503,73.813844,2025,2
3409454,Hirawadi,12238139,pm25,µg/m³,2025-02-27 00:00:00+05:30,69.4,20.021503,73.813844,2025,2
3409454,Hirawadi,12238139,pm25,µg/m³,2025-02-28 00:00:00+05:30,66.6,20.021503,73.813844,2025,2
3409454,Hirawadi,12238139,pm25,µg/m³,2025-03-01 00:00:00+05:30,78.5,20.021503,73.813844,2025,3
3409454,Hirawadi,12238139,pm25,µg/m³,2025-03-02 00:00:00+05:30,55.8,20.021503,73.813844,2025,3
3409454,Hirawadi,12238139,pm25,µg/m³,2025-03-03 00:00:00+05:30,59.4,20.021503,73.813844,2025,3
3409454,Hirawadi,12238139,pm25,µg/m³,2025-03-04 00:00:00+05:30,42.4,20.021503,73.813844,2025,3
3409454,Hirawadi,12238139,pm25,µg/m³,2025-03-05 00:00:00+05:30,51.0,20.021503,73.813844,2025,3
3409454,Hirawadi,12238139,pm25,µg/m³,2025-03-06 00:00:00+05:30,44.6,20.021503,73.813844,2025,3
3409454,Hirawadi,12238139,pm25,µg/m³,2025-03-07 00:00:00+05:30,40.5,20.021503,73.813844,2025,3
3409454,Hirawadi,12238139,pm25,µg/m³,2025-03-08 00:00:00+05:30,49.6,20.021503,73.813844,2025,3
3409454,Hirawadi,12238139,pm25,µg/m³,2025-03-09 00:00:00+05:30,60.0,20.021503,73.813844,2025,3
3409454,Hirawadi,12238139,pm25,µg/m³,2025-03-10 00:00:00+05:30,67.4,20.021503,73.813844,2025,3
3409454,Hirawadi,12238139,pm25,µg/m³,2025-03-11 00:00:00+05:30,83.3,20.021503,73.813844,2025,3
3409454,Hirawadi,12238139,pm25,µg/m³,2025-03-12 00:00:00+05:30,71.8,20.021503,73.813844,2025,3
3409454,Hirawadi,12238139,pm25,µg/m³,2025-03-13 00:00:00+05:30,83.7,20.021503,73.813844,2025,3
3409454,Hirawadi,12238139,pm25,µg/m³,2025-03-14 00:00:00+05:30,50.8,20.021503,73.813844,2025,3
3409454,Hirawadi,12238139,pm25,µg/m³,2025-03-15 00:00:00+05:30,34.8,20.021503,73.813844,2025,3
3409454,Hirawadi,12238139,pm25,µg/m³,2025-03-16 00:00:00+05:30,35.3,20.021503,73.813844,2025,3
3409454,Hirawadi,12238139,pm25,µg/m³,2025-03-17 00:00:00+05:30,41.8,20.021503,73.813844,2025,3
3409454,Hirawadi,12238139,pm25,µg/m³,2025-03-18 00:00:00+05:30,52.5,20.021503,73.813844,2025,3
3409454,Hirawadi,12238139,pm25,µg/m³,2025-03-19 00:00:00+05:30,53.8,20.021503,73.813844,2025,3
3409454,Hirawadi,12238139,pm25,µg/m³,2025-03-20 00:00:00+05:30,38.7,20.021503,73.813844,2025,3
3409454,Hirawadi,12238139,pm25,µg/m³,2025-03-21 00:00:00+05:30,34.8,20.021503,73.813844,2025,3
3409454,Hirawadi,12238139,pm25,µg/m³,2025-03-22 00:00:00+05:30,39.9,20.021503,73.813844,2025,3
3409454,Hirawadi,12238139,pm25,µg/m³,2025-03-23 00:00:00+05:30,52.7,20.021503,73.813844,2025,3
3409454,Hirawadi,12238139,pm25,µg/m³,2025-03-24 00:00:00+05:30,55.6,20.021503,73.813844,2025,3
3409454,Hirawadi,12238139,pm25,µg/m³,2025-03-25 00:00:00+05:30,64.4,20.021503,73.813844,2025,3
3409454,Hirawadi,12238139,pm25,µg/m³,2025-03-26 00:00:00+05:30,57.4,20.021503,73.813844,2025,3
3409454,Hirawadi,12238139,pm25,µg/m³,2025-03-27 00:00:00+05:30,31.0,20.021503,73.813844,2025,3
3409454,Hirawadi,12238139,pm25,µg/m³,2025-03-28 00:00:00+05:30,40.4,20.021503,73.813844,2025,3
3409454,Hirawadi,12238139,pm25,µg/m³,2025-03-29 00:00:00+05:30,53.7,20.021503,73.813844,2025,3
3409454,Hirawadi,12238139,pm25,µg/m³,2025-03-30 00:00:00+05:30,62.7,20.021503,73.813844,2025,3
3409454,Hirawadi,12238139,pm25,µg/m³,2025-03-31 00:00:00+05:30,61.0,20.021503,73.813844,2025,3
3409454,Hirawadi,12238139,pm25,µg/m³,2025-04-01 00:00:00+05:30,71.4,20.021503,73.813844,2025,4
3409454,Hirawadi,12238139,pm25,µg/m³,2025-04-02 00:00:00+05:30,62.9,20.021503,73.813844,2025,4
3409454,Hirawadi,12238139,pm25,µg/m³,2025-04-03 00:00:00+05:30,66.5,20.021503,73.813844,2025,4
3409454,Hirawadi,12238139,pm25,µg/m³,2025-04-04 00:00:00+05:30,53.1,20.021503,73.813844,2025,4
3409454,Hirawadi,12238139,pm25,µg/m³,2025-04-05 00:00:00+05:30,44.5,20.021503,73.813844,2025,4
3409454,Hirawadi,12238139,pm25,µg/m³,2025-04-06 00:00:00+05:30,44.9,20.021503,73.813844,2025,4
3409454,Hirawadi,12238139,pm25,µg/m³,2025-04-07 00:00:00+05:30,44.1,20.021503,73.813844,2025,4
3409454,Hirawadi,12238139,pm25,µg/m³,2025-04-08 00:00:00+05:30,44.2,20.021503,73.813844,2025,4
3409454,Hirawadi,12238139,pm25,µg/m³,2025-04-09 00:00:00+05:30,46.0,20.021503,73.813844,2025,4
3409454,Hirawadi,12238139,pm25,µg/m³,2025-04-11 00:00:00+05:30,34.5,20.021503,73.813844,2025,4
3409454,Hirawadi,12238139,pm25,µg/m³,2025-04-12 00:00:00+05:30,30.7,20.021503,73.813844,2025,4
3409454,Hirawadi,12238139,pm25,µg/m³,2025-04-18 00:00:00+05:30,34.7,20.021503,73.813844,2025,4
3409454,Hirawadi,12238139,pm25,µg/m³,2025-04-19 00:00:00+05:30,30.8,20.021503,73.813844,2025,4
3409454,Hirawadi,12238139,pm25,µg/m³,2025-04-20 00:00:00+05:30,38.6,20.021503,73.813844,2025,4
3409454,Hirawadi,12238139,pm25,µg/m³,2025-04-21 00:00:00+05:30,36.9,20.021503,73.813844,2025,4
3409454,Hirawadi,12238139,pm25,µg/m³,2025-04-22 00:00:00+05:30,48.7,20.021503,73.813844,2025,4
3409454,Hirawadi,12238139,pm25,µg/m³,2025-04-23 00:00:00+05:30,48.8,20.021503,73.813844,2025,4
3409454,Hirawadi,12238139,pm25,µg/m³,2025-04-24 00:00:00+05:30,54.1,20.021503,73.813844,2025,4
3409454,Hirawadi,12238139,pm25,µg/m³,2025-04-25 00:00:00+05:30,51.6,20.021503,73.813844,2025,4
3409454,Hirawadi,12238139,pm25,µg/m³,2025-04-26 00:00:00+05:30,41.3,20.021503,73.813844,2025,4
3409454,Hirawadi,12238139,pm25,µg/m³,2025-04-27 00:00:00+05:30,37.0,20.021503,73.813844,2025,4
3409454,Hirawadi,12238139,pm25,µg/m³,2025-04-28 00:00:00+05:30,49.6,20.021503,73.813844,2025,4
3409454,Hirawadi,12238139,pm25,µg/m³,2025-04-29 00:00:00+05:30,47.2,20.021503,73.813844,2025,4
3409454,Hirawadi,12238139,pm25,µg/m³,2025-04-30 00:00:00+05:30,34.7,20.021503,73.813844,2025,4
3409454,Hirawadi,12238139,pm25,µg/m³,2025-05-01 00:00:00+05:30,33.3,20.021503,73.813844,2025,5
3409454,Hirawadi,12238139,pm25,µg/m³,2025-05-02 00:00:00+05:30,28.4,20.021503,73.813844,2025,5
3409454,Hirawadi,12238139,pm25,µg/m³,2025-05-03 00:00:00+05:30,23.4,20.021503,73.813844,2025,5
3409454,Hirawadi,12238139,pm25,µg/m³,2025-05-04 00:00:00+05:30,26.3,20.021503,73.813844,2025,5
3409454,Hirawadi,12238139,pm25,µg/m³,2025-05-05 00:00:00+05:30,29.5,20.021503,73.813844,2025,5
3409454,Hirawadi,12238139,pm25,µg/m³,2025-05-06 00:00:00+05:30,28.0,20.021503,73.813844,2025,5
3409454,Hirawadi,12238139,pm25,µg/m³,2025-05-07 00:00:00+05:30,16.4,20.021503,73.813844,2025,5
3409454,Hirawadi,12238139,pm25,µg/m³,2025-05-08 00:00:00+05:30,17.5,20.021503,73.813844,2025,5
3409454,Hirawadi,12238139,pm25,µg/m³,2025-05-09 00:00:00+05:30,17.8,20.021503,73.813844,2025,5
3409454,Hirawadi,12238139,pm25,µg/m³,2025-05-10 00:00:00+05:30,17.8,20.021503,73.813844,2025,5
3409454,Hirawadi,12238139,pm25,µg/m³,2025-05-11 00:00:00+05:30,15.0,20.021503,73.813844,2025,5
3409454,Hirawadi,12238139,pm25,µg/m³,2025-05-12 00:00:00+05:30,24.4,20.021503,73.813844,2025,5
3409454,Hirawadi,12238139,pm25,µg/m³,2025-05-13 00:00:00+05:30,29.3,20.021503,73.813844,2025,5
3409454,Hirawadi,12238139,pm25,µg/m³,2025-05-14 00:00:00+05:30,26.3,20.021503,73.813844,2025,5
3409454,Hirawadi,12238139,pm25,µg/m³,2025-05-15 00:00:00+05:30,25.9,20.021503,73.813844,2025,5
3409454,Hirawadi,12238139,pm25,µg/m³,2025-05-16 00:00:00+05:30,24.4,20.021503,73.813844,2025,5
3409454,Hirawadi,12238139,pm25,µg/m³,2025-05-17 00:00:00+05:30,21.6,20.021503,73.813844,2025,5
3409454,Hirawadi,12238139,pm25,µg/m³,2025-05-18 00:00:00+05:30,22.2,20.021503,73.813844,2025,5
3409454,Hirawadi,12238139,pm25,µg/m³,2025-05-19 00:00:00+05:30,27.3,20.021503,73.813844,2025,5
3409454,Hirawadi,12238139,pm25,µg/m³,2025-05-20 00:00:00+05:30,32.5,20.021503,73.813844,2025,5
3409454,Hirawadi,12238139,pm25,µg/m³,2025-05-21 00:00:00+05:30,29.9,20.021503,73.813844,2025,5
3409454,Hirawadi,12238139,pm25,µg/m³,2025-05-22 00:00:00+05:30,18.0,20.021503,73.813844,2025,5
3409454,Hirawadi,12238139,pm25,µg/m³,2025-05-23 00:00:00+05:30,25.4,20.021503,73.813844,2025,5
3409454,Hirawadi,12238139,pm25,µg/m³,2025-05-24 00:00:00+05:30,26.6,20.021503,73.813844,2025,5
3409454,Hirawadi,12238139,pm25,µg/m³,2025-05-25 00:00:00+05:30,37.6,20.021503,73.813844,2025,5
3409454,Hirawadi,12238139,pm25,µg/m³,2025-05-26 00:00:00+05:30,35.1,20.021503,73.813844,2025,5
3409454,Hirawadi,12238139,pm25,µg/m³,2025-05-27 00:00:00+05:30,32.4,20.021503,73.813844,2025,5
3409454,Hirawadi,12238139,pm25,µg/m³,2025-05-28 00:00:00+05:30,19.3,20.021503,73.813844,2025,5
3409454,Hirawadi,12238139,pm25,µg/m³,2025-05-29 00:00:00+05:30,32.4,20.021503,73.813844,2025,5
3409454,Hirawadi,12238139,pm25,µg/m³,2025-05-30 00:00:00+05:30,37.8,20.021503,73.813844,2025,5
3409454,Hirawadi,12238139,pm25,µg/m³,2025-05-31 00:00:00+05:30,33.6,20.021503,73.813844,2025,5
3409454,Hirawadi,12238139,pm25,µg/m³,2025-06-01 00:00:00+05:30,33.0,20.021503,73.813844,2025,6
3409454,Hirawadi,12238139,pm25,µg/m³,2025-06-02 00:00:00+05:30,32.5,20.021503,73.813844,2025,6
3409454,Hirawadi,12238139,pm25,µg/m³,2025-06-03 00:00:00+05:30,38.6,20.021503,73.813844,2025,6
3409454,Hirawadi,12238139,pm25,µg/m³,2025-06-04 00:00:00+05:30,30.5,20.021503,73.813844,2025,6
3409454,Hirawadi,12238139,pm25,µg/m³,2025-06-05 00:00:00+05:30,39.0,20.021503,73.813844,2025,6
3409454,Hirawadi,12238139,pm25,µg/m³,2025-06-06 00:00:00+05:30,28.1,20.021503,73.813844,2025,6
3409454,Hirawadi,12238139,pm25,µg/m³,2025-06-07 00:00:00+05:30,23.8,20.021503,73.813844,2025,6
3409454,Hirawadi,12238139,pm25,µg/m³,2025-06-08 00:00:00+05:30,25.2,20.021503,73.813844,2025,6
3409454,Hirawadi,12238139,pm25,µg/m³,2025-06-09 00:00:00+05:30,27.6,20.021503,73.813844,2025,6
3409454,Hirawadi,12238139,pm25,µg/m³,2025-06-10 00:00:00+05:30,20.2,20.021503,73.813844,2025,6
3409454,Hirawadi,12238139,pm25,µg/m³,2025-06-11 00:00:00+05:30,20.9,20.021503,73.813844,2025,6
3409454,Hirawadi,12238139,pm25,µg/m³,2025-06-12 00:00:00+05:30,22.8,20.021503,73.813844,2025,6
3409454,Hirawadi,12238139,pm25,µg/m³,2025-06-13 00:00:00+05:30,23.9,20.021503,73.813844,2025,6
3409454,Hirawadi,12238139,pm25,µg/m³,2025-06-14 00:00:00+05:30,19.9,20.021503,73.813844,2025,6
3409454,Hirawadi,12238139,pm25,µg/m³,2025-06-15 00:00:00+05:30,19.8,20.021503,73.813844,2025,6
3409454,Hirawadi,12238139,pm25,µg/m³,2025-06-16 00:00:00+05:30,12.3,20.021503,73.813844,2025,6
3409454,Hirawadi,12238139,pm25,µg/m³,2025-06-17 00:00:00+05:30,36.9,20.021503,73.813844,2025,6
3409454,Hirawadi,12238139,pm25,µg/m³,2025-06-18 00:00:00+05:30,14.4,20.021503,73.813844,2025,6
3409454,Hirawadi,12238139,pm25,µg/m³,2025-06-19 00:00:00+05:30,12.8,20.021503,73.813844,2025,6
3409454,Hirawadi,12238139,pm25,µg/m³,2025-06-20 00:00:00+05:30,15.7,20.021503,73.813844,2025,6
3409454,Hirawadi,12238139,pm25,µg/m³,2025-06-21 00:00:00+05:30,11.5,20.021503,73.813844,2025,6
3409454,Hirawadi,12238139,pm25,µg/m³,2025-06-22 00:00:00+05:30,15.4,20.021503,73.813844,2025,6
3409454,Hirawadi,12238139,pm25,µg/m³,2025-06-23 00:00:00+05:30,16.6,20.021503,73.813844,2025,6
3409454,Hirawadi,12238139,pm25,µg/m³,2025-06-24 00:00:00+05:30,17.4,20.021503,73.813844,2025,6
3409454,Hirawadi,12238139,pm25,µg/m³,2025-06-25 00:00:00+05:30,19.2,20.021503,73.813844,2025,6
3409454,Hirawadi,12238139,pm25,µg/m³,2025-06-26 00:00:00+05:30,22.1,20.021503,73.813844,2025,6
3409454,Hirawadi,12238139,pm25,µg/m³,2025-06-27 00:00:00+05:30,18.9,20.021503,73.813844,2025,6
3409454,Hirawadi,12238139,pm25,µg/m³,2025-06-28 00:00:00+05:30,22.5,20.021503,73.813844,2025,6
3409454,Hirawadi,12238139,pm25,µg/m³,2025-06-29 00:00:00+05:30,16.5,20.021503,73.813844,2025,6
3409454,Hirawadi,12238139,pm25,µg/m³,2025-06-30 00:00:00+05:30,17.6,20.021503,73.813844,2025,6
3409454,Hirawadi,12238139,pm25,µg/m³,2025-07-01 00:00:00+05:30,13.6,20.021503,73.813844,2025,7
3409454,Hirawadi,12238139,pm25,µg/m³,2025-07-02 00:00:00+05:30,11.7,20.021503,73.813844,2025,7
3409454,Hirawadi,12238139,pm25,µg/m³,2025-07-03 00:00:00+05:30,12.8,20.021503,73.813844,2025,7
3409454,Hirawadi,12238139,pm25,µg/m³,2025-07-04 00:00:00+05:30,11.1,20.021503,73.813844,2025,7
3409454,Hirawadi,12238139,pm25,µg/m³,2025-07-05 00:00:00+05:30,10.7,20.021503,73.813844,2025,7
3409454,Hirawadi,12238139,pm25,µg/m³,2025-07-06 00:00:00+05:30,11.7,20.021503,73.813844,2025,7
3409454,Hirawadi,12238139,pm25,µg/m³,2025-07-07 00:00:00+05:30,17.7,20.021503,73.813844,2025,7
3409454,Hirawadi,12238139,pm25,µg/m³,2025-07-08 00:00:00+05:30,24.0,20.021503,73.813844,2025,7
3409454,Hirawadi,12238139,pm25,µg/m³,2025-07-09 00:00:00+05:30,35.7,20.021503,73.813844,2025,7
3409454,Hirawadi,12238139,pm25,µg/m³,2025-07-10 00:00:00+05:30,29.4,20.021503,73.813844,2025,7
3409454,Hirawadi,12238139,pm25,µg/m³,2025-07-11 00:00:00+05:30,24.5,20.021503,73.813844,2025,7
3409454,Hirawadi,12238139,pm25,µg/m³,2025-07-12 00:00:00+05:30,22.2,20.021503,73.813844,2025,7
3409454,Hirawadi,12238139,pm25,µg/m³,2025-07-13 00:00:00+05:30,15.6,20.021503,73.813844,2025,7
3409454,Hirawadi,12238139,pm25,µg/m³,2025-07-14 00:00:00+05:30,12.0,20.021503,73.813844,2025,7
3409454,Hirawadi,12238139,pm25,µg/m³,2025-07-15 00:00:00+05:30,20.2,20.021503,73.813844,2025,7
3409454,Hirawadi,12238139,pm25,µg/m³,2025-07-16 00:00:00+05:30,24.8,20.021503,73.813844,2025,7
3409454,Hirawadi,12238139,pm25,µg/m³,2025-07-17 00:00:00+05:30,31.5,20.021503,73.813844,2025,7
3409454,Hirawadi,12238139,pm25,µg/m³,2025-07-18 00:00:00+05:30,26.5,20.021503,73.813844,2025,7
3409454,Hirawadi,12238139,pm25,µg/m³,2025-07-19 00:00:00+05:30,24.2,20.021503,73.813844,2025,7
3409454,Hirawadi,12238139,pm25,µg/m³,2025-07-20 00:00:00+05:30,19.7,20.021503,73.813844,2025,7
3409454,Hirawadi,12238139,pm25,µg/m³,2025-07-21 00:00:00+05:30,13.6,20.021503,73.813844,2025,7
3409454,Hirawadi,12238139,pm25,µg/m³,2025-07-22 00:00:00+05:30,11.3,20.021503,73.813844,2025,7
3409454,Hirawadi,12238139,pm25,µg/m³,2025-07-23 00:00:00+05:30,13.1,20.021503,73.813844,2025,7
3409454,Hirawadi,12238139,pm25,µg/m³,2025-07-24 00:00:00+05:30,19.2,20.021503,73.813844,2025,7
3409454,Hirawadi,12238139,pm25,µg/m³,2025-07-25 00:00:00+05:30,10.8,20.021503,73.813844,2025,7
3409454,Hirawadi,12238139,pm25,µg/m³,2025-07-26 00:00:00+05:30,10.1,20.021503,73.813844,2025,7
3409454,Hirawadi,12238139,pm25,µg/m³,2025-07-27 00:00:00+05:30,17.7,20.021503,73.813844,2025,7
3409454,Hirawadi,12238139,pm25,µg/m³,2025-07-28 00:00:00+05:30,16.8,20.021503,73.813844,2025,7
3409454,Hirawadi,12238139,pm25,µg/m³,2025-07-29 00:00:00+05:30,14.6,20.021503,73.813844,2025,7
3409454,Hirawadi,12238139,pm25,µg/m³,2025-07-30 00:00:00+05:30,20.5,20.021503,73.813844,2025,7
3409454,Hirawadi,12238139,pm25,µg/m³,2025-07-31 00:00:00+05:30,23.7,20.021503,73.813844,2025,7
3409454,Hirawadi,12238139,pm25,µg/m³,2025-08-01 00:00:00+05:30,23.9,20.021503,73.813844,2025,8
3409454,Hirawadi,12238139,pm25,µg/m³,2025-08-02 00:00:00+05:30,20.5,20.021503,73.813844,2025,8
3409454,Hirawadi,12238139,pm25,µg/m³,2025-08-03 00:00:00+05:30,17.7,20.021503,73.813844,2025,8
3409454,Hirawadi,12238139,pm25,µg/m³,2025-08-04 00:00:00+05:30,19.5,20.021503,73.813844,2025,8
3409454,Hirawadi,12238139,pm25,µg/m³,2025-08-05 00:00:00+05:30,20.6,20.021503,73.813844,2025,8
3409454,Hirawadi,12238139,pm25,µg/m³,2025-08-06 00:00:00+05:30,21.0,20.021503,73.813844,2025,8
3409454,Hirawadi,12238139,pm25,µg/m³,2025-08-07 00:00:00+05:30,15.8,20.021503,73.813844,2025,8
3409454,Hirawadi,12238139,pm25,µg/m³,2025-08-08 00:00:00+05:30,19.5,20.021503,73.813844,2025,8
3409454,Hirawadi,12238139,pm25,µg/m³,2025-08-09 00:00:00+05:30,23.1,20.021503,73.813844,2025,8
3409454,Hirawadi,12238139,pm25,µg/m³,2025-08-10 00:00:00+05:30,21.7,20.021503,73.813844,2025,8
3409454,Hirawadi,12238139,pm25,µg/m³,2025-08-11 00:00:00+05:30,17.9,20.021503,73.813844,2025,8
3409454,Hirawadi,12238139,pm25,µg/m³,2025-08-12 00:00:00+05:30,15.7,20.021503,73.813844,2025,8
3409454,Hirawadi,12238139,pm25,µg/m³,2025-08-13 00:00:00+05:30,11.0,20.021503,73.813844,2025,8
3409454,Hirawadi,12238139,pm25,µg/m³,2025-08-14 00:00:00+05:30,13.7,20.021503,73.813844,2025,8
3409454,Hirawadi,12238139,pm25,µg/m³,2025-08-15 00:00:00+05:30,9.27,20.021503,73.813844,2025,8
3409454,Hirawadi,12238139,pm25,µg/m³,2025-08-16 00:00:00+05:30,11.6,20.021503,73.813844,2025,8
3409454,Hirawadi,12238139,pm25,µg/m³,2025-08-17 00:00:00+05:30,12.1,20.021503,73.813844,2025,8
3409454,Hirawadi,12238139,pm25,µg/m³,2025-08-18 00:00:00+05:30,13.3,20.021503,73.813844,2025,8
3409454,Hirawadi,12238139,pm25,µg/m³,2025-08-19 00:00:00+05:30,7.81,20.021503,73.813844,2025,8
3409454,Hirawadi,12238139,pm25,µg/m³,2025-08-20 00:00:00+05:30,10.1,20.021503,73.813844,2025,8
3409454,Hirawadi,12238139,pm25,µg/m³,2025-08-21 00:00:00+05:30,10.5,20.021503,73.813844,2025,8
3409454,Hirawadi,12238139,pm25,µg/m³,2025-08-22 00:00:00+05:30,13.8,20.021503,73.813844,2025,8
3409454,Hirawadi,12238139,pm25,µg/m³,2025-08-23 00:00:00+05:30,11.5,20.021503,73.813844,2025,8
3409454,Hirawadi,12238139,pm25,µg/m³,2025-08-24 00:00:00+05:30,14.2,20.021503,73.813844,2025,8
3409454,Hirawadi,12238139,pm25,µg/m³,2025-08-25 00:00:00+05:30,11.7,20.021503,73.813844,2025,8
3409454,Hirawadi,12238139,pm25,µg/m³,2025-08-26 00:00:00+05:30,2.2,20.021503,73.813844,2025,8
3409454,Hirawadi,12238139,pm25,µg/m³,2025-08-27 00:00:00+05:30,5.71,20.021503,73.813844,2025,8
3409454,Hirawadi,12238139,pm25,µg/m³,2025-08-28 00:00:00+05:30,17.6,20.021503,73.813844,2025,8
3409454,Hirawadi,12238139,pm25,µg/m³,2025-08-29 00:00:00+05:30,16.7,20.021503,73.813844,2025,8
3409454,Hirawadi,12238139,pm25,µg/m³,2025-08-30 00:00:00+05:30,17.8,20.021503,73.813844,2025,8
3409454,Hirawadi,12238139,pm25,µg/m³,2025-08-31 00:00:00+05:30,14.7,20.021503,73.813844,2025,8
3409454,Hirawadi,12238139,pm25,µg/m³,2025-09-02 00:00:00+05:30,20.8,20.021503,73.813844,2025,9
3409454,Hirawadi,12238139,pm25,µg/m³,2025-09-04 00:00:00+05:30,11.8,20.021503,73.813844,2025,9
3409454,Hirawadi,12238139,pm25,µg/m³,2025-09-05 00:00:00+05:30,12.5,20.021503,73.813844,2025,9
3409454,Hirawadi,12238139,pm25,µg/m³,2025-09-11 00:00:00+05:30,22.5,20.021503,73.813844,2025,9
3409454,Hirawadi,12238139,pm25,µg/m³,2025-09-15 00:00:00+05:30,31.9,20.021503,73.813844,2025,9
3409454,Hirawadi,12238139,pm25,µg/m³,2025-09-17 00:00:00+05:30,9.25,20.021503,73.813844,2025,9
3409454,Hirawadi,12238139,pm25,µg/m³,2025-09-18 00:00:00+05:30,15.9,20.021503,73.813844,2025,9
3409454,Hirawadi,12238139,pm25,µg/m³,2025-09-19 00:00:00+05:30,9.49,20.021503,73.813844,2025,9
3409454,Hirawadi,12238139,pm25,µg/m³,2025-09-21 00:00:00+05:30,20.8,20.021503,73.813844,2025,9
3409454,Hirawadi,12238139,pm25,µg/m³,2025-09-22 00:00:00+05:30,20.0,20.021503,73.813844,2025,9
3409454,Hirawadi,12238139,pm25,µg/m³,2025-09-23 00:00:00+05:30,12.5,20.021503,73.813844,2025,9
3409454,Hirawadi,12238139,pm25,µg/m³,2025-09-24 00:00:00+05:30,15.1,20.021503,73.813844,2025,9
3409454,Hirawadi,12238139,pm25,µg/m³,2025-09-25 00:00:00+05:30,9.43,20.021503,73.813844,2025,9
3409454,Hirawadi,12238139,pm25,µg/m³,2025-09-26 00:00:00+05:30,14.4,20.021503,73.813844,2025,9
3409454,Hirawadi,12238139,pm25,µg/m³,2025-09-27 00:00:00+05:30,22.4,20.021503,73.813844,2025,9
3409454,Hirawadi,12238139,pm25,µg/m³,2025-09-28 00:00:00+05:30,10.8,20.021503,73.813844,2025,9
3409454,Hirawadi,12238139,pm25,µg/m³,2025-09-29 00:00:00+05:30,8.1,20.021503,73.813844,2025,9
3409454,Hirawadi,12238139,pm25,µg/m³,2025-09-30 00:00:00+05:30,19.6,20.021503,73.813844,2025,9
3409454,Hirawadi,12238139,pm25,µg/m³,2025-10-01 00:00:00+05:30,16.9,20.021503,73.813844,2025,10
3409454,Hirawadi,12238139,pm25,µg/m³,2025-10-02 00:00:00+05:30,11.6,20.021503,73.813844,2025,10
3409454,Hirawadi,12238139,pm25,µg/m³,2025-10-03 00:00:00+05:30,6.73,20.021503,73.813844,2025,10
3409454,Hirawadi,12238139,pm25,µg/m³,2025-10-04 00:00:00+05:30,9.94,20.021503,73.813844,2025,10
3409454,Hirawadi,12238139,pm25,µg/m³,2025-10-05 00:00:00+05:30,12.2,20.021503,73.813844,2025,10
3409454,Hirawadi,12238139,pm25,µg/m³,2025-10-06 00:00:00+05:30,18.3,20.021503,73.813844,2025,10
3409454,Hirawadi,12238139,pm25,µg/m³,2025-10-08 00:00:00+05:30,29.8,20.021503,73.813844,2025,10
3409454,Hirawadi,12238139,pm25,µg/m³,2025-10-09 00:00:00+05:30,53.0,20.021503,73.813844,2025,10
3409454,Hirawadi,12238139,pm25,µg/m³,2025-10-10 00:00:00+05:30,57.0,20.021503,73.813844,2025,10
3409454,Hirawadi,12238139,pm25,µg/m³,2025-10-11 00:00:00+05:30,56.0,20.021503,73.813844,2025,10
3409454,Hirawadi,12238139,pm25,µg/m³,2025-10-12 00:00:00+05:30,54.2,20.021503,73.813844,2025,10
3409454,Hirawadi,12238139,pm25,µg/m³,2025-10-13 00:00:00+05:30,46.9,20.021503,73.813844,2025,10
3409454,Hirawadi,12238139,pm25,µg/m³,2025-10-14 00:00:00+05:30,44.4,20.021503,73.813844,2025,10
3409454,Hirawadi,12238139,pm25,µg/m³,2025-10-15 00:00:00+05:30,50.9,20.021503,73.813844,2025,10
3409454,Hirawadi,12238139,pm25,µg/m³,2025-10-16 00:00:00+05:30,31.3,20.021503,73.813844,2025,10
3409454,Hirawadi,12238139,pm25,µg/m³,2025-10-17 00:00:00+05:30,41.5,20.021503,73.813844,2025,10
3409454,Hirawadi,12238139,pm25,µg/m³,2025-10-18 00:00:00+05:30,54.2,20.021503,73.813844,2025,10
3409454,Hirawadi,12238139,pm25,µg/m³,2025-10-19 00:00:00+05:30,67.3,20.021503,73.813844,2025,10
3409454,Hirawadi,12238139,pm25,µg/m³,2025-10-20 00:00:00+05:30,82.4,20.021503,73.813844,2025,10
3409454,Hirawadi,12238139,pm25,µg/m³,2025-10-21 00:00:00+05:30,79.4,20.021503,73.813844,2025,10
3409454,Hirawadi,12238139,pm25,µg/m³,2025-10-22 00:00:00+05:30,39.0,20.021503,73.813844,2025,10
3409454,Hirawadi,12238139,pm25,µg/m³,2025-10-23 00:00:00+05:30,25.0,20.021503,73.813844,2025,10
3409454,Hirawadi,12238139,pm25,µg/m³,2025-10-24 00:00:00+05:30,26.7,20.021503,73.813844,2025,10
3409454,Hirawadi,12238139,pm25,µg/m³,2025-10-25 00:00:00+05:30,16.3,20.021503,73.813844,2025,10
3409454,Hirawadi,12238139,pm25,µg/m³,2025-10-26 00:00:00+05:30,8.46,20.021503,73.813844,2025,10
3409454,Hirawadi,12238139,pm25,µg/m³,2025-10-27 00:00:00+05:30,17.7,20.021503,73.813844,2025,10
3409454,Hirawadi,12238139,pm25,µg/m³,2025-10-28 00:00:00+05:30,12.6,20.021503,73.813844,2025,10
3409454,Hirawadi,12238139,pm25,µg/m³,2025-10-29 00:00:00+05:30,17.1,20.021503,73.813844,2025,10
3409454,Hirawadi,12238139,pm25,µg/m³,2025-10-30 00:00:00+05:30,35.6,20.021503,73.813844,2025,10
3409454,Hirawadi,12238139,pm25,µg/m³,2025-10-31 00:00:00+05:30,29.1,20.021503,73.813844,2025,10
3409454,Hirawadi,12238139,pm25,µg/m³,2025-11-01 00:00:00+05:30,9.81,20.021503,73.813844,2025,11
3409454,Hirawadi,12238139,pm25,µg/m³,2025-11-02 00:00:00+05:30,16.4,20.021503,73.813844,2025,11
3409454,Hirawadi,12238139,pm25,µg/m³,2025-11-03 00:00:00+05:30,13.3,20.021503,73.813844,2025,11
3409454,Hirawadi,12238139,pm25,µg/m³,2025-11-04 00:00:00+05:30,17.4,20.021503,73.813844,2025,11
3409454,Hirawadi,12238139,pm25,µg/m³,2025-11-05 00:00:00+05:30,22.4,20.021503,73.813844,2025,11
3409454,Hirawadi,12238139,pm25,µg/m³,2025-11-06 00:00:00+05:30,28.0,20.021503,73.813844,2025,11
3409454,Hirawadi,12238139,pm25,µg/m³,2025-11-07 00:00:00+05:30,25.2,20.021503,73.813844,2025,11
3409454,Hirawadi,12238139,pm25,µg/m³,2025-11-08 00:00:00+05:30,49.7,20.021503,73.813844,2025,11
3409454,Hirawadi,12238139,pm25,µg/m³,2025-11-09 00:00:00+05:30,40.9,20.021503,73.813844,2025,11
3409454,Hirawadi,12238139,pm25,µg/m³,2025-11-10 00:00:00+05:30,56.2,20.021503,73.813844,2025,11
3409454,Hirawadi,12238139,pm25,µg/m³,2025-11-11 00:00:00+05:30,62.2,20.021503,73.813844,2025,11
3409454,Hirawadi,12238139,pm25,µg/m³,2025-11-12 00:00:00+05:30,69.7,20.021503,73.813844,2025,11
3409454,Hirawadi,12238139,pm25,µg/m³,2025-11-13 00:00:00+05:30,66.1,20.021503,73.813844,2025,11
3409454,Hirawadi,12238139,pm25,µg/m³,2025-11-14 00:00:00+05:30,73.6,20.021503,73.813844,2025,11
3409454,Hirawadi,12238139,pm25,µg/m³,2025-11-15 00:00:00+05:30,84.9,20.021503,73.813844,2025,11
3409454,Hirawadi,12238139,pm25,µg/m³,2025-11-16 00:00:00+05:30,64.1,20.021503,73.813844,2025,11
3409454,Hirawadi,12238139,pm25,µg/m³,2025-11-17 00:00:00+05:30,68.9,20.021503,73.813844,2025,11
3409454,Hirawadi,12238139,pm25,µg/m³,2025-11-18 00:00:00+05:30,79.7,20.021503,73.813844,2025,11
3409454,Hirawadi,12238139,pm25,µg/m³,2025-11-19 00:00:00+05:30,91.4,20.021503,73.813844,2025,11
3409454,Hirawadi,12238139,pm25,µg/m³,2025-11-20 00:00:00+05:30,93.3,20.021503,73.813844,2025,11
3409454,Hirawadi,12238139,pm25,µg/m³,2025-11-21 00:00:00+05:30,93.5,20.021503,73.813844,2025,11
3409454,Hirawadi,12238139,pm25,µg/m³,2025-11-22 00:00:00+05:30,85.1,20.021503,73.813844,2025,11
3409454,Hirawadi,12238139,pm25,µg/m³,2025-11-23 00:00:00+05:30,57.8,20.021503,73.813844,2025,11
3409454,Hirawadi,12238139,pm25,µg/m³,2025-11-24 00:00:00+05:30,62.2,20.021503,73.813844,2025,11
3409454,Hirawadi,12238139,pm25,µg/m³,2025-11-25 00:00:00+05:30,49.3,20.021503,73.813844,2025,11
3409454,Hirawadi,12238139,pm25,µg/m³,2025-11-26 00:00:00+05:30,50.2,20.021503,73.813844,2025,11
3409454,Hirawadi,12238139,pm25,µg/m³,2025-11-27 00:00:00+05:30,53.0,20.021503,73.813844,2025,11
3409454,Hirawadi,12238139,pm25,µg/m³,2025-11-28 00:00:00+05:30,87.9,20.021503,73.813844,2025,11
3409454,Hirawadi,12238139,pm25,µg/m³,2025-11-29 00:00:00+05:30,51.2,20.021503,73.813844,2025,11
3409454,Hirawadi,12238139,pm25,µg/m³,2025-11-30 00:00:00+05:30,47.7,20.021503,73.813844,2025,11
3409454,Hirawadi,12238139,pm25,µg/m³,2025-12-01 00:00:00+05:30,60.9,20.021503,73.813844,2025,12
3409454,Hirawadi,12238139,pm25,µg/m³,2025-12-02 00:00:00+05:30,61.7,20.021503,73.813844,2025,12
3409454,Hirawadi,12238139,pm25,µg/m³,2025-12-03 00:00:00+05:30,71.6,20.021503,73.813844,2025,12
3409454,Hirawadi,12238139,pm25,µg/m³,2025-12-04 00:00:00+05:30,73.2,20.021503,73.813844,2025,12
3409454,Hirawadi,12238139,pm25,µg/m³,2025-12-05 00:00:00+05:30,64.5,20.021503,73.813844,2025,12
3409454,Hirawadi,12238139,pm25,µg/m³,2025-12-06 00:00:00+05:30,60.7,20.021503,73.813844,2025,12
3409454,Hirawadi,12238139,pm25,µg/m³,2025-12-07 00:00:00+05:30,54.0,20.021503,73.813844,2025,12
3409454,Hirawadi,12238139,pm25,µg/m³,2025-12-08 00:00:00+05:30,47.2,20.021503,73.813844,2025,12
3409454,Hirawadi,12238139,pm25,µg/m³,2025-12-09 00:00:00+05:30,42.9,20.021503,73.813844,2025,12
3409454,Hirawadi,12238139,pm25,µg/m³,2025-12-10 00:00:00+05:30,42.0,20.021503,73.813844,2025,12
3409454,Hirawadi,12238139,pm25,µg/m³,2025-12-11 00:00:00+05:30,47.7,20.021503,73.813844,2025,12
3409454,Hirawadi,12238139,pm25,µg/m³,2025-12-12 00:00:00+05:30,56.1,20.021503,73.813844,2025,12
3409454,Hirawadi,12238139,pm25,µg/m³,2025-12-13 00:00:00+05:30,58.3,20.021503,73.813844,2025,12
3409454,Hirawadi,12238139,pm25,µg/m³,2025-12-14 00:00:00+05:30,55.5,20.021503,73.813844,2025,12
3409454,Hirawadi,12238139,pm25,µg/m³,2025-12-15 00:00:00+05:30,59.2,20.021503,73.813844,2025,12
3409454,Hirawadi,12238139,pm25,µg/m³,2025-12-16 00:00:00+05:30,62.0,20.021503,73.813844,2025,12
3409454,Hirawadi,12238139,pm25,µg/m³,2025-12-17 00:00:00+05:30,74.3,20.021503,73.813844,2025,12
3409454,Hirawadi,12238139,pm25,µg/m³,2025-12-18 00:00:00+05:30,64.3,20.021503,73.813844,2025,12
3409454,Hirawadi,12238139,pm25,µg/m³,2025-12-19 00:00:00+05:30,44.5,20.021503,73.813844,2025,12
3409454,Hirawadi,12238139,pm25,µg/m³,2025-12-20 00:00:00+05:30,34.1,20.021503,73.813844,2025,12
3409454,Hirawadi,12238139,pm25,µg/m³,2025-12-21 00:00:00+05:30,41.2,20.021503,73.813844,2025,12
3409454,Hirawadi,12238139,pm25,µg/m³,2025-12-22 00:00:00+05:30,47.5,20.021503,73.813844,2025,12
3409454,Hirawadi,12238139,pm25,µg/m³,2025-12-23 00:00:00+05:30,35.4,20.021503,73.813844,2025,12
3409454,Hirawadi,12238139,pm25,µg/m³,2025-12-24 00:00:00+05:30,36.9,20.021503,73.813844,2025,12
3409454,Hirawadi,12238139,pm25,µg/m³,2025-12-25 00:00:00+05:30,49.7,20.021503,73.813844,2025,12
3409454,Hirawadi,12238139,pm25,µg/m³,2025-12-26 00:00:00+05:30,56.7,20.021503,73.813844,2025,12
3409454,Hirawadi,12238139,pm25,µg/m³,2025-12-27 00:00:00+05:30,50.3,20.021503,73.813844,2025,12
3409454,Hirawadi,12238139,pm25,µg/m³,2025-12-28 00:00:00+05:30,55.7,20.021503,73.813844,2025,12
3409454,Hirawadi,12238139,pm25,µg/m³,2025-12-29 00:00:00+05:30,57.6,20.021503,73.813844,2025,12
3409454,Hirawadi,12238139,pm25,µg/m³,2025-12-30 00:00:00+05:30,64.1,20.021503,73.813844,2025,12
3409454,Hirawadi,12238139,pm25,µg/m³,2025-12-31 00:00:00+05:30,63.4,20.021503,73.813844,2025,12
3409453,MIDC Ambad,12238130,pm25,µg/m³,2025-02-19 00:00:00+05:30,33.9,19.95022,73.73148,2025,2
3409453,MIDC Ambad,12238130,pm25,µg/m³,2025-02-20 00:00:00+05:30,42.1,19.95022,73.73148,2025,2
3409453,MIDC Ambad,12238130,pm25,µg/m³,2025-02-21 00:00:00+05:30,46.9,19.95022,73.73148,2025,2
3409453,MIDC Ambad,12238130,pm25,µg/m³,2025-02-22 00:00:00+05:30,45.6,19.95022,73.73148,2025,2
3409453,MIDC Ambad,12238130,pm25,µg/m³,2025-02-23 00:00:00+05:30,51.2,19.95022,73.73148,2025,2
3409453,MIDC Ambad,12238130,pm25,µg/m³,2025-02-24 00:00:00+05:30,53.0,19.95022,73.73148,2025,2
3409453,MIDC Ambad,12238130,pm25,µg/m³,2025-02-25 00:00:00+05:30,38.8,19.95022,73.73148,2025,2
3409453,MIDC Ambad,12238130,pm25,µg/m³,2025-02-26 00:00:00+05:30,69.4,19.95022,73.73148,2025,2
3409453,MIDC Ambad,12238130,pm25,µg/m³,2025-02-27 00:00:00+05:30,57.3,19.95022,73.73148,2025,2
3409453,MIDC Ambad,12238130,pm25,µg/m³,2025-02-28 00:00:00+05:30,63.7,19.95022,73.73148,2025,2
3409453,MIDC Ambad,12238130,pm25,µg/m³,2025-03-01 00:00:00+05:30,74.4,19.95022,73.73148,2025,3
3409453,MIDC Ambad,12238130,pm25,µg/m³,2025-03-02 00:00:00+05:30,41.3,19.95022,73.73148,2025,3
3409453,MIDC Ambad,12238130,pm25,µg/m³,2025-03-03 00:00:00+05:30,50.0,19.95022,73.73148,2025,3
3409453,MIDC Ambad,12238130,pm25,µg/m³,2025-03-04 00:00:00+05:30,41.6,19.95022,73.73148,2025,3
3409453,MIDC Ambad,12238130,pm25,µg/m³,2025-03-05 00:00:00+05:30,46.5,19.95022,73.73148,2025,3
3409453,MIDC Ambad,12238130,pm25,µg/m³,2025-03-06 00:00:00+05:30,35.6,19.95022,73.73148,2025,3
3409453,MIDC Ambad,12238130,pm25,µg/m³,2025-03-07 00:00:00+05:30,105.0,19.95022,73.73148,2025,3
3409453,MIDC Ambad,12238130,pm25,µg/m³,2025-03-08 00:00:00+05:30,54.0,19.95022,73.73148,2025,3
3409453,MIDC Ambad,12238130,pm25,µg/m³,2025-03-09 00:00:00+05:30,53.8,19.95022,73.73148,2025,3
3409453,MIDC Ambad,12238130,pm25,µg/m³,2025-03-10 00:00:00+05:30,59.5,19.95022,73.73148,2025,3
3409453,MIDC Ambad,12238130,pm25,µg/m³,2025-03-11 00:00:00+05:30,78.7,19.95022,73.73148,2025,3
3409453,MIDC Ambad,12238130,pm25,µg/m³,2025-03-12 00:00:00+05:30,74.1,19.95022,73.73148,2025,3
3409453,MIDC Ambad,12238130,pm25,µg/m³,2025-03-13 00:00:00+05:30,69.2,19.95022,73.73148,2025,3
3409453,MIDC Ambad,12238130,pm25,µg/m³,2025-03-14 00:00:00+05:30,36.7,19.95022,73.73148,2025,3
3409453,MIDC Ambad,12238130,pm25,µg/m³,2025-03-15 00:00:00+05:30,29.0,19.95022,73.73148,2025,3
3409453,MIDC Ambad,12238130,pm25,µg/m³,2025-03-16 00:00:00+05:30,29.5,19.95022,73.73148,2025,3
3409453,MIDC Ambad,12238130,pm25,µg/m³,2025-03-17 00:00:00+05:30,38.4,19.95022,73.73148,2025,3
3409453,MIDC Ambad,12238130,pm25,µg/m³,2025-03-18 00:00:00+05:30,57.7,19.95022,73.73148,2025,3
3409453,MIDC Ambad,12238130,pm25,µg/m³,2025-03-19 00:00:00+05:30,55.4,19.95022,73.73148,2025,3
3409453,MIDC Ambad,12238130,pm25,µg/m³,2025-03-20 00:00:00+05:30,39.3,19.95022,73.73148,2025,3
3409453,MIDC Ambad,12238130,pm25,µg/m³,2025-03-21 00:00:00+05:30,31.0,19.95022,73.73148,2025,3
3409453,MIDC Ambad,12238130,pm25,µg/m³,2025-03-22 00:00:00+05:30,37.4,19.95022,73.73148,2025,3
3409453,MIDC Ambad,12238130,pm25,µg/m³,2025-03-23 00:00:00+05:30,47.2,19.95022,73.73148,2025,3
3409453,MIDC Ambad,12238130,pm25,µg/m³,2025-03-24 00:00:00+05:30,47.9,19.95022,73.73148,2025,3
3409453,MIDC Ambad,12238130,pm25,µg/m³,2025-03-25 00:00:00+05:30,67.4,19.95022,73.73148,2025,3
3409453,MIDC Ambad,12238130,pm25,µg/m³,2025-03-26 00:00:00+05:30,48.7,19.95022,73.73148,2025,3
3409453,MIDC Ambad,12238130,pm25,µg/m³,2025-03-27 00:00:00+05:30,29.7,19.95022,73.73148,2025,3
3409453,MIDC Ambad,12238130,pm25,µg/m³,2025-03-28 00:00:00+05:30,36.4,19.95022,73.73148,2025,3
3409453,MIDC Ambad,12238130,pm25,µg/m³,2025-03-29 00:00:00+05:30,59.2,19.95022,73.73148,2025,3
3409453,MIDC Ambad,12238130,pm25,µg/m³,2025-03-30 00:00:00+05:30,58.7,19.95022,73.73148,2025,3
3409453,MIDC Ambad,12238130,pm25,µg/m³,2025-03-31 00:00:00+05:30,66.0,19.95022,73.73148,2025,3
3409453,MIDC Ambad,12238130,pm25,µg/m³,2025-04-01 00:00:00+05:30,55.9,19.95022,73.73148,2025,4
3409453,MIDC Ambad,12238130,pm25,µg/m³,2025-04-02 00:00:00+05:30,42.2,19.95022,73.73148,2025,4
3409453,MIDC Ambad,12238130,pm25,µg/m³,2025-04-03 00:00:00+05:30,57.8,19.95022,73.73148,2025,4
3409453,MIDC Ambad,12238130,pm25,µg/m³,2025-04-04 00:00:00+05:30,63.6,19.95022,73.73148,2025,4
3409453,MIDC Ambad,12238130,pm25,µg/m³,2025-04-05 00:00:00+05:30,41.0,19.95022,73.73148,2025,4
3409453,MIDC Ambad,12238130,pm25,µg/m³,2025-04-06 00:00:00+05:30,42.7,19.95022,73.73148,2025,4
3409453,MIDC Ambad,12238130,pm25,µg/m³,2025-04-07 00:00:00+05:30,25.8,19.95022,73.73148,2025,4
3409453,MIDC Ambad,12238130,pm25,µg/m³,2025-04-08 00:00:00+05:30,33.7,19.95022,73.73148,2025,4
3409453,MIDC Ambad,12238130,pm25,µg/m³,2025-04-09 00:00:00+05:30,44.4,19.95022,73.73148,2025,4
3409453,MIDC Ambad,12238130,pm25,µg/m³,2025-04-11 00:00:00+05:30,38.7,19.95022,73.73148,2025,4
3409453,MIDC Ambad,12238130,pm25,µg/m³,2025-04-12 00:00:00+05:30,39.5,19.95022,73.73148,2025,4
3409453,MIDC Ambad,12238130,pm25,µg/m³,2025-04-13 00:00:00+05:30,36.7,19.95022,73.73148,2025,4
3409453,MIDC Ambad,12238130,pm25,µg/m³,2025-04-14 00:00:00+05:30,31.7,19.95022,73.73148,2025,4
3409453,MIDC Ambad,12238130,pm25,µg/m³,2025-04-15 00:00:00+05:30,22.5,19.95022,73.73148,2025,4
3409453,MIDC Ambad,12238130,pm25,µg/m³,2025-04-16 00:00:00+05:30,28.5,19.95022,73.73148,2025,4
3409453,MIDC Ambad,12238130,pm25,µg/m³,2025-04-17 00:00:00+05:30,38.2,19.95022,73.73148,2025,4
3409453,MIDC Ambad,12238130,pm25,µg/m³,2025-04-18 00:00:00+05:30,40.9,19.95022,73.73148,2025,4
3409453,MIDC Ambad,12238130,pm25,µg/m³,2025-04-19 00:00:00+05:30,36.6,19.95022,73.73148,2025,4
3409453,MIDC Ambad,12238130,pm25,µg/m³,2025-04-20 00:00:00+05:30,44.5,19.95022,73.73148,2025,4
3409453,MIDC Ambad,12238130,pm25,µg/m³,2025-04-21 00:00:00+05:30,42.8,19.95022,73.73148,2025,4
3409453,MIDC Ambad,12238130,pm25,µg/m³,2025-04-22 00:00:00+05:30,40.6,19.95022,73.73148,2025,4
3409453,MIDC Ambad,12238130,pm25,µg/m³,2025-04-23 00:00:00+05:30,41.9,19.95022,73.73148,2025,4
3409453,MIDC Ambad,12238130,pm25,µg/m³,2025-04-24 00:00:00+05:30,45.5,19.95022,73.73148,2025,4
3409453,MIDC Ambad,12238130,pm25,µg/m³,2025-04-25 00:00:00+05:30,37.9,19.95022,73.73148,2025,4
3409453,MIDC Ambad,12238130,pm25,µg/m³,2025-04-26 00:00:00+05:30,39.6,19.95022,73.73148,2025,4
3409453,MIDC Ambad,12238130,pm25,µg/m³,2025-04-27 00:00:00+05:30,33.5,19.95022,73.73148,2025,4
3409453,MIDC Ambad,12238130,pm25,µg/m³,2025-04-28 00:00:00+05:30,45.7,19.95022,73.73148,2025,4
3409453,MIDC Ambad,12238130,pm25,µg/m³,2025-04-29 00:00:00+05:30,41.8,19.95022,73.73148,2025,4
3409453,MIDC Ambad,12238130,pm25,µg/m³,2025-04-30 00:00:00+05:30,33.7,19.95022,73.73148,2025,4
3409453,MIDC Ambad,12238130,pm25,µg/m³,2025-05-01 00:00:00+05:30,30.9,19.95022,73.73148,2025,5
3409453,MIDC Ambad,12238130,pm25,µg/m³,2025-05-02 00:00:00+05:30,24.7,19.95022,73.73148,2025,5
3409453,MIDC Ambad,12238130,pm25,µg/m³,2025-05-03 00:00:00+05:30,23.3,19.95022,73.73148,2025,5
3409453,MIDC Ambad,12238130,pm25,µg/m³,2025-05-04 00:00:00+05:30,30.3,19.95022,73.73148,2025,5
3409453,MIDC Ambad,12238130,pm25,µg/m³,2025-05-05 00:00:00+05:30,36.4,19.95022,73.73148,2025,5
3409453,MIDC Ambad,12238130,pm25,µg/m³,2025-05-06 00:00:00+05:30,34.7,19.95022,73.73148,2025,5
3409453,MIDC Ambad,12238130,pm25,µg/m³,2025-05-07 00:00:00+05:30,19.2,19.95022,73.73148,2025,5
3409453,MIDC Ambad,12238130,pm25,µg/m³,2025-05-08 00:00:00+05:30,19.5,19.95022,73.73148,2025,5
3409453,MIDC Ambad,12238130,pm25,µg/m³,2025-05-09 00:00:00+05:30,22.7,19.95022,73.73148,2025,5
3409453,MIDC Ambad,12238130,pm25,µg/m³,2025-05-10 00:00:00+05:30,31.4,19.95022,73.73148,2025,5
3409453,MIDC Ambad,12238130,pm25,µg/m³,2025-05-11 00:00:00+05:30,23.7,19.95022,73.73148,2025,5
3409453,MIDC Ambad,12238130,pm25,µg/m³,2025-05-12 00:00:00+05:30,39.0,19.95022,73.73148,2025,5
3409453,MIDC Ambad,12238130,pm25,µg/m³,2025-05-13 00:00:00+05:30,38.6,19.95022,73.73148,2025,5
3409453,MIDC Ambad,12238130,pm25,µg/m³,2025-05-14 00:00:00+05:30,50.8,19.95022,73.73148,2025,5
3409453,MIDC Ambad,12238130,pm25,µg/m³,2025-05-15 00:00:00+05:30,41.2,19.95022,73.73148,2025,5
3409453,MIDC Ambad,12238130,pm25,µg/m³,2025-05-16 00:00:00+05:30,34.3,19.95022,73.73148,2025,5
3409453,MIDC Ambad,12238130,pm25,µg/m³,2025-05-17 00:00:00+05:30,36.7,19.95022,73.73148,2025,5
3409453,MIDC Ambad,12238130,pm25,µg/m³,2025-05-18 00:00:00+05:30,34.3,19.95022,73.73148,2025,5
3409453,MIDC Ambad,12238130,pm25,µg/m³,2025-05-19 00:00:00+05:30,40.6,19.95022,73.73148,2025,5
3409453,MIDC Ambad,12238130,pm25,µg/m³,2025-05-20 00:00:00+05:30,55.3,19.95022,73.73148,2025,5
3409453,MIDC Ambad,12238130,pm25,µg/m³,2025-05-21 00:00:00+05:30,33.0,19.95022,73.73148,2025,5
3409453,MIDC Ambad,12238130,pm25,µg/m³,2025-05-22 00:00:00+05:30,30.1,19.95022,73.73148,2025,5
3409453,MIDC Ambad,12238130,pm25,µg/m³,2025-05-23 00:00:00+05:30,24.3,19.95022,73.73148,2025,5
3409453,MIDC Ambad,12238130,pm25,µg/m³,2025-05-24 00:00:00+05:30,38.8,19.95022,73.73148,2025,5
3409453,MIDC Ambad,12238130,pm25,µg/m³,2025-05-25 00:00:00+05:30,46.1,19.95022,73.73148,2025,5
3409453,MIDC Ambad,12238130,pm25,µg/m³,2025-05-26 00:00:00+05:30,42.5,19.95022,73.73148,2025,5
3409453,MIDC Ambad,12238130,pm25,µg/m³,2025-05-27 00:00:00+05:30,33.6,19.95022,73.73148,2025,5
3409453,MIDC Ambad,12238130,pm25,µg/m³,2025-05-28 00:00:00+05:30,35.9,19.95022,73.73148,2025,5
3409453,MIDC Ambad,12238130,pm25,µg/m³,2025-05-29 00:00:00+05:30,31.6,19.95022,73.73148,2025,5
3409453,MIDC Ambad,12238130,pm25,µg/m³,2025-05-30 00:00:00+05:30,41.5,19.95022,73.73148,2025,5
3409453,MIDC Ambad,12238130,pm25,µg/m³,2025-05-31 00:00:00+05:30,37.5,19.95022,73.73148,2025,5
3409453,MIDC Ambad,12238130,pm25,µg/m³,2025-06-01 00:00:00+05:30,41.8,19.95022,73.73148,2025,6
3409453,MIDC Ambad,12238130,pm25,µg/m³,2025-06-02 00:00:00+05:30,36.4,19.95022,73.73148,2025,6
3409453,MIDC Ambad,12238130,pm25,µg/m³,2025-06-03 00:00:00+05:30,35.6,19.95022,73.73148,2025,6
3409453,MIDC Ambad,12238130,pm25,µg/m³,2025-06-06 00:00:00+05:30,43.4,19.95022,73.73148,2025,6
3409453,MIDC Ambad,12238130,pm25,µg/m³,2025-06-07 00:00:00+05:30,42.6,19.95022,73.73148,2025,6
3409453,MIDC Ambad,12238130,pm25,µg/m³,2025-06-08 00:00:00+05:30,32.8,19.95022,73.73148,2025,6
3409453,MIDC Ambad,12238130,pm25,µg/m³,2025-06-09 00:00:00+05:30,31.7,19.95022,73.73148,2025,6
3409453,MIDC Ambad,12238130,pm25,µg/m³,2025-06-10 00:00:00+05:30,29.5,19.95022,73.73148,2025,6
3409453,MIDC Ambad,12238130,pm25,µg/m³,2025-06-11 00:00:00+05:30,29.5,19.95022,73.73148,2025,6
3409453,MIDC Ambad,12238130,pm25,µg/m³,2025-06-12 00:00:00+05:30,37.2,19.95022,73.73148,2025,6
3409453,MIDC Ambad,12238130,pm25,µg/m³,2025-06-13 00:00:00+05:30,33.6,19.95022,73.73148,2025,6
3409453,MIDC Ambad,12238130,pm25,µg/m³,2025-06-14 00:00:00+05:30,39.5,19.95022,73.73148,2025,6
3409453,MIDC Ambad,12238130,pm25,µg/m³,2025-06-15 00:00:00+05:30,42.8,19.95022,73.73148,2025,6
3409453,MIDC Ambad,12238130,pm25,µg/m³,2025-06-16 00:00:00+05:30,43.4,19.95022,73.73148,2025,6
3409453,MIDC Ambad,12238130,pm25,µg/m³,2025-06-17 00:00:00+05:30,28.9,19.95022,73.73148,2025,6
3409453,MIDC Ambad,12238130,pm25,µg/m³,2025-06-18 00:00:00+05:30,23.0,19.95022,73.73148,2025,6
3409453,MIDC Ambad,12238130,pm25,µg/m³,2025-06-19 00:00:00+05:30,21.8,19.95022,73.73148,2025,6
3409453,MIDC Ambad,12238130,pm25,µg/m³,2025-06-20 00:00:00+05:30,25.9,19.95022,73.73148,2025,6
3409453,MIDC Ambad,12238130,pm25,µg/m³,2025-06-21 00:00:00+05:30,21.6,19.95022,73.73148,2025,6
3409453,MIDC Ambad,12238130,pm25,µg/m³,2025-06-22 00:00:00+05:30,25.6,19.95022,73.73148,2025,6
3409453,MIDC Ambad,12238130,pm25,µg/m³,2025-06-23 00:00:00+05:30,25.6,19.95022,73.73148,2025,6
3409453,MIDC Ambad,12238130,pm25,µg/m³,2025-06-24 00:00:00+05:30,30.8,19.95022,73.73148,2025,6
3409453,MIDC Ambad,12238130,pm25,µg/m³,2025-06-25 00:00:00+05:30,39.6,19.95022,73.73148,2025,6
3409453,MIDC Ambad,12238130,pm25,µg/m³,2025-06-26 00:00:00+05:30,35.4,19.95022,73.73148,2025,6
3409453,MIDC Ambad,12238130,pm25,µg/m³,2025-06-27 00:00:00+05:30,37.8,19.95022,73.73148,2025,6
3409453,MIDC Ambad,12238130,pm25,µg/m³,2025-06-28 00:00:00+05:30,34.2,19.95022,73.73148,2025,6
3409453,MIDC Ambad,12238130,pm25,µg/m³,2025-06-29 00:00:00+05:30,25.4,19.95022,73.73148,2025,6
3409453,MIDC Ambad,12238130,pm25,µg/m³,2025-06-30 00:00:00+05:30,27.5,19.95022,73.73148,2025,6
3409453,MIDC Ambad,12238130,pm25,µg/m³,2025-07-01 00:00:00+05:30,23.5,19.95022,73.73148,2025,7
3409453,MIDC Ambad,12238130,pm25,µg/m³,2025-07-02 00:00:00+05:30,20.2,19.95022,73.73148,2025,7
3409453,MIDC Ambad,12238130,pm25,µg/m³,2025-07-03 00:00:00+05:30,13.5,19.95022,73.73148,2025,7
3409453,MIDC Ambad,12238130,pm25,µg/m³,2025-07-04 00:00:00+05:30,14.9,19.95022,73.73148,2025,7
3409453,MIDC Ambad,12238130,pm25,µg/m³,2025-07-05 00:00:00+05:30,27.4,19.95022,73.73148,2025,7
3409453,MIDC Ambad,12238130,pm25,µg/m³,2025-07-07 00:00:00+05:30,33.9,19.95022,73.73148,2025,7
3409453,MIDC Ambad,12238130,pm25,µg/m³,2025-07-08 00:00:00+05:30,31.2,19.95022,73.73148,2025,7
3409453,MIDC Ambad,12238130,pm25,µg/m³,2025-07-09 00:00:00+05:30,37.0,19.95022,73.73148,2025,7
3409453,MIDC Ambad,12238130,pm25,µg/m³,2025-07-10 00:00:00+05:30,37.4,19.95022,73.73148,2025,7
3409453,MIDC Ambad,12238130,pm25,µg/m³,2025-07-11 00:00:00+05:30,30.8,19.95022,73.73148,2025,7
3409453,MIDC Ambad,12238130,pm25,µg/m³,2025-07-12 00:00:00+05:30,24.0,19.95022,73.73148,2025,7
3409453,MIDC Ambad,12238130,pm25,µg/m³,2025-07-13 00:00:00+05:30,25.9,19.95022,73.73148,2025,7
3409453,MIDC Ambad,12238130,pm25,µg/m³,2025-07-14 00:00:00+05:30,20.3,19.95022,73.73148,2025,7
3409453,MIDC Ambad,12238130,pm25,µg/m³,2025-07-15 00:00:00+05:30,19.6,19.95022,73.73148,2025,7
3409453,MIDC Ambad,12238130,pm25,µg/m³,2025-07-16 00:00:00+05:30,39.5,19.95022,73.73148,2025,7
3409453,MIDC Ambad,12238130,pm25,µg/m³,2025-07-17 00:00:00+05:30,28.9,19.95022,73.73148,2025,7
3409453,MIDC Ambad,12238130,pm25,µg/m³,2025-07-19 00:00:00+05:30,28.9,19.95022,73.73148,2025,7
3409453,MIDC Ambad,12238130,pm25,µg/m³,2025-07-20 00:00:00+05:30,28.1,19.95022,73.73148,2025,7
3409453,MIDC Ambad,12238130,pm25,µg/m³,2025-07-21 00:00:00+05:30,26.6,19.95022,73.73148,2025,7
3409453,MIDC Ambad,12238130,pm25,µg/m³,2025-07-22 00:00:00+05:30,25.9,19.95022,73.73148,2025,7
3409453,MIDC Ambad,12238130,pm25,µg/m³,2025-07-23 00:00:00+05:30,20.1,19.95022,73.73148,2025,7
3409453,MIDC Ambad,12238130,pm25,µg/m³,2025-07-24 00:00:00+05:30,24.3,19.95022,73.73148,2025,7
3409453,MIDC Ambad,12238130,pm25,µg/m³,2025-07-25 00:00:00+05:30,22.4,19.95022,73.73148,2025,7
3409453,MIDC Ambad,12238130,pm25,µg/m³,2025-07-26 00:00:00+05:30,17.2,19.95022,73.73148,2025,7
3409453,MIDC Ambad,12238130,pm25,µg/m³,2025-07-27 00:00:00+05:30,18.5,19.95022,73.73148,2025,7
3409453,MIDC Ambad,12238130,pm25,µg/m³,2025-07-28 00:00:00+05:30,15.7,19.95022,73.73148,2025,7
3409453,MIDC Ambad,12238130,pm25,µg/m³,2025-07-29 00:00:00+05:30,19.2,19.95022,73.73148,2025,7
3409453,MIDC Ambad,12238130,pm25,µg/m³,2025-07-30 00:00:00+05:30,22.7,19.95022,73.73148,2025,7
3409453,MIDC Ambad,12238130,pm25,µg/m³,2025-07-31 00:00:00+05:30,27.5,19.95022,73.73148,2025,7
3409453,MIDC Ambad,12238130,pm25,µg/m³,2025-08-01 00:00:00+05:30,32.8,19.95022,73.73148,2025,8
3409453,MIDC Ambad,12238130,pm25,µg/m³,2025-08-02 00:00:00+05:30,27.9,19.95022,73.73148,2025,8
3409453,MIDC Ambad,12238130,pm25,µg/m³,2025-08-03 00:00:00+05:30,23.2,19.95022,73.73148,2025,8
3409453,MIDC Ambad,12238130,pm25,µg/m³,2025-08-04 00:00:00+05:30,29.9,19.95022,73.73148,2025,8
3409453,MIDC Ambad,12238130,pm25,µg/m³,2025-08-05 00:00:00+05:30,28.9,19.95022,73.73148,2025,8
3409453,MIDC Ambad,12238130,pm25,µg/m³,2025-08-06 00:00:00+05:30,31.4,19.95022,73.73148,2025,8
3409453,MIDC Ambad,12238130,pm25,µg/m³,2025-08-07 00:00:00+05:30,26.2,19.95022,73.73148,2025,8
3409453,MIDC Ambad,12238130,pm25,µg/m³,2025-08-08 00:00:00+05:30,29.9,19.95022,73.73148,2025,8
3409453,MIDC Ambad,12238130,pm25,µg/m³,2025-08-09 00:00:00+05:30,31.5,19.95022,73.73148,2025,8
3409453,MIDC Ambad,12238130,pm25,µg/m³,2025-08-10 00:00:00+05:30,35.4,19.95022,73.73148,2025,8
3409453,MIDC Ambad,12238130,pm25,µg/m³,2025-08-11 00:00:00+05:30,30.0,19.95022,73.73148,2025,8
3409453,MIDC Ambad,12238130,pm25,µg/m³,2025-08-12 00:00:00+05:30,25.0,19.95022,73.73148,2025,8
3409453,MIDC Ambad,12238130,pm25,µg/m³,2025-08-13 00:00:00+05:30,28.1,19.95022,73.73148,2025,8
3409453,MIDC Ambad,12238130,pm25,µg/m³,2025-08-14 00:00:00+05:30,28.5,19.95022,73.73148,2025,8
3409453,MIDC Ambad,12238130,pm25,µg/m³,2025-08-15 00:00:00+05:30,25.0,19.95022,73.73148,2025,8
3409453,MIDC Ambad,12238130,pm25,µg/m³,2025-08-16 00:00:00+05:30,10.8,19.95022,73.73148,2025,8
3409453,MIDC Ambad,12238130,pm25,µg/m³,2025-08-17 00:00:00+05:30,1.59,19.95022,73.73148,2025,8
3409453,MIDC Ambad,12238130,pm25,µg/m³,2025-08-18 00:00:00+05:30,7.53,19.95022,73.73148,2025,8
3409453,MIDC Ambad,12238130,pm25,µg/m³,2025-08-19 00:00:00+05:30,15.8,19.95022,73.73148,2025,8
3409453,MIDC Ambad,12238130,pm25,µg/m³,2025-08-20 00:00:00+05:30,12.3,19.95022,73.73148,2025,8
3409453,MIDC Ambad,12238130,pm25,µg/m³,2025-08-21 00:00:00+05:30,14.6,19.95022,73.73148,2025,8
3409453,MIDC Ambad,12238130,pm25,µg/m³,2025-08-22 00:00:00+05:30,17.3,19.95022,73.73148,2025,8
3409453,MIDC Ambad,12238130,pm25,µg/m³,2025-08-23 00:00:00+05:30,12.7,19.95022,73.73148,2025,8
3409453,MIDC Ambad,12238130,pm25,µg/m³,2025-08-24 00:00:00+05:30,12.5,19.95022,73.73148,2025,8
3409453,MIDC Ambad,12238130,pm25,µg/m³,2025-08-25 00:00:00+05:30,17.8,19.95022,73.73148,2025,8
3409453,MIDC Ambad,12238130,pm25,µg/m³,2025-08-26 00:00:00+05:30,23.4,19.95022,73.73148,2025,8
3409453,MIDC Ambad,12238130,pm25,µg/m³,2025-08-27 00:00:00+05:30,20.1,19.95022,73.73148,2025,8
3409453,MIDC Ambad,12238130,pm25,µg/m³,2025-08-28 00:00:00+05:30,27.7,19.95022,73.73148,2025,8
3409453,MIDC Ambad,12238130,pm25,µg/m³,2025-08-29 00:00:00+05:30,25.3,19.95022,73.73148,2025,8
3409453,MIDC Ambad,12238130,pm25,µg/m³,2025-09-02 00:00:00+05:30,21.1,19.95022,73.73148,2025,9
3409453,MIDC Ambad,12238130,pm25,µg/m³,2025-09-03 00:00:00+05:30,24.4,19.95022,73.73148,2025,9
3409453,MIDC Ambad,12238130,pm25,µg/m³,2025-09-04 00:00:00+05:30,22.9,19.95022,73.73148,2025,9
3409453,MIDC Ambad,12238130,pm25,µg/m³,2025-09-05 00:00:00+05:30,23.1,19.95022,73.73148,2025,9
3409453,MIDC Ambad,12238130,pm25,µg/m³,2025-09-06 00:00:00+05:30,16.4,19.95022,73.73148,2025,9
3409453,MIDC Ambad,12238130,pm25,µg/m³,2025-09-07 00:00:00+05:30,16.0,19.95022,73.73148,2025,9
3409453,MIDC Ambad,12238130,pm25,µg/m³,2025-09-08 00:00:00+05:30,23.5,19.95022,73.73148,2025,9
3409453,MIDC Ambad,12238130,pm25,µg/m³,2025-09-09 00:00:00+05:30,34.4,19.95022,73.73148,2025,9
3409453,MIDC Ambad,12238130,pm25,µg/m³,2025-09-10 00:00:00+05:30,35.0,19.95022,73.73148,2025,9
3409453,MIDC Ambad,12238130,pm25,µg/m³,2025-09-11 00:00:00+05:30,27.0,19.95022,73.73148,2025,9
3409453,MIDC Ambad,12238130,pm25,µg/m³,2025-09-12 00:00:00+05:30,26.9,19.95022,73.73148,2025,9
3409453,MIDC Ambad,12238130,pm25,µg/m³,2025-09-13 00:00:00+05:30,18.0,19.95022,73.73148,2025,9
3409453,MIDC Ambad,12238130,pm25,µg/m³,2025-09-14 00:00:00+05:30,21.5,19.95022,73.73148,2025,9
3409453,MIDC Ambad,12238130,pm25,µg/m³,2025-09-15 00:00:00+05:30,42.7,19.95022,73.73148,2025,9
3409453,MIDC Ambad,12238130,pm25,µg/m³,2025-09-16 00:00:00+05:30,30.7,19.95022,73.73148,2025,9
3409453,MIDC Ambad,12238130,pm25,µg/m³,2025-09-17 00:00:00+05:30,39.7,19.95022,73.73148,2025,9
3409453,MIDC Ambad,12238130,pm25,µg/m³,2025-09-18 00:00:00+05:30,33.1,19.95022,73.73148,2025,9
3409453,MIDC Ambad,12238130,pm25,µg/m³,2025-09-19 00:00:00+05:30,29.1,19.95022,73.73148,2025,9
3409453,MIDC Ambad,12238130,pm25,µg/m³,2025-09-20 00:00:00+05:30,25.5,19.95022,73.73148,2025,9
3409453,MIDC Ambad,12238130,pm25,µg/m³,2025-09-21 00:00:00+05:30,28.5,19.95022,73.73148,2025,9
3409453,MIDC Ambad,12238130,pm25,µg/m³,2025-09-22 00:00:00+05:30,27.8,19.95022,73.73148,2025,9
3409453,MIDC Ambad,12238130,pm25,µg/m³,2025-09-23 00:00:00+05:30,23.1,19.95022,73.73148,2025,9
3409453,MIDC Ambad,12238130,pm25,µg/m³,2025-09-24 00:00:00+05:30,23.5,19.95022,73.73148,2025,9
3409453,MIDC Ambad,12238130,pm25,µg/m³,2025-09-25 00:00:00+05:30,27.0,19.95022,73.73148,2025,9
3409453,MIDC Ambad,12238130,pm25,µg/m³,2025-09-26 00:00:00+05:30,30.3,19.95022,73.73148,2025,9
3409453,MIDC Ambad,12238130,pm25,µg/m³,2025-09-27 00:00:00+05:30,22.4,19.95022,73.73148,2025,9
3409453,MIDC Ambad,12238130,pm25,µg/m³,2025-09-28 00:00:00+05:30,18.9,19.95022,73.73148,2025,9
3409453,MIDC Ambad,12238130,pm25,µg/m³,2025-09-29 00:00:00+05:30,20.2,19.95022,73.73148,2025,9
3409453,MIDC Ambad,12238130,pm25,µg/m³,2025-09-30 00:00:00+05:30,20.7,19.95022,73.73148,2025,9
3409453,MIDC Ambad,12238130,pm25,µg/m³,2025-10-01 00:00:00+05:30,22.9,19.95022,73.73148,2025,10
3409453,MIDC Ambad,12238130,pm25,µg/m³,2025-10-02 00:00:00+05:30,21.8,19.95022,73.73148,2025,10
3409453,MIDC Ambad,12238130,pm25,µg/m³,2025-10-03 00:00:00+05:30,17.6,19.95022,73.73148,2025,10
3409453,MIDC Ambad,12238130,pm25,µg/m³,2025-10-04 00:00:00+05:30,23.1,19.95022,73.73148,2025,10
3409453,MIDC Ambad,12238130,pm25,µg/m³,2025-10-05 00:00:00+05:30,23.8,19.95022,73.73148,2025,10
3409453,MIDC Ambad,12238130,pm25,µg/m³,2025-10-06 00:00:00+05:30,27.8,19.95022,73.73148,2025,10
3409453,MIDC Ambad,12238130,pm25,µg/m³,2025-10-07 00:00:00+05:30,25.5,19.95022,73.73148,2025,10
3409453,MIDC Ambad,12238130,pm25,µg/m³,2025-10-08 00:00:00+05:30,35.2,19.95022,73.73148,2025,10
3409453,MIDC Ambad,12238130,pm25,µg/m³,2025-10-09 00:00:00+05:30,48.3,19.95022,73.73148,2025,10
3409453,MIDC Ambad,12238130,pm25,µg/m³,2025-10-10 00:00:00+05:30,55.2,19.95022,73.73148,2025,10
3409453,MIDC Ambad,12238130,pm25,µg/m³,2025-10-11 00:00:00+05:30,54.6,19.95022,73.73148,2025,10
3409453,MIDC Ambad,12238130,pm25,µg/m³,2025-10-12 00:00:00+05:30,28.9,19.95022,73.73148,2025,10
3409453,MIDC Ambad,12238130,pm25,µg/m³,2025-10-13 00:00:00+05:30,45.5,19.95022,73.73148,2025,10
3409453,MIDC Ambad,12238130,pm25,µg/m³,2025-10-14 00:00:00+05:30,58.2,19.95022,73.73148,2025,10
3409453,MIDC Ambad,12238130,pm25,µg/m³,2025-10-15 00:00:00+05:30,61.9,19.95022,73.73148,2025,10
3409453,MIDC Ambad,12238130,pm25,µg/m³,2025-10-16 00:00:00+05:30,47.1,19.95022,73.73148,2025,10
3409453,MIDC Ambad,12238130,pm25,µg/m³,2025-10-17 00:00:00+05:30,44.5,19.95022,73.73148,2025,10
3409453,MIDC Ambad,12238130,pm25,µg/m³,2025-10-18 00:00:00+05:30,55.7,19.95022,73.73148,2025,10
3409453,MIDC Ambad,12238130,pm25,µg/m³,2025-10-19 00:00:00+05:30,67.8,19.95022,73.73148,2025,10
3409453,MIDC Ambad,12238130,pm25,µg/m³,2025-10-20 00:00:00+05:30,89.1,19.95022,73.73148,2025,10
3409453,MIDC Ambad,12238130,pm25,µg/m³,2025-10-21 00:00:00+05:30,75.3,19.95022,73.73148,2025,10
3409453,MIDC Ambad,12238130,pm25,µg/m³,2025-10-22 00:00:00+05:30,49.1,19.95022,73.73148,2025,10
3409453,MIDC Ambad,12238130,pm25,µg/m³,2025-10-23 00:00:00+05:30,32.4,19.95022,73.73148,2025,10
3409453,MIDC Ambad,12238130,pm25,µg/m³,2025-10-24 00:00:00+05:30,23.8,19.95022,73.73148,2025,10
3409453,MIDC Ambad,12238130,pm25,µg/m³,2025-10-25 00:00:00+05:30,17.1,19.95022,73.73148,2025,10
3409453,MIDC Ambad,12238130,pm25,µg/m³,2025-10-26 00:00:00+05:30,17.8,19.95022,73.73148,2025,10
3409453,MIDC Ambad,12238130,pm25,µg/m³,2025-10-27 00:00:00+05:30,13.6,19.95022,73.73148,2025,10
3409453,MIDC Ambad,12238130,pm25,µg/m³,2025-10-28 00:00:00+05:30,18.5,19.95022,73.73148,2025,10
3409453,MIDC Ambad,12238130,pm25,µg/m³,2025-10-29 00:00:00+05:30,25.8,19.95022,73.73148,2025,10
3409453,MIDC Ambad,12238130,pm25,µg/m³,2025-10-30 00:00:00+05:30,35.4,19.95022,73.73148,2025,10
3409453,MIDC Ambad,12238130,pm25,µg/m³,2025-10-31 00:00:00+05:30,34.1,19.95022,73.73148,2025,10
3409453,MIDC Ambad,12238130,pm25,µg/m³,2025-11-01 00:00:00+05:30,26.3,19.95022,73.73148,2025,11
3409453,MIDC Ambad,12238130,pm25,µg/m³,2025-11-02 00:00:00+05:30,22.8,19.95022,73.73148,2025,11
3409453,MIDC Ambad,12238130,pm25,µg/m³,2025-11-03 00:00:00+05:30,27.1,19.95022,73.73148,2025,11
3409453,MIDC Ambad,12238130,pm25,µg/m³,2025-11-04 00:00:00+05:30,29.2,19.95022,73.73148,2025,11
3409453,MIDC Ambad,12238130,pm25,µg/m³,2025-11-05 00:00:00+05:30,30.8,19.95022,73.73148,2025,11
3409453,MIDC Ambad,12238130,pm25,µg/m³,2025-11-06 00:00:00+05:30,33.1,19.95022,73.73148,2025,11
3409453,MIDC Ambad,12238130,pm25,µg/m³,2025-11-07 00:00:00+05:30,28.2,19.95022,73.73148,2025,11
3409453,MIDC Ambad,12238130,pm25,µg/m³,2025-11-08 00:00:00+05:30,22.4,19.95022,73.73148,2025,11
3409453,MIDC Ambad,12238130,pm25,µg/m³,2025-11-09 00:00:00+05:30,26.5,19.95022,73.73148,2025,11
3409453,MIDC Ambad,12238130,pm25,µg/m³,2025-11-10 00:00:00+05:30,41.2,19.95022,73.73148,2025,11
3409453,MIDC Ambad,12238130,pm25,µg/m³,2025-11-11 00:00:00+05:30,46.7,19.95022,73.73148,2025,11
3409453,MIDC Ambad,12238130,pm25,µg/m³,2025-11-12 00:00:00+05:30,39.9,19.95022,73.73148,2025,11
3409453,MIDC Ambad,12238130,pm25,µg/m³,2025-11-13 00:00:00+05:30,48.2,19.95022,73.73148,2025,11
3409453,MIDC Ambad,12238130,pm25,µg/m³,2025-11-14 00:00:00+05:30,62.5,19.95022,73.73148,2025,11
3409453,MIDC Ambad,12238130,pm25,µg/m³,2025-11-15 00:00:00+05:30,56.9,19.95022,73.73148,2025,11
3409453,MIDC Ambad,12238130,pm25,µg/m³,2025-11-16 00:00:00+05:30,50.1,19.95022,73.73148,2025,11
3409453,MIDC Ambad,12238130,pm25,µg/m³,2025-11-17 00:00:00+05:30,55.4,19.95022,73.73148,2025,11
3409453,MIDC Ambad,12238130,pm25,µg/m³,2025-11-18 00:00:00+05:30,55.4,19.95022,73.73148,2025,11
3409453,MIDC Ambad,12238130,pm25,µg/m³,2025-11-19 00:00:00+05:30,61.1,19.95022,73.73148,2025,11
3409453,MIDC Ambad,12238130,pm25,µg/m³,2025-11-20 00:00:00+05:30,61.5,19.95022,73.73148,2025,11
3409453,MIDC Ambad,12238130,pm25,µg/m³,2025-11-21 00:00:00+05:30,70.9,19.95022,73.73148,2025,11
3409453,MIDC Ambad,12238130,pm25,µg/m³,2025-11-22 00:00:00+05:30,52.0,19.95022,73.73148,2025,11
3409453,MIDC Ambad,12238130,pm25,µg/m³,2025-11-23 00:00:00+05:30,50.3,19.95022,73.73148,2025,11
3409453,MIDC Ambad,12238130,pm25,µg/m³,2025-11-24 00:00:00+05:30,55.7,19.95022,73.73148,2025,11
3409453,MIDC Ambad,12238130,pm25,µg/m³,2025-11-25 00:00:00+05:30,47.3,19.95022,73.73148,2025,11
3409453,MIDC Ambad,12238130,pm25,µg/m³,2025-11-26 00:00:00+05:30,48.9,19.95022,73.73148,2025,11
3409453,MIDC Ambad,12238130,pm25,µg/m³,2025-11-27 00:00:00+05:30,50.9,19.95022,73.73148,2025,11
3409453,MIDC Ambad,12238130,pm25,µg/m³,2025-11-28 00:00:00+05:30,60.8,19.95022,73.73148,2025,11
3409453,MIDC Ambad,12238130,pm25,µg/m³,2025-11-29 00:00:00+05:30,51.0,19.95022,73.73148,2025,11
3409453,MIDC Ambad,12238130,pm25,µg/m³,2025-11-30 00:00:00+05:30,51.5,19.95022,73.73148,2025,11
3409453,MIDC Ambad,12238130,pm25,µg/m³,2025-12-01 00:00:00+05:30,58.3,19.95022,73.73148,2025,12
3409453,MIDC Ambad,12238130,pm25,µg/m³,2025-12-02 00:00:00+05:30,69.2,19.95022,73.73148,2025,12
3409453,MIDC Ambad,12238130,pm25,µg/m³,2025-12-03 00:00:00+05:30,67.5,19.95022,73.73148,2025,12
3409453,MIDC Ambad,12238130,pm25,µg/m³,2025-12-04 00:00:00+05:30,70.6,19.95022,73.73148,2025,12
3409453,MIDC Ambad,12238130,pm25,µg/m³,2025-12-05 00:00:00+05:30,65.2,19.95022,73.73148,2025,12
3409453,MIDC Ambad,12238130,pm25,µg/m³,2025-12-06 00:00:00+05:30,60.1,19.95022,73.73148,2025,12
3409453,MIDC Ambad,12238130,pm25,µg/m³,2025-12-07 00:00:00+05:30,59.3,19.95022,73.73148,2025,12
3409453,MIDC Ambad,12238130,pm25,µg/m³,2025-12-08 00:00:00+05:30,51.1,19.95022,73.73148,2025,12
3409453,MIDC Ambad,12238130,pm25,µg/m³,2025-12-09 00:00:00+05:30,57.9,19.95022,73.73148,2025,12
3409453,MIDC Ambad,12238130,pm25,µg/m³,2025-12-10 00:00:00+05:30,49.7,19.95022,73.73148,2025,12
3409453,MIDC Ambad,12238130,pm25,µg/m³,2025-12-11 00:00:00+05:30,55.2,19.95022,73.73148,2025,12
3409453,MIDC Ambad,12238130,pm25,µg/m³,2025-12-12 00:00:00+05:30,64.1,19.95022,73.73148,2025,12
3409453,MIDC Ambad,12238130,pm25,µg/m³,2025-12-13 00:00:00+05:30,65.2,19.95022,73.73148,2025,12
3409453,MIDC Ambad,12238130,pm25,µg/m³,2025-12-14 00:00:00+05:30,48.5,19.95022,73.73148,2025,12
3409453,MIDC Ambad,12238130,pm25,µg/m³,2025-12-15 00:00:00+05:30,58.7,19.95022,73.73148,2025,12
3409453,MIDC Ambad,12238130,pm25,µg/m³,2025-12-16 00:00:00+05:30,51.1,19.95022,73.73148,2025,12
3409453,MIDC Ambad,12238130,pm25,µg/m³,2025-12-17 00:00:00+05:30,64.3,19.95022,73.73148,2025,12
3409453,MIDC Ambad,12238130,pm25,µg/m³,2025-12-18 00:00:00+05:30,57.0,19.95022,73.73148,2025,12
3409453,MIDC Ambad,12238130,pm25,µg/m³,2025-12-19 00:00:00+05:30,54.0,19.95022,73.73148,2025,12
3409453,MIDC Ambad,12238130,pm25,µg/m³,2025-12-20 00:00:00+05:30,56.0,19.95022,73.73148,2025,12
3409453,MIDC Ambad,12238130,pm25,µg/m³,2025-12-21 00:00:00+05:30,45.9,19.95022,73.73148,2025,12
3409453,MIDC Ambad,12238130,pm25,µg/m³,2025-12-22 00:00:00+05:30,58.5,19.95022,73.73148,2025,12
3409453,MIDC Ambad,12238130,pm25,µg/m³,2025-12-23 00:00:00+05:30,49.3,19.95022,73.73148,2025,12
3409453,MIDC Ambad,12238130,pm25,µg/m³,2025-12-24 00:00:00+05:30,38.0,19.95022,73.73148,2025,12
3409453,MIDC Ambad,12238130,pm25,µg/m³,2025-12-25 00:00:00+05:30,46.4,19.95022,73.73148,2025,12
3409453,MIDC Ambad,12238130,pm25,µg/m³,2025-12-26 00:00:00+05:30,59.4,19.95022,73.73148,2025,12
3409453,MIDC Ambad,12238130,pm25,µg/m³,2025-12-27 00:00:00+05:30,52.3,19.95022,73.73148,2025,12
3409453,MIDC Ambad,12238130,pm25,µg/m³,2025-12-28 00:00:00+05:30,53.3,19.95022,73.73148,2025,12
3409453,MIDC Ambad,12238130,pm25,µg/m³,2025-12-29 00:00:00+05:30,66.1,19.95022,73.73148,2025,12
3409453,MIDC Ambad,12238130,pm25,µg/m³,2025-12-30 00:00:00+05:30,56.2,19.95022,73.73148,2025,12
3409453,MIDC Ambad,12238130,pm25,µg/m³,2025-12-31 00:00:00+05:30,58.0,19.95022,73.73148,2025,12
3409451,Pandav Nagari,12238112,pm25,µg/m³,2025-02-19 00:00:00+05:30,52.0,19.9591346,73.7788008,2025,2
3409451,Pandav Nagari,12238112,pm25,µg/m³,2025-02-20 00:00:00+05:30,51.8,19.9591346,73.7788008,2025,2
3409451,Pandav Nagari,12238112,pm25,µg/m³,2025-02-21 00:00:00+05:30,30.3,19.9591346,73.7788008,2025,2
3409451,Pandav Nagari,12238112,pm25,µg/m³,2025-02-22 00:00:00+05:30,49.1,19.9591346,73.7788008,2025,2
3409451,Pandav Nagari,12238112,pm25,µg/m³,2025-02-24 00:00:00+05:30,107.0,19.9591346,73.7788008,2025,2
3409451,Pandav Nagari,12238112,pm25,µg/m³,2025-02-25 00:00:00+05:30,70.0,19.9591346,73.7788008,2025,2
3409451,Pandav Nagari,12238112,pm25,µg/m³,2025-02-26 00:00:00+05:30,67.7,19.9591346,73.7788008,2025,2
3409451,Pandav Nagari,12238112,pm25,µg/m³,2025-02-27 00:00:00+05:30,72.8,19.9591346,73.7788008,2025,2
3409451,Pandav Nagari,12238112,pm25,µg/m³,2025-02-28 00:00:00+05:30,68.0,19.9591346,73.7788008,2025,2
3409451,Pandav Nagari,12238112,pm25,µg/m³,2025-03-01 00:00:00+05:30,72.9,19.9591346,73.7788008,2025,3
3409451,Pandav Nagari,12238112,pm25,µg/m³,2025-03-02 00:00:00+05:30,47.5,19.9591346,73.7788008,2025,3
3409451,Pandav Nagari,12238112,pm25,µg/m³,2025-03-03 00:00:00+05:30,43.3,19.9591346,73.7788008,2025,3
3409451,Pandav Nagari,12238112,pm25,µg/m³,2025-03-04 00:00:00+05:30,38.2,19.9591346,73.7788008,2025,3
3409451,Pandav Nagari,12238112,pm25,µg/m³,2025-03-05 00:00:00+05:30,37.9,19.9591346,73.7788008,2025,3
3409451,Pandav Nagari,12238112,pm25,µg/m³,2025-03-06 00:00:00+05:30,36.7,19.9591346,73.7788008,2025,3
3409451,Pandav Nagari,12238112,pm25,µg/m³,2025-03-07 00:00:00+05:30,53.7,19.9591346,73.7788008,2025,3
3409451,Pandav Nagari,12238112,pm25,µg/m³,2025-03-08 00:00:00+05:30,32.5,19.9591346,73.7788008,2025,3
3409451,Pandav Nagari,12238112,pm25,µg/m³,2025-03-09 00:00:00+05:30,81.9,19.9591346,73.7788008,2025,3
3409451,Pandav Nagari,12238112,pm25,µg/m³,2025-03-10 00:00:00+05:30,67.7,19.9591346,73.7788008,2025,3
3409451,Pandav Nagari,12238112,pm25,µg/m³,2025-03-11 00:00:00+05:30,86.4,19.9591346,73.7788008,2025,3
3409451,Pandav Nagari,12238112,pm25,µg/m³,2025-03-12 00:00:00+05:30,81.8,19.9591346,73.7788008,2025,3
3409451,Pandav Nagari,12238112,pm25,µg/m³,2025-03-13 00:00:00+05:30,92.6,19.9591346,73.7788008,2025,3
3409451,Pandav Nagari,12238112,pm25,µg/m³,2025-03-14 00:00:00+05:30,56.9,19.9591346,73.7788008,2025,3
3409451,Pandav Nagari,12238112,pm25,µg/m³,2025-03-15 00:00:00+05:30,36.8,19.9591346,73.7788008,2025,3
3409451,Pandav Nagari,12238112,pm25,µg/m³,2025-03-16 00:00:00+05:30,39.5,19.9591346,73.7788008,2025,3
3409451,Pandav Nagari,12238112,pm25,µg/m³,2025-03-17 00:00:00+05:30,57.4,19.9591346,73.7788008,2025,3
3409451,Pandav Nagari,12238112,pm25,µg/m³,2025-03-18 00:00:00+05:30,63.9,19.9591346,73.7788008,2025,3
3409451,Pandav Nagari,12238112,pm25,µg/m³,2025-03-19 00:00:00+05:30,64.1,19.9591346,73.7788008,2025,3
3409451,Pandav Nagari,12238112,pm25,µg/m³,2025-03-20 00:00:00+05:30,38.0,19.9591346,73.7788008,2025,3
3409451,Pandav Nagari,12238112,pm25,µg/m³,2025-03-21 00:00:00+05:30,29.1,19.9591346,73.7788008,2025,3
3409451,Pandav Nagari,12238112,pm25,µg/m³,2025-03-22 00:00:00+05:30,39.3,19.9591346,73.7788008,2025,3
3409451,Pandav Nagari,12238112,pm25,µg/m³,2025-03-23 00:00:00+05:30,51.2,19.9591346,73.7788008,2025,3
3409451,Pandav Nagari,12238112,pm25,µg/m³,2025-03-24 00:00:00+05:30,56.2,19.9591346,73.7788008,2025,3
3409451,Pandav Nagari,12238112,pm25,µg/m³,2025-03-25 00:00:00+05:30,77.9,19.9591346,73.7788008,2025,3
3409451,Pandav Nagari,12238112,pm25,µg/m³,2025-03-26 00:00:00+05:30,61.7,19.9591346,73.7788008,2025,3
3409451,Pandav Nagari,12238112,pm25,µg/m³,2025-03-27 00:00:00+05:30,35.7,19.9591346,73.7788008,2025,3
3409451,Pandav Nagari,12238112,pm25,µg/m³,2025-03-28 00:00:00+05:30,35.7,19.9591346,73.7788008,2025,3
3409451,Pandav Nagari,12238112,pm25,µg/m³,2025-03-29 00:00:00+05:30,67.9,19.9591346,73.7788008,2025,3
3409451,Pandav Nagari,12238112,pm25,µg/m³,2025-03-30 00:00:00+05:30,65.3,19.9591346,73.7788008,2025,3
3409451,Pandav Nagari,12238112,pm25,µg/m³,2025-03-31 00:00:00+05:30,76.7,19.9591346,73.7788008,2025,3
3409451,Pandav Nagari,12238112,pm25,µg/m³,2025-04-01 00:00:00+05:30,70.9,19.9591346,73.7788008,2025,4
3409451,Pandav Nagari,12238112,pm25,µg/m³,2025-04-02 00:00:00+05:30,71.0,19.9591346,73.7788008,2025,4
3409451,Pandav Nagari,12238112,pm25,µg/m³,2025-04-03 00:00:00+05:30,65.6,19.9591346,73.7788008,2025,4
3409451,Pandav Nagari,12238112,pm25,µg/m³,2025-04-04 00:00:00+05:30,48.6,19.9591346,73.7788008,2025,4
3409451,Pandav Nagari,12238112,pm25,µg/m³,2025-04-05 00:00:00+05:30,40.3,19.9591346,73.7788008,2025,4
3409451,Pandav Nagari,12238112,pm25,µg/m³,2025-04-06 00:00:00+05:30,34.2,19.9591346,73.7788008,2025,4
3409451,Pandav Nagari,12238112,pm25,µg/m³,2025-04-07 00:00:00+05:30,46.1,19.9591346,73.7788008,2025,4
3409451,Pandav Nagari,12238112,pm25,µg/m³,2025-04-08 00:00:00+05:30,32.6,19.9591346,73.7788008,2025,4
3409451,Pandav Nagari,12238112,pm25,µg/m³,2025-04-09 00:00:00+05:30,43.1,19.9591346,73.7788008,2025,4
3409451,Pandav Nagari,12238112,pm25,µg/m³,2025-04-11 00:00:00+05:30,32.3,19.9591346,73.7788008,2025,4
3409451,Pandav Nagari,12238112,pm25,µg/m³,2025-04-12 00:00:00+05:30,55.3,19.9591346,73.7788008,2025,4
3409451,Pandav Nagari,12238112,pm25,µg/m³,2025-04-13 00:00:00+05:30,32.8,19.9591346,73.7788008,2025,4
3409451,Pandav Nagari,12238112,pm25,µg/m³,2025-04-14 00:00:00+05:30,34.2,19.9591346,73.7788008,2025,4
3409451,Pandav Nagari,12238112,pm25,µg/m³,2025-04-15 00:00:00+05:30,26.5,19.9591346,73.7788008,2025,4
3409451,Pandav Nagari,12238112,pm25,µg/m³,2025-04-16 00:00:00+05:30,33.4,19.9591346,73.7788008,2025,4
3409451,Pandav Nagari,12238112,pm25,µg/m³,2025-04-17 00:00:00+05:30,33.4,19.9591346,73.7788008,2025,4
3409451,Pandav Nagari,12238112,pm25,µg/m³,2025-04-18 00:00:00+05:30,31.7,19.9591346,73.7788008,2025,4
3409451,Pandav Nagari,12238112,pm25,µg/m³,2025-04-19 00:00:00+05:30,24.6,19.9591346,73.7788008,2025,4
3409451,Pandav Nagari,12238112,pm25,µg/m³,2025-04-20 00:00:00+05:30,32.9,19.9591346,73.7788008,2025,4
3409451,Pandav Nagari,12238112,pm25,µg/m³,2025-04-21 00:00:00+05:30,32.1,19.9591346,73.7788008,2025,4
3409451,Pandav Nagari,12238112,pm25,µg/m³,2025-04-22 00:00:00+05:30,38.4,19.9591346,73.7788008,2025,4
3409451,Pandav Nagari,12238112,pm25,µg/m³,2025-04-23 00:00:00+05:30,44.8,19.9591346,73.7788008,2025,4
3409451,Pandav Nagari,12238112,pm25,µg/m³,2025-04-24 00:00:00+05:30,49.4,19.9591346,73.7788008,2025,4
3409451,Pandav Nagari,12238112,pm25,µg/m³,2025-04-25 00:00:00+05:30,37.5,19.9591346,73.7788008,2025,4
3409451,Pandav Nagari,12238112,pm25,µg/m³,2025-04-26 00:00:00+05:30,30.6,19.9591346,73.7788008,2025,4
3409451,Pandav Nagari,12238112,pm25,µg/m³,2025-04-27 00:00:00+05:30,35.4,19.9591346,73.7788008,2025,4
3409451,Pandav Nagari,12238112,pm25,µg/m³,2025-04-28 00:00:00+05:30,39.2,19.9591346,73.7788008,2025,4
3409451,Pandav Nagari,12238112,pm25,µg/m³,2025-04-29 00:00:00+05:30,36.9,19.9591346,73.7788008,2025,4
3409451,Pandav Nagari,12238112,pm25,µg/m³,2025-04-30 00:00:00+05:30,32.6,19.9591346,73.7788008,2025,4
3409451,Pandav Nagari,12238112,pm25,µg/m³,2025-05-01 00:00:00+05:30,32.1,19.9591346,73.7788008,2025,5
3409451,Pandav Nagari,12238112,pm25,µg/m³,2025-05-02 00:00:00+05:30,25.0,19.9591346,73.7788008,2025,5
3409451,Pandav Nagari,12238112,pm25,µg/m³,2025-05-03 00:00:00+05:30,19.0,19.9591346,73.7788008,2025,5
3409451,Pandav Nagari,12238112,pm25,µg/m³,2025-05-04 00:00:00+05:30,21.0,19.9591346,73.7788008,2025,5
3409451,Pandav Nagari,12238112,pm25,µg/m³,2025-05-05 00:00:00+05:30,24.2,19.9591346,73.7788008,2025,5
3409451,Pandav Nagari,12238112,pm25,µg/m³,2025-05-06 00:00:00+05:30,19.3,19.9591346,73.7788008,2025,5
3409451,Pandav Nagari,12238112,pm25,µg/m³,2025-05-07 00:00:00+05:30,17.8,19.9591346,73.7788008,2025,5
3409451,Pandav Nagari,12238112,pm25,µg/m³,2025-05-08 00:00:00+05:30,6.05,19.9591346,73.7788008,2025,5
3409451,Pandav Nagari,12238112,pm25,µg/m³,2025-05-09 00:00:00+05:30,10.0,19.9591346,73.7788008,2025,5
3409451,Pandav Nagari,12238112,pm25,µg/m³,2025-05-10 00:00:00+05:30,16.5,19.9591346,73.7788008,2025,5
3409451,Pandav Nagari,12238112,pm25,µg/m³,2025-05-11 00:00:00+05:30,20.0,19.9591346,73.7788008,2025,5
3409451,Pandav Nagari,12238112,pm25,µg/m³,2025-05-12 00:00:00+05:30,23.5,19.9591346,73.7788008,2025,5
3409451,Pandav Nagari,12238112,pm25,µg/m³,2025-05-13 00:00:00+05:30,28.9,19.9591346,73.7788008,2025,5
3409451,Pandav Nagari,12238112,pm25,µg/m³,2025-05-14 00:00:00+05:30,23.9,19.9591346,73.7788008,2025,5
3409451,Pandav Nagari,12238112,pm25,µg/m³,2025-05-15 00:00:00+05:30,25.2,19.9591346,73.7788008,2025,5
3409451,Pandav Nagari,12238112,pm25,µg/m³,2025-05-16 00:00:00+05:30,24.4,19.9591346,73.7788008,2025,5
3409451,Pandav Nagari,12238112,pm25,µg/m³,2025-05-17 00:00:00+05:30,19.6,19.9591346,73.7788008,2025,5
3409451,Pandav Nagari,12238112,pm25,µg/m³,2025-05-18 00:00:00+05:30,17.2,19.9591346,73.7788008,2025,5
3409451,Pandav Nagari,12238112,pm25,µg/m³,2025-05-19 00:00:00+05:30,21.1,19.9591346,73.7788008,2025,5
3409451,Pandav Nagari,12238112,pm25,µg/m³,2025-05-20 00:00:00+05:30,33.1,19.9591346,73.7788008,2025,5
3409451,Pandav Nagari,12238112,pm25,µg/m³,2025-05-21 00:00:00+05:30,31.4,19.9591346,73.7788008,2025,5
3409451,Pandav Nagari,12238112,pm25,µg/m³,2025-05-22 00:00:00+05:30,28.1,19.9591346,73.7788008,2025,5
3409451,Pandav Nagari,12238112,pm25,µg/m³,2025-05-23 00:00:00+05:30,23.9,19.9591346,73.7788008,2025,5
3409451,Pandav Nagari,12238112,pm25,µg/m³,2025-05-24 00:00:00+05:30,30.0,19.9591346,73.7788008,2025,5
3409451,Pandav Nagari,12238112,pm25,µg/m³,2025-05-25 00:00:00+05:30,34.4,19.9591346,73.7788008,2025,5
3409451,Pandav Nagari,12238112,pm25,µg/m³,2025-05-26 00:00:00+05:30,11.6,19.9591346,73.7788008,2025,5
3409451,Pandav Nagari,12238112,pm25,µg/m³,2025-05-27 00:00:00+05:30,23.6,19.9591346,73.7788008,2025,5
3409451,Pandav Nagari,12238112,pm25,µg/m³,2025-05-28 00:00:00+05:30,18.7,19.9591346,73.7788008,2025,5
3409451,Pandav Nagari,12238112,pm25,µg/m³,2025-05-29 00:00:00+05:30,14.7,19.9591346,73.7788008,2025,5
3409451,Pandav Nagari,12238112,pm25,µg/m³,2025-05-30 00:00:00+05:30,21.4,19.9591346,73.7788008,2025,5
3409451,Pandav Nagari,12238112,pm25,µg/m³,2025-05-31 00:00:00+05:30,30.8,19.9591346,73.7788008,2025,5
3409451,Pandav Nagari,12238112,pm25,µg/m³,2025-06-01 00:00:00+05:30,26.2,19.9591346,73.7788008,2025,6
3409451,Pandav Nagari,12238112,pm25,µg/m³,2025-06-02 00:00:00+05:30,15.1,19.9591346,73.7788008,2025,6
3409451,Pandav Nagari,12238112,pm25,µg/m³,2025-06-03 00:00:00+05:30,11.5,19.9591346,73.7788008,2025,6
3409451,Pandav Nagari,12238112,pm25,µg/m³,2025-06-04 00:00:00+05:30,12.8,19.9591346,73.7788008,2025,6
3409451,Pandav Nagari,12238112,pm25,µg/m³,2025-06-05 00:00:00+05:30,18.8,19.9591346,73.7788008,2025,6
3409451,Pandav Nagari,12238112,pm25,µg/m³,2025-06-06 00:00:00+05:30,23.1,19.9591346,73.7788008,2025,6
3409451,Pandav Nagari,12238112,pm25,µg/m³,2025-06-07 00:00:00+05:30,16.9,19.9591346,73.7788008,2025,6
3409451,Pandav Nagari,12238112,pm25,µg/m³,2025-06-08 00:00:00+05:30,20.1,19.9591346,73.7788008,2025,6
3409451,Pandav Nagari,12238112,pm25,µg/m³,2025-06-09 00:00:00+05:30,20.8,19.9591346,73.7788008,2025,6
3409451,Pandav Nagari,12238112,pm25,µg/m³,2025-06-10 00:00:00+05:30,20.3,19.9591346,73.7788008,2025,6
3409451,Pandav Nagari,12238112,pm25,µg/m³,2025-06-11 00:00:00+05:30,14.9,19.9591346,73.7788008,2025,6
3409451,Pandav Nagari,12238112,pm25,µg/m³,2025-06-12 00:00:00+05:30,20.8,19.9591346,73.7788008,2025,6
3409451,Pandav Nagari,12238112,pm25,µg/m³,2025-06-13 00:00:00+05:30,21.0,19.9591346,73.7788008,2025,6
3409451,Pandav Nagari,12238112,pm25,µg/m³,2025-06-14 00:00:00+05:30,24.7,19.9591346,73.7788008,2025,6
3409451,Pandav Nagari,12238112,pm25,µg/m³,2025-06-15 00:00:00+05:30,21.4,19.9591346,73.7788008,2025,6
3409451,Pandav Nagari,12238112,pm25,µg/m³,2025-06-16 00:00:00+05:30,11.3,19.9591346,73.7788008,2025,6
3409451,Pandav Nagari,12238112,pm25,µg/m³,2025-06-17 00:00:00+05:30,18.5,19.9591346,73.7788008,2025,6
3409451,Pandav Nagari,12238112,pm25,µg/m³,2025-06-18 00:00:00+05:30,12.0,19.9591346,73.7788008,2025,6
3409451,Pandav Nagari,12238112,pm25,µg/m³,2025-06-19 00:00:00+05:30,9.45,19.9591346,73.7788008,2025,6
3409451,Pandav Nagari,12238112,pm25,µg/m³,2025-06-20 00:00:00+05:30,13.5,19.9591346,73.7788008,2025,6
3409451,Pandav Nagari,12238112,pm25,µg/m³,2025-06-21 00:00:00+05:30,13.0,19.9591346,73.7788008,2025,6
3409451,Pandav Nagari,12238112,pm25,µg/m³,2025-06-22 00:00:00+05:30,18.1,19.9591346,73.7788008,2025,6
3409451,Pandav Nagari,12238112,pm25,µg/m³,2025-06-23 00:00:00+05:30,10.9,19.9591346,73.7788008,2025,6
3409451,Pandav Nagari,12238112,pm25,µg/m³,2025-06-24 00:00:00+05:30,13.9,19.9591346,73.7788008,2025,6
3409451,Pandav Nagari,12238112,pm25,µg/m³,2025-06-25 00:00:00+05:30,17.8,19.9591346,73.7788008,2025,6
3409451,Pandav Nagari,12238112,pm25,µg/m³,2025-06-26 00:00:00+05:30,14.3,19.9591346,73.7788008,2025,6
3409451,Pandav Nagari,12238112,pm25,µg/m³,2025-06-27 00:00:00+05:30,13.4,19.9591346,73.7788008,2025,6
3409451,Pandav Nagari,12238112,pm25,µg/m³,2025-06-28 00:00:00+05:30,21.7,19.9591346,73.7788008,2025,6
3409451,Pandav Nagari,12238112,pm25,µg/m³,2025-06-29 00:00:00+05:30,11.5,19.9591346,73.7788008,2025,6
3409451,Pandav Nagari,12238112,pm25,µg/m³,2025-06-30 00:00:00+05:30,12.7,19.9591346,73.7788008,2025,6
3409451,Pandav Nagari,12238112,pm25,µg/m³,2025-07-01 00:00:00+05:30,9.01,19.9591346,73.7788008,2025,7
3409451,Pandav Nagari,12238112,pm25,µg/m³,2025-07-02 00:00:00+05:30,6.62,19.9591346,73.7788008,2025,7
3409451,Pandav Nagari,12238112,pm25,µg/m³,2025-07-03 00:00:00+05:30,7.62,19.9591346,73.7788008,2025,7
3409451,Pandav Nagari,12238112,pm25,µg/m³,2025-07-04 00:00:00+05:30,8.16,19.9591346,73.7788008,2025,7
3409451,Pandav Nagari,12238112,pm25,µg/m³,2025-07-05 00:00:00+05:30,6.06,19.9591346,73.7788008,2025,7
3409451,Pandav Nagari,12238112,pm25,µg/m³,2025-07-06 00:00:00+05:30,10.2,19.9591346,73.7788008,2025,7
3409451,Pandav Nagari,12238112,pm25,µg/m³,2025-07-07 00:00:00+05:30,15.0,19.9591346,73.7788008,2025,7
3409451,Pandav Nagari,12238112,pm25,µg/m³,2025-07-08 00:00:00+05:30,13.8,19.9591346,73.7788008,2025,7
3409451,Pandav Nagari,12238112,pm25,µg/m³,2025-07-09 00:00:00+05:30,19.2,19.9591346,73.7788008,2025,7
3409451,Pandav Nagari,12238112,pm25,µg/m³,2025-07-10 00:00:00+05:30,15.0,19.9591346,73.7788008,2025,7
3409451,Pandav Nagari,12238112,pm25,µg/m³,2025-07-11 00:00:00+05:30,14.8,19.9591346,73.7788008,2025,7
3409451,Pandav Nagari,12238112,pm25,µg/m³,2025-07-12 00:00:00+05:30,10.4,19.9591346,73.7788008,2025,7
3409451,Pandav Nagari,12238112,pm25,µg/m³,2025-07-13 00:00:00+05:30,14.8,19.9591346,73.7788008,2025,7
3409451,Pandav Nagari,12238112,pm25,µg/m³,2025-07-14 00:00:00+05:30,6.57,19.9591346,73.7788008,2025,7
3409451,Pandav Nagari,12238112,pm25,µg/m³,2025-07-15 00:00:00+05:30,11.1,19.9591346,73.7788008,2025,7
3409451,Pandav Nagari,12238112,pm25,µg/m³,2025-07-16 00:00:00+05:30,17.2,19.9591346,73.7788008,2025,7
3409451,Pandav Nagari,12238112,pm25,µg/m³,2025-07-17 00:00:00+05:30,17.4,19.9591346,73.7788008,2025,7
3409451,Pandav Nagari,12238112,pm25,µg/m³,2025-07-18 00:00:00+05:30,17.8,19.9591346,73.7788008,2025,7
3409451,Pandav Nagari,12238112,pm25,µg/m³,2025-07-19 00:00:00+05:30,13.7,19.9591346,73.7788008,2025,7
3409451,Pandav Nagari,12238112,pm25,µg/m³,2025-07-20 00:00:00+05:30,11.1,19.9591346,73.7788008,2025,7
3409451,Pandav Nagari,12238112,pm25,µg/m³,2025-07-21 00:00:00+05:30,9.29,19.9591346,73.7788008,2025,7
3409451,Pandav Nagari,12238112,pm25,µg/m³,2025-07-22 00:00:00+05:30,9.57,19.9591346,73.7788008,2025,7
3409451,Pandav Nagari,12238112,pm25,µg/m³,2025-07-23 00:00:00+05:30,10.7,19.9591346,73.7788008,2025,7
3409451,Pandav Nagari,12238112,pm25,µg/m³,2025-07-24 00:00:00+05:30,13.5,19.9591346,73.7788008,2025,7
3409451,Pandav Nagari,12238112,pm25,µg/m³,2025-07-25 00:00:00+05:30,7.98,19.9591346,73.7788008,2025,7
3409451,Pandav Nagari,12238112,pm25,µg/m³,2025-07-26 00:00:00+05:30,6.1,19.9591346,73.7788008,2025,7
3409451,Pandav Nagari,12238112,pm25,µg/m³,2025-07-27 00:00:00+05:30,8.75,19.9591346,73.7788008,2025,7
3409451,Pandav Nagari,12238112,pm25,µg/m³,2025-07-28 00:00:00+05:30,8.32,19.9591346,73.7788008,2025,7
3409451,Pandav Nagari,12238112,pm25,µg/m³,2025-07-29 00:00:00+05:30,12.5,19.9591346,73.7788008,2025,7
3409451,Pandav Nagari,12238112,pm25,µg/m³,2025-07-30 00:00:00+05:30,18.1,19.9591346,73.7788008,2025,7
3409451,Pandav Nagari,12238112,pm25,µg/m³,2025-07-31 00:00:00+05:30,21.4,19.9591346,73.7788008,2025,7
3409451,Pandav Nagari,12238112,pm25,µg/m³,2025-08-01 00:00:00+05:30,23.5,19.9591346,73.7788008,2025,8
3409451,Pandav Nagari,12238112,pm25,µg/m³,2025-08-02 00:00:00+05:30,22.7,19.9591346,73.7788008,2025,8
3409451,Pandav Nagari,12238112,pm25,µg/m³,2025-08-03 00:00:00+05:30,22.4,19.9591346,73.7788008,2025,8
3409451,Pandav Nagari,12238112,pm25,µg/m³,2025-08-04 00:00:00+05:30,23.2,19.9591346,73.7788008,2025,8
3409451,Pandav Nagari,12238112,pm25,µg/m³,2025-08-05 00:00:00+05:30,23.4,19.9591346,73.7788008,2025,8
3409451,Pandav Nagari,12238112,pm25,µg/m³,2025-08-06 00:00:00+05:30,25.1,19.9591346,73.7788008,2025,8
3409451,Pandav Nagari,12238112,pm25,µg/m³,2025-08-07 00:00:00+05:30,21.2,19.9591346,73.7788008,2025,8
3409451,Pandav Nagari,12238112,pm25,µg/m³,2025-08-08 00:00:00+05:30,29.8,19.9591346,73.7788008,2025,8
3409451,Pandav Nagari,12238112,pm25,µg/m³,2025-08-09 00:00:00+05:30,28.4,19.9591346,73.7788008,2025,8
3409451,Pandav Nagari,12238112,pm25,µg/m³,2025-08-10 00:00:00+05:30,26.3,19.9591346,73.7788008,2025,8
3409451,Pandav Nagari,12238112,pm25,µg/m³,2025-08-11 00:00:00+05:30,28.6,19.9591346,73.7788008,2025,8
3409451,Pandav Nagari,12238112,pm25,µg/m³,2025-08-12 00:00:00+05:30,25.1,19.9591346,73.7788008,2025,8
3409451,Pandav Nagari,12238112,pm25,µg/m³,2025-08-13 00:00:00+05:30,21.5,19.9591346,73.7788008,2025,8
3409451,Pandav Nagari,12238112,pm25,µg/m³,2025-08-14 00:00:00+05:30,22.1,19.9591346,73.7788008,2025,8
3409451,Pandav Nagari,12238112,pm25,µg/m³,2025-08-15 00:00:00+05:30,20.9,19.9591346,73.7788008,2025,8
3409451,Pandav Nagari,12238112,pm25,µg/m³,2025-08-16 00:00:00+05:30,17.4,19.9591346,73.7788008,2025,8
3409451,Pandav Nagari,12238112,pm25,µg/m³,2025-08-17 00:00:00+05:30,20.7,19.9591346,73.7788008,2025,8
3409451,Pandav Nagari,12238112,pm25,µg/m³,2025-08-18 00:00:00+05:30,19.1,19.9591346,73.7788008,2025,8
3409451,Pandav Nagari,12238112,pm25,µg/m³,2025-08-19 00:00:00+05:30,13.1,19.9591346,73.7788008,2025,8
3409451,Pandav Nagari,12238112,pm25,µg/m³,2025-08-20 00:00:00+05:30,5.37,19.9591346,73.7788008,2025,8
3409451,Pandav Nagari,12238112,pm25,µg/m³,2025-08-21 00:00:00+05:30,5.81,19.9591346,73.7788008,2025,8
3409451,Pandav Nagari,12238112,pm25,µg/m³,2025-08-22 00:00:00+05:30,10.0,19.9591346,73.7788008,2025,8
3409451,Pandav Nagari,12238112,pm25,µg/m³,2025-08-23 00:00:00+05:30,9.71,19.9591346,73.7788008,2025,8
3409451,Pandav Nagari,12238112,pm25,µg/m³,2025-08-24 00:00:00+05:30,9.83,19.9591346,73.7788008,2025,8
3409451,Pandav Nagari,12238112,pm25,µg/m³,2025-08-25 00:00:00+05:30,10.8,19.9591346,73.7788008,2025,8
3409451,Pandav Nagari,12238112,pm25,µg/m³,2025-08-26 00:00:00+05:30,7.52,19.9591346,73.7788008,2025,8
3409451,Pandav Nagari,12238112,pm25,µg/m³,2025-08-27 00:00:00+05:30,9.5,19.9591346,73.7788008,2025,8
3409451,Pandav Nagari,12238112,pm25,µg/m³,2025-08-28 00:00:00+05:30,15.7,19.9591346,73.7788008,2025,8
3409451,Pandav Nagari,12238112,pm25,µg/m³,2025-08-29 00:00:00+05:30,10.8,19.9591346,73.7788008,2025,8
3409451,Pandav Nagari,12238112,pm25,µg/m³,2025-08-30 00:00:00+05:30,9.05,19.9591346,73.7788008,2025,8
3409451,Pandav Nagari,12238112,pm25,µg/m³,2025-08-31 00:00:00+05:30,7.92,19.9591346,73.7788008,2025,8
3409451,Pandav Nagari,12238112,pm25,µg/m³,2025-09-01 00:00:00+05:30,7.43,19.9591346,73.7788008,2025,9
3409451,Pandav Nagari,12238112,pm25,µg/m³,2025-09-02 00:00:00+05:30,12.4,19.9591346,73.7788008,2025,9
3409451,Pandav Nagari,12238112,pm25,µg/m³,2025-09-03 00:00:00+05:30,17.9,19.9591346,73.7788008,2025,9
3409451,Pandav Nagari,12238112,pm25,µg/m³,2025-09-04 00:00:00+05:30,15.7,19.9591346,73.7788008,2025,9
3409451,Pandav Nagari,12238112,pm25,µg/m³,2025-09-05 00:00:00+05:30,11.6,19.9591346,73.7788008,2025,9
3409451,Pandav Nagari,12238112,pm25,µg/m³,2025-09-06 00:00:00+05:30,8.8,19.9591346,73.7788008,2025,9
3409451,Pandav Nagari,12238112,pm25,µg/m³,2025-09-07 00:00:00+05:30,5.63,19.9591346,73.7788008,2025,9
3409451,Pandav Nagari,12238112,pm25,µg/m³,2025-09-08 00:00:00+05:30,10.6,19.9591346,73.7788008,2025,9
3409451,Pandav Nagari,12238112,pm25,µg/m³,2025-09-09 00:00:00+05:30,19.2,19.9591346,73.7788008,2025,9
3409451,Pandav Nagari,12238112,pm25,µg/m³,2025-09-10 00:00:00+05:30,28.7,19.9591346,73.7788008,2025,9
3409451,Pandav Nagari,12238112,pm25,µg/m³,2025-09-11 00:00:00+05:30,23.8,19.9591346,73.7788008,2025,9
3409451,Pandav Nagari,12238112,pm25,µg/m³,2025-09-12 00:00:00+05:30,20.9,19.9591346,73.7788008,2025,9
3409451,Pandav Nagari,12238112,pm25,µg/m³,2025-09-13 00:00:00+05:30,28.2,19.9591346,73.7788008,2025,9
3409451,Pandav Nagari,12238112,pm25,µg/m³,2025-09-14 00:00:00+05:30,39.9,19.9591346,73.7788008,2025,9
3409451,Pandav Nagari,12238112,pm25,µg/m³,2025-09-15 00:00:00+05:30,54.4,19.9591346,73.7788008,2025,9
3409451,Pandav Nagari,12238112,pm25,µg/m³,2025-09-16 00:00:00+05:30,17.4,19.9591346,73.7788008,2025,9
3409451,Pandav Nagari,12238112,pm25,µg/m³,2025-09-17 00:00:00+05:30,12.5,19.9591346,73.7788008,2025,9
3409451,Pandav Nagari,12238112,pm25,µg/m³,2025-09-18 00:00:00+05:30,17.3,19.9591346,73.7788008,2025,9
3409451,Pandav Nagari,12238112,pm25,µg/m³,2025-09-19 00:00:00+05:30,19.7,19.9591346,73.7788008,2025,9
3409451,Pandav Nagari,12238112,pm25,µg/m³,2025-09-20 00:00:00+05:30,10.6,19.9591346,73.7788008,2025,9
3409451,Pandav Nagari,12238112,pm25,µg/m³,2025-09-21 00:00:00+05:30,23.5,19.9591346,73.7788008,2025,9
3409451,Pandav Nagari,12238112,pm25,µg/m³,2025-09-22 00:00:00+05:30,12.9,19.9591346,73.7788008,2025,9
3409451,Pandav Nagari,12238112,pm25,µg/m³,2025-09-23 00:00:00+05:30,11.4,19.9591346,73.7788008,2025,9
3409451,Pandav Nagari,12238112,pm25,µg/m³,2025-09-24 00:00:00+05:30,16.2,19.9591346,73.7788008,2025,9
3409451,Pandav Nagari,12238112,pm25,µg/m³,2025-09-25 00:00:00+05:30,15.0,19.9591346,73.7788008,2025,9
3409451,Pandav Nagari,12238112,pm25,µg/m³,2025-09-26 00:00:00+05:30,20.8,19.9591346,73.7788008,2025,9
3409451,Pandav Nagari,12238112,pm25,µg/m³,2025-09-27 00:00:00+05:30,23.2,19.9591346,73.7788008,2025,9
3409451,Pandav Nagari,12238112,pm25,µg/m³,2025-09-28 00:00:00+05:30,7.01,19.9591346,73.7788008,2025,9
3409451,Pandav Nagari,12238112,pm25,µg/m³,2025-09-29 00:00:00+05:30,6.78,19.9591346,73.7788008,2025,9
3409451,Pandav Nagari,12238112,pm25,µg/m³,2025-09-30 00:00:00+05:30,9.77,19.9591346,73.7788008,2025,9
3409451,Pandav Nagari,12238112,pm25,µg/m³,2025-10-01 00:00:00+05:30,9.64,19.9591346,73.7788008,2025,10
3409451,Pandav Nagari,12238112,pm25,µg/m³,2025-10-02 00:00:00+05:30,9.8,19.9591346,73.7788008,2025,10
3409451,Pandav Nagari,12238112,pm25,µg/m³,2025-10-03 00:00:00+05:30,10.5,19.9591346,73.7788008,2025,10
3409451,Pandav Nagari,12238112,pm25,µg/m³,2025-10-04 00:00:00+05:30,19.6,19.9591346,73.7788008,2025,10
3409451,Pandav Nagari,12238112,pm25,µg/m³,2025-10-05 00:00:00+05:30,17.0,19.9591346,73.7788008,2025,10
3409451,Pandav Nagari,12238112,pm25,µg/m³,2025-10-06 00:00:00+05:30,10.5,19.9591346,73.7788008,2025,10
3409451,Pandav Nagari,12238112,pm25,µg/m³,2025-10-07 00:00:00+05:30,16.6,19.9591346,73.7788008,2025,10
3409451,Pandav Nagari,12238112,pm25,µg/m³,2025-10-08 00:00:00+05:30,29.2,19.9591346,73.7788008,2025,10
3409451,Pandav Nagari,12238112,pm25,µg/m³,2025-10-09 00:00:00+05:30,41.5,19.9591346,73.7788008,2025,10
3409451,Pandav Nagari,12238112,pm25,µg/m³,2025-10-10 00:00:00+05:30,50.4,19.9591346,73.7788008,2025,10
3409451,Pandav Nagari,12238112,pm25,µg/m³,2025-10-11 00:00:00+05:30,54.5,19.9591346,73.7788008,2025,10
3409451,Pandav Nagari,12238112,pm25,µg/m³,2025-10-12 00:00:00+05:30,55.1,19.9591346,73.7788008,2025,10
3409451,Pandav Nagari,12238112,pm25,µg/m³,2025-10-13 00:00:00+05:30,49.6,19.9591346,73.7788008,2025,10
3409451,Pandav Nagari,12238112,pm25,µg/m³,2025-10-14 00:00:00+05:30,56.9,19.9591346,73.7788008,2025,10
3409451,Pandav Nagari,12238112,pm25,µg/m³,2025-10-15 00:00:00+05:30,70.3,19.9591346,73.7788008,2025,10
3409451,Pandav Nagari,12238112,pm25,µg/m³,2025-10-16 00:00:00+05:30,36.9,19.9591346,73.7788008,2025,10
3409451,Pandav Nagari,12238112,pm25,µg/m³,2025-10-17 00:00:00+05:30,52.2,19.9591346,73.7788008,2025,10
3409451,Pandav Nagari,12238112,pm25,µg/m³,2025-10-18 00:00:00+05:30,67.4,19.9591346,73.7788008,2025,10
3409451,Pandav Nagari,12238112,pm25,µg/m³,2025-10-19 00:00:00+05:30,87.0,19.9591346,73.7788008,2025,10
3409451,Pandav Nagari,12238112,pm25,µg/m³,2025-10-20 00:00:00+05:30,93.2,19.9591346,73.7788008,2025,10
3409451,Pandav Nagari,12238112,pm25,µg/m³,2025-10-21 00:00:00+05:30,144.0,19.9591346,73.7788008,2025,10
3409451,Pandav Nagari,12238112,pm25,µg/m³,2025-10-22 00:00:00+05:30,59.1,19.9591346,73.7788008,2025,10
3409451,Pandav Nagari,12238112,pm25,µg/m³,2025-10-23 00:00:00+05:30,40.9,19.9591346,73.7788008,2025,10
3409451,Pandav Nagari,12238112,pm25,µg/m³,2025-10-24 00:00:00+05:30,23.7,19.9591346,73.7788008,2025,10
3409451,Pandav Nagari,12238112,pm25,µg/m³,2025-10-25 00:00:00+05:30,14.8,19.9591346,73.7788008,2025,10
3409451,Pandav Nagari,12238112,pm25,µg/m³,2025-10-26 00:00:00+05:30,10.7,19.9591346,73.7788008,2025,10
3409451,Pandav Nagari,12238112,pm25,µg/m³,2025-10-27 00:00:00+05:30,7.51,19.9591346,73.7788008,2025,10
3409451,Pandav Nagari,12238112,pm25,µg/m³,2025-10-28 00:00:00+05:30,12.5,19.9591346,73.7788008,2025,10
3409451,Pandav Nagari,12238112,pm25,µg/m³,2025-10-29 00:00:00+05:30,19.6,19.9591346,73.7788008,2025,10
3409451,Pandav Nagari,12238112,pm25,µg/m³,2025-10-30 00:00:00+05:30,18.1,19.9591346,73.7788008,2025,10
3409451,Pandav Nagari,12238112,pm25,µg/m³,2025-10-31 00:00:00+05:30,18.8,19.9591346,73.7788008,2025,10
3409451,Pandav Nagari,12238112,pm25,µg/m³,2025-11-01 00:00:00+05:30,6.18,19.9591346,73.7788008,2025,11
3409451,Pandav Nagari,12238112,pm25,µg/m³,2025-11-02 00:00:00+05:30,8.04,19.9591346,73.7788008,2025,11
3409451,Pandav Nagari,12238112,pm25,µg/m³,2025-11-03 00:00:00+05:30,13.9,19.9591346,73.7788008,2025,11
3409451,Pandav Nagari,12238112,pm25,µg/m³,2025-11-04 00:00:00+05:30,24.0,19.9591346,73.7788008,2025,11
3409451,Pandav Nagari,12238112,pm25,µg/m³,2025-11-05 00:00:00+05:30,22.8,19.9591346,73.7788008,2025,11
3409451,Pandav Nagari,12238112,pm25,µg/m³,2025-11-06 00:00:00+05:30,25.1,19.9591346,73.7788008,2025,11
3409451,Pandav Nagari,12238112,pm25,µg/m³,2025-11-07 00:00:00+05:30,37.9,19.9591346,73.7788008,2025,11
3409451,Pandav Nagari,12238112,pm25,µg/m³,2025-11-08 00:00:00+05:30,50.1,19.9591346,73.7788008,2025,11
3409451,Pandav Nagari,12238112,pm25,µg/m³,2025-11-09 00:00:00+05:30,56.1,19.9591346,73.7788008,2025,11
3409451,Pandav Nagari,12238112,pm25,µg/m³,2025-11-10 00:00:00+05:30,73.1,19.9591346,73.7788008,2025,11
3409451,Pandav Nagari,12238112,pm25,µg/m³,2025-11-11 00:00:00+05:30,81.1,19.9591346,73.7788008,2025,11
3409451,Pandav Nagari,12238112,pm25,µg/m³,2025-11-12 00:00:00+05:30,88.6,19.9591346,73.7788008,2025,11
3409451,Pandav Nagari,12238112,pm25,µg/m³,2025-11-13 00:00:00+05:30,90.4,19.9591346,73.7788008,2025,11
3409451,Pandav Nagari,12238112,pm25,µg/m³,2025-11-14 00:00:00+05:30,77.5,19.9591346,73.7788008,2025,11
3409451,Pandav Nagari,12238112,pm25,µg/m³,2025-11-15 00:00:00+05:30,81.6,19.9591346,73.7788008,2025,11
3409451,Pandav Nagari,12238112,pm25,µg/m³,2025-11-16 00:00:00+05:30,83.5,19.9591346,73.7788008,2025,11
3409451,Pandav Nagari,12238112,pm25,µg/m³,2025-11-17 00:00:00+05:30,72.3,19.9591346,73.7788008,2025,11
3409451,Pandav Nagari,12238112,pm25,µg/m³,2025-11-18 00:00:00+05:30,82.3,19.9591346,73.7788008,2025,11
3409451,Pandav Nagari,12238112,pm25,µg/m³,2025-11-19 00:00:00+05:30,64.4,19.9591346,73.7788008,2025,11
3409451,Pandav Nagari,12238112,pm25,µg/m³,2025-11-20 00:00:00+05:30,71.8,19.9591346,73.7788008,2025,11
3409451,Pandav Nagari,12238112,pm25,µg/m³,2025-11-21 00:00:00+05:30,79.4,19.9591346,73.7788008,2025,11
3409451,Pandav Nagari,12238112,pm25,µg/m³,2025-11-22 00:00:00+05:30,69.7,19.9591346,73.7788008,2025,11
3409451,Pandav Nagari,12238112,pm25,µg/m³,2025-11-23 00:00:00+05:30,54.8,19.9591346,73.7788008,2025,11
3409451,Pandav Nagari,12238112,pm25,µg/m³,2025-11-24 00:00:00+05:30,57.4,19.9591346,73.7788008,2025,11
3409451,Pandav Nagari,12238112,pm25,µg/m³,2025-11-25 00:00:00+05:30,39.2,19.9591346,73.7788008,2025,11
3409451,Pandav Nagari,12238112,pm25,µg/m³,2025-11-26 00:00:00+05:30,47.1,19.9591346,73.7788008,2025,11
3409451,Pandav Nagari,12238112,pm25,µg/m³,2025-11-27 00:00:00+05:30,56.6,19.9591346,73.7788008,2025,11
3409451,Pandav Nagari,12238112,pm25,µg/m³,2025-11-28 00:00:00+05:30,88.4,19.9591346,73.7788008,2025,11
3409451,Pandav Nagari,12238112,pm25,µg/m³,2025-11-29 00:00:00+05:30,62.9,19.9591346,73.7788008,2025,11
3409451,Pandav Nagari,12238112,pm25,µg/m³,2025-11-30 00:00:00+05:30,60.6,19.9591346,73.7788008,2025,11
3409451,Pandav Nagari,12238112,pm25,µg/m³,2025-12-01 00:00:00+05:30,61.8,19.9591346,73.7788008,2025,12
3409451,Pandav Nagari,12238112,pm25,µg/m³,2025-12-02 00:00:00+05:30,68.9,19.9591346,73.7788008,2025,12
3409451,Pandav Nagari,12238112,pm25,µg/m³,2025-12-03 00:00:00+05:30,74.6,19.9591346,73.7788008,2025,12
3409451,Pandav Nagari,12238112,pm25,µg/m³,2025-12-04 00:00:00+05:30,77.4,19.9591346,73.7788008,2025,12
3409451,Pandav Nagari,12238112,pm25,µg/m³,2025-12-05 00:00:00+05:30,64.3,19.9591346,73.7788008,2025,12
3409451,Pandav Nagari,12238112,pm25,µg/m³,2025-12-06 00:00:00+05:30,58.4,19.9591346,73.7788008,2025,12
3409451,Pandav Nagari,12238112,pm25,µg/m³,2025-12-07 00:00:00+05:30,55.1,19.9591346,73.7788008,2025,12
3409451,Pandav Nagari,12238112,pm25,µg/m³,2025-12-08 00:00:00+05:30,47.4,19.9591346,73.7788008,2025,12
3409451,Pandav Nagari,12238112,pm25,µg/m³,2025-12-09 00:00:00+05:30,43.8,19.9591346,73.7788008,2025,12
3409451,Pandav Nagari,12238112,pm25,µg/m³,2025-12-10 00:00:00+05:30,38.7,19.9591346,73.7788008,2025,12
3409451,Pandav Nagari,12238112,pm25,µg/m³,2025-12-11 00:00:00+05:30,50.2,19.9591346,73.7788008,2025,12
3409451,Pandav Nagari,12238112,pm25,µg/m³,2025-12-12 00:00:00+05:30,40.7,19.9591346,73.7788008,2025,12
3409451,Pandav Nagari,12238112,pm25,µg/m³,2025-12-13 00:00:00+05:30,48.3,19.9591346,73.7788008,2025,12
3409451,Pandav Nagari,12238112,pm25,µg/m³,2025-12-14 00:00:00+05:30,45.8,19.9591346,73.7788008,2025,12
3409451,Pandav Nagari,12238112,pm25,µg/m³,2025-12-15 00:00:00+05:30,51.1,19.9591346,73.7788008,2025,12
3409451,Pandav Nagari,12238112,pm25,µg/m³,2025-12-16 00:00:00+05:30,55.4,19.9591346,73.7788008,2025,12
3409451,Pandav Nagari,12238112,pm25,µg/m³,2025-12-17 00:00:00+05:30,70.6,19.9591346,73.7788008,2025,12
3409451,Pandav Nagari,12238112,pm25,µg/m³,2025-12-18 00:00:00+05:30,72.5,19.9591346,73.7788008,2025,12
3409451,Pandav Nagari,12238112,pm25,µg/m³,2025-12-19 00:00:00+05:30,46.2,19.9591346,73.7788008,2025,12
3409451,Pandav Nagari,12238112,pm25,µg/m³,2025-12-20 00:00:00+05:30,52.2,19.9591346,73.7788008,2025,12
3409451,Pandav Nagari,12238112,pm25,µg/m³,2025-12-21 00:00:00+05:30,45.0,19.9591346,73.7788008,2025,12
3409451,Pandav Nagari,12238112,pm25,µg/m³,2025-12-22 00:00:00+05:30,64.2,19.9591346,73.7788008,2025,12
3409451,Pandav Nagari,12238112,pm25,µg/m³,2025-12-23 00:00:00+05:30,47.1,19.9591346,73.7788008,2025,12
3409451,Pandav Nagari,12238112,pm25,µg/m³,2025-12-24 00:00:00+05:30,31.8,19.9591346,73.7788008,2025,12
3409451,Pandav Nagari,12238112,pm25,µg/m³,2025-12-25 00:00:00+05:30,51.9,19.9591346,73.7788008,2025,12
3409451,Pandav Nagari,12238112,pm25,µg/m³,2025-12-26 00:00:00+05:30,77.2,19.9591346,73.7788008,2025,12
3409451,Pandav Nagari,12238112,pm25,µg/m³,2025-12-27 00:00:00+05:30,60.7,19.9591346,73.7788008,2025,12
3409451,Pandav Nagari,12238112,pm25,µg/m³,2025-12-28 00:00:00+05:30,60.6,19.9591346,73.7788008,2025,12
3409451,Pandav Nagari,12238112,pm25,µg/m³,2025-12-29 00:00:00+05:30,65.7,19.9591346,73.7788008,2025,12
3409451,Pandav Nagari,12238112,pm25,µg/m³,2025-12-30 00:00:00+05:30,62.4,19.9591346,73.7788008,2025,12
3409451,Pandav Nagari,12238112,pm25,µg/m³,2025-12-31 00:00:00+05:30,60.8,19.9591346,73.7788008,2025,12
