date_local,temperature_mean_c,temperature_min_c,temperature_max_c,precipitation_total_mm,wind_speed_mean_kmh,relative_humidity_mean_pct,hourly_records,coverage_flag,weather_source
2019-01-01,19.521052631578947,9.9,27.4,0.0,6.5,41.21052631578947,19,incomplete_day,Original weather CSV
2019-01-02,19.1375,10.2,28.2,0.0,4.920833333333333,40.29166666666666,24,complete_24_hours,Original weather CSV
2019-01-03,20.5875,12.7,28.7,0.0,6.416666666666667,36.25,24,complete_24_hours,Original weather CSV
2019-01-04,19.891666666666666,11.9,29.0,0.0,7.479166666666667,44.0,24,complete_24_hours,Original weather CSV
2019-01-05,20.216666666666665,13.8,29.2,0.0,6.2625,43.375,24,complete_24_hours,Original weather CSV
2019-01-06,18.58333333333333,10.7,27.2,0.0,8.2875,51.875,24,complete_24_hours,Original weather CSV
2019-01-07,16.929166666666667,9.6,25.9,0.0,9.508333333333333,52.04166666666666,24,complete_24_hours,Original weather CSV
2019-01-08,17.166666666666668,9.6,26.4,0.0,7.858333333333333,48.5,24,complete_24_hours,Original weather CSV
2019-01-09,17.391666666666666,9.0,27.1,0.0,7.4375,47.5,24,complete_24_hours,Original weather CSV
2019-01-10,18.245833333333334,10.1,27.5,0.0,6.970833333333334,45.958333333333336,24,complete_24_hours,Original weather CSV
2019-01-11,18.6625,10.3,28.9,0.0,6.575,49.375,24,complete_24_hours,Original weather CSV
2019-01-12,20.166666666666668,13.5,28.6,0.0,7.2,41.5,24,complete_24_hours,Original weather CSV
2019-01-13,18.925,10.2,27.5,0.0,6.0375000000000005,48.25,24,complete_24_hours,Original weather CSV
2019-01-14,18.90833333333333,11.8,27.2,0.0,9.841666666666669,52.5,24,complete_24_hours,Original weather CSV
2019-01-15,19.329166666666666,12.5,27.7,0.0,7.45,53.208333333333336,24,complete_24_hours,Original weather CSV
2019-01-16,20.479166666666668,13.3,29.1,0.0,6.654166666666666,55.458333333333336,24,complete_24_hours,Original weather CSV
2019-01-17,21.379166666666663,14.1,29.8,0.0,5.55,47.208333333333336,24,complete_24_hours,Original weather CSV
2019-01-18,20.508333333333333,12.5,29.3,0.0,6.604166666666667,45.708333333333336,24,complete_24_hours,Original weather CSV
2019-01-19,20.9875,13.7,29.4,0.0,8.020833333333334,45.333333333333336,24,complete_24_hours,Original weather CSV
2019-01-20,22.316666666666663,15.6,29.7,0.0,4.75,43.458333333333336,24,complete_24_hours,Original weather CSV
2019-01-21,21.1625,14.9,28.9,0.0,8.808333333333334,44.458333333333336,24,complete_24_hours,Original weather CSV
2019-01-22,19.070833333333333,14.0,25.9,0.0,10.183333333333334,64.875,24,complete_24_hours,Original weather CSV
2019-01-23,18.229166666666668,13.0,24.8,0.0,9.4625,66.75,24,complete_24_hours,Original weather CSV
2019-01-24,18.4875,11.5,26.6,0.0,9.045833333333333,51.04166666666666,24,complete_24_hours,Original weather CSV
2019-01-25,17.941666666666666,10.8,24.5,0.0,9.508333333333333,39.41666666666666,24,complete_24_hours,Original weather CSV
2019-01-26,17.054166666666667,11.3,24.0,0.0,10.458333333333334,52.66666666666666,24,complete_24_hours,Original weather CSV
2019-01-27,17.35833333333333,11.9,24.2,0.0,11.704166666666666,52.66666666666666,24,complete_24_hours,Original weather CSV
2019-01-28,16.433333333333334,10.8,23.1,0.0,11.683333333333332,46.04166666666666,24,complete_24_hours,Original weather CSV
2019-01-29,16.016666666666666,9.5,23.9,0.0,9.7875,41.208333333333336,24,complete_24_hours,Original weather CSV
2019-01-30,17.912499999999998,10.4,26.7,0.0,7.820833333333333,43.708333333333336,24,complete_24_hours,Original weather CSV
2019-01-31,19.1,13.0,27.3,0.0,6.183333333333334,46.375,24,complete_24_hours,Original weather CSV
2019-02-01,20.025,13.2,28.4,0.0,6.8125,45.375,24,complete_24_hours,Original weather CSV
2019-02-02,20.579166666666666,14.0,28.3,0.0,8.058333333333334,49.04166666666666,24,complete_24_hours,Original weather CSV
2019-02-03,21.625,15.3,28.7,0.0,7.333333333333333,53.25,24,complete_24_hours,Original weather CSV
2019-02-04,22.4375,15.0,29.5,0.0,8.854166666666666,50.04166666666666,24,complete_24_hours,Original weather CSV
2019-02-05,22.04583333333333,14.9,29.7,0.0,6.520833333333333,51.5,24,complete_24_hours,Original weather CSV
2019-02-06,21.870833333333334,15.5,29.0,0.0,9.920833333333333,48.583333333333336,24,complete_24_hours,Original weather CSV
2019-02-07,18.275,13.5,24.6,0.0,14.320833333333333,54.66666666666666,24,complete_24_hours,Original weather CSV
2019-02-08,15.354166666666666,10.4,22.3,0.0,9.616666666666667,57.083333333333336,24,complete_24_hours,Original weather CSV
2019-02-09,15.016666666666666,7.6,23.7,0.0,11.283333333333331,36.583333333333336,24,complete_24_hours,Original weather CSV
2019-02-10,17.420833333333334,9.1,27.6,0.0,9.729166666666666,34.458333333333336,24,complete_24_hours,Original weather CSV
2019-02-11,20.079166666666666,11.9,29.7,0.0,8.975,39.79166666666666,24,complete_24_hours,Original weather CSV
2019-02-12,23.23333333333333,15.8,31.6,0.0,7.316666666666666,41.5,24,complete_24_hours,Original weather CSV
2019-02-13,23.945833333333336,18.1,31.3,0.0,8.295833333333333,43.375,24,complete_24_hours,Original weather CSV
2019-02-14,23.275,16.6,31.3,0.0,9.804166666666667,46.375,24,complete_24_hours,Original weather CSV
2019-02-15,22.3125,15.7,29.4,0.0,9.841666666666669,41.79166666666666,24,complete_24_hours,Original weather CSV
2019-02-16,20.02083333333333,12.3,27.5,0.0,6.983333333333333,45.25,24,complete_24_hours,Original weather CSV
2019-02-17,20.729166666666668,13.4,29.4,0.0,7.591666666666666,41.625,24,complete_24_hours,Original weather CSV
2019-02-18,21.9625,14.6,31.6,0.0,5.3625,40.125,24,complete_24_hours,Original weather CSV
2019-02-19,23.0875,14.4,32.7,0.0,7.508333333333333,37.0,24,complete_24_hours,Original weather CSV
2019-02-20,24.625,16.5,34.0,0.0,8.504166666666666,40.625,24,complete_24_hours,Original weather CSV
2019-02-21,24.8375,16.9,33.9,0.0,8.454166666666667,49.79166666666666,24,complete_24_hours,Original weather CSV
2019-02-22,25.67083333333333,18.6,34.0,0.0,7.808333333333334,45.29166666666666,24,complete_24_hours,Original weather CSV
2019-02-23,25.2125,18.0,34.1,0.0,8.433333333333334,45.333333333333336,24,complete_24_hours,Original weather CSV
2019-02-24,24.42083333333333,17.6,33.2,0.0,9.691666666666666,39.458333333333336,24,complete_24_hours,Original weather CSV
2019-02-25,23.5875,17.6,30.6,0.0,10.241666666666664,30.25,24,complete_24_hours,Original weather CSV
2019-02-26,22.77916666666667,19.0,27.9,0.0,14.766666666666666,32.833333333333336,24,complete_24_hours,Original weather CSV
2019-02-27,20.529166666666665,15.6,26.5,0.0,11.895833333333334,52.0,24,complete_24_hours,Original weather CSV
2019-02-28,20.825,14.5,27.6,0.0,6.504166666666666,47.125,24,complete_24_hours,Original weather CSV
2019-03-01,21.541666666666668,13.8,29.7,0.0,7.308333333333334,35.333333333333336,24,complete_24_hours,Original weather CSV
2019-03-02,24.058333333333334,16.2,34.0,0.0,12.195833333333333,38.125,24,complete_24_hours,Original weather CSV
2019-03-03,22.9625,17.0,30.6,0.0,11.129166666666668,55.0,24,complete_24_hours,Original weather CSV
2019-03-04,22.075,17.1,29.0,0.0,12.783333333333331,65.58333333333333,24,complete_24_hours,Original weather CSV
2019-03-05,21.6,15.2,29.6,0.0,8.066666666666666,61.66666666666666,24,complete_24_hours,Original weather CSV
2019-03-06,21.1375,14.2,28.6,0.0,7.6875,49.25,24,complete_24_hours,Original weather CSV
2019-03-07,22.1625,13.9,30.6,0.0,6.895833333333333,43.458333333333336,24,complete_24_hours,Original weather CSV
2019-03-08,23.950000000000003,15.5,33.2,0.0,8.795833333333333,42.833333333333336,24,complete_24_hours,Original weather CSV
2019-03-09,24.691666666666663,17.8,32.3,0.0,10.941666666666668,37.958333333333336,24,complete_24_hours,Original weather CSV
2019-03-10,24.8375,17.7,33.2,0.0,8.987499999999999,34.416666666666664,24,complete_24_hours,Original weather CSV
2019-03-11,24.6125,18.5,31.8,0.0,11.841666666666669,38.29166666666666,24,complete_24_hours,Original weather CSV
2019-03-12,24.925,16.1,33.5,0.0,8.954166666666667,39.958333333333336,24,complete_24_hours,Original weather CSV
2019-03-13,24.191666666666663,17.9,32.0,0.0,9.966666666666669,37.66666666666666,24,complete_24_hours,Original weather CSV
2019-03-14,23.92083333333333,17.7,31.0,0.0,11.125,35.958333333333336,24,complete_24_hours,Original weather CSV
2019-03-15,24.35833333333333,16.1,32.1,0.0,7.85,26.25,24,complete_24_hours,Original weather CSV
2019-03-16,25.6,16.7,34.7,0.0,10.5375,26.916666666666668,24,complete_24_hours,Original weather CSV
2019-03-17,25.8,17.9,33.7,0.0,8.629166666666666,34.416666666666664,24,complete_24_hours,Original weather CSV
2019-03-18,26.0,18.1,33.7,0.0,8.825000000000001,27.83333333333333,24,complete_24_hours,Original weather CSV
2019-03-19,25.72083333333333,16.8,34.3,0.0,8.716666666666667,28.70833333333333,24,complete_24_hours,Original weather CSV
2019-03-20,25.3375,18.0,34.1,0.0,9.5,32.291666666666664,24,complete_24_hours,Original weather CSV
2019-03-21,24.90833333333333,17.7,32.9,0.0,9.733333333333333,30.75,24,complete_24_hours,Original weather CSV
2019-03-22,25.195833333333336,15.6,33.6,0.0,8.745833333333334,28.70833333333333,24,complete_24_hours,Original weather CSV
2019-03-23,27.133333333333336,19.1,34.7,0.0,7.1125,31.5,24,complete_24_hours,Original weather CSV
2019-03-24,27.945833333333336,19.5,35.6,0.0,7.554166666666667,28.375,24,complete_24_hours,Original weather CSV
2019-03-25,28.879166666666663,20.6,36.3,0.0,8.554166666666667,27.625,24,complete_24_hours,Original weather CSV
2019-03-26,28.59166666666667,20.7,36.5,0.0,8.554166666666667,28.166666666666668,24,complete_24_hours,Original weather CSV
2019-03-27,28.27916666666667,20.4,36.7,0.0,6.745833333333334,28.291666666666668,24,complete_24_hours,Original weather CSV
2019-03-28,28.925,19.8,37.6,0.0,7.025,28.791666666666668,24,complete_24_hours,Original weather CSV
2019-03-29,29.33333333333333,20.9,38.0,0.0,7.804166666666667,33.458333333333336,24,complete_24_hours,Original weather CSV
2019-03-30,29.666666666666668,21.4,37.5,0.0,9.925,34.416666666666664,24,complete_24_hours,Original weather CSV
2019-03-31,28.5875,22.9,36.3,0.0,12.2375,35.25,24,complete_24_hours,Original weather CSV
2019-04-01,27.570833333333336,19.6,36.4,0.0,10.095833333333331,36.083333333333336,24,complete_24_hours,Original weather CSV
2019-04-02,27.65,18.4,37.4,0.0,7.9875,43.54166666666666,24,complete_24_hours,Original weather CSV
2019-04-03,28.820833333333336,20.0,37.9,0.0,7.0625,40.04166666666666,24,complete_24_hours,Original weather CSV
2019-04-04,29.27916666666667,21.3,38.8,0.0,9.320833333333333,41.25,24,complete_24_hours,Original weather CSV
2019-04-05,28.6,21.2,37.1,0.0,12.116666666666667,44.25,24,complete_24_hours,Original weather CSV
2019-04-06,28.816666666666663,22.1,36.9,0.0,10.95,28.70833333333333,24,complete_24_hours,Original weather CSV
2019-04-07,28.95833333333333,21.7,37.1,0.0,12.241666666666667,31.0,24,complete_24_hours,Original weather CSV
2019-04-08,29.22083333333333,20.4,38.1,0.0,11.608333333333334,32.125,24,complete_24_hours,Original weather CSV
2019-04-09,29.025,22.9,36.5,0.0,14.395833333333334,28.58333333333333,24,complete_24_hours,Original weather CSV
2019-04-10,29.391666666666666,19.7,38.0,0.0,12.041666666666666,30.70833333333333,24,complete_24_hours,Original weather CSV
2019-04-11,29.516666666666666,20.6,37.8,0.0,10.816666666666668,32.25,24,complete_24_hours,Original weather CSV
2019-04-12,29.633333333333336,21.0,38.0,0.0,9.5375,36.16666666666666,24,complete_24_hours,Original weather CSV
2019-04-13,30.704166666666666,24.1,38.7,0.0,7.375,28.875,24,complete_24_hours,Original weather CSV
2019-04-14,30.5125,22.1,39.2,0.0,7.095833333333334,31.33333333333333,24,complete_24_hours,Original weather CSV
2019-04-15,30.10833333333333,25.6,36.5,0.0,9.1125,32.625,24,complete_24_hours,Original weather CSV
2019-04-16,27.225,22.8,33.1,1.1,7.745833333333334,56.0,24,complete_24_hours,Original weather CSV
2019-04-17,26.10833333333333,20.7,33.2,0.0,11.825,45.04166666666666,24,complete_24_hours,Original weather CSV
2019-04-18,26.09583333333333,17.1,34.0,0.0,8.941666666666666,48.29166666666666,24,complete_24_hours,Original weather CSV
2019-04-19,28.05,20.5,35.7,0.0,8.8125,32.291666666666664,24,complete_24_hours,Original weather CSV
2019-04-20,28.1375,19.4,36.8,0.0,8.216666666666667,31.875,24,complete_24_hours,Original weather CSV
2019-04-21,28.35833333333333,19.3,37.2,0.0,9.991666666666667,39.16666666666666,24,complete_24_hours,Original weather CSV
2019-04-22,28.995833333333334,19.0,37.7,0.0,8.554166666666667,37.458333333333336,24,complete_24_hours,Original weather CSV
2019-04-23,30.73333333333333,22.8,39.4,0.0,10.3875,27.375,24,complete_24_hours,Original weather CSV
2019-04-24,30.954166666666666,22.3,39.7,0.0,12.670833333333334,31.70833333333333,24,complete_24_hours,Original weather CSV
2019-04-25,31.504166666666663,23.5,39.1,0.0,11.820833333333333,31.625,24,complete_24_hours,Original weather CSV
2019-04-26,33.2125,24.1,41.3,0.0,13.495833333333332,26.291666666666668,24,complete_24_hours,Original weather CSV
2019-04-27,34.4625,25.4,41.7,0.0,13.441666666666668,23.75,24,complete_24_hours,Original weather CSV
2019-04-28,33.78333333333333,24.9,41.4,0.0,12.2125,18.916666666666668,24,complete_24_hours,Original weather CSV
2019-04-29,31.89583333333333,25.3,39.5,0.0,12.029166666666669,33.625,24,complete_24_hours,Original weather CSV
2019-04-30,30.758333333333336,24.7,38.4,0.0,16.345833333333335,32.375,24,complete_24_hours,Original weather CSV
2019-05-01,28.579166666666666,22.4,36.6,0.0,15.9875,46.125,24,complete_24_hours,Original weather CSV
2019-05-02,27.541666666666668,20.4,35.7,0.0,13.708333333333334,49.25,24,complete_24_hours,Original weather CSV
2019-05-03,26.8,20.3,34.6,0.0,15.725,53.208333333333336,24,complete_24_hours,Original weather CSV
2019-05-04,27.1,21.1,34.3,0.0,14.3625,58.25,24,complete_24_hours,Original weather CSV
2019-05-05,27.71666666666667,21.3,35.6,0.0,12.066666666666668,56.25,24,complete_24_hours,Original weather CSV
2019-05-06,28.941666666666663,20.7,37.5,0.0,10.266666666666667,45.41666666666666,24,complete_24_hours,Original weather CSV
2019-05-07,29.4,22.5,37.0,0.0,12.608333333333334,40.125,24,complete_24_hours,Original weather CSV
2019-05-08,27.879166666666663,21.7,35.1,0.0,13.3875,55.79166666666666,24,complete_24_hours,Original weather CSV
2019-05-09,27.25,21.6,34.3,0.0,13.7125,56.16666666666666,24,complete_24_hours,Original weather CSV
2019-05-10,27.2125,21.2,35.0,0.0,13.320833333333333,58.75,24,complete_24_hours,Original weather CSV
2019-05-11,28.041666666666668,20.3,36.8,0.0,10.795833333333334,50.125,24,complete_24_hours,Original weather CSV
2019-05-12,28.691666666666663,21.0,37.8,0.0,10.841666666666669,55.0,24,complete_24_hours,Original weather CSV
2019-05-13,28.8,21.3,37.1,0.0,13.720833333333331,54.25,24,complete_24_hours,Original weather CSV
2019-05-14,28.6125,21.5,36.7,0.0,13.254166666666668,52.16666666666666,24,complete_24_hours,Original weather CSV
2019-05-15,27.979166666666668,20.8,36.3,0.0,12.229166666666666,47.958333333333336,24,complete_24_hours,Original weather CSV
2019-05-16,28.1875,20.8,36.2,0.0,11.879166666666668,46.29166666666666,24,complete_24_hours,Original weather CSV
2019-05-17,28.77916666666667,21.9,36.8,0.0,13.158333333333331,47.625,24,complete_24_hours,Original weather CSV
2019-05-18,30.02083333333333,23.3,36.9,0.0,12.775,40.375,24,complete_24_hours,Original weather CSV
2019-05-19,30.891666666666666,23.1,38.1,0.0,12.8,35.833333333333336,24,complete_24_hours,Original weather CSV
2019-05-20,31.316666666666663,21.9,39.1,0.0,10.208333333333334,35.958333333333336,24,complete_24_hours,Original weather CSV
2019-05-21,31.629166666666663,23.8,39.0,0.0,10.604166666666666,37.79166666666666,24,complete_24_hours,Original weather CSV
2019-05-22,30.6125,24.2,38.0,0.0,12.1125,44.708333333333336,24,complete_24_hours,Original weather CSV
2019-05-23,30.475,23.8,38.5,0.0,13.341666666666669,47.66666666666666,24,complete_24_hours,Original weather CSV
2019-05-24,29.741666666666664,23.4,37.7,0.0,13.375,50.125,24,complete_24_hours,Original weather CSV
2019-05-25,29.9625,23.2,37.4,0.0,12.704166666666666,49.16666666666666,24,complete_24_hours,Original weather CSV
2019-05-26,28.954166666666666,22.0,36.7,0.0,12.970833333333331,56.125,24,complete_24_hours,Original weather CSV
2019-05-27,29.933333333333334,23.0,37.7,0.0,13.5375,52.583333333333336,24,complete_24_hours,Original weather CSV
2019-05-28,30.116666666666664,22.9,38.3,0.0,13.170833333333334,46.91666666666666,24,complete_24_hours,Original weather CSV
2019-05-29,30.09166666666667,23.6,38.0,0.0,13.883333333333333,44.54166666666666,24,complete_24_hours,Original weather CSV
2019-05-30,29.775,23.4,37.4,0.0,14.7375,50.458333333333336,24,complete_24_hours,Original weather CSV
2019-05-31,30.054166666666664,23.2,38.9,0.0,13.633333333333333,50.5,24,complete_24_hours,Original weather CSV
2019-06-01,29.291666666666668,23.5,36.9,0.0,15.954166666666666,60.708333333333336,24,complete_24_hours,Original weather CSV
2019-06-02,29.875,23.7,37.6,0.0,13.766666666666666,60.79166666666666,24,complete_24_hours,Original weather CSV
2019-06-03,28.941666666666663,24.2,35.5,0.2,17.875,62.833333333333336,24,complete_24_hours,Original weather CSV
2019-06-04,29.6,24.5,36.6,0.0,16.533333333333335,57.458333333333336,24,complete_24_hours,Original weather CSV
2019-06-05,30.179166666666664,23.2,37.6,0.0,12.420833333333334,56.16666666666666,24,complete_24_hours,Original weather CSV
2019-06-06,29.683333333333334,24.5,35.7,0.5,12.020833333333334,60.708333333333336,24,complete_24_hours,Original weather CSV
2019-06-07,30.241666666666664,24.3,37.2,0.0,13.145833333333334,61.66666666666666,24,complete_24_hours,Original weather CSV
2019-06-08,30.8125,25.3,38.1,0.0,12.766666666666666,60.41666666666666,24,complete_24_hours,Original weather CSV
2019-06-09,30.354166666666668,24.8,38.7,0.3,13.5125,60.16666666666666,24,complete_24_hours,Original weather CSV
2019-06-10,29.60833333333333,25.3,35.1,0.2,13.291666666666666,62.333333333333336,24,complete_24_hours,Original weather CSV
2019-06-11,29.425,24.3,37.0,6.0,9.083333333333334,66.16666666666667,24,complete_24_hours,Original weather CSV
2019-06-12,28.120833333333334,24.9,33.9,0.9,14.416666666666666,65.79166666666667,24,complete_24_hours,Original weather CSV
2019-06-13,26.570833333333336,24.2,31.2,2.0,18.4875,69.70833333333333,24,complete_24_hours,Original weather CSV
2019-06-14,26.54583333333333,22.9,31.8,0.1,17.741666666666667,74.25,24,complete_24_hours,Original weather CSV
2019-06-15,25.7,22.9,29.2,1.3,20.433333333333334,78.5,24,complete_24_hours,Original weather CSV
2019-06-16,26.133333333333336,23.6,30.7,2.3000000000000003,19.5625,78.29166666666667,24,complete_24_hours,Original weather CSV
2019-06-17,25.6875,23.2,29.6,1.0,20.90833333333333,79.58333333333333,24,complete_24_hours,Original weather CSV
2019-06-18,25.7125,23.0,30.0,1.4,22.704166666666666,80.25,24,complete_24_hours,Original weather CSV
2019-06-19,25.725,23.3,29.2,6.5,17.416666666666668,80.625,24,complete_24_hours,Original weather CSV
2019-06-20,26.925,22.6,32.4,0.1,14.441666666666668,71.375,24,complete_24_hours,Original weather CSV
2019-06-21,27.058333333333334,22.7,32.4,0.6000000000000001,12.679166666666667,71.125,24,complete_24_hours,Original weather CSV
2019-06-22,27.45,22.8,34.4,1.2,12.4375,69.875,24,complete_24_hours,Original weather CSV
2019-06-23,25.204166666666666,23.3,30.3,24.3,10.0375,83.58333333333333,24,complete_24_hours,Original weather CSV
2019-06-24,25.054166666666664,23.3,27.7,11.0,9.545833333333333,84.33333333333333,24,complete_24_hours,Original weather CSV
2019-06-25,25.8875,23.0,30.0,10.9,9.008333333333333,82.29166666666667,24,complete_24_hours,Original weather CSV
2019-06-26,25.991666666666664,23.2,30.8,9.5,10.279166666666669,83.58333333333333,24,complete_24_hours,Original weather CSV
2019-06-27,25.504166666666663,22.9,29.8,9.4,13.7125,84.75,24,complete_24_hours,Original weather CSV
2019-06-28,24.05,22.9,26.9,36.6,13.208333333333334,91.625,24,complete_24_hours,Original weather CSV
2019-06-29,23.45,22.4,24.8,30.7,14.975,91.54166666666669,24,complete_24_hours,Original weather CSV
2019-06-30,22.975,22.3,23.8,20.7,14.720833333333331,94.625,24,complete_24_hours,Original weather CSV
2019-07-01,22.79583333333333,22.2,23.9,44.5,10.516666666666667,95.16666666666669,24,complete_24_hours,Original weather CSV
2019-07-02,22.991666666666664,21.9,24.2,25.1,13.8125,93.41666666666669,24,complete_24_hours,Original weather CSV
2019-07-03,23.45,22.4,24.9,8.9,17.166666666666668,91.625,24,complete_24_hours,Original weather CSV
2019-07-04,24.066666666666663,22.6,26.2,3.3,20.308333333333334,89.125,24,complete_24_hours,Original weather CSV
2019-07-05,23.95833333333333,22.7,27.6,16.6,21.90833333333333,90.45833333333331,24,complete_24_hours,Original weather CSV
2019-07-06,23.10833333333333,22.5,23.8,17.0,22.945833333333336,93.58333333333331,24,complete_24_hours,Original weather CSV
2019-07-07,23.166666666666668,22.2,24.0,27.6,19.1875,93.83333333333331,24,complete_24_hours,Original weather CSV
2019-07-08,23.804166666666664,22.6,25.4,4.1000000000000005,19.98333333333333,91.25,24,complete_24_hours,Original weather CSV
2019-07-09,24.23333333333333,22.8,26.1,3.6,21.67083333333333,89.08333333333333,24,complete_24_hours,Original weather CSV
2019-07-10,24.09583333333333,22.7,27.2,12.0,19.425,89.16666666666667,24,complete_24_hours,Original weather CSV
2019-07-11,23.825,22.7,25.7,2.9000000000000004,22.0,89.91666666666667,24,complete_24_hours,Original weather CSV
2019-07-12,24.425,22.9,27.4,1.7000000000000002,20.258333333333333,86.20833333333333,24,complete_24_hours,Original weather CSV
2019-07-13,24.304166666666664,22.7,26.9,3.3000000000000003,18.466666666666665,87.08333333333333,24,complete_24_hours,Original weather CSV
2019-07-14,24.504166666666663,22.6,27.2,2.6,20.35,85.20833333333333,24,complete_24_hours,Original weather CSV
2019-07-15,24.7,22.7,27.7,0.7000000000000001,20.141666666666666,83.79166666666667,24,complete_24_hours,Original weather CSV
2019-07-16,24.554166666666664,22.7,27.5,1.8,18.308333333333334,84.5,24,complete_24_hours,Original weather CSV
2019-07-17,24.808333333333334,22.6,27.8,0.7000000000000001,16.266666666666666,82.66666666666667,24,complete_24_hours,Original weather CSV
2019-07-18,25.041666666666668,22.4,28.2,0.9,12.770833333333334,83.33333333333333,24,complete_24_hours,Original weather CSV
2019-07-19,25.5,22.3,29.7,1.7999999999999998,9.095833333333331,80.33333333333333,24,complete_24_hours,Original weather CSV
2019-07-20,25.14583333333333,23.6,28.8,52.9,6.508333333333333,89.83333333333333,24,complete_24_hours,Original weather CSV
2019-07-21,25.1625,22.3,29.5,30.1,4.45,86.54166666666667,24,complete_24_hours,Original weather CSV
2019-07-22,25.8,22.6,30.0,10.5,5.341666666666666,86.25,24,complete_24_hours,Original weather CSV
2019-07-23,25.475,23.2,29.0,1.7,9.854166666666666,86.79166666666667,24,complete_24_hours,Original weather CSV
2019-07-24,24.8375,23.1,28.0,37.7,15.358333333333334,89.54166666666667,24,complete_24_hours,Original weather CSV
2019-07-25,23.9,22.5,26.1,14.6,19.8875,90.79166666666669,24,complete_24_hours,Original weather CSV
2019-07-26,23.59166666666667,22.3,25.7,10.5,22.92083333333333,89.16666666666667,24,complete_24_hours,Original weather CSV
2019-07-27,23.175,21.8,24.8,11.5,23.570833333333336,91.45833333333331,24,complete_24_hours,Original weather CSV
2019-07-28,23.40416666666667,22.6,25.1,8.3,24.320833333333336,90.41666666666669,24,complete_24_hours,Original weather CSV
2019-07-29,22.916666666666668,22.2,24.1,26.3,22.71666666666667,92.375,24,complete_24_hours,Original weather CSV
2019-07-30,22.79583333333333,22.3,23.5,20.1,23.85833333333333,92.41666666666669,24,complete_24_hours,Original weather CSV
2019-07-31,22.825,22.1,23.7,29.7,22.729166666666668,92.58333333333331,24,complete_24_hours,Original weather CSV
2019-08-01,23.3,22.5,24.5,12.6,23.008333333333336,90.79166666666669,24,complete_24_hours,Original weather CSV
2019-08-02,23.554166666666664,22.3,25.9,8.6,25.2,88.20833333333333,24,complete_24_hours,Original weather CSV
2019-08-03,23.229166666666668,22.5,25.0,32.9,22.23333333333333,92.625,24,complete_24_hours,Original weather CSV
2019-08-04,23.0125,22.3,23.8,161.4,21.391666666666666,93.29166666666669,24,complete_24_hours,Original weather CSV
2019-08-05,23.3,22.8,24.4,41.1,21.40416666666667,92.95833333333331,24,complete_24_hours,Original weather CSV
2019-08-06,23.8625,22.6,26.6,8.9,24.0375,90.0,24,complete_24_hours,Original weather CSV
2019-08-07,23.54583333333333,22.8,25.1,6.0,25.058333333333334,90.0,24,complete_24_hours,Original weather CSV
2019-08-08,23.133333333333336,22.7,23.5,15.8,27.3,92.66666666666669,24,complete_24_hours,Original weather CSV
2019-08-09,23.3375,23.0,24.1,32.1,28.391666666666666,92.29166666666669,24,complete_24_hours,Original weather CSV
2019-08-10,23.5,22.3,26.0,13.6,26.5125,90.33333333333331,24,complete_24_hours,Original weather CSV
2019-08-11,23.4,22.1,25.2,5.8,21.695833333333336,89.375,24,complete_24_hours,Original weather CSV
2019-08-12,24.195833333333336,22.2,27.2,1.7000000000000002,16.670833333333334,85.20833333333333,24,complete_24_hours,Original weather CSV
2019-08-13,24.35833333333333,22.0,27.7,2.0,16.404166666666665,84.625,24,complete_24_hours,Original weather CSV
2019-08-14,23.829166666666666,22.6,25.8,2.4000000000000004,16.070833333333333,88.125,24,complete_24_hours,Original weather CSV
2019-08-15,23.85833333333333,22.5,26.1,2.1,19.8625,87.5,24,complete_24_hours,Original weather CSV
2019-08-16,23.854166666666668,22.3,26.1,3.5,19.604166666666668,86.58333333333333,24,complete_24_hours,Original weather CSV
2019-08-17,23.85,22.0,26.7,2.5,16.658333333333335,85.54166666666667,24,complete_24_hours,Original weather CSV
2019-08-18,23.9875,21.7,26.9,1.4,14.6,84.45833333333333,24,complete_24_hours,Original weather CSV
2019-08-19,24.15416666666667,21.4,27.6,2.5,11.708333333333334,84.25,24,complete_24_hours,Original weather CSV
2019-08-20,24.25,21.8,27.9,2.2,12.379166666666668,82.75,24,complete_24_hours,Original weather CSV
2019-08-21,23.891666666666666,21.4,27.2,2.7,13.470833333333331,84.58333333333333,24,complete_24_hours,Original weather CSV
2019-08-22,23.870833333333334,21.7,26.7,1.7000000000000002,13.145833333333334,84.16666666666667,24,complete_24_hours,Original weather CSV
2019-08-23,24.1125,21.2,27.8,1.2,11.833333333333334,80.45833333333333,24,complete_24_hours,Original weather CSV
2019-08-24,23.77083333333333,21.7,26.8,2.8,11.4875,87.08333333333333,24,complete_24_hours,Original weather CSV
2019-08-25,23.916666666666668,21.6,27.9,1.2000000000000002,12.979166666666666,83.33333333333333,24,complete_24_hours,Original weather CSV
2019-08-26,23.52916666666667,21.7,26.8,1.4,15.008333333333333,84.125,24,complete_24_hours,Original weather CSV
2019-08-27,23.241666666666664,21.6,25.4,0.6000000000000001,16.458333333333332,85.33333333333333,24,complete_24_hours,Original weather CSV
2019-08-28,24.02083333333333,21.7,27.6,0.8,15.304166666666667,84.625,24,complete_24_hours,Original weather CSV
2019-08-29,24.5875,22.1,28.4,2.8000000000000003,10.5875,85.375,24,complete_24_hours,Original weather CSV
2019-08-30,24.370833333333334,22.4,28.1,7.3,10.283333333333331,89.16666666666667,24,complete_24_hours,Original weather CSV
2019-08-31,23.870833333333334,22.2,26.6,5.5,13.758333333333333,90.75,24,complete_24_hours,Original weather CSV
2019-09-01,23.7625,22.3,27.0,3.5,18.0125,88.91666666666667,24,complete_24_hours,Original weather CSV
2019-09-02,24.104166666666668,22.4,27.1,2.5,16.995833333333334,87.41666666666667,24,complete_24_hours,Original weather CSV
2019-09-03,23.92083333333333,22.1,26.4,3.7,14.65,87.375,24,complete_24_hours,Original weather CSV
2019-09-04,23.825,22.4,27.3,10.5,13.429166666666667,90.29166666666669,24,complete_24_hours,Original weather CSV
2019-09-05,24.04583333333333,22.4,26.7,1.7000000000000002,15.4125,90.0,24,complete_24_hours,Original weather CSV
2019-09-06,24.0,22.6,26.8,2.5,19.75,89.29166666666667,24,complete_24_hours,Original weather CSV
2019-09-07,23.98333333333333,22.7,26.2,3.2,19.466666666666665,90.20833333333331,24,complete_24_hours,Original weather CSV
2019-09-08,23.59166666666667,22.6,25.9,7.1,19.67083333333333,90.625,24,complete_24_hours,Original weather CSV
2019-09-09,23.6875,22.8,26.0,7.1,17.683333333333334,92.625,24,complete_24_hours,Original weather CSV
2019-09-10,23.65,22.5,26.0,5.6,17.704166666666666,90.45833333333331,24,complete_24_hours,Original weather CSV
2019-09-11,23.8125,22.2,26.8,1.5,17.837500000000002,87.33333333333333,24,complete_24_hours,Original weather CSV
2019-09-12,22.92083333333333,22.2,24.5,7.1,16.583333333333332,90.91666666666669,24,complete_24_hours,Original weather CSV
2019-09-13,22.975,21.3,25.4,3.6,17.254166666666666,90.70833333333331,24,complete_24_hours,Original weather CSV
2019-09-14,23.29583333333333,21.4,25.2,2.5,16.154166666666665,90.29166666666669,24,complete_24_hours,Original weather CSV
2019-09-15,23.8625,22.0,27.0,3.9,13.320833333333333,88.79166666666667,24,complete_24_hours,Original weather CSV
2019-09-16,23.83333333333333,22.1,26.5,0.6,15.2625,85.95833333333333,24,complete_24_hours,Original weather CSV
2019-09-17,23.025,21.7,24.6,14.2,10.308333333333334,93.41666666666669,24,complete_24_hours,Original weather CSV
2019-09-18,23.925,21.5,27.1,11.3,7.970833333333334,92.0,24,complete_24_hours,Original weather CSV
2019-09-19,24.016666666666666,22.1,28.4,21.5,8.9625,90.5,24,complete_24_hours,Original weather CSV
2019-09-20,23.8,21.7,27.5,4.3,8.354166666666666,88.79166666666667,24,complete_24_hours,Original weather CSV
2019-09-21,24.2,21.2,28.7,5.1,5.679166666666667,85.66666666666667,24,complete_24_hours,Original weather CSV
2019-09-22,24.2875,21.2,28.9,1.0,6.783333333333334,86.375,24,complete_24_hours,Original weather CSV
2019-09-23,24.183333333333334,21.2,29.2,10.5,4.875,87.45833333333333,24,complete_24_hours,Original weather CSV
2019-09-24,24.191666666666663,21.3,28.1,8.8,6.5,89.66666666666667,24,complete_24_hours,Original weather CSV
2019-09-25,23.975,21.6,27.6,17.1,6.454166666666667,92.0,24,complete_24_hours,Original weather CSV
2019-09-26,23.84166666666667,21.9,27.6,60.8,8.891666666666667,90.33333333333331,24,complete_24_hours,Original weather CSV
2019-09-27,23.2125,21.8,26.3,7.0,14.633333333333333,88.875,24,complete_24_hours,Original weather CSV
2019-09-28,23.65416666666667,21.5,27.4,0.7000000000000001,14.070833333333333,84.54166666666667,24,complete_24_hours,Original weather CSV
2019-09-29,23.729166666666668,21.3,27.5,0.7999999999999999,13.079166666666666,85.70833333333333,24,complete_24_hours,Original weather CSV
2019-09-30,23.45833333333333,21.4,26.5,1.7,14.075,87.66666666666667,24,complete_24_hours,Original weather CSV
2019-10-01,23.52083333333333,21.6,26.6,1.4,13.208333333333334,87.0,24,complete_24_hours,Original weather CSV
2019-10-02,23.775,21.1,28.1,0.3999999999999999,8.370833333333334,86.29166666666667,24,complete_24_hours,Original weather CSV
2019-10-03,24.129166666666663,21.2,28.1,1.0,4.766666666666667,85.375,24,complete_24_hours,Original weather CSV
2019-10-04,23.65,21.0,28.7,9.8,4.7,87.83333333333333,24,complete_24_hours,Original weather CSV
2019-10-05,23.54583333333333,19.8,29.2,5.8,5.629166666666666,86.79166666666667,24,complete_24_hours,Original weather CSV
2019-10-06,23.291666666666668,20.0,28.0,9.3,4.433333333333334,89.45833333333333,24,complete_24_hours,Original weather CSV
2019-10-07,23.954166666666666,20.7,29.0,2.1,4.229166666666667,85.95833333333333,24,complete_24_hours,Original weather CSV
2019-10-08,23.8625,20.3,29.1,12.5,5.7875000000000005,86.95833333333333,24,complete_24_hours,Original weather CSV
2019-10-09,24.4,21.0,29.3,4.1,6.104166666666667,86.04166666666667,24,complete_24_hours,Original weather CSV
2019-10-10,24.570833333333336,20.8,28.9,0.2,6.1375,80.20833333333333,24,complete_24_hours,Original weather CSV
2019-10-11,24.52083333333333,20.0,28.6,0.4,5.495833333333334,78.29166666666667,24,complete_24_hours,Original weather CSV
2019-10-12,24.629166666666663,21.0,28.9,0.5,6.466666666666666,80.20833333333333,24,complete_24_hours,Original weather CSV
2019-10-13,25.016666666666666,21.1,29.4,0.1,6.574999999999999,79.04166666666667,24,complete_24_hours,Original weather CSV
2019-10-14,24.83333333333333,20.7,30.1,0.0,7.829166666666667,69.70833333333333,24,complete_24_hours,Original weather CSV
2019-10-15,24.275,18.9,29.9,0.0,8.595833333333333,65.0,24,complete_24_hours,Original weather CSV
2019-10-16,23.9875,18.5,29.8,0.0,9.829166666666667,66.20833333333333,24,complete_24_hours,Original weather CSV
2019-10-17,23.7,18.9,29.4,0.0,7.995833333333334,67.70833333333333,24,complete_24_hours,Original weather CSV
2019-10-18,23.45,19.2,28.9,4.1,8.391666666666667,80.29166666666667,24,complete_24_hours,Original weather CSV
2019-10-19,22.8375,21.6,25.4,18.7,11.304166666666667,91.91666666666669,24,complete_24_hours,Original weather CSV
2019-10-20,21.383333333333336,20.6,22.3,20.3,12.354166666666666,95.625,24,complete_24_hours,Original weather CSV
2019-10-21,22.46666666666667,20.2,26.3,12.1,11.404166666666669,89.08333333333333,24,complete_24_hours,Original weather CSV
2019-10-22,22.870833333333334,20.8,26.9,12.9,7.716666666666666,89.58333333333333,24,complete_24_hours,Original weather CSV
2019-10-23,22.683333333333334,20.8,25.7,10.2,7.741666666666667,90.91666666666669,24,complete_24_hours,Original weather CSV
2019-10-24,21.95833333333333,20.8,23.6,4.7,13.408333333333331,93.95833333333331,24,complete_24_hours,Original weather CSV
2019-10-25,22.09583333333333,20.6,24.4,10.5,18.379166666666663,90.04166666666667,24,complete_24_hours,Original weather CSV
2019-10-26,22.28333333333333,21.0,24.8,7.7,17.058333333333334,92.5,24,complete_24_hours,Original weather CSV
2019-10-27,23.4375,20.7,27.2,0.4,11.070833333333333,84.20833333333333,24,complete_24_hours,Original weather CSV
2019-10-28,23.495833333333334,19.7,28.7,6.1,7.904166666666666,86.375,24,complete_24_hours,Original weather CSV
2019-10-29,23.4375,19.7,28.5,5.1,8.229166666666666,87.66666666666667,24,complete_24_hours,Original weather CSV
2019-10-30,23.825,20.7,28.8,2.6,8.799999999999999,87.66666666666667,24,complete_24_hours,Original weather CSV
2019-10-31,23.97083333333333,21.0,28.2,0.1,12.0875,82.79166666666667,24,complete_24_hours,Original weather CSV
2019-11-01,23.7,20.9,27.9,3.4,14.0875,86.0,24,complete_24_hours,Original weather CSV
2019-11-02,23.58333333333333,20.2,27.9,0.1,6.175,80.25,24,complete_24_hours,Original weather CSV
2019-11-03,22.90416666666667,18.8,27.5,1.0,3.8166666666666655,84.04166666666667,24,complete_24_hours,Original weather CSV
2019-11-04,23.59583333333333,19.5,28.7,0.1,4.425,82.41666666666667,24,complete_24_hours,Original weather CSV
2019-11-05,23.666666666666668,19.1,28.5,0.0,4.8125,78.91666666666667,24,complete_24_hours,Original weather CSV
2019-11-06,23.679166666666664,19.2,28.2,0.3,4.1875,81.20833333333333,24,complete_24_hours,Original weather CSV
2019-11-07,23.004166666666663,20.3,27.3,0.4,9.004166666666666,85.5,24,complete_24_hours,Original weather CSV
2019-11-08,22.383333333333336,18.2,27.4,0.0,10.604166666666666,84.125,24,complete_24_hours,Original weather CSV
2019-11-09,22.870833333333334,19.0,28.4,0.0,6.004166666666666,80.45833333333333,24,complete_24_hours,Original weather CSV
2019-11-10,22.9125,17.7,28.6,0.0,5.55,77.79166666666667,24,complete_24_hours,Original weather CSV
2019-11-11,23.1125,18.1,28.9,0.1,6.2375,73.08333333333333,24,complete_24_hours,Original weather CSV
2019-11-12,22.825,17.7,28.4,0.1,7.245833333333334,72.79166666666667,24,complete_24_hours,Original weather CSV
2019-11-13,22.7,18.8,27.4,0.1,9.0375,73.0,24,complete_24_hours,Original weather CSV
2019-11-14,21.558333333333334,16.9,27.4,0.0,8.8125,70.25,24,complete_24_hours,Original weather CSV
2019-11-15,21.925,17.6,26.4,0.4,6.0,76.0,24,complete_24_hours,Original weather CSV
2019-11-16,23.379166666666663,18.7,28.5,0.0,6.6125,73.375,24,complete_24_hours,Original weather CSV
2019-11-17,23.46666666666667,18.9,28.5,0.1,7.125,73.33333333333333,24,complete_24_hours,Original weather CSV
2019-11-18,22.191666666666663,16.6,28.9,0.0,8.829166666666667,68.625,24,complete_24_hours,Original weather CSV
2019-11-19,22.15416666666667,15.6,29.3,0.0,7.208333333333333,68.25,24,complete_24_hours,Original weather CSV
2019-11-20,22.7625,17.1,29.3,0.0,7.279166666666666,67.66666666666667,24,complete_24_hours,Original weather CSV
2019-11-21,23.304166666666664,17.8,29.4,0.0,8.508333333333333,66.70833333333333,24,complete_24_hours,Original weather CSV
2019-11-22,23.25,17.9,29.5,0.0,7.0125,66.66666666666667,24,complete_24_hours,Original weather CSV
2019-11-23,22.829166666666666,17.8,29.1,0.0,7.825,69.70833333333333,24,complete_24_hours,Original weather CSV
2019-11-24,22.65,17.8,29.1,0.0,7.154166666666666,68.41666666666667,24,complete_24_hours,Original weather CSV
2019-11-25,22.575,17.1,29.1,0.0,7.866666666666667,64.66666666666667,24,complete_24_hours,Original weather CSV
2019-11-26,22.691666666666663,17.3,29.4,0.0,8.116666666666667,67.16666666666667,24,complete_24_hours,Original weather CSV
2019-11-27,22.8625,17.9,29.3,0.0,8.283333333333333,68.625,24,complete_24_hours,Original weather CSV
2019-11-28,22.95,17.6,29.4,0.0,6.9125000000000005,66.08333333333333,24,complete_24_hours,Original weather CSV
2019-11-29,23.054166666666664,18.1,28.5,0.0,5.695833333333333,68.5,24,complete_24_hours,Original weather CSV
2019-11-30,23.116666666666664,19.1,28.0,0.3,7.45,73.125,24,complete_24_hours,Original weather CSV
2019-12-01,23.27916666666667,19.5,28.8,0.2,6.720833333333334,71.20833333333333,24,complete_24_hours,Original weather CSV
2019-12-02,23.241666666666664,18.6,28.6,0.3,9.5375,70.08333333333333,24,complete_24_hours,Original weather CSV
2019-12-03,23.129166666666663,18.8,28.2,0.0,11.604166666666666,70.33333333333333,24,complete_24_hours,Original weather CSV
2019-12-04,23.629166666666663,19.4,28.5,0.4,12.358333333333334,68.5,24,complete_24_hours,Original weather CSV
2019-12-05,23.945833333333336,21.0,28.0,0.0,11.595833333333331,66.625,24,complete_24_hours,Original weather CSV
2019-12-06,22.766666666666666,19.3,28.1,0.0,10.016666666666667,62.04166666666666,24,complete_24_hours,Original weather CSV
2019-12-07,21.39583333333333,16.5,27.3,0.0,9.808333333333334,60.16666666666666,24,complete_24_hours,Original weather CSV
2019-12-08,21.379166666666663,15.6,27.8,0.0,7.733333333333333,65.20833333333333,24,complete_24_hours,Original weather CSV
2019-12-09,22.425,16.4,28.6,0.0,6.720833333333334,68.29166666666667,24,complete_24_hours,Original weather CSV
2019-12-10,23.09583333333333,17.6,28.3,0.0,6.254166666666666,70.95833333333333,24,complete_24_hours,Original weather CSV
2019-12-11,22.7375,16.6,28.9,0.0,5.416666666666667,70.875,24,complete_24_hours,Original weather CSV
2019-12-12,22.058333333333334,17.9,28.0,0.3,8.229166666666666,66.41666666666667,24,complete_24_hours,Original weather CSV
2019-12-13,20.52083333333333,14.7,26.9,0.0,7.791666666666667,66.33333333333333,24,complete_24_hours,Original weather CSV
2019-12-14,20.27083333333333,13.3,27.4,0.0,6.7375,68.54166666666667,24,complete_24_hours,Original weather CSV
2019-12-15,20.954166666666666,15.5,27.9,0.0,6.3125,71.125,24,complete_24_hours,Original weather CSV
2019-12-16,20.745833333333334,17.1,25.9,0.3,8.65,77.58333333333333,24,complete_24_hours,Original weather CSV
2019-12-17,20.39583333333333,16.9,25.8,0.0,11.4625,78.33333333333333,24,complete_24_hours,Original weather CSV
2019-12-18,20.925,16.3,27.2,0.0,7.6125,74.58333333333333,24,complete_24_hours,Original weather CSV
2019-12-19,20.8875,15.4,27.5,0.0,7.6125,71.58333333333333,24,complete_24_hours,Original weather CSV
2019-12-20,21.34583333333333,15.0,28.0,0.0,5.608333333333333,67.91666666666667,24,complete_24_hours,Original weather CSV
2019-12-21,21.5625,16.3,28.1,0.0,6.741666666666667,67.875,24,complete_24_hours,Original weather CSV
2019-12-22,21.829166666666666,16.6,27.7,0.0,9.141666666666667,69.75,24,complete_24_hours,Original weather CSV
2019-12-23,22.558333333333334,18.1,27.8,0.5,6.795833333333333,71.375,24,complete_24_hours,Original weather CSV
2019-12-24,22.3375,18.3,28.3,0.5,7.337499999999999,75.91666666666667,24,complete_24_hours,Original weather CSV
2019-12-25,22.5875,19.2,27.3,0.1,6.304166666666667,77.875,24,complete_24_hours,Original weather CSV
2019-12-26,22.129166666666663,17.6,28.0,0.1,6.441666666666666,70.375,24,complete_24_hours,Original weather CSV
2019-12-27,19.183333333333334,14.7,25.4,0.0,10.9,72.54166666666667,24,complete_24_hours,Original weather CSV
2019-12-28,18.6375,13.0,25.5,0.0,12.158333333333331,65.625,24,complete_24_hours,Original weather CSV
2019-12-29,19.28333333333333,14.3,24.8,0.0,9.925,67.75,24,complete_24_hours,Original weather CSV
2019-12-30,20.08333333333333,15.5,25.7,0.0,8.8375,64.16666666666667,24,complete_24_hours,Original weather CSV
2019-12-31,18.48333333333333,13.2,25.9,0.0,6.6125,66.91666666666667,24,complete_24_hours,Original weather CSV
2020-01-01,17.55,10.9,25.7,0.0,7.520833333333333,68.125,24,complete_24_hours,Original weather CSV
2020-01-02,18.45,11.7,26.7,0.0,7.291666666666667,71.91666666666667,24,complete_24_hours,Original weather CSV
2020-01-03,18.33333333333333,12.5,24.7,0.0,5.516666666666667,71.45833333333333,24,complete_24_hours,Original weather CSV
2020-01-04,17.358333333333334,11.7,23.2,0.0,7.191666666666666,75.16666666666667,24,complete_24_hours,Original weather CSV
2020-01-05,18.0875,12.3,24.4,0.0,11.7625,68.58333333333333,24,complete_24_hours,Original weather CSV
2020-01-06,19.97083333333333,13.7,27.3,0.0,8.670833333333333,67.41666666666667,24,complete_24_hours,Original weather CSV
2020-01-07,21.225,15.5,28.4,0.0,9.208333333333334,73.95833333333333,24,complete_24_hours,Original weather CSV
2020-01-08,20.9375,16.5,26.2,0.0,11.591666666666669,67.41666666666667,24,complete_24_hours,Original weather CSV
2020-01-09,18.0625,11.8,24.5,0.0,8.404166666666667,63.208333333333336,24,complete_24_hours,Original weather CSV
2020-01-10,18.091666666666665,11.9,25.3,0.0,11.816666666666668,65.25,24,complete_24_hours,Original weather CSV
2020-01-11,19.791666666666668,13.2,27.3,0.0,8.725,70.45833333333333,24,complete_24_hours,Original weather CSV
2020-01-12,20.995833333333334,14.8,27.9,0.0,6.745833333333334,72.04166666666667,24,complete_24_hours,Original weather CSV
2020-01-13,20.566666666666663,14.9,27.6,0.0,8.754166666666666,75.95833333333333,24,complete_24_hours,Original weather CSV
2020-01-14,20.1,16.4,26.3,0.0,7.433333333333334,74.45833333333333,24,complete_24_hours,Original weather CSV
2020-01-15,18.758333333333333,13.7,26.0,0.0,8.929166666666667,70.375,24,complete_24_hours,Original weather CSV
2020-01-16,16.337500000000002,12.0,21.9,0.0,10.158333333333331,57.833333333333336,24,complete_24_hours,Original weather CSV
2020-01-17,15.279166666666669,7.8,22.7,0.0,6.191666666666666,56.79166666666666,24,complete_24_hours,Original weather CSV
2020-01-18,17.037499999999998,8.9,25.2,0.0,7.587499999999999,64.08333333333333,24,complete_24_hours,Original weather CSV
2020-01-19,18.85,11.9,26.8,0.0,7.404166666666666,70.375,24,complete_24_hours,Original weather CSV
2020-01-20,20.258333333333333,13.2,28.5,0.0,8.25,67.83333333333333,24,complete_24_hours,Original weather CSV
2020-01-21,21.554166666666664,15.7,28.9,0.0,6.595833333333334,64.91666666666667,24,complete_24_hours,Original weather CSV
2020-01-22,21.891666666666666,14.8,28.7,0.0,6.295833333333333,63.708333333333336,24,complete_24_hours,Original weather CSV
2020-01-23,21.870833333333334,16.0,28.9,0.0,7.570833333333333,68.83333333333333,24,complete_24_hours,Original weather CSV
2020-01-24,21.85,15.5,28.7,0.0,6.691666666666666,66.20833333333333,24,complete_24_hours,Original weather CSV
2020-01-25,22.120833333333334,16.1,29.1,0.0,5.745833333333334,64.625,24,complete_24_hours,Original weather CSV
2020-01-26,22.745833333333334,15.9,30.3,0.0,7.041666666666667,64.58333333333333,24,complete_24_hours,Original weather CSV
2020-01-27,21.945833333333336,15.4,29.1,0.0,10.65,57.91666666666666,24,complete_24_hours,Original weather CSV
2020-01-28,18.85833333333333,14.5,24.4,0.2,13.408333333333331,69.91666666666667,24,complete_24_hours,Original weather CSV
2020-01-29,18.291666666666668,14.0,23.5,0.0,8.5875,61.375,24,complete_24_hours,Original weather CSV
2020-01-30,17.2375,9.7,25.2,0.0,6.245833333333334,58.375,24,complete_24_hours,Original weather CSV
2020-01-31,18.775,11.8,27.1,0.0,7.954166666666667,58.5,24,complete_24_hours,Original weather CSV
2020-02-01,19.70833333333333,12.4,27.1,0.0,8.870833333333334,60.333333333333336,24,complete_24_hours,Original weather CSV
2020-02-02,20.695833333333333,14.6,28.9,0.0,11.175,56.708333333333336,24,complete_24_hours,Original weather CSV
2020-02-03,20.604166666666668,12.7,29.2,0.0,7.9125,63.958333333333336,24,complete_24_hours,Original weather CSV
2020-02-04,20.883333333333333,14.2,28.0,0.0,7.516666666666667,57.04166666666666,24,complete_24_hours,Original weather CSV
2020-02-05,20.39583333333333,12.6,29.0,0.0,10.441666666666666,48.16666666666666,24,complete_24_hours,Original weather CSV
2020-02-06,20.6375,14.1,28.6,0.0,9.666666666666666,40.583333333333336,24,complete_24_hours,Original weather CSV
2020-02-07,19.433333333333334,12.1,26.7,0.0,6.108333333333333,47.79166666666666,24,complete_24_hours,Original weather CSV
2020-02-08,20.304166666666667,14.7,26.8,0.0,11.870833333333332,55.958333333333336,24,complete_24_hours,Original weather CSV
2020-02-09,20.491666666666667,14.4,27.1,0.0,14.045833333333334,50.91666666666666,24,complete_24_hours,Original weather CSV
2020-02-10,21.508333333333336,15.5,28.2,0.0,10.479166666666666,60.75,24,complete_24_hours,Original weather CSV
2020-02-11,22.7125,17.4,28.3,0.0,10.3125,68.16666666666667,24,complete_24_hours,Original weather CSV
2020-02-12,23.67083333333333,19.3,29.1,0.0,8.658333333333333,61.625,24,complete_24_hours,Original weather CSV
2020-02-13,24.325,18.1,30.5,0.0,7.337499999999999,50.625,24,complete_24_hours,Original weather CSV
2020-02-14,23.8125,16.3,30.3,0.0,7.004166666666666,45.083333333333336,24,complete_24_hours,Original weather CSV
2020-02-15,23.429166666666664,15.7,31.0,0.0,7.070833333333333,44.333333333333336,24,complete_24_hours,Original weather CSV
2020-02-16,24.47083333333333,16.3,31.9,0.0,9.029166666666669,45.25,24,complete_24_hours,Original weather CSV
2020-02-17,25.004166666666663,18.4,32.1,0.0,8.741666666666667,46.125,24,complete_24_hours,Original weather CSV
2020-02-18,25.20833333333333,18.0,32.6,0.0,6.866666666666667,43.333333333333336,24,complete_24_hours,Original weather CSV
2020-02-19,25.566666666666663,19.7,33.1,0.0,6.070833333333333,39.29166666666666,24,complete_24_hours,Original weather CSV
2020-02-20,25.09583333333333,17.6,32.7,0.0,8.520833333333334,41.875,24,complete_24_hours,Original weather CSV
2020-02-21,24.95,17.9,32.4,0.0,8.945833333333333,38.75,24,complete_24_hours,Original weather CSV
2020-02-22,24.55,16.8,32.4,0.0,6.9375,43.91666666666666,24,complete_24_hours,Original weather CSV
2020-02-23,25.679166666666664,17.8,34.0,0.0,7.958333333333333,38.75,24,complete_24_hours,Original weather CSV
2020-02-24,24.28333333333333,16.2,33.1,0.0,9.104166666666666,38.54166666666666,24,complete_24_hours,Original weather CSV
2020-02-25,22.995833333333334,15.0,30.2,0.0,9.85,33.541666666666664,24,complete_24_hours,Original weather CSV
2020-02-26,22.65,14.3,30.9,0.0,9.941666666666666,32.208333333333336,24,complete_24_hours,Original weather CSV
2020-02-27,23.27916666666667,14.5,31.3,0.0,8.0625,31.125,24,complete_24_hours,Original weather CSV
2020-02-28,24.09166666666667,16.0,32.8,0.0,8.825000000000001,35.333333333333336,24,complete_24_hours,Original weather CSV
2020-02-29,24.34583333333333,16.9,32.8,0.0,8.933333333333334,37.16666666666666,24,complete_24_hours,Original weather CSV
2020-03-01,24.40416666666667,17.3,32.0,0.0,8.3375,35.75,24,complete_24_hours,Original weather CSV
2020-03-02,23.883333333333336,17.1,32.2,0.0,8.858333333333333,34.458333333333336,24,complete_24_hours,Original weather CSV
2020-03-03,22.98333333333333,16.3,30.4,0.0,12.0875,46.083333333333336,24,complete_24_hours,Original weather CSV
2020-03-04,21.7625,16.2,29.0,0.0,10.991666666666667,60.833333333333336,24,complete_24_hours,Original weather CSV
2020-03-05,21.816666666666663,15.4,30.0,0.0,10.016666666666667,62.54166666666666,24,complete_24_hours,Original weather CSV
2020-03-06,21.183333333333334,16.7,27.2,0.0,14.5,67.29166666666667,24,complete_24_hours,Original weather CSV
2020-03-07,21.329166666666666,15.7,28.7,0.0,8.383333333333333,60.66666666666666,24,complete_24_hours,Original weather CSV
2020-03-08,22.6625,14.4,31.4,0.0,8.291666666666666,44.54166666666666,24,complete_24_hours,Original weather CSV
2020-03-09,24.15833333333333,17.9,31.8,0.0,8.779166666666667,41.91666666666666,24,complete_24_hours,Original weather CSV
2020-03-10,22.375,16.7,28.9,0.0,12.670833333333334,56.833333333333336,24,complete_24_hours,Original weather CSV
2020-03-11,21.454166666666666,16.8,28.5,0.0,12.104166666666666,61.91666666666666,24,complete_24_hours,Original weather CSV
2020-03-12,20.70833333333333,15.3,28.1,0.0,12.204166666666666,63.958333333333336,24,complete_24_hours,Original weather CSV
2020-03-13,21.016666666666666,13.0,29.4,0.0,9.154166666666669,43.0,24,complete_24_hours,Original weather CSV
2020-03-14,21.925,13.5,30.7,0.0,6.841666666666666,28.5,24,complete_24_hours,Original weather CSV
2020-03-15,23.566666666666663,15.2,32.1,0.0,9.429166666666667,29.125,24,complete_24_hours,Original weather CSV
2020-03-16,25.516666666666666,17.5,33.4,0.0,9.5625,32.958333333333336,24,complete_24_hours,Original weather CSV
2020-03-17,26.804166666666664,19.4,34.7,0.0,9.3,36.0,24,complete_24_hours,Original weather CSV
2020-03-18,27.379166666666663,19.5,35.8,0.0,9.154166666666669,37.04166666666666,24,complete_24_hours,Original weather CSV
2020-03-19,26.325,19.2,34.2,0.0,10.795833333333334,27.20833333333333,24,complete_24_hours,Original weather CSV
2020-03-20,24.441666666666663,17.6,31.5,0.0,13.770833333333334,36.875,24,complete_24_hours,Original weather CSV
2020-03-21,24.48333333333333,16.8,32.0,0.0,10.320833333333333,42.54166666666666,24,complete_24_hours,Original weather CSV
2020-03-22,26.016666666666666,17.5,33.5,0.0,7.025,47.04166666666666,24,complete_24_hours,Original weather CSV
2020-03-23,27.808333333333334,20.1,35.2,0.0,7.604166666666667,40.04166666666666,24,complete_24_hours,Original weather CSV
2020-03-24,29.025,22.0,34.9,0.0,9.029166666666669,35.666666666666664,24,complete_24_hours,Original weather CSV
2020-03-25,28.195833333333336,22.8,35.1,0.0,7.962499999999999,42.083333333333336,24,complete_24_hours,Original weather CSV
2020-03-26,26.40833333333333,21.2,32.6,0.8,9.433333333333334,61.583333333333336,24,complete_24_hours,Original weather CSV
2020-03-27,26.98333333333333,21.6,32.9,0.1,8.845833333333333,55.875,24,complete_24_hours,Original weather CSV
2020-03-28,27.02083333333333,20.7,33.2,0.0,8.291666666666666,46.0,24,complete_24_hours,Original weather CSV
2020-03-29,27.879166666666663,20.6,34.9,0.0,8.491666666666667,34.541666666666664,24,complete_24_hours,Original weather CSV
2020-03-30,28.266666666666666,20.3,35.5,0.0,9.554166666666667,35.375,24,complete_24_hours,Original weather CSV
2020-03-31,28.425,20.0,36.5,0.0,9.595833333333331,31.666666666666668,24,complete_24_hours,Original weather CSV
2020-04-01,28.433333333333334,19.9,36.6,0.0,10.245833333333334,27.916666666666668,24,complete_24_hours,Original weather CSV
2020-04-02,28.60833333333333,19.8,36.9,0.0,8.1875,34.5,24,complete_24_hours,Original weather CSV
2020-04-03,29.775,21.5,36.8,0.0,9.341666666666669,31.08333333333333,24,complete_24_hours,Original weather CSV
2020-04-04,29.6,21.9,37.8,0.0,9.325,27.75,24,complete_24_hours,Original weather CSV
2020-04-05,29.0125,20.4,37.7,0.0,9.154166666666669,28.541666666666668,24,complete_24_hours,Original weather CSV
2020-04-06,27.995833333333334,20.1,36.0,0.0,10.7125,36.5,24,complete_24_hours,Original weather CSV
2020-04-07,27.59166666666667,20.3,35.4,0.0,10.7,40.583333333333336,24,complete_24_hours,Original weather CSV
2020-04-08,26.491666666666664,19.7,33.9,0.0,11.408333333333331,40.25,24,complete_24_hours,Original weather CSV
2020-04-09,26.83333333333333,18.1,35.1,0.0,8.625,41.458333333333336,24,complete_24_hours,Original weather CSV
2020-04-10,28.729166666666668,20.4,37.0,0.0,7.729166666666667,37.16666666666666,24,complete_24_hours,Original weather CSV
2020-04-11,30.641666666666666,22.6,38.0,0.0,8.270833333333334,28.25,24,complete_24_hours,Original weather CSV
2020-04-12,31.39583333333333,23.3,39.0,0.0,9.0375,24.20833333333333,24,complete_24_hours,Original weather CSV
2020-04-13,30.629166666666663,21.8,39.2,0.0,8.75,32.791666666666664,24,complete_24_hours,Original weather CSV
2020-04-14,31.1875,22.0,39.2,0.0,8.691666666666666,30.95833333333333,24,complete_24_hours,Original weather CSV
2020-04-15,31.229166666666668,22.7,38.8,0.0,9.841666666666669,30.291666666666668,24,complete_24_hours,Original weather CSV
2020-04-16,30.45,22.2,38.1,0.0,7.641666666666667,41.79166666666666,24,complete_24_hours,Original weather CSV
2020-04-17,30.329166666666666,23.2,37.3,0.0,9.545833333333333,43.125,24,complete_24_hours,Original weather CSV
2020-04-18,31.004166666666663,24.2,37.7,0.0,7.9875,37.54166666666666,24,complete_24_hours,Original weather CSV
2020-04-19,30.70833333333333,23.5,37.3,0.0,9.583333333333334,35.833333333333336,24,complete_24_hours,Original weather CSV
2020-04-20,30.17916666666667,22.5,37.7,0.0,9.579166666666667,32.791666666666664,24,complete_24_hours,Original weather CSV
2020-04-21,30.016666666666666,24.0,37.3,0.0,13.6625,29.20833333333333,24,complete_24_hours,Original weather CSV
2020-04-22,29.77083333333333,21.7,37.3,0.0,9.375,39.5,24,complete_24_hours,Original weather CSV
2020-04-23,30.2,23.4,37.2,0.0,12.2375,36.75,24,complete_24_hours,Original weather CSV
2020-04-24,29.54583333333333,23.3,37.0,0.0,12.854166666666666,43.79166666666666,24,complete_24_hours,Original weather CSV
2020-04-25,28.141666666666666,22.7,34.9,0.0,13.95,42.958333333333336,24,complete_24_hours,Original weather CSV
2020-04-26,28.2125,20.8,36.4,0.0,9.441666666666666,41.66666666666666,24,complete_24_hours,Original weather CSV
2020-04-27,28.3,20.9,36.0,0.0,9.783333333333331,51.708333333333336,24,complete_24_hours,Original weather CSV
2020-04-28,30.03333333333333,22.4,37.2,0.0,8.666666666666666,43.875,24,complete_24_hours,Original weather CSV
2020-04-29,30.97083333333333,24.0,38.4,0.0,10.529166666666669,36.083333333333336,24,complete_24_hours,Original weather CSV
2020-04-30,30.066666666666663,23.4,36.5,0.0,11.825,52.333333333333336,24,complete_24_hours,Original weather CSV
2020-05-01,29.975,24.3,36.5,0.0,11.204166666666666,52.208333333333336,24,complete_24_hours,Original weather CSV
2020-05-02,30.2125,23.7,37.7,0.0,11.6,46.25,24,complete_24_hours,Original weather CSV
2020-05-03,30.40833333333333,23.9,38.2,0.0,12.158333333333331,40.5,24,complete_24_hours,Original weather CSV
2020-05-04,30.245833333333334,23.1,38.1,0.0,12.191666666666668,38.25,24,complete_24_hours,Original weather CSV
2020-05-05,30.666666666666668,23.2,37.8,0.0,11.229166666666666,42.958333333333336,24,complete_24_hours,Original weather CSV
2020-05-06,31.08333333333333,23.3,38.4,0.0,10.304166666666667,36.75,24,complete_24_hours,Original weather CSV
2020-05-07,30.8875,23.9,38.9,0.0,10.304166666666667,32.125,24,complete_24_hours,Original weather CSV
2020-05-08,30.016666666666666,22.7,38.4,0.0,10.708333333333334,42.375,24,complete_24_hours,Original weather CSV
2020-05-09,29.98333333333333,22.2,38.3,0.0,10.05,46.625,24,complete_24_hours,Original weather CSV
2020-05-10,30.679166666666664,23.4,38.3,0.0,8.504166666666666,39.91666666666666,24,complete_24_hours,Original weather CSV
2020-05-11,30.1875,24.0,37.5,0.0,7.5,44.458333333333336,24,complete_24_hours,Original weather CSV
2020-05-12,30.133333333333336,22.6,38.6,0.0,8.558333333333334,36.41666666666666,24,complete_24_hours,Original weather CSV
2020-05-13,30.1125,23.0,38.1,0.0,8.816666666666666,46.333333333333336,24,complete_24_hours,Original weather CSV
2020-05-14,31.02916666666667,23.3,38.1,0.0,5.9625,52.41666666666666,24,complete_24_hours,Original weather CSV
2020-05-15,30.916666666666668,25.4,36.3,0.0,8.954166666666667,47.91666666666666,24,complete_24_hours,Original weather CSV
2020-05-16,30.84166666666667,26.1,37.0,0.0,11.2625,44.16666666666666,24,complete_24_hours,Original weather CSV
2020-05-17,30.445833333333336,24.8,37.2,0.1,11.445833333333333,47.41666666666666,24,complete_24_hours,Original weather CSV
2020-05-18,30.445833333333336,25.0,36.6,0.0,14.054166666666667,45.0,24,complete_24_hours,Original weather CSV
2020-05-19,29.066666666666663,23.6,35.1,0.0,14.308333333333332,54.75,24,complete_24_hours,Original weather CSV
2020-05-20,29.1,22.8,36.0,0.0,15.054166666666667,55.833333333333336,24,complete_24_hours,Original weather CSV
2020-05-21,29.59583333333333,22.8,37.5,0.0,14.254166666666668,53.083333333333336,24,complete_24_hours,Original weather CSV
2020-05-22,29.633333333333336,22.7,37.3,0.0,13.9375,50.833333333333336,24,complete_24_hours,Original weather CSV
2020-05-23,31.1,23.4,38.8,0.0,13.7125,35.25,24,complete_24_hours,Original weather CSV
2020-05-24,31.025,24.0,39.3,0.0,12.308333333333332,45.66666666666666,24,complete_24_hours,Original weather CSV
2020-05-25,31.09583333333333,24.0,38.9,0.0,12.070833333333333,43.0,24,complete_24_hours,Original weather CSV
2020-05-26,30.754166666666663,24.9,38.0,0.0,14.25,43.833333333333336,24,complete_24_hours,Original weather CSV
2020-05-27,29.204166666666666,23.6,36.8,0.0,16.904166666666665,55.16666666666666,24,complete_24_hours,Original weather CSV
2020-05-28,28.9375,23.5,36.5,0.0,18.866666666666667,59.333333333333336,24,complete_24_hours,Original weather CSV
2020-05-29,29.175,24.2,36.7,0.0,16.849999999999998,60.54166666666666,24,complete_24_hours,Original weather CSV
2020-05-30,29.20833333333333,23.8,36.0,0.0,14.695833333333333,59.0,24,complete_24_hours,Original weather CSV
2020-05-31,29.8,23.3,37.6,0.0,10.625,56.0,24,complete_24_hours,Original weather CSV
2020-06-01,28.625,24.7,33.6,0.0,8.141666666666667,60.875,24,complete_24_hours,Original weather CSV
2020-06-02,25.566666666666663,22.4,29.3,3.8,10.2,74.95833333333333,24,complete_24_hours,Original weather CSV
2020-06-03,22.4125,21.5,23.2,107.4,27.125,93.45833333333331,24,complete_24_hours,Original weather CSV
2020-06-04,24.354166666666668,21.8,27.8,6.5,18.6375,85.33333333333333,24,complete_24_hours,Original weather CSV
2020-06-05,24.58333333333333,22.6,29.0,4.5,14.808333333333332,85.875,24,complete_24_hours,Original weather CSV
2020-06-06,24.633333333333336,22.0,28.6,1.5,16.837500000000002,84.75,24,complete_24_hours,Original weather CSV
2020-06-07,24.916666666666668,22.5,28.3,0.3,16.3625,83.45833333333333,24,complete_24_hours,Original weather CSV
2020-06-08,24.4625,22.6,28.0,1.0,14.991666666666667,84.45833333333333,24,complete_24_hours,Original weather CSV
2020-06-09,25.304166666666664,22.3,28.9,4.8,13.516666666666666,82.375,24,complete_24_hours,Original weather CSV
2020-06-10,25.59166666666667,23.3,29.8,10.5,12.170833333333334,83.33333333333333,24,complete_24_hours,Original weather CSV
2020-06-11,25.79583333333333,23.4,29.6,2.3000000000000003,11.575,82.625,24,complete_24_hours,Original weather CSV
2020-06-12,25.425,22.8,29.7,3.6,8.112499999999999,83.66666666666667,24,complete_24_hours,Original weather CSV
2020-06-13,25.3375,23.0,30.1,59.8,7.341666666666666,85.875,24,complete_24_hours,Original weather CSV
2020-06-14,24.75,23.1,28.4,31.1,7.558333333333334,90.25,24,complete_24_hours,Original weather CSV
2020-06-15,24.96666666666667,23.3,28.9,22.4,10.354166666666666,89.91666666666667,24,complete_24_hours,Original weather CSV
2020-06-16,25.35833333333333,23.5,28.4,6.3,10.458333333333334,88.04166666666667,24,complete_24_hours,Original weather CSV
2020-06-17,25.175,22.7,29.9,4.2,12.804166666666667,84.29166666666667,24,complete_24_hours,Original weather CSV
2020-06-18,24.33333333333333,22.8,26.6,3.3,20.016666666666666,89.08333333333333,24,complete_24_hours,Original weather CSV
2020-06-19,25.08333333333333,22.8,27.6,0.5,17.4875,86.41666666666667,24,complete_24_hours,Original weather CSV
2020-06-20,25.45833333333333,23.3,28.4,1.1,16.787499999999998,82.91666666666667,24,complete_24_hours,Original weather CSV
2020-06-21,25.166666666666668,23.3,28.2,1.4,17.804166666666667,83.83333333333333,24,complete_24_hours,Original weather CSV
2020-06-22,25.1875,22.9,28.6,0.7,16.129166666666666,81.91666666666667,24,complete_24_hours,Original weather CSV
2020-06-23,24.941666666666663,22.5,28.5,1.7000000000000002,15.529166666666669,83.5,24,complete_24_hours,Original weather CSV
2020-06-24,25.491666666666664,22.8,29.4,3.4000000000000004,11.679166666666667,82.875,24,complete_24_hours,Original weather CSV
2020-06-25,26.225,22.8,31.1,1.5,8.233333333333333,80.75,24,complete_24_hours,Original weather CSV
2020-06-26,25.67083333333333,23.4,31.5,30.3,6.341666666666666,87.16666666666667,24,complete_24_hours,Original weather CSV
2020-06-27,25.616666666666664,23.1,30.5,11.7,6.4125000000000005,86.5,24,complete_24_hours,Original weather CSV
2020-06-28,25.9,23.2,30.3,1.5,9.6,83.25,24,complete_24_hours,Original weather CSV
2020-06-29,24.575,23.1,27.8,12.1,7.383333333333333,90.70833333333331,24,complete_24_hours,Original weather CSV
2020-06-30,24.4375,22.4,27.5,8.0,5.333333333333333,90.0,24,complete_24_hours,Original weather CSV
2020-07-01,25.070833333333336,22.7,28.9,1.5,10.8625,86.58333333333333,24,complete_24_hours,Original weather CSV
2020-07-02,25.21666666666667,22.7,28.6,1.2000000000000002,14.920833333333334,84.95833333333333,24,complete_24_hours,Original weather CSV
2020-07-03,25.445833333333336,23.1,29.5,28.9,11.016666666666666,85.83333333333333,24,complete_24_hours,Original weather CSV
2020-07-04,24.866666666666664,23.1,28.8,36.6,12.320833333333333,88.79166666666667,24,complete_24_hours,Original weather CSV
2020-07-05,23.39583333333333,22.6,24.7,29.5,19.95,93.875,24,complete_24_hours,Original weather CSV
2020-07-06,23.8375,22.9,25.5,12.7,23.09166666666667,91.45833333333331,24,complete_24_hours,Original weather CSV
2020-07-07,24.35,23.0,27.1,11.5,20.45833333333333,91.66666666666669,24,complete_24_hours,Original weather CSV
2020-07-08,24.5875,23.0,27.7,4.6,16.991666666666667,89.41666666666667,24,complete_24_hours,Original weather CSV
2020-07-09,24.429166666666664,22.7,27.3,2.2,17.020833333333332,89.04166666666667,24,complete_24_hours,Original weather CSV
2020-07-10,24.495833333333334,22.7,27.8,1.0,18.016666666666666,87.375,24,complete_24_hours,Original weather CSV
2020-07-11,24.475,22.9,27.0,2.1,18.89583333333333,86.83333333333333,24,complete_24_hours,Original weather CSV
2020-07-12,24.308333333333334,22.5,26.9,2.6,17.170833333333334,87.33333333333333,24,complete_24_hours,Original weather CSV
2020-07-13,24.354166666666668,22.4,27.2,17.7,13.345833333333331,89.33333333333333,24,complete_24_hours,Original weather CSV
2020-07-14,24.416666666666668,22.7,27.3,10.2,11.65,89.5,24,complete_24_hours,Original weather CSV
2020-07-15,23.90833333333333,22.6,25.5,15.0,8.533333333333333,93.25,24,complete_24_hours,Original weather CSV
2020-07-16,23.675,22.2,26.0,2.9,13.541666666666666,89.79166666666667,24,complete_24_hours,Original weather CSV
2020-07-17,24.2375,21.9,28.0,5.1,13.008333333333333,86.625,24,complete_24_hours,Original weather CSV
2020-07-18,24.6875,22.5,28.3,1.1,15.995833333333332,85.875,24,complete_24_hours,Original weather CSV
2020-07-19,24.90833333333333,22.9,28.5,3.1,14.658333333333331,86.16666666666667,24,complete_24_hours,Original weather CSV
2020-07-20,24.791666666666668,22.6,28.8,1.7,13.0625,86.75,24,complete_24_hours,Original weather CSV
2020-07-21,24.691666666666663,22.4,28.1,1.6,11.820833333333333,86.125,24,complete_24_hours,Original weather CSV
2020-07-22,24.84583333333333,22.4,28.8,7.399999999999999,6.7,88.33333333333333,24,complete_24_hours,Original weather CSV
2020-07-23,24.58333333333333,23.0,27.2,10.3,8.516666666666667,89.41666666666667,24,complete_24_hours,Original weather CSV
2020-07-24,24.079166666666666,22.6,27.2,14.3,7.933333333333334,91.08333333333331,24,complete_24_hours,Original weather CSV
2020-07-25,23.791666666666668,21.5,27.6,8.7,6.120833333333334,88.625,24,complete_24_hours,Original weather CSV
2020-07-26,24.2875,21.3,29.2,6.6,7.420833333333333,88.54166666666667,24,complete_24_hours,Original weather CSV
2020-07-27,24.3875,22.0,28.0,5.2,14.241666666666667,86.5,24,complete_24_hours,Original weather CSV
2020-07-28,24.433333333333334,22.5,27.6,5.2,12.241666666666667,87.29166666666667,24,complete_24_hours,Original weather CSV
2020-07-29,24.45833333333333,22.4,28.1,9.5,8.358333333333333,89.29166666666667,24,complete_24_hours,Original weather CSV
2020-07-30,24.6625,22.5,28.8,6.2,9.35,88.33333333333333,24,complete_24_hours,Original weather CSV
2020-07-31,24.8375,22.1,29.1,8.8,7.587499999999999,88.125,24,complete_24_hours,Original weather CSV
2020-08-01,25.3375,22.5,29.9,1.7000000000000002,6.441666666666666,85.91666666666667,24,complete_24_hours,Original weather CSV
2020-08-02,25.370833333333334,22.3,30.4,5.0,6.266666666666667,86.0,24,complete_24_hours,Original weather CSV
2020-08-03,24.141666666666666,22.2,26.8,8.0,13.333333333333334,90.83333333333331,24,complete_24_hours,Original weather CSV
2020-08-04,24.225,22.8,26.0,18.6,18.42083333333333,90.75,24,complete_24_hours,Original weather CSV
2020-08-05,23.929166666666664,22.9,25.5,111.7,13.229166666666666,92.95833333333331,24,complete_24_hours,Original weather CSV
2020-08-06,24.34166666666667,22.7,27.3,88.5,23.041666666666668,89.875,24,complete_24_hours,Original weather CSV
2020-08-07,24.320833333333336,23.0,26.6,10.5,23.479166666666668,90.04166666666667,24,complete_24_hours,Original weather CSV
2020-08-08,24.1625,22.8,26.8,7.1000000000000005,22.141666666666666,88.33333333333333,24,complete_24_hours,Original weather CSV
2020-08-09,23.65833333333333,22.7,25.6,3.4000000000000004,18.604166666666668,89.5,24,complete_24_hours,Original weather CSV
2020-08-10,23.366666666666664,22.8,24.4,4.2,14.991666666666667,92.79166666666669,24,complete_24_hours,Original weather CSV
2020-08-11,23.370833333333334,22.4,25.3,6.3,18.78333333333333,92.125,24,complete_24_hours,Original weather CSV
2020-08-12,23.070833333333336,22.6,24.0,25.2,20.508333333333333,93.125,24,complete_24_hours,Original weather CSV
2020-08-13,23.258333333333336,22.5,24.7,13.6,22.27083333333333,91.375,24,complete_24_hours,Original weather CSV
2020-08-14,22.8,22.0,24.2,17.3,21.8625,92.20833333333331,24,complete_24_hours,Original weather CSV
2020-08-15,23.34166666666667,22.3,25.5,15.8,20.870833333333334,91.70833333333331,24,complete_24_hours,Original weather CSV
2020-08-16,23.329166666666666,22.5,25.1,17.4,20.916666666666668,91.375,24,complete_24_hours,Original weather CSV
2020-08-17,23.133333333333336,22.4,24.3,16.4,18.166666666666668,92.75,24,complete_24_hours,Original weather CSV
2020-08-18,23.204166666666666,22.3,24.8,6.9,17.858333333333334,91.45833333333331,24,complete_24_hours,Original weather CSV
2020-08-19,23.116666666666664,22.2,25.1,6.9,17.245833333333334,91.83333333333331,24,complete_24_hours,Original weather CSV
2020-08-20,23.058333333333334,22.2,25.5,17.3,16.233333333333334,92.16666666666669,24,complete_24_hours,Original weather CSV
2020-08-21,23.29583333333333,22.2,25.5,13.4,17.516666666666666,91.83333333333331,24,complete_24_hours,Original weather CSV
2020-08-22,23.3625,22.6,24.7,5.2,20.59583333333333,91.29166666666669,24,complete_24_hours,Original weather CSV
2020-08-23,23.375,22.3,24.9,5.6000000000000005,23.933333333333334,89.91666666666667,24,complete_24_hours,Original weather CSV
2020-08-24,23.7625,22.0,26.9,7.9,22.5875,88.79166666666667,24,complete_24_hours,Original weather CSV
2020-08-25,23.7,21.8,26.7,3.2,19.3375,87.16666666666667,24,complete_24_hours,Original weather CSV
2020-08-26,24.179166666666664,21.9,28.0,0.4,15.295833333333334,83.54166666666667,24,complete_24_hours,Original weather CSV
2020-08-27,23.33333333333333,22.0,25.2,1.4,14.695833333333333,88.375,24,complete_24_hours,Original weather CSV
2020-08-28,22.79583333333333,22.1,24.0,15.1,15.575,93.5,24,complete_24_hours,Original weather CSV
2020-08-29,22.891666666666666,22.1,24.6,16.7,17.408333333333335,92.45833333333331,24,complete_24_hours,Original weather CSV
2020-08-30,22.54583333333333,21.9,24.0,16.4,19.154166666666665,93.20833333333331,24,complete_24_hours,Original weather CSV
2020-08-31,23.325,21.7,26.0,4.5,19.0875,89.04166666666667,24,complete_24_hours,Original weather CSV
2020-09-01,24.066666666666663,21.6,27.6,2.8000000000000003,11.558333333333332,85.45833333333333,24,complete_24_hours,Original weather CSV
2020-09-02,24.73333333333333,21.3,29.4,0.5,6.008333333333333,80.83333333333333,24,complete_24_hours,Original weather CSV
2020-09-03,24.816666666666663,21.9,28.7,2.0,4.329166666666667,87.25,24,complete_24_hours,Original weather CSV
2020-09-04,25.47083333333333,21.4,30.4,5.6,5.995833333333334,84.54166666666667,24,complete_24_hours,Original weather CSV
2020-09-05,25.2875,21.8,30.4,8.6,5.575,87.08333333333333,24,complete_24_hours,Original weather CSV
2020-09-06,24.89583333333333,22.1,28.9,21.6,5.041666666666667,89.70833333333333,24,complete_24_hours,Original weather CSV
2020-09-07,25.175,22.5,29.6,4.8,6.629166666666666,87.45833333333333,24,complete_24_hours,Original weather CSV
2020-09-08,25.1875,22.9,29.0,3.9,6.15,88.41666666666667,24,complete_24_hours,Original weather CSV
2020-09-09,25.304166666666664,22.2,29.3,10.2,4.954166666666667,88.04166666666667,24,complete_24_hours,Original weather CSV
2020-09-10,25.0375,22.6,29.8,13.500000000000002,4.370833333333334,89.16666666666667,24,complete_24_hours,Original weather CSV
2020-09-11,24.329166666666666,22.4,27.3,26.3,5.233333333333333,91.75,24,complete_24_hours,Original weather CSV
2020-09-12,24.54583333333333,22.5,28.5,6.1000000000000005,10.041666666666666,87.66666666666667,24,complete_24_hours,Original weather CSV
2020-09-13,23.641666666666666,21.7,27.1,1.1,17.691666666666666,86.875,24,complete_24_hours,Original weather CSV
2020-09-14,24.08333333333333,22.1,27.9,9.9,10.341666666666669,86.625,24,complete_24_hours,Original weather CSV
2020-09-15,24.03333333333333,21.5,27.8,7.6,7.3625,87.79166666666667,24,complete_24_hours,Original weather CSV
2020-09-16,23.85,22.1,27.3,6.8,7.5125,90.91666666666669,24,complete_24_hours,Original weather CSV
2020-09-17,23.945833333333336,21.8,27.3,11.6,8.65,89.41666666666667,24,complete_24_hours,Original weather CSV
2020-09-18,23.9125,22.0,27.4,10.7,8.7625,89.08333333333333,24,complete_24_hours,Original weather CSV
2020-09-19,24.183333333333334,21.8,28.1,9.0,8.358333333333333,89.45833333333333,24,complete_24_hours,Original weather CSV
2020-09-20,24.33333333333333,22.5,28.5,10.8,5.908333333333334,91.0,24,complete_24_hours,Original weather CSV
2020-09-21,24.954166666666666,23.0,28.3,12.4,8.045833333333333,90.75,24,complete_24_hours,Original weather CSV
2020-09-22,24.495833333333334,22.9,28.8,20.3,8.15,92.45833333333331,24,complete_24_hours,Original weather CSV
2020-09-23,23.204166666666666,22.3,24.8,126.2,8.362499999999999,95.25,24,complete_24_hours,Original weather CSV
2020-09-24,24.791666666666668,22.5,29.1,8.7,8.679166666666667,87.875,24,complete_24_hours,Original weather CSV
2020-09-25,23.825,22.3,26.6,32.9,10.045833333333333,91.54166666666669,24,complete_24_hours,Original weather CSV
2020-09-26,23.52916666666667,20.6,27.4,0.3,12.025,81.125,24,complete_24_hours,Original weather CSV
2020-09-27,23.354166666666668,20.1,27.1,1.1,9.075,81.875,24,complete_24_hours,Original weather CSV
2020-09-28,23.0875,19.2,27.7,0.4,5.679166666666667,84.04166666666667,24,complete_24_hours,Original weather CSV
2020-09-29,23.70833333333333,20.6,28.2,0.6000000000000001,6.375,81.125,24,complete_24_hours,Original weather CSV
2020-09-30,23.8,21.2,28.0,1.1,6.408333333333334,84.375,24,complete_24_hours,Original weather CSV
2020-10-01,23.916666666666668,20.9,28.5,0.4,7.591666666666668,83.5,24,complete_24_hours,Original weather CSV
2020-10-02,23.90833333333333,20.3,29.1,1.4,6.545833333333333,85.5,24,complete_24_hours,Original weather CSV
2020-10-03,24.775,21.5,29.8,0.6,5.925,83.54166666666667,24,complete_24_hours,Original weather CSV
2020-10-04,24.55,22.2,29.5,0.2,8.379166666666666,83.41666666666667,24,complete_24_hours,Original weather CSV
2020-10-05,24.179166666666664,20.7,29.1,0.0,7.925,78.75,24,complete_24_hours,Original weather CSV
2020-10-06,24.675,19.9,30.1,0.0,6.425,75.95833333333333,24,complete_24_hours,Original weather CSV
2020-10-07,25.729166666666668,21.1,30.7,0.0,7.475,72.125,24,complete_24_hours,Original weather CSV
2020-10-08,25.54583333333333,22.3,30.5,0.0,4.933333333333334,67.04166666666667,24,complete_24_hours,Original weather CSV
2020-10-09,25.23333333333333,22.1,30.2,2.1,7.479166666666667,75.20833333333333,24,complete_24_hours,Original weather CSV
2020-10-10,25.52083333333333,21.8,30.5,5.4,4.958333333333333,82.79166666666667,24,complete_24_hours,Original weather CSV
2020-10-11,25.5375,22.6,30.3,2.8,5.708333333333333,76.41666666666667,24,complete_24_hours,Original weather CSV
2020-10-12,25.604166666666668,21.4,30.6,0.5,5.875,76.125,24,complete_24_hours,Original weather CSV
2020-10-13,25.9,21.7,30.8,2.4,6.008333333333333,77.16666666666667,24,complete_24_hours,Original weather CSV
2020-10-14,25.883333333333336,23.0,30.2,3.6,7.55,79.5,24,complete_24_hours,Original weather CSV
2020-10-15,24.879166666666663,22.7,28.1,6.1000000000000005,16.570833333333333,84.04166666666667,24,complete_24_hours,Original weather CSV
2020-10-16,24.854166666666668,22.2,28.6,1.7,15.925,80.875,24,complete_24_hours,Original weather CSV
2020-10-17,24.954166666666666,21.5,29.5,1.3,5.908333333333334,81.29166666666667,24,complete_24_hours,Original weather CSV
2020-10-18,24.0375,21.7,28.5,13.2,5.333333333333333,88.54166666666667,24,complete_24_hours,Original weather CSV
2020-10-19,24.120833333333334,21.3,29.0,4.5,5.208333333333333,90.0,24,complete_24_hours,Original weather CSV
2020-10-20,25.070833333333336,21.7,29.5,1.5,5.233333333333333,87.04166666666667,24,complete_24_hours,Original weather CSV
2020-10-21,24.491666666666664,21.9,29.4,7.0,5.308333333333334,88.875,24,complete_24_hours,Original weather CSV
2020-10-22,24.4,21.8,28.8,4.5,4.633333333333334,88.91666666666667,24,complete_24_hours,Original weather CSV
2020-10-23,23.84583333333333,20.4,28.9,1.5,4.775,85.25,24,complete_24_hours,Original weather CSV
2020-10-24,24.366666666666664,20.4,29.7,0.0,3.8666666666666663,70.66666666666667,24,complete_24_hours,Original weather CSV
2020-10-25,23.245833333333334,18.3,28.3,0.0,6.245833333333334,71.20833333333333,24,complete_24_hours,Original weather CSV
2020-10-26,23.39583333333333,18.5,29.3,0.0,6.470833333333334,68.54166666666667,24,complete_24_hours,Original weather CSV
2020-10-27,23.491666666666664,17.8,29.3,0.0,5.170833333333333,59.958333333333336,24,complete_24_hours,Original weather CSV
2020-10-28,23.8875,19.0,29.2,0.0,4.829166666666667,57.79166666666666,24,complete_24_hours,Original weather CSV
2020-10-29,23.8875,18.3,29.5,0.0,4.979166666666667,58.79166666666666,24,complete_24_hours,Original weather CSV
2020-10-30,23.4,16.9,29.3,0.0,5.979166666666667,58.625,24,complete_24_hours,Original weather CSV
2020-10-31,23.475,17.0,29.1,0.0,5.1000000000000005,56.5,24,complete_24_hours,Original weather CSV
2020-11-01,23.33333333333333,17.9,29.0,0.4,4.883333333333334,64.04166666666667,24,complete_24_hours,Original weather CSV
2020-11-02,24.03333333333333,18.7,29.2,0.3,5.7375,64.0,24,complete_24_hours,Original weather CSV
2020-11-03,24.0875,18.5,29.9,0.0,7.0875,57.833333333333336,24,complete_24_hours,Original weather CSV
2020-11-04,23.525,16.9,30.0,0.0,6.2,54.958333333333336,24,complete_24_hours,Original weather CSV
2020-11-05,22.575,15.7,29.4,0.0,6.933333333333334,52.79166666666666,24,complete_24_hours,Original weather CSV
2020-11-06,22.20833333333333,14.7,29.0,0.0,7.7375,52.708333333333336,24,complete_24_hours,Original weather CSV
2020-11-07,21.85,14.8,29.3,0.0,8.883333333333333,51.125,24,complete_24_hours,Original weather CSV
2020-11-08,21.929166666666664,16.0,29.2,0.0,8.820833333333333,52.79166666666666,24,complete_24_hours,Original weather CSV
2020-11-09,21.166666666666668,14.7,28.5,0.0,7.8625,49.75,24,complete_24_hours,Original weather CSV
2020-11-10,20.4875,13.9,28.0,0.0,9.558333333333334,49.25,24,complete_24_hours,Original weather CSV
2020-11-11,19.754166666666663,13.4,27.5,0.0,10.3125,51.583333333333336,24,complete_24_hours,Original weather CSV
2020-11-12,20.054166666666667,12.5,28.2,0.0,9.091666666666669,51.375,24,complete_24_hours,Original weather CSV
2020-11-13,21.979166666666668,14.7,30.3,0.0,8.633333333333333,66.875,24,complete_24_hours,Original weather CSV
2020-11-14,24.34583333333333,18.5,30.7,0.1,8.920833333333333,66.91666666666667,24,complete_24_hours,Original weather CSV
2020-11-15,24.666666666666668,19.8,30.4,0.0,6.575,64.54166666666667,24,complete_24_hours,Original weather CSV
2020-11-16,24.433333333333334,18.7,30.9,0.0,7.5375,62.25,24,complete_24_hours,Original weather CSV
2020-11-17,24.741666666666664,19.6,30.7,0.0,8.170833333333333,63.29166666666666,24,complete_24_hours,Original weather CSV
2020-11-18,24.791666666666668,19.2,29.8,0.0,7.6125,64.58333333333333,24,complete_24_hours,Original weather CSV
2020-11-19,23.7125,19.9,29.0,1.9,5.25,72.0,24,complete_24_hours,Original weather CSV
2020-11-20,23.679166666666664,19.2,29.6,0.9,5.5625,66.5,24,complete_24_hours,Original weather CSV
2020-11-21,22.941666666666663,17.4,30.0,0.0,6.375,63.458333333333336,24,complete_24_hours,Original weather CSV
2020-11-22,23.275,17.4,30.3,0.0,7.883333333333333,65.625,24,complete_24_hours,Original weather CSV
2020-11-23,23.10833333333333,16.3,29.9,0.0,5.704166666666667,59.5,24,complete_24_hours,Original weather CSV
2020-11-24,23.3375,19.1,28.8,0.0,6.145833333333333,62.0,24,complete_24_hours,Original weather CSV
2020-11-25,23.04583333333333,18.6,28.3,0.0,7.966666666666666,58.625,24,complete_24_hours,Original weather CSV
2020-11-26,21.825,16.1,28.4,0.0,7.770833333333333,54.16666666666666,24,complete_24_hours,Original weather CSV
2020-11-27,21.166666666666668,16.0,27.2,0.0,15.391666666666666,53.75,24,complete_24_hours,Original weather CSV
2020-11-28,22.391666666666666,17.8,27.9,0.0,18.7625,58.083333333333336,24,complete_24_hours,Original weather CSV
2020-11-29,23.816666666666663,19.9,29.4,0.0,10.183333333333334,62.91666666666666,24,complete_24_hours,Original weather CSV
2020-11-30,23.5375,18.1,29.8,0.2,5.708333333333333,69.625,24,complete_24_hours,Original weather CSV
2020-12-01,24.0875,18.4,29.8,0.0,6.708333333333333,66.91666666666667,24,complete_24_hours,Original weather CSV
2020-12-02,23.0125,17.9,29.3,0.0,8.2875,62.25,24,complete_24_hours,Original weather CSV
2020-12-03,21.8625,16.1,29.3,0.0,8.1,60.125,24,complete_24_hours,Original weather CSV
2020-12-04,21.245833333333334,15.0,28.8,0.0,8.716666666666667,56.125,24,complete_24_hours,Original weather CSV
2020-12-05,20.8,13.8,28.7,0.0,8.508333333333333,50.41666666666666,24,complete_24_hours,Original weather CSV
2020-12-06,20.0125,13.5,28.2,0.0,10.154166666666669,49.41666666666666,24,complete_24_hours,Original weather CSV
2020-12-07,19.945833333333333,12.7,28.4,0.0,9.154166666666669,54.91666666666666,24,complete_24_hours,Original weather CSV
2020-12-08,20.816666666666663,14.2,29.3,0.0,9.1125,57.833333333333336,24,complete_24_hours,Original weather CSV
2020-12-09,21.941666666666663,15.5,29.1,0.0,7.541666666666667,57.333333333333336,24,complete_24_hours,Original weather CSV
2020-12-10,23.59583333333333,17.8,29.2,0.0,5.5125,56.0,24,complete_24_hours,Original weather CSV
2020-12-11,22.183333333333334,18.6,26.9,0.5,5.65,77.45833333333333,24,complete_24_hours,Original weather CSV
2020-12-12,20.825,17.7,25.4,0.5,8.058333333333334,82.25,24,complete_24_hours,Original weather CSV
2020-12-13,20.616666666666667,17.7,25.6,0.3,5.679166666666667,82.08333333333333,24,complete_24_hours,Original weather CSV
2020-12-14,20.375,18.0,23.6,5.9,4.15,87.79166666666667,24,complete_24_hours,Original weather CSV
2020-12-15,20.925,16.4,27.0,0.1,7.016666666666667,82.08333333333333,24,complete_24_hours,Original weather CSV
2020-12-16,21.141666666666666,16.3,27.1,0.0,7.033333333333334,80.83333333333333,24,complete_24_hours,Original weather CSV
2020-12-17,20.945833333333333,16.8,26.8,0.0,7.15,77.25,24,complete_24_hours,Original weather CSV
2020-12-18,20.629166666666663,16.6,27.0,0.0,8.041666666666666,75.58333333333333,24,complete_24_hours,Original weather CSV
2020-12-19,20.079166666666666,15.4,26.7,0.0,8.6875,73.5,24,complete_24_hours,Original weather CSV
2020-12-20,19.15,13.7,26.4,0.0,9.641666666666667,64.625,24,complete_24_hours,Original weather CSV
2020-12-21,17.8875,11.7,25.8,0.0,8.904166666666667,55.875,24,complete_24_hours,Original weather CSV
2020-12-22,18.058333333333334,11.3,26.3,0.0,8.125,49.29166666666666,24,complete_24_hours,Original weather CSV
2020-12-23,18.47083333333333,10.7,26.4,0.0,5.254166666666666,51.458333333333336,24,complete_24_hours,Original weather CSV
2020-12-24,18.77083333333333,11.1,27.1,0.0,8.016666666666667,57.0,24,complete_24_hours,Original weather CSV
2020-12-25,19.89583333333333,13.7,27.6,0.0,10.395833333333334,58.75,24,complete_24_hours,Original weather CSV
2020-12-26,21.166666666666668,15.1,28.7,0.0,6.9375,60.29166666666666,24,complete_24_hours,Original weather CSV
2020-12-27,21.0375,15.3,29.2,0.0,7.095833333333334,67.58333333333333,24,complete_24_hours,Original weather CSV
2020-12-28,19.0375,12.2,27.6,0.0,6.991666666666667,63.708333333333336,24,complete_24_hours,Original weather CSV
2020-12-29,19.154166666666665,12.3,27.3,0.0,6.820833333333333,66.16666666666667,24,complete_24_hours,Original weather CSV
2020-12-30,19.616666666666667,12.8,27.5,0.0,6.55,68.20833333333333,24,complete_24_hours,Original weather CSV
2020-12-31,20.6375,14.5,28.1,0.0,9.691666666666666,70.58333333333333,24,complete_24_hours,Original weather CSV
2021-01-01,22.175,16.8,28.4,0.0,8.208333333333334,70.20833333333333,24,complete_24_hours,Original weather CSV
2021-01-02,22.041666666666668,17.7,28.1,0.6000000000000001,5.9375,77.54166666666667,24,complete_24_hours,Original weather CSV
2021-01-03,21.633333333333336,17.0,28.3,0.0,6.395833333333333,72.83333333333333,24,complete_24_hours,Original weather CSV
2021-01-04,21.091666666666665,17.3,26.4,1.4,7.820833333333333,77.54166666666667,24,complete_24_hours,Original weather CSV
2021-01-05,21.241666666666667,18.0,26.0,1.1,6.741666666666667,81.91666666666667,24,complete_24_hours,Original weather CSV
2021-01-06,21.5625,17.5,26.9,0.5,6.3375,79.45833333333333,24,complete_24_hours,Original weather CSV
2021-01-07,21.441666666666663,18.1,26.7,2.1,8.174999999999999,83.25,24,complete_24_hours,Original weather CSV
2021-01-08,22.05,19.4,26.4,5.3,5.320833333333334,86.5,24,complete_24_hours,Original weather CSV
2021-01-09,22.425,19.3,27.1,0.9,6.066666666666666,83.5,24,complete_24_hours,Original weather CSV
2021-01-10,22.6375,19.0,28.7,1.0,6.954166666666667,83.25,24,complete_24_hours,Original weather CSV
2021-01-11,22.945833333333336,18.4,28.9,0.0,7.125,75.54166666666667,24,complete_24_hours,Original weather CSV
2021-01-12,22.73333333333333,17.0,29.3,0.0,7.475,70.54166666666667,24,complete_24_hours,Original weather CSV
2021-01-13,21.79583333333333,16.5,28.7,0.0,7.15,68.29166666666667,24,complete_24_hours,Original weather CSV
2021-01-14,21.23333333333333,14.3,29.4,0.0,6.5,65.41666666666667,24,complete_24_hours,Original weather CSV
2021-01-15,21.6125,15.6,29.3,0.0,8.116666666666667,67.91666666666667,24,complete_24_hours,Original weather CSV
2021-01-16,22.133333333333336,16.1,29.6,0.0,6.9,68.16666666666667,24,complete_24_hours,Original weather CSV
2021-01-17,22.729166666666668,16.8,30.0,0.0,6.420833333333333,68.75,24,complete_24_hours,Original weather CSV
2021-01-18,23.454166666666666,18.9,30.1,0.0,6.375,60.41666666666666,24,complete_24_hours,Original weather CSV
2021-01-19,23.05,17.2,30.3,0.0,6.333333333333333,57.708333333333336,24,complete_24_hours,Original weather CSV
2021-01-20,21.7875,15.7,29.8,0.0,7.6125,56.16666666666666,24,complete_24_hours,Original weather CSV
2021-01-21,20.179166666666667,12.2,29.4,0.0,5.770833333333333,61.79166666666666,24,complete_24_hours,Original weather CSV
2021-01-22,21.070833333333333,14.2,29.3,0.0,5.754166666666666,65.54166666666667,24,complete_24_hours,Original weather CSV
2021-01-23,21.883333333333336,15.2,30.6,0.0,6.95,61.625,24,complete_24_hours,Original weather CSV
2021-01-24,21.05,14.6,29.8,0.0,8.254166666666666,59.875,24,complete_24_hours,Original weather CSV
2021-01-25,19.995833333333334,11.6,30.0,0.0,7.879166666666666,58.083333333333336,24,complete_24_hours,Original weather CSV
2021-01-26,20.03333333333333,12.3,29.4,0.0,8.229166666666666,57.75,24,complete_24_hours,Original weather CSV
2021-01-27,19.904166666666665,13.4,29.0,0.0,8.433333333333334,64.125,24,complete_24_hours,Original weather CSV
2021-01-28,20.258333333333333,12.7,29.4,0.0,8.254166666666666,61.375,24,complete_24_hours,Original weather CSV
2021-01-29,19.491666666666667,12.5,27.5,0.0,7.808333333333334,63.458333333333336,24,complete_24_hours,Original weather CSV
2021-01-30,19.716666666666665,13.3,27.6,0.0,7.345833333333334,54.66666666666666,24,complete_24_hours,Original weather CSV
2021-01-31,20.35833333333333,13.1,28.0,0.0,7.183333333333334,56.75,24,complete_24_hours,Original weather CSV
2021-02-01,21.029166666666665,13.8,28.5,0.0,8.004166666666666,56.375,24,complete_24_hours,Original weather CSV
2021-02-02,20.9625,14.3,28.9,0.0,7.633333333333333,48.958333333333336,24,complete_24_hours,Original weather CSV
2021-02-03,20.98333333333333,13.6,28.5,0.0,7.941666666666666,44.333333333333336,24,complete_24_hours,Original weather CSV
2021-02-04,21.27083333333333,14.0,28.4,0.0,7.545833333333333,49.625,24,complete_24_hours,Original weather CSV
2021-02-05,20.591666666666665,14.7,27.7,0.0,7.958333333333333,52.333333333333336,24,complete_24_hours,Original weather CSV
2021-02-06,19.308333333333334,13.0,26.8,0.0,10.275,51.708333333333336,24,complete_24_hours,Original weather CSV
2021-02-07,18.904166666666665,12.8,27.2,0.0,9.170833333333333,47.66666666666666,24,complete_24_hours,Original weather CSV
2021-02-08,19.120833333333334,11.9,28.2,0.0,9.679166666666667,41.54166666666666,24,complete_24_hours,Original weather CSV
2021-02-09,19.691666666666663,11.4,29.0,0.0,7.258333333333333,41.583333333333336,24,complete_24_hours,Original weather CSV
2021-02-10,21.1,13.8,29.8,0.0,6.491666666666667,44.16666666666666,24,complete_24_hours,Original weather CSV
2021-02-11,21.35,13.5,29.8,0.0,6.004166666666666,46.29166666666666,24,complete_24_hours,Original weather CSV
2021-02-12,22.1375,14.1,30.5,0.0,7.545833333333333,44.5,24,complete_24_hours,Original weather CSV
2021-02-13,22.979166666666668,14.8,30.6,0.0,7.829166666666667,46.5,24,complete_24_hours,Original weather CSV
2021-02-14,23.704166666666666,17.0,30.4,0.0,6.3375,44.083333333333336,24,complete_24_hours,Original weather CSV
2021-02-15,23.191666666666663,17.0,29.8,0.0,7.6125,49.708333333333336,24,complete_24_hours,Original weather CSV
2021-02-16,22.566666666666663,16.5,29.5,0.0,7.733333333333333,52.625,24,complete_24_hours,Original weather CSV
2021-02-17,22.245833333333334,16.3,28.5,0.0,6.183333333333334,54.375,24,complete_24_hours,Original weather CSV
2021-02-18,22.041666666666668,17.6,29.4,1.5,10.25,57.958333333333336,24,complete_24_hours,Original weather CSV
2021-02-19,20.991666666666667,16.2,26.4,0.1,11.791666666666666,59.29166666666666,24,complete_24_hours,Original weather CSV
2021-02-20,20.73333333333333,14.4,27.6,0.0,12.366666666666667,55.25,24,complete_24_hours,Original weather CSV
2021-02-21,21.829166666666666,15.9,28.7,0.0,12.1625,49.833333333333336,24,complete_24_hours,Original weather CSV
2021-02-22,22.65416666666667,16.2,29.9,0.0,8.5,56.208333333333336,24,complete_24_hours,Original weather CSV
2021-02-23,23.65,17.2,30.8,0.0,6.425,45.708333333333336,24,complete_24_hours,Original weather CSV
2021-02-24,24.10833333333333,17.1,31.4,0.0,6.241666666666667,45.79166666666666,24,complete_24_hours,Original weather CSV
2021-02-25,24.6875,16.9,32.1,0.0,7.825,46.833333333333336,24,complete_24_hours,Original weather CSV
2021-02-26,24.179166666666664,17.3,31.7,0.0,9.508333333333333,44.04166666666666,24,complete_24_hours,Original weather CSV
2021-02-27,24.354166666666668,16.3,31.9,0.0,10.008333333333333,43.0,24,complete_24_hours,Original weather CSV
2021-02-28,25.52916666666667,17.2,32.9,0.0,5.8375,45.75,24,complete_24_hours,Original weather CSV
2021-03-01,26.016666666666666,19.7,33.1,0.0,7.308333333333334,43.375,24,complete_24_hours,Original weather CSV
2021-03-02,25.02083333333333,17.4,33.1,0.0,6.529166666666666,42.66666666666666,24,complete_24_hours,Original weather CSV
2021-03-03,24.9125,16.5,33.1,0.0,6.641666666666667,35.791666666666664,24,complete_24_hours,Original weather CSV
2021-03-04,24.725,16.2,33.0,0.0,7.216666666666666,33.625,24,complete_24_hours,Original weather CSV
2021-03-05,25.64583333333333,17.4,33.4,0.0,5.7,33.083333333333336,24,complete_24_hours,Original weather CSV
2021-03-06,26.1125,17.7,33.6,0.0,4.9,35.333333333333336,24,complete_24_hours,Original weather CSV
2021-03-07,25.425,18.5,33.1,0.0,9.320833333333336,33.0,24,complete_24_hours,Original weather CSV
2021-03-08,25.120833333333334,16.4,33.4,0.0,6.391666666666667,33.041666666666664,24,complete_24_hours,Original weather CSV
2021-03-09,25.579166666666666,17.5,33.5,0.0,7.033333333333334,37.29166666666666,24,complete_24_hours,Original weather CSV
2021-03-10,26.25,18.7,33.6,0.0,6.875,37.29166666666666,24,complete_24_hours,Original weather CSV
2021-03-11,25.754166666666663,18.2,32.5,0.0,8.183333333333334,40.91666666666666,24,complete_24_hours,Original weather CSV
2021-03-12,25.52083333333333,17.6,33.5,0.0,7.8875,34.208333333333336,24,complete_24_hours,Original weather CSV
2021-03-13,25.691666666666663,18.5,33.3,0.0,9.008333333333333,36.66666666666666,24,complete_24_hours,Original weather CSV
2021-03-14,26.820833333333336,18.5,33.8,0.0,8.279166666666667,33.416666666666664,24,complete_24_hours,Original weather CSV
2021-03-15,26.925,19.1,33.8,0.0,7.899999999999999,36.583333333333336,24,complete_24_hours,Original weather CSV
2021-03-16,27.1875,20.3,34.3,0.0,8.508333333333333,30.625,24,complete_24_hours,Original weather CSV
2021-03-17,27.5875,20.7,34.4,0.0,8.170833333333333,29.875,24,complete_24_hours,Original weather CSV
2021-03-18,27.89583333333333,20.6,34.6,0.0,9.4125,29.916666666666668,24,complete_24_hours,Original weather CSV
2021-03-19,26.67083333333333,20.3,33.3,0.0,8.458333333333334,33.458333333333336,24,complete_24_hours,Original weather CSV
2021-03-20,26.10833333333333,18.4,33.8,0.0,8.2875,36.91666666666666,24,complete_24_hours,Original weather CSV
2021-03-21,26.15833333333333,19.0,34.0,0.0,7.75,44.54166666666666,24,complete_24_hours,Original weather CSV
2021-03-22,26.004166666666663,18.1,33.6,0.0,5.525,39.875,24,complete_24_hours,Original weather CSV
2021-03-23,26.39583333333333,20.1,33.6,0.0,8.633333333333333,44.91666666666666,24,complete_24_hours,Original weather CSV
2021-03-24,27.1875,19.7,34.0,0.0,5.9875,40.66666666666666,24,complete_24_hours,Original weather CSV
2021-03-25,27.2,18.9,34.9,0.0,8.329166666666667,27.666666666666668,24,complete_24_hours,Original weather CSV
2021-03-26,27.275,17.8,35.6,0.0,7.620833333333334,22.33333333333333,24,complete_24_hours,Original weather CSV
2021-03-27,28.541666666666668,21.2,36.2,0.0,7.508333333333333,19.5,24,complete_24_hours,Original weather CSV
2021-03-28,29.008333333333336,21.1,37.0,0.0,6.141666666666667,22.666666666666668,24,complete_24_hours,Original weather CSV
2021-03-29,28.67083333333333,19.3,37.7,0.0,8.308333333333334,28.291666666666668,24,complete_24_hours,Original weather CSV
2021-03-30,27.641666666666666,20.8,35.5,0.0,12.85,26.875,24,complete_24_hours,Original weather CSV
2021-03-31,27.22083333333333,19.8,35.9,0.0,11.2375,34.875,24,complete_24_hours,Original weather CSV
2021-04-01,27.15,20.3,35.3,0.0,11.954166666666666,42.25,24,complete_24_hours,Original weather CSV
2021-04-02,26.5,18.7,35.2,0.0,9.158333333333331,52.083333333333336,24,complete_24_hours,Original weather CSV
2021-04-03,27.39583333333333,19.7,36.0,0.0,7.9125,57.79166666666666,24,complete_24_hours,Original weather CSV
2021-04-04,27.641666666666666,20.2,36.2,0.0,9.566666666666666,53.75,24,complete_24_hours,Original weather CSV
2021-04-05,28.495833333333334,20.5,37.1,0.0,8.933333333333334,48.333333333333336,24,complete_24_hours,Original weather CSV
2021-04-06,29.725,21.9,37.9,0.0,9.204166666666667,31.791666666666668,24,complete_24_hours,Original weather CSV
2021-04-07,29.579166666666666,20.9,37.7,0.0,9.9125,28.0,24,complete_24_hours,Original weather CSV
2021-04-08,28.929166666666664,21.0,36.7,0.0,8.766666666666667,31.875,24,complete_24_hours,Original weather CSV
2021-04-09,28.816666666666663,20.6,36.7,0.0,9.241666666666667,40.91666666666666,24,complete_24_hours,Original weather CSV
2021-04-10,29.525,21.0,37.5,0.0,7.1375,29.08333333333333,24,complete_24_hours,Original weather CSV
2021-04-11,29.7375,23.6,36.4,0.0,6.8125,36.625,24,complete_24_hours,Original weather CSV
2021-04-12,29.7125,22.5,36.4,0.0,7.016666666666667,34.0,24,complete_24_hours,Original weather CSV
2021-04-13,29.46666666666667,23.4,35.6,0.0,7.1625000000000005,30.041666666666668,24,complete_24_hours,Original weather CSV
2021-04-14,27.816666666666663,22.2,34.0,0.1,7.258333333333333,34.958333333333336,24,complete_24_hours,Original weather CSV
2021-04-15,27.73333333333333,21.2,35.5,0.0,8.829166666666667,32.625,24,complete_24_hours,Original weather CSV
2021-04-16,28.46666666666667,21.9,36.0,0.0,10.829166666666666,30.666666666666668,24,complete_24_hours,Original weather CSV
2021-04-17,28.416666666666668,19.7,35.9,0.0,10.041666666666666,34.541666666666664,24,complete_24_hours,Original weather CSV
2021-04-18,29.52083333333333,21.0,37.0,0.0,9.095833333333331,32.791666666666664,24,complete_24_hours,Original weather CSV
2021-04-19,29.175,21.4,36.1,0.0,10.9,35.291666666666664,24,complete_24_hours,Original weather CSV
2021-04-20,28.25,21.8,35.0,0.0,13.279166666666669,40.75,24,complete_24_hours,Original weather CSV
2021-04-21,27.4125,21.4,34.2,0.0,12.029166666666669,47.875,24,complete_24_hours,Original weather CSV
2021-04-22,28.23333333333333,20.9,36.3,0.0,6.570833333333333,40.0,24,complete_24_hours,Original weather CSV
2021-04-23,28.516666666666666,22.6,36.0,0.0,9.779166666666669,30.541666666666668,24,complete_24_hours,Original weather CSV
2021-04-24,28.229166666666668,18.8,37.0,0.0,9.5125,36.75,24,complete_24_hours,Original weather CSV
2021-04-25,30.191666666666663,22.4,37.9,0.0,10.241666666666667,31.70833333333333,24,complete_24_hours,Original weather CSV
2021-04-26,30.6,23.4,36.2,0.0,10.433333333333334,31.375,24,complete_24_hours,Original weather CSV
2021-04-27,29.429166666666664,22.0,36.7,0.0,9.204166666666667,40.75,24,complete_24_hours,Original weather CSV
2021-04-28,29.4,22.4,36.2,0.0,9.454166666666667,38.54166666666666,24,complete_24_hours,Original weather CSV
2021-04-29,29.191666666666663,22.7,38.1,1.0,8.5375,43.625,24,complete_24_hours,Original weather CSV
2021-04-30,29.075,23.0,37.2,0.7000000000000001,8.075,48.0,24,complete_24_hours,Original weather CSV
2021-05-01,28.766666666666666,24.0,33.3,0.7,7.1375,46.583333333333336,24,complete_24_hours,Original weather CSV
2021-05-02,28.6875,23.0,34.8,0.0,5.304166666666666,44.91666666666666,24,complete_24_hours,Original weather CSV
2021-05-03,28.9125,21.3,35.6,0.0,6.7250000000000005,48.708333333333336,24,complete_24_hours,Original weather CSV
2021-05-04,29.4625,21.8,36.4,0.0,9.516666666666667,42.833333333333336,24,complete_24_hours,Original weather CSV
2021-05-05,29.85,23.0,35.8,0.0,9.929166666666667,36.5,24,complete_24_hours,Original weather CSV
2021-05-06,29.95,23.0,35.8,0.0,9.691666666666666,39.333333333333336,24,complete_24_hours,Original weather CSV
2021-05-07,30.275,24.2,37.6,0.0,8.929166666666667,44.66666666666666,24,complete_24_hours,Original weather CSV
2021-05-08,30.65416666666667,23.6,37.6,0.0,8.8125,40.54166666666666,24,complete_24_hours,Original weather CSV
2021-05-09,30.02083333333333,24.2,36.1,0.0,11.3375,51.958333333333336,24,complete_24_hours,Original weather CSV
2021-05-10,29.508333333333336,23.0,37.4,0.0,12.1125,48.083333333333336,24,complete_24_hours,Original weather CSV
2021-05-11,28.433333333333334,22.5,35.8,0.0,12.9375,48.583333333333336,24,complete_24_hours,Original weather CSV
2021-05-12,28.008333333333336,22.0,36.3,0.0,13.291666666666666,57.16666666666666,24,complete_24_hours,Original weather CSV
2021-05-13,27.675,21.6,35.1,0.0,12.0625,57.91666666666666,24,complete_24_hours,Original weather CSV
2021-05-14,29.383333333333336,21.8,37.5,0.0,7.104166666666667,49.66666666666666,24,complete_24_hours,Original weather CSV
2021-05-15,31.725,26.8,37.7,0.1,11.004166666666668,42.16666666666666,24,complete_24_hours,Original weather CSV
2021-05-16,28.8375,24.9,33.4,4.6,21.40416666666667,60.458333333333336,24,complete_24_hours,Original weather CSV
2021-05-17,24.98333333333333,23.1,28.8,17.6,27.566666666666663,76.29166666666667,24,complete_24_hours,Original weather CSV
2021-05-18,24.8875,22.9,27.9,10.9,22.366666666666664,82.33333333333333,24,complete_24_hours,Original weather CSV
2021-05-19,24.741666666666664,22.3,28.4,14.5,18.925,82.29166666666667,24,complete_24_hours,Original weather CSV
2021-05-20,26.0125,22.3,30.9,0.2,14.2125,73.29166666666667,24,complete_24_hours,Original weather CSV
2021-05-21,26.616666666666664,21.3,33.6,0.0,11.120833333333332,67.66666666666667,24,complete_24_hours,Original weather CSV
2021-05-22,26.225,22.2,31.8,0.1,12.283333333333331,71.58333333333333,24,complete_24_hours,Original weather CSV
2021-05-23,26.47083333333333,22.6,31.5,0.1,12.058333333333332,71.58333333333333,24,complete_24_hours,Original weather CSV
2021-05-24,26.9125,22.1,32.9,0.0,13.8875,69.375,24,complete_24_hours,Original weather CSV
2021-05-25,27.15416666666667,22.2,33.3,0.0,14.041666666666666,68.25,24,complete_24_hours,Original weather CSV
2021-05-26,26.933333333333334,22.5,34.1,0.0,18.95833333333333,64.625,24,complete_24_hours,Original weather CSV
2021-05-27,26.64583333333333,22.9,31.7,0.4,19.366666666666667,71.66666666666667,24,complete_24_hours,Original weather CSV
2021-05-28,27.133333333333336,22.9,33.1,0.9,15.958333333333334,72.83333333333333,24,complete_24_hours,Original weather CSV
2021-05-29,27.8125,23.1,35.0,0.5,12.354166666666666,71.16666666666667,24,complete_24_hours,Original weather CSV
2021-05-30,26.979166666666668,23.5,34.2,5.8,11.095833333333331,75.95833333333333,24,complete_24_hours,Original weather CSV
2021-05-31,27.429166666666664,23.8,33.6,0.8,13.016666666666666,74.20833333333333,24,complete_24_hours,Original weather CSV
2021-06-01,27.141666666666666,23.6,34.0,2.6,10.95,76.45833333333333,24,complete_24_hours,Original weather CSV
2021-06-02,27.175,22.9,33.0,7.300000000000001,8.420833333333333,75.58333333333333,24,complete_24_hours,Original weather CSV
2021-06-03,27.59583333333333,23.0,35.2,1.1,7.720833333333334,72.70833333333333,24,complete_24_hours,Original weather CSV
2021-06-04,26.829166666666666,22.7,32.2,1.1,7.3875,75.0,24,complete_24_hours,Original weather CSV
2021-06-05,25.4375,23.3,28.6,2.3,6.383333333333333,80.04166666666667,24,complete_24_hours,Original weather CSV
2021-06-06,25.7625,23.0,30.9,2.3000000000000003,8.8625,77.125,24,complete_24_hours,Original weather CSV
2021-06-07,25.183333333333334,22.3,29.9,3.0,14.191666666666668,80.375,24,complete_24_hours,Original weather CSV
2021-06-08,25.45,22.5,29.0,3.5,14.625,80.875,24,complete_24_hours,Original weather CSV
2021-06-09,24.96666666666667,22.9,28.3,2.8,16.587500000000002,83.66666666666667,24,complete_24_hours,Original weather CSV
2021-06-10,23.991666666666664,22.6,27.2,17.4,18.129166666666663,88.04166666666667,24,complete_24_hours,Original weather CSV
2021-06-11,24.979166666666668,22.9,28.5,2.5,21.258333333333333,84.29166666666667,24,complete_24_hours,Original weather CSV
2021-06-12,25.929166666666664,23.1,30.8,2.1,16.195833333333333,80.91666666666667,24,complete_24_hours,Original weather CSV
2021-06-13,26.17083333333333,23.6,30.2,1.9,17.891666666666666,79.75,24,complete_24_hours,Original weather CSV
2021-06-14,26.241666666666664,23.4,30.6,1.2,17.079166666666666,78.25,24,complete_24_hours,Original weather CSV
2021-06-15,25.0125,23.1,27.9,1.8,18.5875,83.08333333333333,24,complete_24_hours,Original weather CSV
2021-06-16,24.691666666666663,22.9,27.4,2.8,18.854166666666668,85.04166666666667,24,complete_24_hours,Original weather CSV
2021-06-17,23.479166666666668,22.4,25.0,1.4,17.0625,88.45833333333333,24,complete_24_hours,Original weather CSV
2021-06-18,23.575,21.3,27.4,3.6,18.995833333333334,86.29166666666667,24,complete_24_hours,Original weather CSV
2021-06-19,23.42083333333333,21.5,27.0,2.1,22.491666666666664,85.16666666666667,24,complete_24_hours,Original weather CSV
2021-06-20,23.7375,21.8,27.7,5.2,20.48333333333333,85.79166666666667,24,complete_24_hours,Original weather CSV
2021-06-21,24.504166666666663,21.8,28.2,1.5,17.816666666666666,81.41666666666667,24,complete_24_hours,Original weather CSV
2021-06-22,24.6625,22.6,27.3,3.1,15.458333333333334,83.29166666666667,24,complete_24_hours,Original weather CSV
2021-06-23,24.941666666666663,22.6,28.2,2.5,15.2,81.33333333333333,24,complete_24_hours,Original weather CSV
2021-06-24,23.2625,22.4,25.0,9.8,16.004166666666666,91.0,24,complete_24_hours,Original weather CSV
2021-06-25,23.825,22.1,26.8,9.5,15.091666666666669,88.33333333333333,24,complete_24_hours,Original weather CSV
2021-06-26,24.1875,22.2,27.3,0.7000000000000001,14.708333333333334,83.45833333333333,24,complete_24_hours,Original weather CSV
2021-06-27,23.84583333333333,22.3,26.5,3.5,12.6,86.41666666666667,24,complete_24_hours,Original weather CSV
2021-06-28,23.604166666666668,22.3,26.5,7.5,8.958333333333334,91.625,24,complete_24_hours,Original weather CSV
2021-06-29,25.041666666666668,21.9,29.4,6.7,9.866666666666667,85.20833333333333,24,complete_24_hours,Original weather CSV
2021-06-30,25.275,22.6,29.0,0.8,15.2375,83.29166666666667,24,complete_24_hours,Original weather CSV
2021-07-01,25.275,23.0,29.0,0.1,17.820833333333333,79.33333333333333,24,complete_24_hours,Original weather CSV
2021-07-02,25.15833333333333,22.5,28.8,0.1,19.829166666666666,77.83333333333333,24,complete_24_hours,Original weather CSV
2021-07-03,25.35833333333333,22.4,29.3,1.2,16.445833333333333,78.5,24,complete_24_hours,Original weather CSV
2021-07-04,25.666666666666668,22.4,30.2,1.8,12.870833333333332,77.5,24,complete_24_hours,Original weather CSV
2021-07-05,26.09583333333333,22.1,30.6,0.3,10.525,74.08333333333333,24,complete_24_hours,Original weather CSV
2021-07-06,26.40416666666667,21.9,31.0,0.7,9.445833333333333,73.45833333333333,24,complete_24_hours,Original weather CSV
2021-07-07,26.09166666666667,22.7,31.0,6.5,11.516666666666666,77.04166666666667,24,complete_24_hours,Original weather CSV
2021-07-08,25.53333333333333,23.0,30.2,1.1,14.175,79.45833333333333,24,complete_24_hours,Original weather CSV
2021-07-09,25.28333333333333,22.9,28.5,2.6,12.320833333333333,81.29166666666667,24,complete_24_hours,Original weather CSV
2021-07-10,24.804166666666664,22.7,29.5,7.3,9.925,86.375,24,complete_24_hours,Original weather CSV
2021-07-11,25.166666666666668,22.7,29.4,7.899999999999999,8.066666666666666,85.95833333333333,24,complete_24_hours,Original weather CSV
2021-07-12,24.758333333333336,22.6,29.3,7.9,10.5625,87.79166666666667,24,complete_24_hours,Original weather CSV
2021-07-13,24.366666666666664,22.8,27.9,9.9,16.837500000000002,88.95833333333333,24,complete_24_hours,Original weather CSV
2021-07-14,24.05,22.4,27.2,6.4,14.225,89.79166666666667,24,complete_24_hours,Original weather CSV
2021-07-15,24.14583333333333,22.3,27.3,18.6,12.029166666666669,90.25,24,complete_24_hours,Original weather CSV
2021-07-16,24.429166666666664,22.6,28.4,6.4,14.858333333333334,88.45833333333333,24,complete_24_hours,Original weather CSV
2021-07-17,25.008333333333336,22.4,29.2,3.7,13.8625,86.20833333333333,24,complete_24_hours,Original weather CSV
2021-07-18,23.870833333333334,23.0,26.0,50.9,15.6,92.08333333333331,24,complete_24_hours,Original weather CSV
2021-07-19,24.0125,22.6,26.3,21.2,16.5625,89.41666666666667,24,complete_24_hours,Original weather CSV
2021-07-20,23.979166666666668,22.6,26.6,8.5,22.120833333333334,88.5,24,complete_24_hours,Original weather CSV
2021-07-21,23.89583333333333,22.5,26.4,12.5,24.066666666666663,90.08333333333331,24,complete_24_hours,Original weather CSV
2021-07-22,23.77916666666667,23.2,24.9,5.4,21.079166666666666,90.95833333333331,24,complete_24_hours,Original weather CSV
2021-07-23,23.008333333333336,22.1,23.6,12.0,19.758333333333333,93.375,24,complete_24_hours,Original weather CSV
2021-07-24,23.54583333333333,21.8,26.0,3.0,19.941666666666663,89.79166666666667,24,complete_24_hours,Original weather CSV
2021-07-25,23.65,22.6,25.1,4.4,21.98333333333333,89.83333333333333,24,complete_24_hours,Original weather CSV
2021-07-26,23.64583333333333,22.5,25.6,8.5,23.508333333333336,88.54166666666667,24,complete_24_hours,Original weather CSV
2021-07-27,23.29583333333333,21.8,25.5,7.6,24.05,87.83333333333333,24,complete_24_hours,Original weather CSV
2021-07-28,23.366666666666664,22.1,25.9,9.5,23.129166666666663,90.25,24,complete_24_hours,Original weather CSV
2021-07-29,23.1875,22.3,25.0,11.5,24.6,89.79166666666667,24,complete_24_hours,Original weather CSV
2021-07-30,23.479166666666668,22.0,25.6,5.8,26.508333333333336,87.33333333333333,24,complete_24_hours,Original weather CSV
2021-07-31,23.879166666666663,22.4,26.3,3.3,27.0625,84.0,24,complete_24_hours,Original weather CSV
2021-08-01,23.641666666666666,22.3,25.9,1.1,27.391666666666666,83.91666666666667,24,complete_24_hours,Original weather CSV
2021-08-02,23.6125,22.1,26.2,1.4,24.933333333333334,83.66666666666667,24,complete_24_hours,Original weather CSV
2021-08-03,23.666666666666668,22.2,26.1,3.3000000000000003,24.10833333333333,86.20833333333333,24,complete_24_hours,Original weather CSV
2021-08-04,23.691666666666663,22.4,26.6,3.1,22.8,87.08333333333333,24,complete_24_hours,Original weather CSV
2021-08-05,24.3875,22.1,27.6,1.3,20.54583333333333,82.5,24,complete_24_hours,Original weather CSV
2021-08-06,24.204166666666666,22.1,27.6,1.3,18.091666666666665,82.79166666666667,24,complete_24_hours,Original weather CSV
2021-08-07,24.20833333333333,21.9,27.3,1.3,14.420833333333334,82.875,24,complete_24_hours,Original weather CSV
2021-08-08,24.454166666666666,21.9,28.5,2.4,11.479166666666666,84.5,24,complete_24_hours,Original weather CSV
2021-08-09,24.379166666666663,21.7,28.7,1.1,12.683333333333332,85.33333333333333,24,complete_24_hours,Original weather CSV
2021-08-10,23.758333333333336,21.4,27.4,1.3,14.1125,84.25,24,complete_24_hours,Original weather CSV
2021-08-11,23.85833333333333,21.8,27.5,1.5,14.4875,83.91666666666667,24,complete_24_hours,Original weather CSV
2021-08-12,23.929166666666664,21.6,27.3,1.2000000000000002,14.145833333333334,83.125,24,complete_24_hours,Original weather CSV
2021-08-13,23.804166666666664,21.5,27.5,1.7999999999999998,14.925,82.29166666666667,24,complete_24_hours,Original weather CSV
2021-08-14,23.34166666666667,21.5,26.5,3.8,16.591666666666665,85.75,24,complete_24_hours,Original weather CSV
2021-08-15,23.325,21.6,27.5,4.7,14.516666666666666,88.125,24,complete_24_hours,Original weather CSV
2021-08-16,23.875,21.8,27.7,3.1,10.941666666666668,86.33333333333333,24,complete_24_hours,Original weather CSV
2021-08-17,22.52083333333333,21.4,24.2,10.5,10.095833333333331,92.20833333333331,24,complete_24_hours,Original weather CSV
2021-08-18,22.20833333333333,21.4,23.8,47.7,10.15,94.875,24,complete_24_hours,Original weather CSV
2021-08-19,22.141666666666666,21.1,23.8,33.0,12.175,94.16666666666669,24,complete_24_hours,Original weather CSV
2021-08-20,21.89583333333333,21.2,22.7,30.1,10.633333333333333,94.83333333333331,24,complete_24_hours,Original weather CSV
2021-08-21,22.6375,21.4,25.4,7.1000000000000005,11.483333333333334,91.66666666666669,24,complete_24_hours,Original weather CSV
2021-08-22,23.291666666666668,21.3,26.9,5.0,12.983333333333334,88.41666666666667,24,complete_24_hours,Original weather CSV
2021-08-23,23.854166666666668,20.8,28.5,1.4,10.266666666666667,85.79166666666667,24,complete_24_hours,Original weather CSV
2021-08-24,24.141666666666666,21.2,28.3,1.4,10.741666666666667,85.29166666666667,24,complete_24_hours,Original weather CSV
2021-08-25,23.8,21.1,27.5,1.9,12.829166666666666,84.33333333333333,24,complete_24_hours,Original weather CSV
2021-08-26,23.52916666666667,21.3,26.7,1.6,14.141666666666666,85.58333333333333,24,complete_24_hours,Original weather CSV
2021-08-27,23.816666666666663,21.2,27.1,1.4,11.045833333333334,85.20833333333333,24,complete_24_hours,Original weather CSV
2021-08-28,23.975,20.6,28.3,0.2,8.325000000000001,81.5,24,complete_24_hours,Original weather CSV
2021-08-29,23.9625,21.0,28.6,0.6000000000000001,8.820833333333333,82.5,24,complete_24_hours,Original weather CSV
2021-08-30,23.058333333333334,21.8,24.9,6.0,11.129166666666668,90.375,24,complete_24_hours,Original weather CSV
2021-08-31,22.579166666666666,21.6,23.9,39.9,10.8,94.91666666666669,24,complete_24_hours,Original weather CSV
2021-09-01,23.475,21.8,26.4,1.4,19.08333333333333,88.70833333333333,24,complete_24_hours,Original weather CSV
2021-09-02,23.641666666666666,22.0,26.8,1.1,17.916666666666668,87.04166666666667,24,complete_24_hours,Original weather CSV
2021-09-03,23.875,21.8,27.4,1.5,14.891666666666666,86.54166666666667,24,complete_24_hours,Original weather CSV
2021-09-04,23.7375,21.7,26.7,8.200000000000001,12.516666666666666,89.25,24,complete_24_hours,Original weather CSV
2021-09-05,23.27916666666667,22.0,25.9,5.1,10.479166666666666,91.25,24,complete_24_hours,Original weather CSV
2021-09-06,23.875,21.6,27.2,9.1,8.35,89.58333333333333,24,complete_24_hours,Original weather CSV
2021-09-07,23.6,22.2,26.1,14.9,7.658333333333334,92.58333333333331,24,complete_24_hours,Original weather CSV
2021-09-08,23.225,21.9,25.4,25.8,18.525,92.75,24,complete_24_hours,Original weather CSV
2021-09-09,23.725,22.2,26.3,6.5,22.558333333333334,87.5,24,complete_24_hours,Original weather CSV
2021-09-10,23.77916666666667,22.3,26.2,4.4,22.370833333333334,88.125,24,complete_24_hours,Original weather CSV
2021-09-11,23.78333333333333,22.3,26.8,6.1,19.079166666666666,90.08333333333331,24,complete_24_hours,Original weather CSV
2021-09-12,23.46666666666667,22.0,26.8,7.5,16.604166666666668,91.58333333333331,24,complete_24_hours,Original weather CSV
2021-09-13,22.90416666666667,22.2,23.8,79.9,20.433333333333334,94.54166666666669,24,complete_24_hours,Original weather CSV
2021-09-14,23.766666666666666,22.6,26.3,9.4,20.558333333333334,86.625,24,complete_24_hours,Original weather CSV
2021-09-15,23.5,21.9,25.9,1.6,19.1625,86.625,24,complete_24_hours,Original weather CSV
2021-09-16,23.195833333333336,21.7,25.6,0.1,18.383333333333333,86.0,24,complete_24_hours,Original weather CSV
2021-09-17,23.116666666666664,21.6,25.7,1.6,15.308333333333332,86.20833333333333,24,complete_24_hours,Original weather CSV
2021-09-18,23.35,21.3,26.9,0.7,14.866666666666667,85.45833333333333,24,complete_24_hours,Original weather CSV
2021-09-19,23.65416666666667,21.4,26.9,2.5,14.045833333333334,87.83333333333333,24,complete_24_hours,Original weather CSV
2021-09-20,23.754166666666663,22.0,28.1,3.9,12.629166666666668,89.04166666666667,24,complete_24_hours,Original weather CSV
2021-09-21,23.4,22.2,26.6,7.6,13.595833333333331,90.91666666666669,24,complete_24_hours,Original weather CSV
2021-09-22,22.725,21.8,24.0,10.5,11.591666666666669,93.45833333333331,24,complete_24_hours,Original weather CSV
2021-09-23,23.39583333333333,21.6,26.9,10.5,9.829166666666667,90.875,24,complete_24_hours,Original weather CSV
2021-09-24,23.891666666666666,21.5,27.4,1.3,9.875,85.29166666666667,24,complete_24_hours,Original weather CSV
2021-09-25,23.745833333333334,21.1,27.8,0.1,9.695833333333333,83.04166666666667,24,complete_24_hours,Original weather CSV
2021-09-26,23.34583333333333,20.9,26.4,3.9,8.708333333333334,86.91666666666667,24,complete_24_hours,Original weather CSV
2021-09-27,23.17083333333333,21.3,26.9,17.4,8.058333333333334,89.79166666666667,24,complete_24_hours,Original weather CSV
2021-09-28,22.575,21.0,24.7,75.1,10.3625,93.66666666666669,24,complete_24_hours,Original weather CSV
2021-09-29,23.004166666666663,21.5,25.1,20.0,21.129166666666663,91.29166666666669,24,complete_24_hours,Original weather CSV
2021-09-30,23.4875,20.3,27.6,4.0,8.95,88.83333333333333,24,complete_24_hours,Original weather CSV
2021-10-01,24.22083333333333,21.2,29.2,2.5,4.4875,87.04166666666667,24,complete_24_hours,Original weather CSV
2021-10-02,23.7125,21.2,27.1,1.4,5.816666666666666,90.41666666666669,24,complete_24_hours,Original weather CSV
2021-10-03,24.275,20.5,29.6,1.0,6.429166666666667,86.375,24,complete_24_hours,Original weather CSV
2021-10-04,24.954166666666666,20.8,30.0,0.3,3.720833333333333,83.20833333333333,24,complete_24_hours,Original weather CSV
2021-10-05,25.10833333333333,21.7,29.8,1.5,5.208333333333333,87.375,24,complete_24_hours,Original weather CSV
2021-10-06,24.7625,21.6,29.0,6.3,5.483333333333333,88.20833333333333,24,complete_24_hours,Original weather CSV
2021-10-07,25.575,21.9,30.1,0.7,7.358333333333333,84.16666666666667,24,complete_24_hours,Original weather CSV
2021-10-08,24.5,22.3,28.9,5.8,4.3,89.95833333333333,24,complete_24_hours,Original weather CSV
2021-10-09,23.754166666666663,21.9,27.6,17.400000000000002,5.266666666666667,91.54166666666669,24,complete_24_hours,Original weather CSV
2021-10-10,24.375,21.6,29.0,0.9,5.1000000000000005,86.45833333333333,24,complete_24_hours,Original weather CSV
2021-10-11,24.5125,21.4,28.5,1.1,4.445833333333334,86.75,24,complete_24_hours,Original weather CSV
2021-10-12,24.27916666666667,20.3,28.6,0.5,5.033333333333333,82.45833333333333,24,complete_24_hours,Original weather CSV
2021-10-13,24.325,20.5,29.1,0.2,6.304166666666667,79.29166666666667,24,complete_24_hours,Original weather CSV
2021-10-14,24.5875,19.9,30.2,0.0,6.858333333333333,69.83333333333333,24,complete_24_hours,Original weather CSV
2021-10-15,23.73333333333333,18.6,29.9,0.0,6.966666666666666,69.625,24,complete_24_hours,Original weather CSV
2021-10-16,23.7875,17.2,29.5,0.0,5.529166666666666,66.08333333333333,24,complete_24_hours,Original weather CSV
2021-10-17,24.570833333333336,20.3,30.3,0.0,7.558333333333334,69.83333333333333,24,complete_24_hours,Original weather CSV
2021-10-18,24.05,20.0,29.2,0.0,12.679166666666667,71.875,24,complete_24_hours,Original weather CSV
2021-10-19,23.304166666666664,18.2,28.7,0.0,9.745833333333334,72.91666666666667,24,complete_24_hours,Original weather CSV
2021-10-20,22.391666666666666,15.9,29.0,0.0,4.479166666666667,65.75,24,complete_24_hours,Original weather CSV
2021-10-21,23.1375,16.9,28.9,0.0,5.045833333333333,55.79166666666666,24,complete_24_hours,Original weather CSV
2021-10-22,22.370833333333334,16.5,29.1,0.0,4.866666666666666,58.458333333333336,24,complete_24_hours,Original weather CSV
2021-10-23,22.33333333333333,15.3,29.7,0.0,5.625,65.54166666666667,24,complete_24_hours,Original weather CSV
2021-10-24,22.0875,16.2,28.8,0.0,6.016666666666667,74.125,24,complete_24_hours,Original weather CSV
2021-10-25,22.34166666666667,17.0,28.4,0.0,4.575,73.70833333333333,24,complete_24_hours,Original weather CSV
2021-10-26,22.4375,16.7,28.7,0.0,6.016666666666667,65.70833333333333,24,complete_24_hours,Original weather CSV
2021-10-27,22.554166666666664,16.6,28.8,0.0,8.137500000000001,59.91666666666666,24,complete_24_hours,Original weather CSV
2021-10-28,22.67083333333333,16.6,28.5,0.0,9.970833333333331,62.5,24,complete_24_hours,Original weather CSV
2021-10-29,21.52916666666667,14.9,27.8,0.0,11.2125,47.29166666666666,24,complete_24_hours,Original weather CSV
2021-10-30,20.916666666666668,14.2,27.7,0.0,9.733333333333333,52.5,24,complete_24_hours,Original weather CSV
2021-10-31,21.8125,15.3,29.1,0.0,8.004166666666666,59.66666666666666,24,complete_24_hours,Original weather CSV
2021-11-01,22.475,16.6,29.3,0.0,7.274999999999999,62.29166666666666,24,complete_24_hours,Original weather CSV
2021-11-02,23.0375,17.8,29.5,0.0,9.133333333333333,62.41666666666666,24,complete_24_hours,Original weather CSV
2021-11-03,22.4875,16.8,29.0,0.0,7.870833333333334,62.875,24,complete_24_hours,Original weather CSV
2021-11-04,22.866666666666664,17.2,29.0,0.0,7.875,61.5,24,complete_24_hours,Original weather CSV
2021-11-05,23.804166666666664,19.0,29.2,0.3,8.5625,68.83333333333333,24,complete_24_hours,Original weather CSV
2021-11-06,23.9375,20.4,29.4,0.2,8.416666666666666,73.20833333333333,24,complete_24_hours,Original weather CSV
2021-11-07,23.59166666666667,19.6,28.7,0.0,9.245833333333334,62.0,24,complete_24_hours,Original weather CSV
2021-11-08,22.479166666666668,17.8,28.5,0.0,9.775,58.125,24,complete_24_hours,Original weather CSV
2021-11-09,21.3625,14.6,28.0,0.0,9.166666666666666,55.04166666666666,24,complete_24_hours,Original weather CSV
2021-11-10,20.929166666666667,14.3,27.9,0.0,9.233333333333333,51.958333333333336,24,complete_24_hours,Original weather CSV
2021-11-11,20.604166666666668,14.6,27.6,0.0,11.758333333333333,48.458333333333336,24,complete_24_hours,Original weather CSV
2021-11-12,21.120833333333334,14.9,27.7,0.0,11.079166666666666,52.583333333333336,24,complete_24_hours,Original weather CSV
2021-11-13,22.7,16.0,29.8,0.0,9.391666666666667,64.16666666666667,24,complete_24_hours,Original weather CSV
2021-11-14,23.6125,18.5,30.0,0.0,6.9875,71.45833333333333,24,complete_24_hours,Original weather CSV
2021-11-15,24.416666666666668,20.1,30.1,0.0,8.216666666666667,71.25,24,complete_24_hours,Original weather CSV
2021-11-16,24.679166666666664,19.8,30.7,0.0,12.458333333333334,66.5,24,complete_24_hours,Original weather CSV
2021-11-17,24.308333333333334,21.4,29.8,12.5,15.204166666666667,74.70833333333333,24,complete_24_hours,Original weather CSV
2021-11-18,23.191666666666663,20.1,29.2,2.0,9.758333333333333,85.83333333333333,24,complete_24_hours,Original weather CSV
2021-11-19,23.475,19.9,28.4,0.3999999999999999,9.679166666666667,82.20833333333333,24,complete_24_hours,Original weather CSV
2021-11-20,23.97083333333333,20.4,29.1,0.7000000000000001,11.9125,80.29166666666667,24,complete_24_hours,Original weather CSV
2021-11-21,24.066666666666663,21.2,28.4,1.1,13.0125,82.58333333333333,24,complete_24_hours,Original weather CSV
2021-11-22,23.433333333333334,20.7,28.5,2.4,5.470833333333334,88.16666666666667,24,complete_24_hours,Original weather CSV
2021-11-23,24.304166666666664,19.7,29.2,0.6000000000000001,4.541666666666667,80.66666666666667,24,complete_24_hours,Original weather CSV
2021-11-24,24.629166666666663,20.2,29.6,0.0,6.6625000000000005,76.58333333333333,24,complete_24_hours,Original weather CSV
2021-11-25,24.070833333333336,18.9,29.6,0.0,5.75,72.20833333333333,24,complete_24_hours,Original weather CSV
2021-11-26,23.008333333333336,17.5,29.0,0.0,5.604166666666667,69.45833333333333,24,complete_24_hours,Original weather CSV
2021-11-27,21.508333333333336,15.8,28.4,0.0,8.416666666666666,65.58333333333333,24,complete_24_hours,Original weather CSV
2021-11-28,20.804166666666667,16.1,27.2,0.0,9.7375,56.79166666666666,24,complete_24_hours,Original weather CSV
2021-11-29,20.354166666666668,14.9,26.9,0.0,10.816666666666668,59.083333333333336,24,complete_24_hours,Original weather CSV
2021-11-30,21.629166666666663,17.2,27.2,0.3,11.541666666666666,62.5,24,complete_24_hours,Original weather CSV
2021-12-01,18.2875,16.1,20.5,41.0,12.191666666666668,83.79166666666667,24,complete_24_hours,Original weather CSV
2021-12-02,17.791666666666668,15.5,20.9,38.4,14.808333333333332,88.79166666666667,24,complete_24_hours,Original weather CSV
2021-12-03,19.654166666666665,16.8,23.3,0.3,9.579166666666667,88.20833333333333,24,complete_24_hours,Original weather CSV
2021-12-04,20.95,18.2,25.7,0.7000000000000001,8.379166666666666,87.45833333333333,24,complete_24_hours,Original weather CSV
2021-12-05,20.5625,17.4,26.0,0.0,4.754166666666666,82.58333333333333,24,complete_24_hours,Original weather CSV
2021-12-06,20.354166666666668,16.1,25.5,0.4,5.179166666666666,81.25,24,complete_24_hours,Original weather CSV
2021-12-07,20.1125,15.6,25.9,0.0,8.612499999999999,81.08333333333333,24,complete_24_hours,Original weather CSV
2021-12-08,20.4125,15.3,25.8,0.0,7.0625,78.29166666666667,24,complete_24_hours,Original weather CSV
2021-12-09,20.59583333333333,16.8,25.5,0.0,5.9625,76.79166666666667,24,complete_24_hours,Original weather CSV
2021-12-10,20.4375,16.2,26.1,0.0,8.741666666666667,77.83333333333333,24,complete_24_hours,Original weather CSV
2021-12-11,20.091666666666665,15.0,26.2,0.0,8.570833333333333,77.58333333333333,24,complete_24_hours,Original weather CSV
2021-12-12,20.275,15.5,26.6,0.0,7.908333333333334,73.875,24,complete_24_hours,Original weather CSV
2021-12-13,20.22083333333333,15.3,26.2,0.0,7.425,69.25,24,complete_24_hours,Original weather CSV
2021-12-14,20.17083333333333,15.3,25.8,0.0,4.570833333333334,72.45833333333333,24,complete_24_hours,Original weather CSV
2021-12-15,19.7375,14.6,26.2,0.0,6.2250000000000005,77.45833333333333,24,complete_24_hours,Original weather CSV
2021-12-16,20.329166666666666,15.5,25.9,0.0,5.9125000000000005,77.0,24,complete_24_hours,Original weather CSV
2021-12-17,19.654166666666665,14.2,25.6,0.0,5.895833333333333,75.79166666666667,24,complete_24_hours,Original weather CSV
2021-12-18,18.633333333333333,13.8,25.1,0.0,7.708333333333333,73.16666666666667,24,complete_24_hours,Original weather CSV
2021-12-19,18.041666666666668,13.4,24.6,0.0,9.008333333333333,77.66666666666667,24,complete_24_hours,Original weather CSV
2021-12-20,17.945833333333333,12.3,25.1,0.0,6.9875,73.70833333333333,24,complete_24_hours,Original weather CSV
2021-12-21,18.10833333333333,11.3,25.9,0.0,6.004166666666666,70.875,24,complete_24_hours,Original weather CSV
2021-12-22,18.6625,11.4,27.0,0.0,4.0375000000000005,69.625,24,complete_24_hours,Original weather CSV
2021-12-23,19.47083333333333,13.7,27.9,0.0,4.879166666666667,63.25,24,complete_24_hours,Original weather CSV
2021-12-24,18.89583333333333,12.7,27.8,0.0,7.058333333333334,64.33333333333333,24,complete_24_hours,Original weather CSV
2021-12-25,18.745833333333334,12.5,26.3,0.0,5.504166666666666,71.375,24,complete_24_hours,Original weather CSV
2021-12-26,19.40833333333333,13.5,27.1,0.0,5.1875,71.95833333333333,24,complete_24_hours,Original weather CSV
2021-12-27,19.404166666666665,13.0,26.7,0.0,6.008333333333333,71.875,24,complete_24_hours,Original weather CSV
2021-12-28,19.6375,13.1,27.6,0.0,7.291666666666667,66.70833333333333,24,complete_24_hours,Original weather CSV
2021-12-29,17.620833333333334,12.3,23.5,0.0,7.533333333333332,73.83333333333333,24,complete_24_hours,Original weather CSV
2021-12-30,17.925,12.8,23.6,0.0,13.433333333333332,74.29166666666667,24,complete_24_hours,Original weather CSV
2021-12-31,19.225,14.6,26.0,0.0,10.0625,76.95833333333333,24,complete_24_hours,Original weather CSV
2022-01-01,19.34583333333333,14.1,26.4,0.0,7.379166666666666,75.29166666666667,24,complete_24_hours,Original weather CSV
2022-01-02,19.6375,15.0,25.9,0.2,6.925,78.0,24,complete_24_hours,Original weather CSV
2022-01-03,20.525,15.5,26.5,0.0,6.825,72.29166666666667,24,complete_24_hours,Original weather CSV
2022-01-04,20.6375,15.2,27.0,0.0,6.654166666666666,68.70833333333333,24,complete_24_hours,Original weather CSV
2022-01-05,20.429166666666667,14.5,27.2,0.0,7.445833333333333,69.95833333333333,24,complete_24_hours,Original weather CSV
2022-01-06,20.02083333333333,15.3,26.6,0.0,6.545833333333333,75.79166666666667,24,complete_24_hours,Original weather CSV
2022-01-07,19.70833333333333,14.4,27.0,0.0,8.770833333333334,76.625,24,complete_24_hours,Original weather CSV
2022-01-08,18.604166666666668,14.0,23.6,1.8,6.158333333333334,81.29166666666667,24,complete_24_hours,Original weather CSV
2022-01-09,17.787499999999998,12.6,23.1,1.0,7.4125,66.95833333333333,24,complete_24_hours,Original weather CSV
2022-01-10,15.504166666666668,8.8,22.7,0.0,6.0625,65.5,24,complete_24_hours,Original weather CSV
2022-01-11,17.179166666666667,12.5,23.6,0.0,7.6375,71.83333333333333,24,complete_24_hours,Original weather CSV
2022-01-12,16.587500000000002,11.4,23.0,0.0,7.274999999999999,73.08333333333333,24,complete_24_hours,Original weather CSV
2022-01-13,16.349999999999998,11.4,22.9,0.1,7.625,73.95833333333333,24,complete_24_hours,Original weather CSV
2022-01-14,17.3125,12.3,23.7,0.2,6.804166666666667,74.45833333333333,24,complete_24_hours,Original weather CSV
2022-01-15,17.75,12.9,24.1,0.0,8.879166666666666,73.83333333333333,24,complete_24_hours,Original weather CSV
2022-01-16,18.341666666666665,12.5,25.7,0.0,9.191666666666666,71.70833333333333,24,complete_24_hours,Original weather CSV
2022-01-17,19.15833333333333,13.6,26.3,0.0,7.645833333333333,73.83333333333333,24,complete_24_hours,Original weather CSV
2022-01-18,19.78333333333333,13.8,26.6,0.0,6.591666666666666,72.41666666666667,24,complete_24_hours,Original weather CSV
2022-01-19,19.745833333333334,13.1,26.8,0.0,6.633333333333333,64.5,24,complete_24_hours,Original weather CSV
2022-01-20,20.0125,14.0,27.6,0.0,8.970833333333333,53.04166666666666,24,complete_24_hours,Original weather CSV
2022-01-21,20.316666666666663,14.8,27.5,0.0,8.65,66.70833333333333,24,complete_24_hours,Original weather CSV
2022-01-22,19.1125,15.4,24.2,0.7000000000000001,16.745833333333334,79.5,24,complete_24_hours,Original weather CSV
2022-01-23,16.383333333333333,11.4,20.6,0.1,13.066666666666668,68.41666666666667,24,complete_24_hours,Original weather CSV
2022-01-24,14.020833333333334,8.0,21.0,0.0,6.4375,56.958333333333336,24,complete_24_hours,Original weather CSV
2022-01-25,14.545833333333334,7.1,22.3,0.0,7.3125,55.04166666666666,24,complete_24_hours,Original weather CSV
2022-01-26,15.441666666666668,8.4,23.6,0.0,7.899999999999999,58.54166666666666,24,complete_24_hours,Original weather CSV
2022-01-27,16.3625,10.3,24.3,0.0,8.770833333333334,54.833333333333336,24,complete_24_hours,Original weather CSV
2022-01-28,16.804166666666667,10.3,25.1,0.0,8.454166666666667,55.083333333333336,24,complete_24_hours,Original weather CSV
2022-01-29,17.179166666666667,9.7,26.2,0.0,7.379166666666666,54.375,24,complete_24_hours,Original weather CSV
2022-01-30,18.425,9.8,28.0,0.0,6.220833333333334,52.458333333333336,24,complete_24_hours,Original weather CSV
2022-01-31,19.254166666666663,11.8,28.5,0.0,6.216666666666666,50.16666666666666,24,complete_24_hours,Original weather CSV
2022-02-01,19.279166666666665,11.6,28.5,0.0,6.3125,53.5,24,complete_24_hours,Original weather CSV
2022-02-02,20.641666666666666,13.4,30.1,0.0,6.125,51.16666666666666,24,complete_24_hours,Original weather CSV
2022-02-03,19.5625,13.1,27.1,0.0,12.620833333333332,55.66666666666666,24,complete_24_hours,Original weather CSV
2022-02-04,18.375,13.8,25.6,0.0,6.3125,67.91666666666667,24,complete_24_hours,Original weather CSV
2022-02-05,18.39583333333333,10.3,27.1,0.0,7.083333333333333,55.833333333333336,24,complete_24_hours,Original weather CSV
2022-02-06,19.791666666666668,12.1,29.2,0.0,8.475,48.75,24,complete_24_hours,Original weather CSV
2022-02-07,20.529166666666665,13.0,29.0,0.0,6.633333333333333,54.875,24,complete_24_hours,Original weather CSV
2022-02-08,20.03333333333333,13.0,28.4,0.0,7.575,65.08333333333333,24,complete_24_hours,Original weather CSV
2022-02-09,18.979166666666668,12.1,26.3,0.0,7.745833333333334,64.0,24,complete_24_hours,Original weather CSV
2022-02-10,20.016666666666666,13.2,27.4,0.0,9.1125,49.833333333333336,24,complete_24_hours,Original weather CSV
2022-02-11,19.84583333333333,13.7,27.7,0.0,9.6625,47.79166666666666,24,complete_24_hours,Original weather CSV
2022-02-12,20.433333333333334,12.8,28.6,0.0,7.516666666666667,47.125,24,complete_24_hours,Original weather CSV
2022-02-13,21.570833333333336,13.0,29.3,0.0,7.879166666666666,46.04166666666666,24,complete_24_hours,Original weather CSV
2022-02-14,21.05,14.2,28.8,0.0,9.166666666666666,46.083333333333336,24,complete_24_hours,Original weather CSV
2022-02-15,21.15,13.6,28.9,0.0,7.245833333333334,42.25,24,complete_24_hours,Original weather CSV
2022-02-16,20.3875,13.8,27.5,0.0,6.433333333333334,53.0,24,complete_24_hours,Original weather CSV
2022-02-17,21.48333333333333,14.7,28.9,0.0,7.858333333333333,53.79166666666666,24,complete_24_hours,Original weather CSV
2022-02-18,22.0875,15.4,30.2,0.0,8.491666666666667,56.583333333333336,24,complete_24_hours,Original weather CSV
2022-02-19,23.45,16.8,31.4,0.0,7.533333333333332,53.958333333333336,24,complete_24_hours,Original weather CSV
2022-02-20,23.65416666666667,16.7,30.8,0.0,10.670833333333334,36.625,24,complete_24_hours,Original weather CSV
2022-02-21,23.1,16.5,31.3,0.0,7.079166666666667,30.666666666666668,24,complete_24_hours,Original weather CSV
2022-02-22,23.7875,14.9,33.5,0.0,6.404166666666666,39.04166666666666,24,complete_24_hours,Original weather CSV
2022-02-23,24.9625,16.2,34.2,0.0,7.470833333333334,39.25,24,complete_24_hours,Original weather CSV
2022-02-24,24.816666666666663,17.1,33.0,0.0,7.212499999999999,37.583333333333336,24,complete_24_hours,Original weather CSV
2022-02-25,23.7375,15.2,32.1,0.0,6.729166666666667,33.875,24,complete_24_hours,Original weather CSV
2022-02-26,24.53333333333333,15.9,33.2,0.0,7.841666666666666,33.25,24,complete_24_hours,Original weather CSV
2022-02-27,24.39583333333333,16.1,32.4,0.0,7.391666666666667,30.375,24,complete_24_hours,Original weather CSV
2022-02-28,24.3875,16.5,33.1,0.0,7.629166666666666,33.125,24,complete_24_hours,Original weather CSV
2022-03-01,24.4625,15.4,32.5,0.0,7.216666666666666,34.375,24,complete_24_hours,Original weather CSV
2022-03-02,25.04583333333333,17.5,33.1,0.0,10.016666666666667,30.95833333333333,24,complete_24_hours,Original weather CSV
2022-03-03,25.725,18.3,33.4,0.0,8.133333333333333,30.125,24,complete_24_hours,Original weather CSV
2022-03-04,25.6375,18.1,33.0,0.0,8.058333333333334,29.45833333333333,24,complete_24_hours,Original weather CSV
2022-03-05,25.27916666666667,17.3,32.9,0.0,8.666666666666666,33.625,24,complete_24_hours,Original weather CSV
2022-03-06,25.95,18.4,33.1,0.0,9.570833333333333,33.833333333333336,24,complete_24_hours,Original weather CSV
2022-03-07,26.92083333333333,20.7,33.1,0.0,7.825,33.5,24,complete_24_hours,Original weather CSV
2022-03-08,25.225,21.0,31.9,0.1,8.445833333333335,46.66666666666666,24,complete_24_hours,Original weather CSV
2022-03-09,24.46666666666667,19.3,30.3,0.7000000000000001,6.9125000000000005,51.458333333333336,24,complete_24_hours,Original weather CSV
2022-03-10,25.27083333333333,16.8,32.8,0.0,5.820833333333333,44.04166666666666,24,complete_24_hours,Original weather CSV
2022-03-11,24.879166666666663,18.8,33.2,1.2000000000000002,7.075,45.25,24,complete_24_hours,Original weather CSV
2022-03-12,25.42083333333333,17.2,33.1,0.0,7.191666666666666,40.583333333333336,24,complete_24_hours,Original weather CSV
2022-03-13,25.7,18.0,33.8,0.0,6.741666666666666,28.791666666666668,24,complete_24_hours,Original weather CSV
2022-03-14,26.4875,18.5,35.3,0.0,6.466666666666666,24.541666666666668,24,complete_24_hours,Original weather CSV
2022-03-15,27.4375,18.4,36.3,0.0,8.345833333333333,29.166666666666668,24,complete_24_hours,Original weather CSV
2022-03-16,28.79583333333333,20.3,37.4,0.0,8.170833333333333,23.666666666666668,24,complete_24_hours,Original weather CSV
2022-03-17,28.916666666666668,20.2,37.9,0.0,9.454166666666667,23.541666666666668,24,complete_24_hours,Original weather CSV
2022-03-18,29.804166666666664,20.6,38.5,0.0,9.358333333333333,22.291666666666668,24,complete_24_hours,Original weather CSV
2022-03-19,29.3125,20.3,37.8,0.0,10.620833333333334,23.291666666666668,24,complete_24_hours,Original weather CSV
2022-03-20,27.05,20.6,33.7,0.0,9.4625,34.583333333333336,24,complete_24_hours,Original weather CSV
2022-03-21,27.6875,19.4,36.2,0.0,9.616666666666667,32.375,24,complete_24_hours,Original weather CSV
2022-03-22,30.0875,24.7,36.8,0.0,12.3375,19.166666666666668,24,complete_24_hours,Original weather CSV
2022-03-23,29.84583333333333,21.6,37.3,0.0,10.445833333333333,18.791666666666668,24,complete_24_hours,Original weather CSV
2022-03-24,29.7125,22.7,37.7,0.0,9.204166666666667,21.08333333333333,24,complete_24_hours,Original weather CSV
2022-03-25,28.933333333333334,20.2,38.1,0.0,8.091666666666667,34.75,24,complete_24_hours,Original weather CSV
2022-03-26,30.016666666666666,22.4,38.7,0.0,7.020833333333333,35.5,24,complete_24_hours,Original weather CSV
2022-03-27,29.65416666666667,20.9,38.9,0.0,8.629166666666666,40.29166666666666,24,complete_24_hours,Original weather CSV
2022-03-28,30.92083333333333,23.7,38.8,0.0,9.708333333333334,32.583333333333336,24,complete_24_hours,Original weather CSV
2022-03-29,29.866666666666664,20.7,37.6,0.0,9.9375,29.041666666666668,24,complete_24_hours,Original weather CSV
2022-03-30,29.745833333333334,20.8,37.5,0.0,12.058333333333332,21.08333333333333,24,complete_24_hours,Original weather CSV
2022-03-31,28.8,19.2,37.7,0.0,10.433333333333334,21.83333333333333,24,complete_24_hours,Original weather CSV
2022-04-01,28.23333333333333,18.6,38.0,0.0,8.941666666666666,26.5,24,complete_24_hours,Original weather CSV
2022-04-02,28.704166666666666,19.0,38.3,0.0,9.529166666666669,31.416666666666668,24,complete_24_hours,Original weather CSV
2022-04-03,29.54583333333333,19.6,38.9,0.0,7.399999999999999,35.541666666666664,24,complete_24_hours,Original weather CSV
2022-04-04,30.71666666666667,21.0,39.7,0.0,8.266666666666667,35.416666666666664,24,complete_24_hours,Original weather CSV
2022-04-05,30.504166666666663,22.3,39.8,0.0,9.2625,42.04166666666666,24,complete_24_hours,Original weather CSV
2022-04-06,30.2,21.4,38.9,0.0,11.454166666666666,42.29166666666666,24,complete_24_hours,Original weather CSV
2022-04-07,30.2125,21.5,38.8,0.0,10.379166666666666,39.04166666666666,24,complete_24_hours,Original weather CSV
2022-04-08,30.95,21.6,39.7,0.0,7.4375,32.25,24,complete_24_hours,Original weather CSV
2022-04-09,30.066666666666663,22.0,39.1,0.0,11.279166666666669,42.583333333333336,24,complete_24_hours,Original weather CSV
2022-04-10,29.504166666666663,22.6,37.4,0.0,10.475,39.79166666666666,24,complete_24_hours,Original weather CSV
2022-04-11,30.15,22.0,38.8,0.0,9.766666666666667,32.333333333333336,24,complete_24_hours,Original weather CSV
2022-04-12,30.65833333333333,22.0,39.3,0.0,9.329166666666667,26.20833333333333,24,complete_24_hours,Original weather CSV
2022-04-13,31.266666666666666,22.6,39.5,0.0,9.65,24.166666666666668,24,complete_24_hours,Original weather CSV
2022-04-14,30.98333333333333,22.2,38.5,0.0,10.25,23.33333333333333,24,complete_24_hours,Original weather CSV
2022-04-15,28.71666666666667,21.1,37.1,0.0,12.1,44.875,24,complete_24_hours,Original weather CSV
2022-04-16,28.870833333333334,19.5,37.5,0.0,11.258333333333333,30.541666666666668,24,complete_24_hours,Original weather CSV
2022-04-17,28.554166666666664,20.5,37.7,0.0,10.945833333333333,37.16666666666666,24,complete_24_hours,Original weather CSV
2022-04-18,29.254166666666663,21.0,37.7,0.0,11.7125,33.5,24,complete_24_hours,Original weather CSV
2022-04-19,30.041666666666668,22.6,38.1,0.0,12.6,39.375,24,complete_24_hours,Original weather CSV
2022-04-20,29.54583333333333,22.0,36.4,0.5,12.641666666666666,37.083333333333336,24,complete_24_hours,Original weather CSV
2022-04-21,31.316666666666663,26.1,37.5,0.0,11.833333333333334,25.58333333333333,24,complete_24_hours,Original weather CSV
2022-04-22,30.854166666666668,24.3,38.7,0.0,7.079166666666667,27.58333333333333,24,complete_24_hours,Original weather CSV
2022-04-23,32.016666666666666,24.1,39.0,0.0,8.1625,23.5,24,complete_24_hours,Original weather CSV
2022-04-24,31.425,24.0,39.7,0.0,8.691666666666666,30.58333333333333,24,complete_24_hours,Original weather CSV
2022-04-25,31.55,22.2,39.7,0.0,8.333333333333334,27.791666666666668,24,complete_24_hours,Original weather CSV
2022-04-26,31.42083333333333,23.4,38.8,0.0,11.116666666666667,23.75,24,complete_24_hours,Original weather CSV
2022-04-27,32.516666666666666,23.7,40.2,0.0,11.695833333333333,20.291666666666668,24,complete_24_hours,Original weather CSV
2022-04-28,33.050000000000004,24.3,41.1,0.0,9.595833333333331,20.791666666666668,24,complete_24_hours,Original weather CSV
2022-04-29,31.09166666666667,23.6,38.3,0.0,12.183333333333332,38.125,24,complete_24_hours,Original weather CSV
2022-04-30,30.704166666666666,24.0,38.7,0.0,14.970833333333331,36.708333333333336,24,complete_24_hours,Original weather CSV
2022-05-01,29.65416666666667,22.3,37.7,0.0,14.354166666666666,47.75,24,complete_24_hours,Original weather CSV
2022-05-02,29.1375,22.7,37.2,0.0,14.5375,56.04166666666666,24,complete_24_hours,Original weather CSV
2022-05-03,29.22083333333333,22.4,37.5,0.0,12.35,54.41666666666666,24,complete_24_hours,Original weather CSV
2022-05-04,29.120833333333334,22.2,37.5,0.0,9.416666666666666,49.708333333333336,24,complete_24_hours,Original weather CSV
2022-05-05,29.54583333333333,21.1,37.7,0.0,11.945833333333333,37.083333333333336,24,complete_24_hours,Original weather CSV
2022-05-06,29.433333333333334,20.8,37.8,0.0,10.575,41.708333333333336,24,complete_24_hours,Original weather CSV
2022-05-07,30.575,22.3,38.9,0.0,11.275,36.66666666666666,24,complete_24_hours,Original weather CSV
2022-05-08,31.35,22.5,40.0,0.0,11.075,34.125,24,complete_24_hours,Original weather CSV
2022-05-09,31.254166666666663,23.8,39.2,0.0,14.35,39.208333333333336,24,complete_24_hours,Original weather CSV
2022-05-10,30.6,23.8,39.1,0.3,15.0,49.625,24,complete_24_hours,Original weather CSV
2022-05-11,30.4375,24.3,40.0,0.0,14.341666666666669,52.583333333333336,24,complete_24_hours,Original weather CSV
2022-05-12,29.02083333333333,23.4,36.4,0.0,16.295833333333334,63.5,24,complete_24_hours,Original weather CSV
2022-05-13,29.1,23.2,37.0,0.0,16.787499999999998,59.875,24,complete_24_hours,Original weather CSV
2022-05-14,28.8625,22.4,36.7,0.0,16.354166666666668,58.333333333333336,24,complete_24_hours,Original weather CSV
2022-05-15,29.454166666666666,22.7,37.6,0.0,14.316666666666668,58.29166666666666,24,complete_24_hours,Original weather CSV
2022-05-16,29.85833333333333,22.5,37.9,0.0,12.004166666666668,54.16666666666666,24,complete_24_hours,Original weather CSV
2022-05-17,29.354166666666668,23.1,37.1,0.0,12.404166666666669,50.29166666666666,24,complete_24_hours,Original weather CSV
2022-05-18,29.35,21.8,37.6,0.0,11.570833333333333,52.583333333333336,24,complete_24_hours,Original weather CSV
2022-05-19,30.304166666666664,22.5,39.0,0.0,11.35,51.708333333333336,24,complete_24_hours,Original weather CSV
2022-05-20,28.45833333333333,23.5,36.0,0.0,16.70416666666667,60.91666666666666,24,complete_24_hours,Original weather CSV
2022-05-21,27.35833333333333,23.0,34.4,0.0,21.354166666666668,62.583333333333336,24,complete_24_hours,Original weather CSV
2022-05-22,27.195833333333336,23.2,33.5,0.0,23.9375,65.5,24,complete_24_hours,Original weather CSV
2022-05-23,27.666666666666668,23.4,34.2,0.0,22.79583333333333,65.91666666666667,24,complete_24_hours,Original weather CSV
2022-05-24,27.758333333333336,23.4,34.0,0.7,17.983333333333334,66.25,24,complete_24_hours,Original weather CSV
2022-05-25,28.125,22.6,34.9,0.0,13.279166666666669,62.54166666666666,24,complete_24_hours,Original weather CSV
2022-05-26,27.9125,23.1,34.5,0.0,15.1375,63.708333333333336,24,complete_24_hours,Original weather CSV
2022-05-27,27.175,22.4,33.8,0.0,19.354166666666668,63.25,24,complete_24_hours,Original weather CSV
2022-05-28,27.22083333333333,22.4,33.8,0.0,19.35833333333333,63.5,24,complete_24_hours,Original weather CSV
2022-05-29,27.14583333333333,22.8,32.9,0.0,19.379166666666663,65.41666666666667,24,complete_24_hours,Original weather CSV
2022-05-30,27.46666666666667,22.7,33.7,0.0,17.150000000000002,66.08333333333333,24,complete_24_hours,Original weather CSV
2022-05-31,28.008333333333336,22.8,34.8,0.1,15.645833333333334,64.875,24,complete_24_hours,Original weather CSV
2022-06-01,28.191666666666663,22.9,35.5,0.3,14.5125,64.04166666666667,24,complete_24_hours,Original weather CSV
2022-06-02,27.8375,22.8,34.3,0.0,14.541666666666666,61.41666666666666,24,complete_24_hours,Original weather CSV
2022-06-03,28.025,22.1,35.5,0.0,15.691666666666668,57.66666666666666,24,complete_24_hours,Original weather CSV
2022-06-04,28.78333333333333,22.4,35.9,0.0,14.333333333333334,56.208333333333336,24,complete_24_hours,Original weather CSV
2022-06-05,28.991666666666664,22.5,37.0,0.1,12.141666666666666,58.66666666666666,24,complete_24_hours,Original weather CSV
2022-06-06,28.691666666666663,23.7,35.8,1.4,12.745833333333332,60.66666666666666,24,complete_24_hours,Original weather CSV
2022-06-07,28.03333333333333,22.5,34.3,1.7999999999999998,13.883333333333333,62.375,24,complete_24_hours,Original weather CSV
2022-06-08,28.53333333333333,23.5,35.4,3.6,13.6,65.75,24,complete_24_hours,Original weather CSV
2022-06-09,28.5,24.4,36.2,6.1,11.291666666666666,68.20833333333333,24,complete_24_hours,Original weather CSV
2022-06-10,27.2625,23.8,32.8,4.3,10.008333333333333,74.66666666666667,24,complete_24_hours,Original weather CSV
2022-06-11,25.2625,22.7,32.1,12.7,12.6375,82.5,24,complete_24_hours,Original weather CSV
2022-06-12,25.09166666666667,22.1,30.3,2.1,13.6,80.125,24,complete_24_hours,Original weather CSV
2022-06-13,26.14583333333333,22.4,31.6,2.5,13.275,75.25,24,complete_24_hours,Original weather CSV
2022-06-14,26.704166666666666,22.5,32.1,2.0,16.241666666666667,71.95833333333333,24,complete_24_hours,Original weather CSV
2022-06-15,26.175,22.8,31.5,1.2,17.804166666666667,75.70833333333333,24,complete_24_hours,Original weather CSV
2022-06-16,26.429166666666664,23.2,32.1,1.1,14.7625,74.70833333333333,24,complete_24_hours,Original weather CSV
2022-06-17,26.40833333333333,23.0,31.4,2.8000000000000003,14.745833333333332,75.70833333333333,24,complete_24_hours,Original weather CSV
2022-06-18,26.70833333333333,23.0,31.4,1.1,15.854166666666666,73.25,24,complete_24_hours,Original weather CSV
2022-06-19,25.516666666666666,23.1,29.4,2.6,17.895833333333332,80.58333333333333,24,complete_24_hours,Original weather CSV
2022-06-20,24.566666666666663,22.6,28.5,3.4,19.2,84.08333333333333,24,complete_24_hours,Original weather CSV
2022-06-21,24.25,21.9,29.2,3.9,16.82916666666667,84.41666666666667,24,complete_24_hours,Original weather CSV
2022-06-22,25.004166666666663,22.0,31.7,19.7,7.7375,83.45833333333333,24,complete_24_hours,Original weather CSV
2022-06-23,24.816666666666663,21.9,29.9,18.8,4.275,85.125,24,complete_24_hours,Original weather CSV
2022-06-24,24.2875,22.3,29.4,14.3,4.991666666666666,88.91666666666667,24,complete_24_hours,Original weather CSV
2022-06-25,25.025,21.3,29.0,9.3,5.704166666666667,83.95833333333333,24,complete_24_hours,Original weather CSV
2022-06-26,24.775,21.4,29.5,1.6,8.483333333333333,84.625,24,complete_24_hours,Original weather CSV
2022-06-27,24.15,22.3,28.4,17.3,14.0,87.95833333333333,24,complete_24_hours,Original weather CSV
2022-06-28,24.120833333333334,22.2,28.0,4.7,15.829166666666666,87.5,24,complete_24_hours,Original weather CSV
2022-06-29,24.78333333333333,22.4,28.3,8.0,15.7625,85.625,24,complete_24_hours,Original weather CSV
2022-06-30,24.46666666666667,22.5,28.3,3.7,16.129166666666666,87.0,24,complete_24_hours,Original weather CSV
2022-07-01,23.6,21.8,26.2,3.5,18.054166666666667,89.29166666666667,24,complete_24_hours,Original weather CSV
2022-07-02,23.35833333333333,22.1,25.5,3.8,17.383333333333333,90.75,24,complete_24_hours,Original weather CSV
2022-07-03,24.03333333333333,22.0,27.5,3.1,18.616666666666667,86.66666666666667,24,complete_24_hours,Original weather CSV
2022-07-04,23.40833333333333,21.9,25.9,3.5,17.537499999999998,89.75,24,complete_24_hours,Original weather CSV
2022-07-05,23.2,22.2,24.8,6.2,18.154166666666665,91.66666666666669,24,complete_24_hours,Original weather CSV
2022-07-06,23.445833333333336,21.6,26.5,2.2,17.900000000000002,88.79166666666667,24,complete_24_hours,Original weather CSV
2022-07-07,23.6875,22.2,26.2,2.9,20.133333333333333,88.83333333333333,24,complete_24_hours,Original weather CSV
2022-07-08,22.791666666666668,21.7,24.5,11.3,18.47083333333333,92.45833333333331,24,complete_24_hours,Original weather CSV
2022-07-09,22.58333333333333,21.0,25.2,16.3,17.895833333333332,91.20833333333331,24,complete_24_hours,Original weather CSV
2022-07-10,22.554166666666664,21.2,24.6,23.1,19.616666666666667,90.70833333333331,24,complete_24_hours,Original weather CSV
2022-07-11,22.20833333333333,21.2,23.1,38.9,20.120833333333334,93.58333333333331,24,complete_24_hours,Original weather CSV
2022-07-12,22.079166666666666,21.2,23.5,42.9,21.775,93.125,24,complete_24_hours,Original weather CSV
2022-07-13,22.416666666666668,21.4,23.6,58.3,21.45833333333333,93.41666666666669,24,complete_24_hours,Original weather CSV
2022-07-14,22.7125,21.9,24.0,46.4,23.17083333333333,93.41666666666669,24,complete_24_hours,Original weather CSV
2022-07-15,23.141666666666666,22.2,24.9,9.7,24.379166666666663,91.79166666666669,24,complete_24_hours,Original weather CSV
2022-07-16,23.72083333333333,22.2,26.5,8.5,21.59166666666667,90.25,24,complete_24_hours,Original weather CSV
2022-07-17,24.266666666666666,22.6,27.2,2.4,18.90833333333333,86.75,24,complete_24_hours,Original weather CSV
2022-07-18,22.683333333333334,21.5,23.6,15.5,17.575,93.0,24,complete_24_hours,Original weather CSV
2022-07-19,22.8625,21.8,25.1,7.1,18.85,91.33333333333331,24,complete_24_hours,Original weather CSV
2022-07-20,23.59583333333333,21.7,26.9,3.0,16.275000000000002,88.375,24,complete_24_hours,Original weather CSV
2022-07-21,23.791666666666668,21.8,27.1,2.3000000000000003,16.316666666666666,85.54166666666667,24,complete_24_hours,Original weather CSV
2022-07-22,24.025,21.8,27.6,1.3,16.233333333333334,84.04166666666667,24,complete_24_hours,Original weather CSV
2022-07-23,23.3375,22.0,25.6,6.5,18.725,87.625,24,complete_24_hours,Original weather CSV
2022-07-24,22.620833333333334,21.9,23.8,19.2,17.158333333333335,92.16666666666669,24,complete_24_hours,Original weather CSV
2022-07-25,22.854166666666668,21.5,25.5,2.8000000000000003,15.245833333333332,90.66666666666669,24,complete_24_hours,Original weather CSV
2022-07-26,23.9125,21.7,27.2,4.1,13.429166666666667,86.125,24,complete_24_hours,Original weather CSV
2022-07-27,23.6125,21.1,27.7,7.7,7.8,88.625,24,complete_24_hours,Original weather CSV
2022-07-28,24.516666666666666,21.2,29.3,2.9000000000000004,6.241666666666667,84.125,24,complete_24_hours,Original weather CSV
2022-07-29,24.8375,21.8,29.4,2.6,5.275,84.83333333333333,24,complete_24_hours,Original weather CSV
2022-07-30,24.616666666666664,21.4,28.9,1.4,8.862499999999999,84.04166666666667,24,complete_24_hours,Original weather CSV
2022-07-31,24.441666666666663,21.2,28.4,1.4,11.045833333333334,81.625,24,complete_24_hours,Original weather CSV
2022-08-01,24.508333333333336,21.6,28.2,1.2,12.708333333333334,83.58333333333333,24,complete_24_hours,Original weather CSV
2022-08-02,24.4375,21.9,27.6,1.5,11.029166666666669,83.08333333333333,24,complete_24_hours,Original weather CSV
2022-08-03,24.758333333333336,22.1,29.7,6.4,7.8625,84.66666666666667,24,complete_24_hours,Original weather CSV
2022-08-04,24.75,22.0,29.1,18.6,5.116666666666666,87.625,24,complete_24_hours,Original weather CSV
2022-08-05,23.65833333333333,22.2,27.4,39.9,5.533333333333334,91.45833333333331,24,complete_24_hours,Original weather CSV
2022-08-06,23.90416666666667,21.9,28.1,13.0,9.3625,89.29166666666667,24,complete_24_hours,Original weather CSV
2022-08-07,24.23333333333333,22.1,28.6,25.2,8.233333333333333,88.0,24,complete_24_hours,Original weather CSV
2022-08-08,23.90416666666667,22.2,27.2,12.8,7.25,89.33333333333333,24,complete_24_hours,Original weather CSV
2022-08-09,23.4875,22.5,25.5,3.4,21.625,90.95833333333331,24,complete_24_hours,Original weather CSV
2022-08-10,23.2125,22.3,25.5,9.1,23.8125,91.54166666666669,24,complete_24_hours,Original weather CSV
2022-08-11,23.320833333333336,22.2,25.8,8.1,28.5625,90.54166666666669,24,complete_24_hours,Original weather CSV
2022-08-12,22.9875,21.8,25.2,8.4,27.691666666666663,91.20833333333331,24,complete_24_hours,Original weather CSV
2022-08-13,23.1125,21.3,26.0,10.3,21.820833333333336,89.75,24,complete_24_hours,Original weather CSV
2022-08-14,23.325,22.0,26.6,5.9,22.48333333333333,87.91666666666667,24,complete_24_hours,Original weather CSV
2022-08-15,22.3625,21.5,24.5,8.5,19.8875,92.41666666666669,24,complete_24_hours,Original weather CSV
2022-08-16,22.375,21.6,23.9,16.8,24.77916666666667,93.41666666666669,24,complete_24_hours,Original weather CSV
2022-08-17,22.7375,21.6,25.0,6.300000000000001,22.9625,90.95833333333331,24,complete_24_hours,Original weather CSV
2022-08-18,23.05,21.5,26.5,4.8,20.633333333333333,90.0,24,complete_24_hours,Original weather CSV
2022-08-19,23.316666666666663,21.5,26.8,2.3000000000000003,18.65833333333333,87.70833333333333,24,complete_24_hours,Original weather CSV
2022-08-20,23.72083333333333,21.8,26.9,1.7,17.875,86.04166666666667,24,complete_24_hours,Original weather CSV
2022-08-21,23.5375,21.7,26.7,2.1,18.579166666666666,86.91666666666667,24,complete_24_hours,Original weather CSV
2022-08-22,22.741666666666664,21.9,24.2,2.9,19.820833333333333,91.54166666666669,24,complete_24_hours,Original weather CSV
2022-08-23,23.125,22.0,25.1,2.7,20.475,89.16666666666667,24,complete_24_hours,Original weather CSV
2022-08-24,23.02083333333333,21.6,26.0,3.2,17.379166666666666,88.83333333333333,24,complete_24_hours,Original weather CSV
2022-08-25,23.491666666666664,21.6,27.1,3.1,12.2375,86.91666666666667,24,complete_24_hours,Original weather CSV
2022-08-26,23.695833333333336,21.1,27.5,2.8,10.375,83.75,24,complete_24_hours,Original weather CSV
2022-08-27,23.491666666666664,20.4,27.4,1.0,10.225,83.0,24,complete_24_hours,Original weather CSV
2022-08-28,23.666666666666668,20.3,28.0,1.0,8.654166666666667,81.08333333333333,24,complete_24_hours,Original weather CSV
2022-08-29,24.10833333333333,19.8,29.7,0.1,6.675,79.625,24,complete_24_hours,Original weather CSV
2022-08-30,24.5375,20.8,29.9,10.6,4.616666666666666,84.375,24,complete_24_hours,Original weather CSV
2022-08-31,24.933333333333334,22.0,29.8,5.3,4.291666666666667,87.25,24,complete_24_hours,Original weather CSV
2022-09-01,24.008333333333336,21.9,29.2,14.6,4.870833333333333,89.41666666666667,24,complete_24_hours,Original weather CSV
2022-09-02,25.0625,21.5,30.1,1.0,6.566666666666666,84.33333333333333,24,complete_24_hours,Original weather CSV
2022-09-03,25.05,21.5,30.2,3.2,4.954166666666667,86.875,24,complete_24_hours,Original weather CSV
2022-09-04,24.5375,22.9,27.8,9.6,9.841666666666669,88.70833333333333,24,complete_24_hours,Original weather CSV
2022-09-05,24.016666666666666,21.8,27.5,1.9,9.383333333333333,86.54166666666667,24,complete_24_hours,Original weather CSV
2022-09-06,23.929166666666664,21.8,28.3,1.5,5.55,86.54166666666667,24,complete_24_hours,Original weather CSV
2022-09-07,24.1875,21.2,29.4,9.7,6.058333333333334,88.20833333333333,24,complete_24_hours,Original weather CSV
2022-09-08,24.05,21.9,28.5,15.8,8.679166666666667,89.66666666666667,24,complete_24_hours,Original weather CSV
2022-09-09,24.55,21.9,29.3,8.4,9.2875,88.70833333333333,24,complete_24_hours,Original weather CSV
2022-09-10,24.03333333333333,21.6,29.5,26.5,7.004166666666666,89.95833333333333,24,complete_24_hours,Original weather CSV
2022-09-11,24.3,21.5,29.2,16.9,4.4750000000000005,89.16666666666667,24,complete_24_hours,Original weather CSV
2022-09-12,23.829166666666666,22.1,26.6,14.0,6.7250000000000005,89.91666666666667,24,complete_24_hours,Original weather CSV
2022-09-13,23.21666666666667,21.9,26.2,10.9,13.191666666666668,93.45833333333331,24,complete_24_hours,Original weather CSV
2022-09-14,23.17083333333333,22.1,25.1,3.1,20.83333333333333,91.29166666666669,24,complete_24_hours,Original weather CSV
2022-09-15,22.9875,21.9,25.4,8.299999999999999,22.508333333333336,92.54166666666669,24,complete_24_hours,Original weather CSV
2022-09-16,22.4125,21.6,23.4,56.6,15.266666666666667,94.25,24,complete_24_hours,Original weather CSV
2022-09-17,22.679166666666664,21.0,25.3,8.0,13.108333333333334,90.70833333333331,24,complete_24_hours,Original weather CSV
2022-09-18,22.316666666666663,20.7,24.9,29.1,10.545833333333333,91.70833333333331,24,complete_24_hours,Original weather CSV
2022-09-19,22.383333333333336,21.0,25.4,14.0,12.85,90.0,24,complete_24_hours,Original weather CSV
2022-09-20,22.54583333333333,20.8,25.7,0.9,11.433333333333332,88.54166666666667,24,complete_24_hours,Original weather CSV
2022-09-21,23.041666666666668,20.5,27.3,0.8,11.495833333333332,85.16666666666667,24,complete_24_hours,Original weather CSV
2022-09-22,22.5375,20.4,26.2,1.9,13.629166666666668,86.0,24,complete_24_hours,Original weather CSV
2022-09-23,22.59166666666667,20.3,26.5,0.9,15.995833333333332,83.75,24,complete_24_hours,Original weather CSV
2022-09-24,22.9875,20.5,27.8,2.0,11.816666666666668,86.29166666666667,24,complete_24_hours,Original weather CSV
2022-09-25,23.104166666666668,20.3,27.9,0.8,8.058333333333334,84.29166666666667,24,complete_24_hours,Original weather CSV
2022-09-26,22.60833333333333,20.0,26.0,1.5,5.666666666666667,89.375,24,complete_24_hours,Original weather CSV
2022-09-27,23.21666666666667,20.2,27.9,3.7,4.954166666666667,86.83333333333333,24,complete_24_hours,Original weather CSV
2022-09-28,22.64583333333333,19.7,27.9,11.4,6.2625,89.70833333333333,24,complete_24_hours,Original weather CSV
2022-09-29,23.46666666666667,20.1,28.4,2.3000000000000003,6.15,88.08333333333333,24,complete_24_hours,Original weather CSV
2022-09-30,23.7375,19.9,29.1,1.4,6.454166666666667,85.70833333333333,24,complete_24_hours,Original weather CSV
2022-10-01,23.73333333333333,20.5,28.7,1.7,7.966666666666666,86.83333333333333,24,complete_24_hours,Original weather CSV
2022-10-02,23.320833333333336,20.1,27.6,2.3000000000000003,7.458333333333333,85.25,24,complete_24_hours,Original weather CSV
2022-10-03,23.35,20.1,28.1,0.1,7.920833333333333,82.5,24,complete_24_hours,Original weather CSV
2022-10-04,23.95833333333333,20.7,28.4,0.3,8.420833333333333,83.29166666666667,24,complete_24_hours,Original weather CSV
2022-10-05,24.23333333333333,21.0,28.3,0.4,10.375,80.08333333333333,24,complete_24_hours,Original weather CSV
2022-10-06,24.366666666666664,21.5,28.6,8.9,10.945833333333333,80.125,24,complete_24_hours,Original weather CSV
2022-10-07,22.35833333333333,21.1,24.0,14.0,7.366666666666666,94.375,24,complete_24_hours,Original weather CSV
2022-10-08,22.33333333333333,21.0,25.1,5.1,14.033333333333331,91.0,24,complete_24_hours,Original weather CSV
2022-10-09,23.5875,21.3,27.6,1.0,10.529166666666669,87.20833333333333,24,complete_24_hours,Original weather CSV
2022-10-10,23.53333333333333,20.2,28.9,9.6,3.466666666666667,87.79166666666667,24,complete_24_hours,Original weather CSV
2022-10-11,23.6875,20.9,28.5,5.6000000000000005,4.375,88.83333333333333,24,complete_24_hours,Original weather CSV
2022-10-12,23.25,20.3,27.7,2.6,5.808333333333334,88.125,24,complete_24_hours,Original weather CSV
2022-10-13,23.97083333333333,20.4,28.9,1.2,8.883333333333333,82.75,24,complete_24_hours,Original weather CSV
2022-10-14,23.141666666666666,20.2,28.6,8.0,10.2875,82.91666666666667,24,complete_24_hours,Original weather CSV
2022-10-15,22.73333333333333,19.0,27.7,0.0,11.75,67.70833333333333,24,complete_24_hours,Original weather CSV
2022-10-16,23.0125,17.2,29.0,0.0,11.095833333333331,67.45833333333333,24,complete_24_hours,Original weather CSV
2022-10-17,23.64583333333333,21.4,28.4,17.3,9.4625,85.5,24,complete_24_hours,Original weather CSV
2022-10-18,23.08333333333333,20.7,27.3,4.9,5.2,89.04166666666667,24,complete_24_hours,Original weather CSV
2022-10-19,23.1625,20.4,27.3,2.9,5.558333333333334,87.75,24,complete_24_hours,Original weather CSV
2022-10-20,22.9875,19.8,27.4,0.5,7.445833333333333,87.75,24,complete_24_hours,Original weather CSV
2022-10-21,22.6625,20.1,27.5,4.2,10.858333333333334,87.875,24,complete_24_hours,Original weather CSV
2022-10-22,22.7125,18.5,27.5,0.0,11.758333333333333,75.0,24,complete_24_hours,Original weather CSV
2022-10-23,21.05,15.5,27.2,0.0,8.15,65.16666666666667,24,complete_24_hours,Original weather CSV
2022-10-24,21.33333333333333,15.5,28.0,0.0,6.1125,62.333333333333336,24,complete_24_hours,Original weather CSV
2022-10-25,21.48333333333333,15.4,28.1,0.0,6.025,61.04166666666666,24,complete_24_hours,Original weather CSV
2022-10-26,21.504166666666663,14.8,27.7,0.0,4.7875000000000005,60.083333333333336,24,complete_24_hours,Original weather CSV
2022-10-27,21.15833333333333,16.1,27.5,0.0,5.75,61.708333333333336,24,complete_24_hours,Original weather CSV
2022-10-28,21.304166666666667,15.9,27.2,0.0,6.620833333333334,63.16666666666666,24,complete_24_hours,Original weather CSV
2022-10-29,21.091666666666665,16.0,27.7,0.0,8.270833333333334,61.66666666666666,24,complete_24_hours,Original weather CSV
2022-10-30,21.141666666666666,14.9,27.6,0.0,8.145833333333334,60.375,24,complete_24_hours,Original weather CSV
2022-10-31,21.625,16.5,27.5,0.0,6.675,54.04166666666666,24,complete_24_hours,Original weather CSV
2022-11-01,20.129166666666663,13.8,27.0,0.0,8.595833333333333,61.708333333333336,24,complete_24_hours,Original weather CSV
2022-11-02,20.92083333333333,14.0,28.5,0.0,10.3875,59.16666666666666,24,complete_24_hours,Original weather CSV
2022-11-03,21.616666666666664,14.7,29.7,0.0,9.666666666666666,54.79166666666666,24,complete_24_hours,Original weather CSV
2022-11-04,21.254166666666663,15.0,28.9,0.0,10.1375,55.125,24,complete_24_hours,Original weather CSV
2022-11-05,21.541666666666668,14.8,29.6,0.0,10.225,58.333333333333336,24,complete_24_hours,Original weather CSV
2022-11-06,22.02083333333333,15.2,29.7,0.0,8.799999999999999,54.16666666666666,24,complete_24_hours,Original weather CSV
2022-11-07,22.7625,17.1,29.7,0.0,5.279166666666667,48.04166666666666,24,complete_24_hours,Original weather CSV
2022-11-08,22.97083333333333,16.0,29.9,0.0,5.066666666666666,50.75,24,complete_24_hours,Original weather CSV
2022-11-09,21.90416666666667,15.7,29.4,0.0,7.145833333333333,55.0,24,complete_24_hours,Original weather CSV
2022-11-10,21.48333333333333,14.8,28.2,0.0,9.104166666666666,55.0,24,complete_24_hours,Original weather CSV
2022-11-11,21.604166666666668,14.5,28.6,0.0,9.970833333333331,57.125,24,complete_24_hours,Original weather CSV
2022-11-12,21.77083333333333,15.3,28.3,0.0,9.8625,60.583333333333336,24,complete_24_hours,Original weather CSV
2022-11-13,21.633333333333336,16.1,28.4,0.0,9.404166666666669,61.583333333333336,24,complete_24_hours,Original weather CSV
2022-11-14,22.03333333333333,15.6,29.0,0.0,7.304166666666667,64.91666666666667,24,complete_24_hours,Original weather CSV
2022-11-15,22.495833333333334,16.3,29.3,0.0,6.516666666666667,63.04166666666666,24,complete_24_hours,Original weather CSV
2022-11-16,21.8375,15.4,28.4,0.0,6.1875,62.75,24,complete_24_hours,Original weather CSV
2022-11-17,21.254166666666663,14.5,28.2,0.0,8.375,51.66666666666666,24,complete_24_hours,Original weather CSV
2022-11-18,19.58333333333333,13.3,26.7,0.0,10.35,47.458333333333336,24,complete_24_hours,Original weather CSV
2022-11-19,18.95833333333333,12.9,25.8,0.0,9.9625,49.75,24,complete_24_hours,Original weather CSV
2022-11-20,18.620833333333334,10.9,26.0,0.0,10.433333333333334,50.583333333333336,24,complete_24_hours,Original weather CSV
2022-11-21,18.4625,11.8,25.9,0.0,9.233333333333333,55.0,24,complete_24_hours,Original weather CSV
2022-11-22,19.291666666666668,10.9,27.4,0.0,8.487499999999999,59.91666666666666,24,complete_24_hours,Original weather CSV
2022-11-23,20.3875,13.8,28.3,0.0,8.475,57.625,24,complete_24_hours,Original weather CSV
2022-11-24,20.73333333333333,13.2,28.4,0.0,8.283333333333333,58.875,24,complete_24_hours,Original weather CSV
2022-11-25,21.875,15.3,29.5,0.0,7.675,59.208333333333336,24,complete_24_hours,Original weather CSV
2022-11-26,22.9125,16.5,30.0,0.0,7.0,60.16666666666666,24,complete_24_hours,Original weather CSV
2022-11-27,22.625,16.6,30.1,0.0,7.5625,59.833333333333336,24,complete_24_hours,Original weather CSV
2022-11-28,22.120833333333334,15.2,29.6,0.0,5.954166666666667,58.625,24,complete_24_hours,Original weather CSV
2022-11-29,21.8125,15.4,29.1,0.0,7.524999999999999,60.79166666666666,24,complete_24_hours,Original weather CSV
2022-11-30,21.691666666666663,16.0,28.9,0.0,8.35,59.083333333333336,24,complete_24_hours,Original weather CSV
2022-12-01,21.091666666666665,15.2,28.4,0.0,8.233333333333333,53.79166666666666,24,complete_24_hours,Original weather CSV
2022-12-02,21.154166666666665,14.2,29.0,0.0,7.1125,55.375,24,complete_24_hours,Original weather CSV
2022-12-03,21.704166666666666,13.7,29.4,0.0,6.204166666666667,62.083333333333336,24,complete_24_hours,Original weather CSV
2022-12-04,22.870833333333334,18.0,29.0,0.0,6.545833333333333,65.875,24,complete_24_hours,Original weather CSV
2022-12-05,23.633333333333336,18.8,29.6,0.2,6.320833333333333,71.16666666666667,24,complete_24_hours,Original weather CSV
2022-12-06,23.96666666666667,18.9,30.4,0.0,6.4750000000000005,64.08333333333333,24,complete_24_hours,Original weather CSV
2022-12-07,22.6625,16.9,28.9,0.0,7.875,66.04166666666667,24,complete_24_hours,Original weather CSV
2022-12-08,20.75,15.7,27.2,0.0,9.079166666666667,63.375,24,complete_24_hours,Original weather CSV
2022-12-09,18.92083333333333,12.5,26.4,0.0,10.7875,48.958333333333336,24,complete_24_hours,Original weather CSV
2022-12-10,18.754166666666663,11.5,27.2,0.0,8.616666666666667,51.958333333333336,24,complete_24_hours,Original weather CSV
2022-12-11,21.35,14.2,28.7,0.0,8.208333333333334,61.875,24,complete_24_hours,Original weather CSV
2022-12-12,22.991666666666664,19.1,28.7,0.3,9.025,75.5,24,complete_24_hours,Original weather CSV
2022-12-13,23.45,19.2,29.1,0.3,11.420833333333334,74.70833333333333,24,complete_24_hours,Original weather CSV
2022-12-14,23.175,20.1,29.9,5.199999999999999,10.9625,79.25,24,complete_24_hours,Original weather CSV
2022-12-15,22.854166666666668,18.9,28.8,0.3999999999999999,7.791666666666667,81.75,24,complete_24_hours,Original weather CSV
2022-12-16,23.041666666666668,18.2,29.0,0.0,5.445833333333333,75.16666666666667,24,complete_24_hours,Original weather CSV
2022-12-17,23.166666666666668,18.1,29.0,0.0,7.962499999999999,73.29166666666667,24,complete_24_hours,Original weather CSV
2022-12-18,22.808333333333334,18.1,28.8,0.0,8.529166666666667,66.75,24,complete_24_hours,Original weather CSV
2022-12-19,21.1,16.2,27.7,0.0,8.545833333333333,63.41666666666666,24,complete_24_hours,Original weather CSV
2022-12-20,21.008333333333333,15.1,28.8,0.0,7.274999999999999,57.75,24,complete_24_hours,Original weather CSV
2022-12-21,21.28333333333333,14.8,29.4,0.0,6.291666666666667,61.708333333333336,24,complete_24_hours,Original weather CSV
2022-12-22,21.695833333333336,14.5,29.8,0.0,5.654166666666666,62.375,24,complete_24_hours,Original weather CSV
2022-12-23,21.4625,16.2,29.5,0.0,6.95,58.875,24,complete_24_hours,Original weather CSV
2022-12-24,18.53333333333333,11.6,27.3,0.0,5.141666666666667,55.083333333333336,24,complete_24_hours,Original weather CSV
2022-12-25,18.7625,11.9,28.7,0.0,8.658333333333333,53.583333333333336,24,complete_24_hours,Original weather CSV
2022-12-26,20.570833333333333,12.9,29.4,0.0,6.916666666666667,51.625,24,complete_24_hours,Original weather CSV
2022-12-27,20.7875,13.5,29.9,0.0,7.291666666666667,62.833333333333336,24,complete_24_hours,Original weather CSV
2022-12-28,21.325,14.6,29.8,0.0,6.329166666666667,59.29166666666666,24,complete_24_hours,Original weather CSV
2022-12-29,21.67083333333333,14.5,30.3,0.0,6.383333333333333,61.29166666666666,24,complete_24_hours,Original weather CSV
2022-12-30,22.075,15.2,30.2,0.0,5.691666666666666,52.79166666666666,24,complete_24_hours,Original weather CSV
2022-12-31,20.879166666666663,14.5,29.3,0.0,6.3125,56.375,24,complete_24_hours,Original weather CSV
2023-01-01,19.433333333333334,11.9,28.4,0.0,5.791666666666667,59.625,24,complete_24_hours,Original weather CSV
2023-01-02,19.725,12.8,28.4,0.0,7.470833333333334,63.125,24,complete_24_hours,Original weather CSV
2023-01-03,19.875,12.4,28.5,0.0,7.854166666666667,62.208333333333336,24,complete_24_hours,Original weather CSV
2023-01-04,19.57916666666667,13.8,27.1,0.0,11.595833333333331,70.875,24,complete_24_hours,Original weather CSV
2023-01-05,20.495833333333334,14.6,27.7,0.0,12.0625,71.66666666666667,24,complete_24_hours,Original weather CSV
2023-01-06,20.695833333333333,16.0,27.2,0.0,10.466666666666669,75.79166666666667,24,complete_24_hours,Original weather CSV
2023-01-07,20.966666666666665,16.3,27.1,0.0,9.1,73.79166666666667,24,complete_24_hours,Original weather CSV
2023-01-08,19.579166666666666,14.2,26.3,0.0,7.841666666666666,63.958333333333336,24,complete_24_hours,Original weather CSV
2023-01-09,17.962500000000002,10.7,26.2,0.0,7.879166666666666,53.79166666666666,24,complete_24_hours,Original weather CSV
2023-01-10,17.8,9.5,27.1,0.0,8.612499999999999,49.875,24,complete_24_hours,Original weather CSV
2023-01-11,18.90833333333333,10.7,29.4,0.0,8.325000000000001,54.458333333333336,24,complete_24_hours,Original weather CSV
2023-01-12,18.875,12.0,27.2,0.0,6.05,56.833333333333336,24,complete_24_hours,Original weather CSV
2023-01-13,18.7625,13.9,25.8,0.0,8.516666666666667,65.79166666666667,24,complete_24_hours,Original weather CSV
2023-01-14,16.875,9.7,26.6,0.0,6.9,64.79166666666667,24,complete_24_hours,Original weather CSV
2023-01-15,17.841666666666665,10.8,27.6,0.0,8.204166666666667,62.41666666666666,24,complete_24_hours,Original weather CSV
2023-01-16,18.291666666666668,11.0,28.2,0.0,7.683333333333334,62.083333333333336,24,complete_24_hours,Original weather CSV
2023-01-17,18.916666666666668,11.1,28.9,0.0,7.166666666666667,60.5,24,complete_24_hours,Original weather CSV
2023-01-18,19.5,11.6,28.6,0.0,8.145833333333334,62.0,24,complete_24_hours,Original weather CSV
2023-01-19,20.254166666666663,12.2,30.1,0.0,8.529166666666667,59.583333333333336,24,complete_24_hours,Original weather CSV
2023-01-20,20.7,14.2,29.0,0.0,8.091666666666667,47.54166666666666,24,complete_24_hours,Original weather CSV
2023-01-21,20.3125,13.4,28.7,0.0,8.370833333333334,50.958333333333336,24,complete_24_hours,Original weather CSV
2023-01-22,19.10833333333333,12.0,27.4,0.0,8.079166666666667,50.208333333333336,24,complete_24_hours,Original weather CSV
2023-01-23,19.2375,13.2,27.5,0.0,7.379166666666666,54.125,24,complete_24_hours,Original weather CSV
2023-01-24,18.866666666666667,12.0,27.6,0.0,7.408333333333334,58.5,24,complete_24_hours,Original weather CSV
2023-01-25,19.266666666666666,12.3,27.2,0.0,6.7125,54.833333333333336,24,complete_24_hours,Original weather CSV
2023-01-26,21.029166666666665,14.6,29.6,0.0,10.329166666666667,60.5,24,complete_24_hours,Original weather CSV
2023-01-27,22.15833333333333,16.4,29.7,0.0,9.833333333333334,64.79166666666667,24,complete_24_hours,Original weather CSV
2023-01-28,22.23333333333333,16.1,30.2,0.0,8.700000000000001,56.79166666666666,24,complete_24_hours,Original weather CSV
2023-01-29,20.729166666666668,14.7,28.7,0.0,9.933333333333334,70.75,24,complete_24_hours,Original weather CSV
2023-01-30,21.0875,15.8,28.6,0.3,6.55,72.5,24,complete_24_hours,Original weather CSV
2023-01-31,21.745833333333334,16.2,28.9,0.0,10.408333333333331,64.375,24,complete_24_hours,Original weather CSV
2023-02-01,21.816666666666663,17.5,28.1,0.0,11.7,61.125,24,complete_24_hours,Original weather CSV
2023-02-02,21.754166666666663,15.6,29.0,0.0,9.904166666666669,54.333333333333336,24,complete_24_hours,Original weather CSV
2023-02-03,21.354166666666668,13.4,29.2,0.0,7.3125,49.583333333333336,24,complete_24_hours,Original weather CSV
2023-02-04,21.525,14.1,29.8,0.0,6.516666666666667,46.125,24,complete_24_hours,Original weather CSV
2023-02-05,21.89583333333333,13.7,30.5,0.0,7.729166666666667,47.16666666666666,24,complete_24_hours,Original weather CSV
2023-02-06,22.079166666666666,14.0,30.4,0.0,7.754166666666666,47.54166666666666,24,complete_24_hours,Original weather CSV
2023-02-07,21.98333333333333,14.1,30.0,0.0,6.170833333333333,41.458333333333336,24,complete_24_hours,Original weather CSV
2023-02-08,22.40833333333333,14.0,31.6,0.0,6.941666666666666,46.625,24,complete_24_hours,Original weather CSV
2023-02-09,23.04583333333333,14.1,33.0,0.0,7.454166666666667,42.91666666666666,24,complete_24_hours,Original weather CSV
2023-02-10,24.495833333333334,16.7,33.8,0.0,6.433333333333334,33.541666666666664,24,complete_24_hours,Original weather CSV
2023-02-11,23.245833333333334,14.8,32.8,0.0,7.379166666666666,34.083333333333336,24,complete_24_hours,Original weather CSV
2023-02-12,21.77916666666667,12.3,31.6,0.0,10.341666666666669,41.958333333333336,24,complete_24_hours,Original weather CSV
2023-02-13,22.1,13.5,31.4,0.0,9.516666666666667,39.458333333333336,24,complete_24_hours,Original weather CSV
2023-02-14,21.695833333333336,13.3,31.8,0.0,8.995833333333334,34.416666666666664,24,complete_24_hours,Original weather CSV
2023-02-15,22.945833333333336,14.1,33.3,0.0,9.404166666666669,29.25,24,complete_24_hours,Original weather CSV
2023-02-16,24.09166666666667,14.7,33.8,0.0,9.458333333333334,30.08333333333333,24,complete_24_hours,Original weather CSV
2023-02-17,24.325,15.2,34.3,0.0,9.145833333333334,29.291666666666668,24,complete_24_hours,Original weather CSV
2023-02-18,23.304166666666664,15.3,33.1,0.0,9.045833333333333,31.33333333333333,24,complete_24_hours,Original weather CSV
2023-02-19,23.558333333333334,14.1,33.5,0.0,8.370833333333334,30.83333333333333,24,complete_24_hours,Original weather CSV
2023-02-20,25.0125,17.2,34.5,0.0,6.395833333333333,30.541666666666668,24,complete_24_hours,Original weather CSV
2023-02-21,25.241666666666664,16.3,34.6,0.0,7.054166666666667,29.58333333333333,24,complete_24_hours,Original weather CSV
2023-02-22,25.0,14.8,34.2,0.0,7.279166666666666,28.08333333333333,24,complete_24_hours,Original weather CSV
2023-02-23,25.23333333333333,17.1,34.0,0.0,5.133333333333334,29.375,24,complete_24_hours,Original weather CSV
2023-02-24,25.1875,16.9,33.7,0.0,5.879166666666666,27.95833333333333,24,complete_24_hours,Original weather CSV
2023-02-25,25.354166666666668,16.0,33.7,0.0,6.033333333333334,28.45833333333333,24,complete_24_hours,Original weather CSV
2023-02-26,24.95833333333333,15.2,34.0,0.0,5.8375,27.95833333333333,24,complete_24_hours,Original weather CSV
2023-02-27,24.85,16.3,33.6,0.0,7.033333333333334,27.70833333333333,24,complete_24_hours,Original weather CSV
2023-02-28,24.875,16.6,34.0,0.0,7.366666666666667,28.5,24,complete_24_hours,Original weather CSV
2023-03-01,25.308333333333334,16.6,33.2,0.0,7.854166666666667,28.416666666666668,24,complete_24_hours,Original weather CSV
2023-03-02,26.09583333333333,17.9,34.0,0.0,8.541666666666666,28.875,24,complete_24_hours,Original weather CSV
2023-03-03,26.479166666666668,18.3,34.4,0.0,7.675,31.166666666666668,24,complete_24_hours,Original weather CSV
2023-03-04,27.120833333333334,18.7,35.1,0.0,8.479166666666666,30.541666666666668,24,complete_24_hours,Original weather CSV
2023-03-05,26.6,21.6,34.1,0.2,8.966666666666667,34.791666666666664,24,complete_24_hours,Original weather CSV
2023-03-06,23.625,19.1,30.0,1.8,8.241666666666667,50.375,24,complete_24_hours,Original weather CSV
2023-03-07,22.98333333333333,17.0,30.5,4.0,8.237499999999999,51.083333333333336,24,complete_24_hours,Original weather CSV
2023-03-08,24.016666666666666,15.4,31.7,0.0,6.820833333333334,41.54166666666666,24,complete_24_hours,Original weather CSV
2023-03-09,24.325,15.6,32.5,0.0,7.720833333333334,33.583333333333336,24,complete_24_hours,Original weather CSV
2023-03-10,24.133333333333336,17.5,32.2,0.0,8.145833333333334,33.208333333333336,24,complete_24_hours,Original weather CSV
2023-03-11,25.0875,17.7,33.1,0.0,9.029166666666669,35.666666666666664,24,complete_24_hours,Original weather CSV
2023-03-12,25.329166666666666,17.6,33.5,0.0,9.333333333333334,37.91666666666666,24,complete_24_hours,Original weather CSV
2023-03-13,26.195833333333336,19.6,32.8,0.1,7.695833333333333,35.833333333333336,24,complete_24_hours,Original weather CSV
2023-03-14,26.041666666666668,18.9,32.2,0.0,5.833333333333333,37.208333333333336,24,complete_24_hours,Original weather CSV
2023-03-15,24.90833333333333,19.3,30.8,0.6000000000000001,7.462499999999999,41.04166666666666,24,complete_24_hours,Original weather CSV
2023-03-16,22.84583333333333,18.4,28.7,1.0,6.875,61.04166666666666,24,complete_24_hours,Original weather CSV
2023-03-17,22.116666666666664,16.7,28.8,0.8,5.108333333333333,66.54166666666667,24,complete_24_hours,Original weather CSV
2023-03-18,21.570833333333336,16.2,29.8,4.300000000000001,5.991666666666667,68.79166666666667,24,complete_24_hours,Original weather CSV
2023-03-19,21.8,15.2,29.1,0.0,9.758333333333333,62.0,24,complete_24_hours,Original weather CSV
2023-03-20,21.77916666666667,16.9,28.6,0.0,10.7,61.375,24,complete_24_hours,Original weather CSV
2023-03-21,22.09166666666667,17.8,28.3,0.0,7.666666666666667,65.91666666666667,24,complete_24_hours,Original weather CSV
2023-03-22,22.47083333333333,16.6,28.8,0.0,10.420833333333333,65.45833333333333,24,complete_24_hours,Original weather CSV
2023-03-23,22.691666666666663,16.9,29.7,0.0,10.441666666666666,62.75,24,complete_24_hours,Original weather CSV
2023-03-24,22.9875,15.9,31.3,0.0,10.604166666666666,62.04166666666666,24,complete_24_hours,Original weather CSV
2023-03-25,22.695833333333336,14.6,31.0,0.0,8.737499999999999,57.16666666666666,24,complete_24_hours,Original weather CSV
2023-03-26,22.525,14.4,30.4,0.0,9.295833333333333,49.208333333333336,24,complete_24_hours,Original weather CSV
2023-03-27,23.683333333333334,15.3,31.7,0.0,7.966666666666666,52.333333333333336,24,complete_24_hours,Original weather CSV
2023-03-28,24.325,16.5,32.5,0.0,6.2625,51.583333333333336,24,complete_24_hours,Original weather CSV
2023-03-29,24.9,17.4,33.4,0.0,8.604166666666666,50.083333333333336,24,complete_24_hours,Original weather CSV
2023-03-30,23.89583333333333,17.4,31.2,0.0,11.229166666666666,59.125,24,complete_24_hours,Original weather CSV
2023-03-31,23.8375,18.8,30.0,0.1,13.004166666666668,54.41666666666666,24,complete_24_hours,Original weather CSV
2023-04-01,23.854166666666668,16.0,31.8,0.0,8.379166666666666,51.75,24,complete_24_hours,Original weather CSV
2023-04-02,24.6625,17.5,32.3,0.0,8.375,51.41666666666666,24,complete_24_hours,Original weather CSV
2023-04-03,25.20833333333333,17.7,33.4,0.0,8.645833333333334,54.583333333333336,24,complete_24_hours,Original weather CSV
2023-04-04,26.675,18.5,34.2,0.0,10.895833333333334,43.625,24,complete_24_hours,Original weather CSV
2023-04-05,27.441666666666663,19.2,35.1,0.0,9.591666666666669,31.625,24,complete_24_hours,Original weather CSV
2023-04-06,27.8,20.7,34.6,0.0,8.0,33.166666666666664,24,complete_24_hours,Original weather CSV
2023-04-07,27.695833333333336,21.1,34.6,0.0,8.299999999999999,38.458333333333336,24,complete_24_hours,Original weather CSV
2023-04-08,27.04583333333333,21.7,33.1,0.0,7.649999999999999,50.833333333333336,24,complete_24_hours,Original weather CSV
2023-04-09,27.9125,20.3,34.4,0.0,4.979166666666667,43.625,24,complete_24_hours,Original weather CSV
2023-04-10,28.02083333333333,23.1,34.7,0.0,6.4375,46.625,24,complete_24_hours,Original weather CSV
2023-04-11,28.8375,21.5,36.3,0.0,5.491666666666667,42.41666666666666,24,complete_24_hours,Original weather CSV
2023-04-12,29.78333333333333,22.7,36.9,0.0,7.4875,35.916666666666664,24,complete_24_hours,Original weather CSV
2023-04-13,29.320833333333336,23.7,36.5,0.1,9.008333333333333,35.083333333333336,24,complete_24_hours,Original weather CSV
2023-04-14,29.6375,22.5,36.9,0.0,6.833333333333333,36.0,24,complete_24_hours,Original weather CSV
2023-04-15,28.454166666666666,22.0,36.7,0.0,5.720833333333334,39.66666666666666,24,complete_24_hours,Original weather CSV
2023-04-16,28.90833333333333,20.5,36.6,0.0,7.145833333333333,39.41666666666666,24,complete_24_hours,Original weather CSV
2023-04-17,29.47083333333333,21.0,36.9,0.0,6.6625000000000005,31.70833333333333,24,complete_24_hours,Original weather CSV
2023-04-18,30.20833333333333,22.9,37.3,0.0,9.2625,28.75,24,complete_24_hours,Original weather CSV
2023-04-19,30.34166666666667,23.2,37.8,0.0,8.508333333333333,31.33333333333333,24,complete_24_hours,Original weather CSV
2023-04-20,29.4375,21.9,36.6,0.0,10.1125,33.25,24,complete_24_hours,Original weather CSV
2023-04-21,27.48333333333333,20.5,35.1,0.0,10.683333333333335,36.66666666666666,24,complete_24_hours,Original weather CSV
2023-04-22,26.620833333333334,20.1,34.0,0.0,10.654166666666669,45.54166666666666,24,complete_24_hours,Original weather CSV
2023-04-23,26.691666666666663,20.0,33.3,0.0,11.079166666666666,48.5,24,complete_24_hours,Original weather CSV
2023-04-24,28.14583333333333,19.8,35.5,0.0,9.041666666666666,31.666666666666668,24,complete_24_hours,Original weather CSV
2023-04-25,28.78333333333333,21.8,36.0,0.0,7.587499999999999,30.416666666666668,24,complete_24_hours,Original weather CSV
2023-04-26,26.7,20.3,33.7,0.0,9.633333333333333,59.625,24,complete_24_hours,Original weather CSV
2023-04-27,26.85,20.8,33.4,0.0,7.495833333333334,57.79166666666666,24,complete_24_hours,Original weather CSV
2023-04-28,27.45,21.8,33.5,0.2,9.7875,53.208333333333336,24,complete_24_hours,Original weather CSV
2023-04-29,25.89583333333333,20.5,31.9,0.0,10.2125,56.0,24,complete_24_hours,Original weather CSV
2023-04-30,24.64583333333333,19.2,30.9,1.1,8.470833333333333,60.625,24,complete_24_hours,Original weather CSV
2023-05-01,24.320833333333336,19.7,29.4,0.0,10.066666666666666,60.16666666666666,24,complete_24_hours,Original weather CSV
2023-05-02,25.6875,20.4,31.6,0.0,7.533333333333334,59.583333333333336,24,complete_24_hours,Original weather CSV
2023-05-03,26.0,19.6,32.5,0.0,7.641666666666667,61.5,24,complete_24_hours,Original weather CSV
2023-05-04,26.375,19.7,32.5,0.0,4.983333333333333,59.208333333333336,24,complete_24_hours,Original weather CSV
2023-05-05,26.979166666666668,20.5,34.2,0.0,5.666666666666667,61.458333333333336,24,complete_24_hours,Original weather CSV
2023-05-06,27.429166666666664,22.0,33.1,0.5,7.720833333333334,61.79166666666666,24,complete_24_hours,Original weather CSV
2023-05-07,27.625,22.3,33.1,0.5,9.420833333333333,58.91666666666666,24,complete_24_hours,Original weather CSV
2023-05-08,29.0,23.7,34.9,0.1,9.525,52.16666666666666,24,complete_24_hours,Original weather CSV
2023-05-09,30.08333333333333,24.1,37.4,0.1,9.6,51.04166666666666,24,complete_24_hours,Original weather CSV
2023-05-10,31.4375,23.5,39.4,0.0,10.120833333333334,40.833333333333336,24,complete_24_hours,Original weather CSV
2023-05-11,32.05833333333333,23.8,39.7,0.0,9.116666666666667,31.70833333333333,24,complete_24_hours,Original weather CSV
2023-05-12,31.466666666666665,22.9,39.3,0.0,12.358333333333334,34.041666666666664,24,complete_24_hours,Original weather CSV
2023-05-13,30.725,24.1,38.5,0.0,12.491666666666667,41.25,24,complete_24_hours,Original weather CSV
2023-05-14,29.195833333333336,23.2,37.2,0.0,15.354166666666666,51.91666666666666,24,complete_24_hours,Original weather CSV
2023-05-15,28.454166666666666,22.6,35.8,0.0,15.904166666666669,60.625,24,complete_24_hours,Original weather CSV
2023-05-16,28.14583333333333,22.6,35.2,0.0,16.483333333333334,61.375,24,complete_24_hours,Original weather CSV
2023-05-17,28.77083333333333,22.5,36.1,0.0,12.4875,58.16666666666666,24,complete_24_hours,Original weather CSV
2023-05-18,29.0875,22.2,36.1,0.0,12.166666666666666,53.25,24,complete_24_hours,Original weather CSV
2023-05-19,29.775,21.8,37.9,0.0,10.875,45.208333333333336,24,complete_24_hours,Original weather CSV
2023-05-20,29.275,21.9,36.5,0.0,11.933333333333332,51.833333333333336,24,complete_24_hours,Original weather CSV
2023-05-21,28.8,21.9,36.3,0.0,11.55,58.29166666666666,24,complete_24_hours,Original weather CSV
2023-05-22,29.229166666666668,22.3,36.3,0.0,10.8,53.083333333333336,24,complete_24_hours,Original weather CSV
2023-05-23,29.52083333333333,22.2,37.5,0.0,11.508333333333333,46.208333333333336,24,complete_24_hours,Original weather CSV
2023-05-24,28.8375,22.9,36.5,0.0,14.266666666666666,56.5,24,complete_24_hours,Original weather CSV
2023-05-25,27.979166666666668,22.7,35.4,0.0,16.875,61.91666666666666,24,complete_24_hours,Original weather CSV
2023-05-26,27.75,22.9,34.6,0.0,19.0,62.708333333333336,24,complete_24_hours,Original weather CSV
2023-05-27,27.75,22.4,34.5,0.0,17.875,64.5,24,complete_24_hours,Original weather CSV
2023-05-28,28.6875,22.6,36.0,0.0,14.820833333333333,61.16666666666666,24,complete_24_hours,Original weather CSV
2023-05-29,30.016666666666666,23.4,37.5,0.0,11.891666666666666,53.625,24,complete_24_hours,Original weather CSV
2023-05-30,30.10833333333333,22.3,37.4,0.0,9.745833333333334,43.583333333333336,24,complete_24_hours,Original weather CSV
2023-05-31,30.695833333333336,23.1,37.5,0.0,11.2375,42.375,24,complete_24_hours,Original weather CSV
2023-06-01,30.729166666666668,23.6,37.4,0.0,12.841666666666669,38.333333333333336,24,complete_24_hours,Original weather CSV
2023-06-02,28.6375,22.5,35.7,0.0,15.604166666666666,57.0,24,complete_24_hours,Original weather CSV
2023-06-03,28.90833333333333,23.9,35.6,0.0,14.441666666666668,62.208333333333336,24,complete_24_hours,Original weather CSV
2023-06-04,28.375,24.4,33.4,1.5,12.104166666666666,66.66666666666667,24,complete_24_hours,Original weather CSV
2023-06-05,28.066666666666663,23.3,33.8,0.2,13.175,67.79166666666667,24,complete_24_hours,Original weather CSV
2023-06-06,28.745833333333334,23.1,35.6,0.0,12.525,63.41666666666666,24,complete_24_hours,Original weather CSV
2023-06-07,29.09583333333333,22.8,35.7,0.0,12.408333333333331,61.0,24,complete_24_hours,Original weather CSV
2023-06-08,29.379166666666663,23.6,36.1,0.0,13.0625,60.333333333333336,24,complete_24_hours,Original weather CSV
2023-06-09,29.191666666666663,24.1,36.6,0.3,13.058333333333332,65.0,24,complete_24_hours,Original weather CSV
2023-06-10,28.7875,24.6,35.2,1.7000000000000002,13.808333333333332,63.833333333333336,24,complete_24_hours,Original weather CSV
2023-06-11,28.85833333333333,24.1,35.2,1.9,13.2625,58.41666666666666,24,complete_24_hours,Original weather CSV
2023-06-12,28.78333333333333,23.4,34.5,1.3,14.158333333333331,56.66666666666666,24,complete_24_hours,Original weather CSV
2023-06-13,27.8,23.3,33.2,1.5,19.14583333333333,65.125,24,complete_24_hours,Original weather CSV
2023-06-14,26.683333333333334,23.3,32.5,0.8,22.766666666666666,73.20833333333333,24,complete_24_hours,Original weather CSV
2023-06-15,27.125,23.2,33.0,0.9,23.9375,69.875,24,complete_24_hours,Original weather CSV
2023-06-16,25.97083333333333,23.3,30.6,2.4,26.554166666666664,77.625,24,complete_24_hours,Original weather CSV
2023-06-17,26.27916666666667,23.0,32.1,0.6000000000000001,24.104166666666668,77.5,24,complete_24_hours,Original weather CSV
2023-06-18,26.9375,23.6,32.3,1.6,21.72083333333333,72.54166666666667,24,complete_24_hours,Original weather CSV
2023-06-19,27.1375,23.0,33.5,0.0,19.541666666666668,70.16666666666667,24,complete_24_hours,Original weather CSV
2023-06-20,27.254166666666663,23.0,33.3,1.4,16.091666666666665,68.54166666666667,24,complete_24_hours,Original weather CSV
2023-06-21,27.39583333333333,23.0,33.0,1.8000000000000005,15.270833333333334,68.70833333333333,24,complete_24_hours,Original weather CSV
2023-06-22,27.725,23.3,33.2,0.9,15.320833333333333,67.75,24,complete_24_hours,Original weather CSV
2023-06-23,27.4,23.3,32.4,1.9,15.333333333333334,70.66666666666667,24,complete_24_hours,Original weather CSV
2023-06-24,25.445833333333336,22.5,29.1,2.2,12.933333333333332,81.0,24,complete_24_hours,Original weather CSV
2023-06-25,24.59166666666667,22.1,28.2,2.6,18.29583333333333,84.75,24,complete_24_hours,Original weather CSV
2023-06-26,23.08333333333333,22.0,25.0,11.1,16.841666666666665,92.75,24,complete_24_hours,Original weather CSV
2023-06-27,23.04583333333333,21.8,25.2,7.7,16.079166666666666,92.33333333333331,24,complete_24_hours,Original weather CSV
2023-06-28,23.429166666666664,22.3,25.4,16.2,16.066666666666666,93.08333333333331,24,complete_24_hours,Original weather CSV
2023-06-29,23.09583333333333,22.1,24.5,13.9,18.70833333333333,92.25,24,complete_24_hours,Original weather CSV
2023-06-30,23.02916666666667,22.1,24.6,17.2,21.416666666666668,93.29166666666669,24,complete_24_hours,Original weather CSV
2023-07-01,22.9875,21.8,24.8,20.5,20.2125,92.70833333333331,24,complete_24_hours,Original weather CSV
2023-07-02,23.98333333333333,21.9,27.0,6.1,16.670833333333334,89.66666666666667,24,complete_24_hours,Original weather CSV
2023-07-03,25.0125,22.2,28.8,3.7,12.8125,86.91666666666667,24,complete_24_hours,Original weather CSV
2023-07-04,25.241666666666664,23.4,28.6,3.0,12.745833333333332,87.45833333333333,24,complete_24_hours,Original weather CSV
2023-07-05,24.445833333333336,23.0,28.5,20.8,11.6,90.875,24,complete_24_hours,Original weather CSV
2023-07-06,24.09166666666667,22.2,27.9,10.2,14.658333333333331,89.83333333333333,24,complete_24_hours,Original weather CSV
2023-07-07,23.916666666666668,22.2,26.8,6.9,18.654166666666665,91.33333333333331,24,complete_24_hours,Original weather CSV
2023-07-08,23.6875,22.5,25.3,7.1,21.383333333333336,90.91666666666669,24,complete_24_hours,Original weather CSV
2023-07-09,23.804166666666664,22.1,26.9,6.2,22.445833333333336,89.70833333333333,24,complete_24_hours,Original weather CSV
2023-07-10,24.254166666666663,22.1,27.0,3.1,20.65833333333333,86.16666666666667,24,complete_24_hours,Original weather CSV
2023-07-11,24.21666666666667,22.5,27.7,3.6,17.704166666666666,85.625,24,complete_24_hours,Original weather CSV
2023-07-12,23.7875,22.1,26.8,5.4,14.754166666666668,89.08333333333333,24,complete_24_hours,Original weather CSV
2023-07-13,24.225,22.2,28.0,4.7,14.058333333333332,89.25,24,complete_24_hours,Original weather CSV
2023-07-14,23.995833333333334,22.1,27.2,15.6,15.329166666666667,89.0,24,complete_24_hours,Original weather CSV
2023-07-15,23.829166666666666,22.3,26.6,8.899999999999999,16.412499999999998,88.83333333333333,24,complete_24_hours,Original weather CSV
2023-07-16,23.2375,21.9,25.5,4.6,15.083333333333334,90.79166666666669,24,complete_24_hours,Original weather CSV
2023-07-17,23.616666666666664,21.8,26.1,3.3000000000000003,16.833333333333332,90.0,24,complete_24_hours,Original weather CSV
2023-07-18,23.691666666666663,22.6,25.8,15.6,17.3625,92.41666666666669,24,complete_24_hours,Original weather CSV
2023-07-19,23.641666666666666,22.6,25.6,10.8,19.84583333333333,91.20833333333331,24,complete_24_hours,Original weather CSV
2023-07-20,24.0625,22.5,26.9,9.3,22.1875,87.95833333333333,24,complete_24_hours,Original weather CSV
2023-07-21,24.329166666666666,22.4,27.6,7.4,17.641666666666666,89.5,24,complete_24_hours,Original weather CSV
2023-07-22,23.60833333333333,22.4,25.6,16.8,20.641666666666666,92.125,24,complete_24_hours,Original weather CSV
2023-07-23,23.791666666666668,22.0,27.0,9.9,20.33333333333333,89.83333333333333,24,complete_24_hours,Original weather CSV
2023-07-24,23.78333333333333,22.5,26.3,8.3,19.5125,89.79166666666667,24,complete_24_hours,Original weather CSV
2023-07-25,23.954166666666666,22.3,26.9,6.3,17.516666666666666,89.41666666666667,24,complete_24_hours,Original weather CSV
2023-07-26,23.77916666666667,22.5,26.2,14.1,15.245833333333332,90.5,24,complete_24_hours,Original weather CSV
2023-07-27,23.554166666666664,22.7,25.4,16.9,18.14583333333333,91.08333333333331,24,complete_24_hours,Original weather CSV
2023-07-28,23.17083333333333,22.2,24.9,18.1,19.308333333333334,92.25,24,complete_24_hours,Original weather CSV
2023-07-29,23.183333333333334,22.2,24.8,4.4,20.09583333333333,90.5,24,complete_24_hours,Original weather CSV
2023-07-30,23.65833333333333,22.2,26.6,4.4,20.65,88.125,24,complete_24_hours,Original weather CSV
2023-07-31,23.8375,22.2,26.9,4.4,19.308333333333334,89.20833333333333,24,complete_24_hours,Original weather CSV
2023-08-01,23.90416666666667,22.6,26.6,3.3000000000000003,21.766666666666666,88.125,24,complete_24_hours,Original weather CSV
2023-08-02,23.60833333333333,22.0,26.4,4.5,23.104166666666668,87.66666666666667,24,complete_24_hours,Original weather CSV
2023-08-03,23.67083333333333,22.3,25.9,2.8000000000000003,23.4375,88.04166666666667,24,complete_24_hours,Original weather CSV
2023-08-04,23.5875,22.5,26.5,1.8,21.6375,90.5,24,complete_24_hours,Original weather CSV
2023-08-05,23.791666666666668,22.1,26.6,3.7,20.641666666666666,89.58333333333333,24,complete_24_hours,Original weather CSV
2023-08-06,23.7875,22.1,26.4,2.4,22.504166666666663,87.83333333333333,24,complete_24_hours,Original weather CSV
2023-08-07,23.925,22.0,27.4,1.2000000000000002,24.27083333333333,85.58333333333333,24,complete_24_hours,Original weather CSV
2023-08-08,24.066666666666663,21.9,27.3,1.1,21.83333333333333,84.5,24,complete_24_hours,Original weather CSV
2023-08-09,24.120833333333334,22.0,27.3,2.1,18.89583333333333,85.0,24,complete_24_hours,Original weather CSV
2023-08-10,23.83333333333333,22.2,26.5,2.1,16.6125,86.79166666666667,24,complete_24_hours,Original weather CSV
2023-08-11,24.195833333333336,21.9,27.5,1.6,15.45,82.125,24,complete_24_hours,Original weather CSV
2023-08-12,23.666666666666668,21.9,26.9,2.5,17.2375,85.45833333333333,24,complete_24_hours,Original weather CSV
2023-08-13,23.7625,21.8,26.8,4.2,19.229166666666668,86.33333333333333,24,complete_24_hours,Original weather CSV
2023-08-14,23.754166666666663,21.9,26.7,2.4,20.029166666666665,86.29166666666667,24,complete_24_hours,Original weather CSV
2023-08-15,23.566666666666663,21.7,26.2,1.5,16.7,85.95833333333333,24,complete_24_hours,Original weather CSV
2023-08-16,24.3375,21.8,28.5,1.0,15.15,82.25,24,complete_24_hours,Original weather CSV
2023-08-17,24.054166666666664,21.5,27.5,0.4,15.666666666666666,80.45833333333333,24,complete_24_hours,Original weather CSV
2023-08-18,23.954166666666666,21.6,27.6,0.4,16.76666666666667,81.125,24,complete_24_hours,Original weather CSV
2023-08-19,23.9875,22.1,27.4,1.0,16.991666666666667,83.625,24,complete_24_hours,Original weather CSV
2023-08-20,23.84166666666667,22.0,27.1,4.5,16.895833333333332,84.41666666666667,24,complete_24_hours,Original weather CSV
2023-08-21,24.175,21.6,27.4,1.2,14.8625,82.91666666666667,24,complete_24_hours,Original weather CSV
2023-08-22,23.7625,21.7,27.8,3.5,13.958333333333334,87.0,24,complete_24_hours,Original weather CSV
2023-08-23,23.7875,21.8,27.5,2.0,16.908333333333335,85.875,24,complete_24_hours,Original weather CSV
2023-08-24,24.0,22.0,27.5,1.5,19.154166666666665,85.20833333333333,24,complete_24_hours,Original weather CSV
2023-08-25,24.041666666666668,22.1,27.2,3.9,17.854166666666668,87.75,24,complete_24_hours,Original weather CSV
2023-08-26,23.45833333333333,21.9,26.2,4.4,15.245833333333332,89.29166666666667,24,complete_24_hours,Original weather CSV
2023-08-27,23.291666666666668,21.4,26.9,2.2,15.304166666666667,87.625,24,complete_24_hours,Original weather CSV
2023-08-28,23.8625,21.6,27.8,2.4,17.004166666666666,84.5,24,complete_24_hours,Original weather CSV
2023-08-29,24.204166666666666,21.3,28.2,2.6,12.220833333333331,82.70833333333333,24,complete_24_hours,Original weather CSV
2023-08-30,24.5625,20.6,29.8,0.3999999999999999,7.979166666666667,80.41666666666667,24,complete_24_hours,Original weather CSV
2023-08-31,24.633333333333336,20.3,29.8,0.2,5.958333333333333,79.75,24,complete_24_hours,Original weather CSV
2023-09-01,25.616666666666664,20.9,30.8,0.2,5.279166666666667,76.66666666666667,24,complete_24_hours,Original weather CSV
2023-09-02,24.7125,21.4,29.3,4.8,7.325,83.375,24,complete_24_hours,Original weather CSV
2023-09-03,24.495833333333334,21.4,28.9,2.1,9.358333333333333,83.16666666666667,24,complete_24_hours,Original weather CSV
2023-09-04,24.166666666666668,20.9,28.2,1.2,11.925,81.125,24,complete_24_hours,Original weather CSV
2023-09-05,24.579166666666666,21.0,29.5,0.1,12.358333333333334,78.16666666666667,24,complete_24_hours,Original weather CSV
2023-09-06,24.245833333333334,21.3,28.3,5.1,14.416666666666666,83.5,24,complete_24_hours,Original weather CSV
2023-09-07,23.92083333333333,22.6,26.9,5.4,19.054166666666667,86.66666666666667,24,complete_24_hours,Original weather CSV
2023-09-08,23.1125,22.1,24.8,20.2,18.558333333333334,92.66666666666669,24,complete_24_hours,Original weather CSV
2023-09-09,24.375,22.7,27.5,2.4,18.954166666666666,87.20833333333333,24,complete_24_hours,Original weather CSV
2023-09-10,24.570833333333336,22.2,28.2,0.8,18.45833333333333,85.875,24,complete_24_hours,Original weather CSV
2023-09-11,24.35833333333333,22.1,27.4,1.6,17.675,86.04166666666667,24,complete_24_hours,Original weather CSV
2023-09-12,24.17083333333333,21.4,28.2,0.3,16.375,81.41666666666667,24,complete_24_hours,Original weather CSV
2023-09-13,24.04583333333333,21.5,27.7,1.3,14.766666666666666,83.83333333333333,24,complete_24_hours,Original weather CSV
2023-09-14,24.245833333333334,22.2,28.0,1.9,12.941666666666668,83.91666666666667,24,complete_24_hours,Original weather CSV
2023-09-15,23.816666666666663,21.7,27.6,1.2000000000000002,14.445833333333333,84.83333333333333,24,complete_24_hours,Original weather CSV
2023-09-16,22.9125,22.3,24.0,7.8,20.33333333333333,93.08333333333331,24,complete_24_hours,Original weather CSV
2023-09-17,23.09166666666667,21.8,25.9,2.2,21.35833333333333,90.54166666666669,24,complete_24_hours,Original weather CSV
2023-09-18,23.179166666666664,21.2,26.8,4.9,18.291666666666668,90.29166666666669,24,complete_24_hours,Original weather CSV
2023-09-19,23.570833333333336,21.5,26.9,3.0,17.220833333333335,90.20833333333331,24,complete_24_hours,Original weather CSV
2023-09-20,24.02916666666667,21.9,27.5,5.3,13.783333333333331,90.5,24,complete_24_hours,Original weather CSV
2023-09-21,24.34583333333333,22.3,28.7,10.2,9.341666666666669,88.83333333333333,24,complete_24_hours,Original weather CSV
2023-09-22,23.79583333333333,22.2,26.6,17.0,7.408333333333334,92.95833333333331,24,complete_24_hours,Original weather CSV
2023-09-23,23.820833333333336,21.6,28.2,12.5,7.508333333333333,89.58333333333333,24,complete_24_hours,Original weather CSV
2023-09-24,23.741666666666664,22.1,26.6,7.1,9.304166666666667,90.16666666666669,24,complete_24_hours,Original weather CSV
2023-09-25,24.104166666666668,21.7,28.6,1.8,8.091666666666667,87.33333333333333,24,complete_24_hours,Original weather CSV
2023-09-26,24.52083333333333,21.4,29.4,6.2,5.141666666666667,86.79166666666667,24,complete_24_hours,Original weather CSV
2023-09-27,24.058333333333334,21.5,29.0,20.0,5.729166666666667,89.91666666666667,24,complete_24_hours,Original weather CSV
2023-09-28,24.7375,21.5,29.1,2.5,5.920833333333333,85.83333333333333,24,complete_24_hours,Original weather CSV
2023-09-29,24.52083333333333,20.9,29.2,11.5,5.145833333333333,87.33333333333333,24,complete_24_hours,Original weather CSV
2023-09-30,25.991666666666664,21.5,31.1,0.2,8.7875,78.54166666666667,24,complete_24_hours,Original weather CSV
2023-10-01,26.15416666666667,21.4,31.2,0.0,8.4125,67.25,24,complete_24_hours,Original weather CSV
2023-10-02,24.445833333333336,22.0,28.5,0.9,10.216666666666669,83.45833333333333,24,complete_24_hours,Original weather CSV
2023-10-03,24.754166666666663,21.7,29.5,0.0,8.887500000000001,79.33333333333333,24,complete_24_hours,Original weather CSV
2023-10-04,24.808333333333334,21.0,30.3,0.0,6.766666666666667,75.25,24,complete_24_hours,Original weather CSV
2023-10-05,24.35833333333333,20.2,30.1,0.0,6.325,75.91666666666667,24,complete_24_hours,Original weather CSV
2023-10-06,24.325,19.3,30.1,0.0,5.358333333333333,74.58333333333333,24,complete_24_hours,Original weather CSV
2023-10-07,24.558333333333334,19.3,30.4,0.0,4.375,71.875,24,complete_24_hours,Original weather CSV
2023-10-08,24.870833333333334,19.3,30.8,0.0,5.041666666666667,68.75,24,complete_24_hours,Original weather CSV
2023-10-09,25.566666666666663,20.2,31.7,0.0,5.775,65.04166666666667,24,complete_24_hours,Original weather CSV
2023-10-10,25.179166666666664,19.5,30.9,0.0,6.454166666666667,63.54166666666666,24,complete_24_hours,Original weather CSV
2023-10-11,25.28333333333333,19.7,31.1,0.0,5.258333333333334,68.08333333333333,24,complete_24_hours,Original weather CSV
2023-10-12,26.23333333333333,20.7,31.9,0.0,5.908333333333334,62.91666666666666,24,complete_24_hours,Original weather CSV
2023-10-13,25.65833333333333,20.7,31.7,0.0,6.033333333333334,61.5,24,complete_24_hours,Original weather CSV
2023-10-14,26.133333333333336,20.5,31.6,0.0,3.733333333333333,57.04166666666666,24,complete_24_hours,Original weather CSV
2023-10-15,25.516666666666666,20.4,30.5,0.1,6.195833333333333,62.333333333333336,24,complete_24_hours,Original weather CSV
2023-10-16,25.129166666666663,20.0,30.3,0.0,5.016666666666667,64.83333333333333,24,complete_24_hours,Original weather CSV
2023-10-17,24.883333333333336,20.2,30.4,0.4,6.941666666666666,64.875,24,complete_24_hours,Original weather CSV
2023-10-18,24.83333333333333,19.7,30.0,0.0,5.933333333333334,64.04166666666667,24,complete_24_hours,Original weather CSV
2023-10-19,25.741666666666664,20.0,31.6,0.0,6.383333333333333,55.375,24,complete_24_hours,Original weather CSV
2023-10-20,25.775,20.4,31.3,0.0,6.245833333333334,53.875,24,complete_24_hours,Original weather CSV
2023-10-21,24.77083333333333,20.4,30.4,0.3,6.791666666666667,65.54166666666667,24,complete_24_hours,Original weather CSV
2023-10-22,24.829166666666666,19.1,31.0,0.0,6.1875,57.54166666666666,24,complete_24_hours,Original weather CSV
2023-10-23,25.35,18.8,31.4,0.0,5.841666666666666,51.54166666666666,24,complete_24_hours,Original weather CSV
2023-10-24,24.808333333333334,18.9,31.1,0.0,6.808333333333334,52.66666666666666,24,complete_24_hours,Original weather CSV
2023-10-25,24.229166666666668,18.7,30.9,0.0,7.458333333333333,52.25,24,complete_24_hours,Original weather CSV
2023-10-26,24.079166666666666,17.9,30.6,0.0,6.925,47.083333333333336,24,complete_24_hours,Original weather CSV
2023-10-27,23.766666666666666,16.8,30.3,0.0,8.379166666666666,44.0,24,complete_24_hours,Original weather CSV
2023-10-28,23.754166666666663,16.9,30.2,0.0,7.154166666666666,45.5,24,complete_24_hours,Original weather CSV
2023-10-29,23.40416666666667,16.9,30.5,0.0,8.3125,46.958333333333336,24,complete_24_hours,Original weather CSV
2023-10-30,23.60833333333333,18.2,30.5,0.0,7.770833333333333,47.5,24,complete_24_hours,Original weather CSV
2023-10-31,23.45833333333333,18.4,30.5,0.0,8.416666666666666,49.875,24,complete_24_hours,Original weather CSV
2023-11-01,23.254166666666663,17.6,30.0,0.0,9.125,54.29166666666666,24,complete_24_hours,Original weather CSV
2023-11-02,23.21666666666667,17.9,29.8,0.0,7.4875,55.625,24,complete_24_hours,Original weather CSV
2023-11-03,23.816666666666663,17.7,30.4,0.0,7.441666666666666,52.208333333333336,24,complete_24_hours,Original weather CSV
2023-11-04,24.125,17.6,30.9,0.0,7.691666666666666,49.875,24,complete_24_hours,Original weather CSV
2023-11-05,24.3375,18.9,30.8,0.0,8.570833333333333,47.75,24,complete_24_hours,Original weather CSV
2023-11-06,23.929166666666664,18.4,30.7,0.0,9.0,45.5,24,complete_24_hours,Original weather CSV
2023-11-07,23.829166666666666,17.9,30.3,0.0,9.570833333333333,46.54166666666666,24,complete_24_hours,Original weather CSV
2023-11-08,24.820833333333336,19.3,30.8,0.0,7.204166666666667,50.25,24,complete_24_hours,Original weather CSV
2023-11-09,25.258333333333336,19.7,31.0,0.0,7.475,54.625,24,complete_24_hours,Original weather CSV
2023-11-10,24.320833333333336,19.3,30.6,3.4,5.925,67.70833333333333,24,complete_24_hours,Original weather CSV
2023-11-11,25.058333333333334,19.0,32.1,0.0,7.5,60.625,24,complete_24_hours,Original weather CSV
2023-11-12,24.741666666666664,19.1,31.5,0.0,7.683333333333334,51.54166666666666,24,complete_24_hours,Original weather CSV
2023-11-13,24.2,18.2,30.9,0.0,6.954166666666667,49.16666666666666,24,complete_24_hours,Original weather CSV
2023-11-14,23.508333333333336,18.3,30.3,0.0,7.9875,49.04166666666666,24,complete_24_hours,Original weather CSV
2023-11-15,22.979166666666668,17.5,29.3,0.0,7.0375000000000005,48.79166666666666,24,complete_24_hours,Original weather CSV
2023-11-16,22.825,16.6,29.0,0.0,7.0875,51.333333333333336,24,complete_24_hours,Original weather CSV
2023-11-17,22.25,16.1,28.6,0.0,6.658333333333334,55.583333333333336,24,complete_24_hours,Original weather CSV
2023-11-18,22.554166666666664,17.1,29.1,0.0,8.025,58.41666666666666,24,complete_24_hours,Original weather CSV
2023-11-19,24.0,17.0,30.6,0.0,8.004166666666666,58.833333333333336,24,complete_24_hours,Original weather CSV
2023-11-20,25.004166666666663,20.7,30.3,0.0,8.116666666666667,56.16666666666666,24,complete_24_hours,Original weather CSV
2023-11-21,23.7125,19.2,29.3,0.0,8.433333333333334,56.16666666666666,24,complete_24_hours,Original weather CSV
2023-11-22,22.5125,16.3,28.8,0.0,7.270833333333333,58.208333333333336,24,complete_24_hours,Original weather CSV
2023-11-23,22.58333333333333,17.1,29.0,0.0,6.454166666666667,61.625,24,complete_24_hours,Original weather CSV
2023-11-24,23.525,19.1,29.2,0.0,9.358333333333333,69.54166666666667,24,complete_24_hours,Original weather CSV
2023-11-25,23.475,19.0,29.1,0.1,9.045833333333333,71.5,24,complete_24_hours,Original weather CSV
2023-11-26,22.329166666666666,19.1,28.1,15.1,9.333333333333334,78.95833333333333,24,complete_24_hours,Original weather CSV
2023-11-27,21.34583333333333,18.4,25.9,4.4,7.524999999999999,86.79166666666667,24,complete_24_hours,Original weather CSV
2023-11-28,21.554166666666664,18.2,27.0,1.4,6.683333333333334,81.83333333333333,24,complete_24_hours,Original weather CSV
2023-11-29,21.17083333333333,17.6,26.9,0.1,9.475,82.41666666666667,24,complete_24_hours,Original weather CSV
2023-11-30,21.308333333333334,16.7,27.6,1.2999999999999998,7.1375,83.0,24,complete_24_hours,Original weather CSV
2023-12-01,21.308333333333334,18.0,27.8,0.1,7.895833333333333,79.54166666666667,24,complete_24_hours,Original weather CSV
2023-12-02,22.4625,18.7,28.1,0.3,11.045833333333334,78.16666666666667,24,complete_24_hours,Original weather CSV
2023-12-03,22.9125,18.6,28.6,0.1,9.995833333333334,77.875,24,complete_24_hours,Original weather CSV
2023-12-04,22.8375,19.1,28.0,0.0,7.0125,76.04166666666667,24,complete_24_hours,Original weather CSV
2023-12-05,22.20833333333333,18.3,27.5,0.1,9.645833333333334,76.91666666666667,24,complete_24_hours,Original weather CSV
2023-12-06,21.058333333333334,17.4,25.7,0.8,9.645833333333334,81.25,24,complete_24_hours,Original weather CSV
2023-12-07,20.829166666666666,16.9,26.2,0.2,6.191666666666666,76.04166666666667,24,complete_24_hours,Original weather CSV
2023-12-08,21.1375,16.9,27.0,0.0,7.279166666666666,73.08333333333333,24,complete_24_hours,Original weather CSV
2023-12-09,21.29583333333333,16.9,27.1,0.0,7.545833333333333,73.75,24,complete_24_hours,Original weather CSV
2023-12-10,21.45833333333333,16.7,27.4,0.0,7.291666666666667,71.58333333333333,24,complete_24_hours,Original weather CSV
2023-12-11,21.629166666666663,16.7,28.4,0.0,7.254166666666666,68.25,24,complete_24_hours,Original weather CSV
2023-12-12,21.08333333333333,15.4,28.0,0.0,6.8375,70.75,24,complete_24_hours,Original weather CSV
2023-12-13,20.979166666666668,15.4,27.4,0.0,6.704166666666667,67.45833333333333,24,complete_24_hours,Original weather CSV
2023-12-14,21.120833333333334,16.3,27.1,0.0,9.329166666666667,66.29166666666667,24,complete_24_hours,Original weather CSV
2023-12-15,20.216666666666665,16.1,26.2,0.0,9.304166666666664,65.75,24,complete_24_hours,Original weather CSV
2023-12-16,19.508333333333333,14.2,25.9,0.0,7.175,64.29166666666667,24,complete_24_hours,Original weather CSV
2023-12-17,19.779166666666665,14.3,26.2,0.0,9.85,63.91666666666666,24,complete_24_hours,Original weather CSV
2023-12-18,20.133333333333333,15.3,25.7,0.0,13.4125,63.75,24,complete_24_hours,Original weather CSV
2023-12-19,20.075,16.4,25.5,0.0,13.7375,60.0,24,complete_24_hours,Original weather CSV
2023-12-20,19.525,14.6,25.9,0.0,13.558333333333332,55.5,24,complete_24_hours,Original weather CSV
2023-12-21,20.620833333333334,15.7,26.9,0.0,11.329166666666666,55.125,24,complete_24_hours,Original weather CSV
2023-12-22,21.0125,16.4,28.1,0.0,8.3875,60.208333333333336,24,complete_24_hours,Original weather CSV
2023-12-23,20.879166666666663,13.5,29.6,0.0,7.575,57.79166666666666,24,complete_24_hours,Original weather CSV
2023-12-24,21.17083333333333,16.0,29.2,0.0,10.179166666666667,50.708333333333336,24,complete_24_hours,Original weather CSV
2023-12-25,21.445833333333336,15.7,29.4,0.0,8.854166666666666,57.458333333333336,24,complete_24_hours,Original weather CSV
2023-12-26,21.97083333333333,15.9,30.0,0.0,6.925,53.29166666666666,24,complete_24_hours,Original weather CSV
2023-12-27,21.695833333333336,15.3,30.0,0.0,6.075,57.333333333333336,24,complete_24_hours,Original weather CSV
2023-12-28,22.1125,16.2,29.5,0.0,7.529166666666666,62.833333333333336,24,complete_24_hours,Original weather CSV
2023-12-29,22.054166666666664,16.5,29.6,0.0,5.9875,62.79166666666666,24,complete_24_hours,Original weather CSV
2023-12-30,21.89583333333333,15.6,29.7,0.0,6.804166666666667,62.29166666666666,24,complete_24_hours,Original weather CSV
2023-12-31,21.9375,16.3,29.1,0.0,6.216666666666666,60.125,24,complete_24_hours,Original weather CSV
2024-01-01,21.741666666666664,16.0,28.7,0.0,6.791666666666667,63.833333333333336,24,complete_24_hours,Original weather CSV
2024-01-02,21.5625,15.7,29.0,0.0,6.941666666666666,64.83333333333333,24,complete_24_hours,Original weather CSV
2024-01-03,21.054166666666667,15.1,28.5,0.0,7.591666666666666,68.91666666666667,24,complete_24_hours,Original weather CSV
2024-01-04,20.35833333333333,15.3,28.3,0.0,7.7625,66.41666666666667,24,complete_24_hours,Original weather CSV
2024-01-05,19.904166666666665,13.4,27.8,0.0,7.566666666666666,68.29166666666667,24,complete_24_hours,Original weather CSV
2024-01-06,20.95833333333333,15.9,26.9,0.5,8.674999999999999,71.29166666666667,24,complete_24_hours,Original weather CSV
2024-01-07,21.504166666666663,16.4,28.2,0.6000000000000001,10.225,68.70833333333333,24,complete_24_hours,Original weather CSV
2024-01-08,22.304166666666664,17.0,29.2,0.0,11.341666666666669,64.20833333333333,24,complete_24_hours,Original weather CSV
2024-01-09,22.695833333333336,18.1,29.1,0.4,9.275,62.29166666666666,24,complete_24_hours,Original weather CSV
2024-01-10,21.254166666666663,17.5,27.8,6.0,7.558333333333334,76.41666666666667,24,complete_24_hours,Original weather CSV
2024-01-11,22.666666666666668,17.7,29.1,0.0,6.991666666666667,70.79166666666667,24,complete_24_hours,Original weather CSV
2024-01-12,23.2875,17.7,29.8,0.0,7.745833333333334,64.0,24,complete_24_hours,Original weather CSV
2024-01-13,23.20833333333333,16.5,30.6,0.0,7.529166666666666,63.583333333333336,24,complete_24_hours,Original weather CSV
2024-01-14,22.058333333333334,16.4,29.7,0.0,7.9125,56.54166666666666,24,complete_24_hours,Original weather CSV
2024-01-15,19.5875,14.0,27.0,0.0,7.070833333333333,44.583333333333336,24,complete_24_hours,Original weather CSV
2024-01-16,19.48333333333333,12.2,28.6,0.0,6.441666666666666,54.16666666666666,24,complete_24_hours,Original weather CSV
2024-01-17,19.508333333333333,13.0,27.7,0.0,6.729166666666667,59.79166666666666,24,complete_24_hours,Original weather CSV
2024-01-18,19.15833333333333,12.1,26.7,0.0,6.679166666666667,61.125,24,complete_24_hours,Original weather CSV
2024-01-19,19.966666666666665,13.0,27.8,0.0,7.729166666666667,57.66666666666666,24,complete_24_hours,Original weather CSV
2024-01-20,20.25,13.6,27.7,0.0,8.254166666666666,63.125,24,complete_24_hours,Original weather CSV
2024-01-21,19.9125,13.9,27.4,0.0,7.408333333333334,56.625,24,complete_24_hours,Original weather CSV
2024-01-22,20.52083333333333,14.1,28.5,0.0,9.1,47.875,24,complete_24_hours,Original weather CSV
2024-01-23,19.0375,12.1,26.3,0.0,7.166666666666667,44.0,24,complete_24_hours,Original weather CSV
2024-01-24,18.15,11.3,25.9,0.0,10.391666666666667,39.625,24,complete_24_hours,Original weather CSV
2024-01-25,18.59583333333333,12.0,26.9,0.0,9.254166666666666,43.16666666666666,24,complete_24_hours,Original weather CSV
2024-01-26,20.308333333333334,12.8,29.4,0.0,8.083333333333334,42.958333333333336,24,complete_24_hours,Original weather CSV
2024-01-27,21.04583333333333,13.3,29.4,0.0,8.383333333333333,50.333333333333336,24,complete_24_hours,Original weather CSV
2024-01-28,22.0375,15.6,30.1,0.0,6.15,45.208333333333336,24,complete_24_hours,Original weather CSV
2024-01-29,21.59166666666667,14.2,29.3,0.0,6.683333333333334,43.16666666666666,24,complete_24_hours,Original weather CSV
2024-01-30,21.14583333333333,13.1,29.5,0.0,6.658333333333334,51.625,24,complete_24_hours,Original weather CSV
2024-01-31,20.966666666666665,13.8,29.5,0.0,7.495833333333334,53.16666666666666,24,complete_24_hours,Original weather CSV
2024-02-01,20.370833333333334,13.1,26.9,0.0,7.883333333333333,57.04166666666666,24,complete_24_hours,Original weather CSV
2024-02-02,20.7625,13.7,27.9,0.0,6.408333333333334,58.458333333333336,24,complete_24_hours,Original weather CSV
2024-02-03,22.183333333333334,14.9,30.5,0.0,8.979166666666666,51.708333333333336,24,complete_24_hours,Original weather CSV
2024-02-04,23.64583333333333,16.2,32.2,0.0,7.683333333333334,48.958333333333336,24,complete_24_hours,Original weather CSV
2024-02-05,23.6875,16.3,32.1,0.0,8.654166666666667,48.41666666666666,24,complete_24_hours,Original weather CSV
2024-02-06,23.7125,16.2,32.8,0.0,7.4125,50.125,24,complete_24_hours,Original weather CSV
2024-02-07,23.004166666666663,15.9,31.5,0.0,7.804166666666667,55.708333333333336,24,complete_24_hours,Original weather CSV
2024-02-08,21.7875,15.5,29.9,0.0,7.0125,54.5,24,complete_24_hours,Original weather CSV
2024-02-09,22.225,15.5,31.6,0.0,8.758333333333333,49.0,24,complete_24_hours,Original weather CSV
2024-02-10,22.183333333333334,15.0,31.9,0.0,8.108333333333333,45.91666666666666,24,complete_24_hours,Original weather CSV
2024-02-11,21.79583333333333,13.6,31.3,0.0,6.829166666666667,44.04166666666666,24,complete_24_hours,Original weather CSV
2024-02-12,22.070833333333336,14.2,31.3,0.0,7.116666666666667,45.0,24,complete_24_hours,Original weather CSV
2024-02-13,22.775,15.3,31.5,0.0,9.254166666666666,33.75,24,complete_24_hours,Original weather CSV
2024-02-14,22.75,15.3,30.7,0.0,7.279166666666666,41.41666666666666,24,complete_24_hours,Original weather CSV
2024-02-15,23.366666666666664,15.0,32.1,0.0,7.729166666666667,44.333333333333336,24,complete_24_hours,Original weather CSV
2024-02-16,25.3875,18.6,33.2,0.0,8.6625,43.0,24,complete_24_hours,Original weather CSV
2024-02-17,25.579166666666666,18.7,33.9,0.0,6.566666666666666,36.0,24,complete_24_hours,Original weather CSV
2024-02-18,24.72083333333333,17.1,33.2,0.0,7.35,33.916666666666664,24,complete_24_hours,Original weather CSV
2024-02-19,24.416666666666668,16.4,32.1,0.0,11.041666666666666,32.458333333333336,24,complete_24_hours,Original weather CSV
2024-02-20,23.629166666666663,17.3,31.6,0.0,11.166666666666666,39.583333333333336,24,complete_24_hours,Original weather CSV
2024-02-21,22.054166666666664,16.7,29.3,0.0,11.370833333333332,59.75,24,complete_24_hours,Original weather CSV
2024-02-22,21.945833333333336,17.5,28.5,0.0,11.7375,58.54166666666666,24,complete_24_hours,Original weather CSV
2024-02-23,21.3125,14.0,28.8,0.0,8.233333333333333,47.208333333333336,24,complete_24_hours,Original weather CSV
2024-02-24,21.370833333333334,13.4,29.5,0.0,8.620833333333334,30.08333333333333,24,complete_24_hours,Original weather CSV
2024-02-25,21.475,12.2,31.1,0.0,8.279166666666667,26.041666666666668,24,complete_24_hours,Original weather CSV
2024-02-26,24.866666666666664,17.2,33.9,0.0,8.862499999999999,34.416666666666664,24,complete_24_hours,Original weather CSV
2024-02-27,25.883333333333336,18.9,33.2,0.1,7.166666666666667,39.66666666666666,24,complete_24_hours,Original weather CSV
2024-02-28,26.125,19.8,32.9,0.0,5.7625,40.125,24,complete_24_hours,Original weather CSV
2024-02-29,27.15,19.8,34.5,0.0,6.429166666666667,37.375,24,complete_24_hours,Original weather CSV
2024-03-01,26.84583333333333,21.0,34.0,0.0,7.329166666666667,40.625,24,complete_24_hours,Original weather CSV
2024-03-02,24.925,18.9,31.4,0.6000000000000001,12.704166666666666,47.625,24,complete_24_hours,Original weather CSV
2024-03-03,22.316666666666663,16.8,28.5,0.0,16.845833333333335,65.875,24,complete_24_hours,Original weather CSV
2024-03-04,20.95,12.8,30.4,0.0,7.529166666666666,42.375,24,complete_24_hours,Original weather CSV
2024-03-05,22.729166666666668,13.8,32.7,0.0,10.883333333333333,30.45833333333333,24,complete_24_hours,Original weather CSV
2024-03-06,23.4125,15.2,32.9,0.0,8.4125,27.625,24,complete_24_hours,Original weather CSV
2024-03-07,24.225,15.4,32.9,0.0,9.308333333333334,29.08333333333333,24,complete_24_hours,Original weather CSV
2024-03-08,24.9875,16.7,33.0,0.0,9.775,28.5,24,complete_24_hours,Original weather CSV
2024-03-09,24.979166666666668,16.8,34.8,0.0,8.341666666666667,29.58333333333333,24,complete_24_hours,Original weather CSV
2024-03-10,25.95,18.7,35.0,0.0,10.2,21.95833333333333,24,complete_24_hours,Original weather CSV
2024-03-11,26.454166666666666,18.2,34.7,0.0,9.733333333333333,30.45833333333333,24,complete_24_hours,Original weather CSV
2024-03-12,26.4625,18.8,35.0,0.0,10.183333333333334,32.833333333333336,24,complete_24_hours,Original weather CSV
2024-03-13,25.6375,18.9,33.2,0.0,11.2625,37.875,24,complete_24_hours,Original weather CSV
2024-03-14,24.72083333333333,16.8,33.0,0.0,10.3375,34.541666666666664,24,complete_24_hours,Original weather CSV
2024-03-15,24.1875,14.7,33.5,0.0,8.2125,35.5,24,complete_24_hours,Original weather CSV
2024-03-16,24.85,15.3,34.7,0.0,7.587499999999999,39.91666666666666,24,complete_24_hours,Original weather CSV
2024-03-17,25.8625,16.8,35.0,0.0,9.079166666666667,34.0,24,complete_24_hours,Original weather CSV
2024-03-18,26.375,18.2,34.2,0.0,11.0125,29.625,24,complete_24_hours,Original weather CSV
2024-03-19,26.4875,18.0,33.9,0.0,12.316666666666668,29.166666666666668,24,complete_24_hours,Original weather CSV
2024-03-20,27.741666666666664,20.8,35.1,0.0,8.966666666666667,18.25,24,complete_24_hours,Original weather CSV
2024-03-21,27.15416666666667,19.4,35.3,0.0,8.408333333333333,21.416666666666668,24,complete_24_hours,Original weather CSV
2024-03-22,27.625,18.4,36.9,0.0,8.858333333333333,27.33333333333333,24,complete_24_hours,Original weather CSV
2024-03-23,27.90416666666667,18.2,37.1,0.0,9.0875,29.45833333333333,24,complete_24_hours,Original weather CSV
2024-03-24,28.316666666666663,19.5,35.9,0.0,10.445833333333333,31.166666666666668,24,complete_24_hours,Original weather CSV
2024-03-25,29.054166666666664,20.4,37.5,0.0,9.829166666666667,31.791666666666668,24,complete_24_hours,Original weather CSV
2024-03-26,29.42083333333333,20.1,38.0,0.0,8.941666666666666,35.083333333333336,24,complete_24_hours,Original weather CSV
2024-03-27,30.02916666666667,21.1,39.5,0.0,7.858333333333333,35.708333333333336,24,complete_24_hours,Original weather CSV
2024-03-28,30.183333333333334,22.4,39.6,0.0,8.6625,36.25,24,complete_24_hours,Original weather CSV
2024-03-29,30.1,22.8,37.9,0.0,9.0,37.125,24,complete_24_hours,Original weather CSV
2024-03-30,29.941666666666663,22.9,37.7,0.0,10.395833333333334,34.291666666666664,24,complete_24_hours,Original weather CSV
2024-03-31,29.883333333333336,22.7,37.7,0.0,10.533333333333331,28.75,24,complete_24_hours,Original weather CSV
2024-04-01,29.754166666666663,21.7,38.1,0.0,9.970833333333331,24.70833333333333,24,complete_24_hours,Original weather CSV
2024-04-02,29.354166666666668,19.7,38.6,0.0,10.408333333333331,27.5,24,complete_24_hours,Original weather CSV
2024-04-03,29.179166666666664,20.0,38.7,0.0,9.5875,31.166666666666668,24,complete_24_hours,Original weather CSV
2024-04-04,29.225,21.8,37.0,0.0,11.1625,30.0,24,complete_24_hours,Original weather CSV
2024-04-05,29.53333333333333,20.9,37.5,0.0,11.233333333333334,29.75,24,complete_24_hours,Original weather CSV
2024-04-06,30.379166666666663,24.2,36.9,0.0,12.9875,25.45833333333333,24,complete_24_hours,Original weather CSV
2024-04-07,29.5625,22.4,35.9,0.0,12.445833333333333,24.75,24,complete_24_hours,Original weather CSV
2024-04-08,28.625,19.6,37.4,0.0,6.8875,20.875,24,complete_24_hours,Original weather CSV
2024-04-09,29.266666666666666,20.2,38.1,0.0,10.358333333333333,32.791666666666664,24,complete_24_hours,Original weather CSV
2024-04-10,29.29583333333333,21.0,38.4,0.0,9.2625,33.208333333333336,24,complete_24_hours,Original weather CSV
2024-04-11,29.47083333333333,22.4,37.5,0.0,9.25,37.583333333333336,24,complete_24_hours,Original weather CSV
2024-04-12,29.516666666666666,23.9,36.3,0.0,12.6375,34.875,24,complete_24_hours,Original weather CSV
2024-04-13,27.77916666666667,20.2,36.4,0.0,10.104166666666666,32.833333333333336,24,complete_24_hours,Original weather CSV
2024-04-14,28.829166666666666,19.8,37.8,0.0,6.983333333333333,45.79166666666666,24,complete_24_hours,Original weather CSV
2024-04-15,31.65833333333333,23.0,39.3,0.0,7.195833333333333,41.833333333333336,24,complete_24_hours,Original weather CSV
2024-04-16,33.27916666666667,26.4,39.5,0.0,8.858333333333333,29.416666666666668,24,complete_24_hours,Original weather CSV
2024-04-17,33.53333333333333,26.8,40.6,0.0,8.775,28.5,24,complete_24_hours,Original weather CSV
2024-04-18,32.737500000000004,25.0,40.9,0.0,9.604166666666666,35.5,24,complete_24_hours,Original weather CSV
2024-04-19,32.19166666666667,24.8,39.0,0.0,11.616666666666667,30.125,24,complete_24_hours,Original weather CSV
2024-04-20,31.1875,25.1,37.8,0.0,12.2,34.541666666666664,24,complete_24_hours,Original weather CSV
2024-04-21,30.141666666666666,23.2,37.2,0.6000000000000001,12.220833333333331,32.708333333333336,24,complete_24_hours,Original weather CSV
2024-04-22,30.129166666666663,23.9,36.4,0.1,10.3125,33.458333333333336,24,complete_24_hours,Original weather CSV
2024-04-23,30.35,22.4,38.8,0.0,9.454166666666667,28.20833333333333,24,complete_24_hours,Original weather CSV
2024-04-24,30.54583333333333,22.0,37.7,0.0,8.358333333333333,32.25,24,complete_24_hours,Original weather CSV
2024-04-25,31.304166666666664,23.2,38.9,0.0,7.891666666666667,32.875,24,complete_24_hours,Original weather CSV
2024-04-26,31.1875,25.3,38.1,0.0,10.125,31.666666666666668,24,complete_24_hours,Original weather CSV
2024-04-27,32.5625,25.0,39.6,0.0,8.200000000000001,29.33333333333333,24,complete_24_hours,Original weather CSV
2024-04-28,33.145833333333336,26.1,40.3,0.0,9.445833333333333,25.20833333333333,24,complete_24_hours,Original weather CSV
2024-04-29,32.69583333333333,25.2,40.1,0.0,10.858333333333334,24.5,24,complete_24_hours,Original weather CSV
2024-04-30,32.47083333333333,24.9,39.4,0.0,12.570833333333333,20.791666666666668,24,complete_24_hours,Original weather CSV
2024-05-01,30.579166666666666,24.7,37.9,0.0,13.6625,24.541666666666668,24,complete_24_hours,Original weather CSV
2024-05-02,29.6625,22.1,37.9,0.0,10.933333333333332,26.125,24,complete_24_hours,Original weather CSV
2024-05-03,29.691666666666663,19.8,38.6,0.0,9.258333333333333,27.95833333333333,24,complete_24_hours,Original weather CSV
2024-05-04,30.45833333333333,20.9,38.5,0.0,11.366666666666667,34.25,24,complete_24_hours,Original weather CSV
2024-05-05,31.008333333333336,23.6,38.1,0.0,12.654166666666669,39.833333333333336,24,complete_24_hours,Original weather CSV
2024-05-06,30.308333333333334,25.0,37.2,0.0,13.795833333333334,41.458333333333336,24,complete_24_hours,Original weather CSV
2024-05-07,29.6375,22.9,38.1,0.0,12.854166666666666,50.41666666666666,24,complete_24_hours,Original weather CSV
2024-05-08,29.4625,20.9,38.1,0.0,10.5375,55.16666666666666,24,complete_24_hours,Original weather CSV
2024-05-09,29.879166666666663,23.3,37.0,0.1,11.479166666666666,49.75,24,complete_24_hours,Original weather CSV
2024-05-10,29.133333333333336,23.9,36.4,5.0,10.404166666666669,57.25,24,complete_24_hours,Original weather CSV
2024-05-11,30.4125,24.0,38.7,0.3999999999999999,7.066666666666666,44.875,24,complete_24_hours,Original weather CSV
2024-05-12,30.15,24.6,37.1,0.8,6.775,45.54166666666666,24,complete_24_hours,Original weather CSV
2024-05-13,28.925,23.9,34.3,0.6,6.366666666666667,56.708333333333336,24,complete_24_hours,Original weather CSV
2024-05-14,29.96666666666667,23.9,38.0,1.5,7.2375,51.208333333333336,24,complete_24_hours,Original weather CSV
2024-05-15,30.525,24.2,37.6,0.0,8.933333333333334,42.375,24,complete_24_hours,Original weather CSV
2024-05-16,30.64583333333333,24.1,37.4,0.9,6.029166666666666,41.708333333333336,24,complete_24_hours,Original weather CSV
2024-05-17,31.183333333333334,25.2,37.9,0.0,10.6625,41.375,24,complete_24_hours,Original weather CSV
2024-05-18,31.34583333333333,23.5,39.5,0.1,8.658333333333333,47.958333333333336,24,complete_24_hours,Original weather CSV
2024-05-19,32.13333333333333,24.5,39.3,0.0,12.254166666666668,48.66666666666666,24,complete_24_hours,Original weather CSV
2024-05-20,32.3375,24.9,39.6,0.0,13.1125,45.625,24,complete_24_hours,Original weather CSV
2024-05-21,32.737500000000004,24.1,40.6,0.0,12.75,45.29166666666666,24,complete_24_hours,Original weather CSV
2024-05-22,32.62083333333333,24.9,40.7,0.0,11.595833333333331,40.91666666666666,24,complete_24_hours,Original weather CSV
2024-05-23,32.391666666666666,26.1,40.0,0.0,11.675,52.333333333333336,24,complete_24_hours,Original weather CSV
2024-05-24,31.54583333333333,25.3,39.0,0.0,15.783333333333331,48.5,24,complete_24_hours,Original weather CSV
2024-05-25,29.65833333333333,24.5,37.2,0.0,18.25,60.16666666666666,24,complete_24_hours,Original weather CSV
2024-05-26,29.516666666666666,25.0,36.5,0.0,18.741666666666667,64.08333333333333,24,complete_24_hours,Original weather CSV
2024-05-27,28.516666666666666,25.3,34.0,0.3,21.525,69.29166666666667,24,complete_24_hours,Original weather CSV
2024-05-28,28.84583333333333,24.8,35.2,0.0,23.52083333333333,65.83333333333333,24,complete_24_hours,Original weather CSV
2024-05-29,28.504166666666663,23.7,34.8,0.0,23.65416666666667,67.54166666666667,24,complete_24_hours,Original weather CSV
2024-05-30,28.89583333333333,23.5,36.1,0.0,18.258333333333333,64.66666666666667,24,complete_24_hours,Original weather CSV
2024-05-31,29.429166666666664,23.7,36.7,0.0,16.6375,61.0,24,complete_24_hours,Original weather CSV
2024-06-01,29.383333333333336,23.7,36.4,0.0,15.4375,62.29166666666666,24,complete_24_hours,Original weather CSV
2024-06-02,29.866666666666664,24.2,36.3,0.0,13.083333333333334,58.625,24,complete_24_hours,Original weather CSV
2024-06-03,29.141666666666666,24.2,35.1,2.4,11.716666666666669,61.875,24,complete_24_hours,Original weather CSV
2024-06-04,28.28333333333333,24.3,33.3,6.6,10.991666666666667,69.08333333333333,24,complete_24_hours,Original weather CSV
2024-06-05,28.166666666666668,24.5,33.9,3.8,11.733333333333334,71.41666666666667,24,complete_24_hours,Original weather CSV
2024-06-06,28.59166666666667,24.0,35.3,0.9,11.15,69.70833333333333,24,complete_24_hours,Original weather CSV
2024-06-07,27.425,23.9,35.1,6.2,10.208333333333334,75.33333333333333,24,complete_24_hours,Original weather CSV
2024-06-08,26.308333333333334,23.3,30.2,18.0,11.254166666666668,77.79166666666667,24,complete_24_hours,Original weather CSV
2024-06-09,26.34166666666667,23.9,30.5,2.7,12.508333333333333,77.95833333333333,24,complete_24_hours,Original weather CSV
2024-06-10,25.6,23.5,29.3,14.7,11.945833333333333,83.45833333333333,24,complete_24_hours,Original weather CSV
2024-06-11,25.508333333333336,23.6,29.6,4.5,14.579166666666666,83.625,24,complete_24_hours,Original weather CSV
2024-06-12,25.92083333333333,23.3,30.3,1.9,14.891666666666666,82.25,24,complete_24_hours,Original weather CSV
2024-06-13,25.916666666666668,23.1,30.2,1.3,14.541666666666666,81.20833333333333,24,complete_24_hours,Original weather CSV
2024-06-14,25.4625,22.5,29.0,0.9,14.266666666666666,81.41666666666667,24,complete_24_hours,Original weather CSV
2024-06-15,25.89583333333333,22.8,31.0,4.4,12.670833333333334,78.83333333333333,24,complete_24_hours,Original weather CSV
2024-06-16,26.508333333333336,22.8,32.1,5.199999999999999,10.391666666666667,76.875,24,complete_24_hours,Original weather CSV
2024-06-17,25.916666666666668,23.2,31.5,13.4,10.995833333333332,82.20833333333333,24,complete_24_hours,Original weather CSV
2024-06-18,25.42083333333333,23.0,29.2,6.4,15.9625,84.70833333333333,24,complete_24_hours,Original weather CSV
2024-06-19,24.766666666666666,23.1,28.1,2.6,18.154166666666665,86.04166666666667,24,complete_24_hours,Original weather CSV
2024-06-20,24.5125,22.9,27.5,6.8,18.716666666666665,89.16666666666667,24,complete_24_hours,Original weather CSV
2024-06-21,25.620833333333334,22.9,29.6,2.3,18.254166666666663,83.91666666666667,24,complete_24_hours,Original weather CSV
2024-06-22,25.870833333333334,22.9,30.2,0.8,13.620833333333332,81.91666666666667,24,complete_24_hours,Original weather CSV
2024-06-23,25.15416666666667,23.0,29.9,20.6,10.841666666666669,87.25,24,complete_24_hours,Original weather CSV
2024-06-24,25.05,22.7,29.6,19.8,6.970833333333334,87.58333333333333,24,complete_24_hours,Original weather CSV
2024-06-25,26.08333333333333,23.2,30.5,10.5,8.95,83.5,24,complete_24_hours,Original weather CSV
2024-06-26,25.441666666666663,23.1,29.6,6.3,13.2875,85.95833333333333,24,complete_24_hours,Original weather CSV
2024-06-27,24.675,23.1,28.0,8.5,18.4875,89.20833333333333,24,complete_24_hours,Original weather CSV
2024-06-28,24.2375,22.9,26.6,14.6,21.254166666666663,91.125,24,complete_24_hours,Original weather CSV
2024-06-29,24.72083333333333,22.7,28.2,2.6,18.191666666666663,88.16666666666667,24,complete_24_hours,Original weather CSV
2024-06-30,24.479166666666668,22.8,26.9,5.7,19.904166666666665,90.45833333333331,24,complete_24_hours,Original weather CSV
2024-07-01,23.84166666666667,22.3,26.1,11.3,25.23333333333333,92.16666666666669,24,complete_24_hours,Original weather CSV
2024-07-02,24.02083333333333,22.5,27.2,6.9,24.8375,90.20833333333331,24,complete_24_hours,Original weather CSV
2024-07-03,24.166666666666668,22.4,27.3,3.3000000000000003,21.291666666666668,91.54166666666669,24,complete_24_hours,Original weather CSV
2024-07-04,24.29583333333333,22.7,26.8,3.9,19.329166666666666,89.83333333333333,24,complete_24_hours,Original weather CSV
2024-07-05,24.15833333333333,22.4,26.6,5.300000000000001,20.1,90.20833333333331,24,complete_24_hours,Original weather CSV
2024-07-06,23.883333333333336,22.0,26.3,15.2,20.4625,91.04166666666669,24,complete_24_hours,Original weather CSV
2024-07-07,24.60833333333333,22.3,28.1,2.7,16.458333333333332,87.125,24,complete_24_hours,Original weather CSV
2024-07-08,24.075,22.4,27.7,6.2,10.670833333333334,90.91666666666669,24,complete_24_hours,Original weather CSV
2024-07-09,24.225,21.8,29.5,24.7,10.791666666666666,89.08333333333333,24,complete_24_hours,Original weather CSV
2024-07-10,24.204166666666666,22.0,27.9,3.9,16.154166666666665,88.33333333333333,24,complete_24_hours,Original weather CSV
2024-07-11,23.433333333333334,21.4,26.5,26.1,16.4125,92.20833333333331,24,complete_24_hours,Original weather CSV
2024-07-12,24.02083333333333,22.7,26.4,14.0,19.2125,90.875,24,complete_24_hours,Original weather CSV
2024-07-13,23.45833333333333,22.7,25.7,46.9,18.84583333333333,93.625,24,complete_24_hours,Original weather CSV
2024-07-14,23.929166666666664,22.2,26.4,1.5,14.820833333333333,89.66666666666667,24,complete_24_hours,Original weather CSV
2024-07-15,24.58333333333333,22.2,27.7,3.2,13.120833333333332,86.91666666666667,24,complete_24_hours,Original weather CSV
2024-07-16,24.85833333333333,22.1,28.9,3.7,12.441666666666668,85.83333333333333,24,complete_24_hours,Original weather CSV
2024-07-17,24.058333333333334,22.0,27.6,4.5,16.45416666666667,89.95833333333333,24,complete_24_hours,Original weather CSV
2024-07-18,24.09583333333333,22.9,26.2,5.8,21.329166666666666,90.33333333333331,24,complete_24_hours,Original weather CSV
2024-07-19,23.866666666666664,22.5,26.0,9.8,21.429166666666664,90.0,24,complete_24_hours,Original weather CSV
2024-07-20,23.90833333333333,22.6,26.3,4.8,20.8625,90.16666666666669,24,complete_24_hours,Original weather CSV
2024-07-21,23.90833333333333,22.9,26.1,8.7,21.7,92.20833333333331,24,complete_24_hours,Original weather CSV
2024-07-22,23.34166666666667,22.7,24.1,22.2,24.370833333333334,93.95833333333331,24,complete_24_hours,Original weather CSV
2024-07-23,23.354166666666668,23.0,24.4,21.1,25.054166666666664,93.91666666666669,24,complete_24_hours,Original weather CSV
2024-07-24,23.14583333333333,22.7,24.3,39.1,24.7875,94.125,24,complete_24_hours,Original weather CSV
2024-07-25,23.025,22.1,24.3,29.6,22.2875,91.91666666666669,24,complete_24_hours,Original weather CSV
2024-07-26,23.625,22.3,25.9,6.6000000000000005,26.4375,90.41666666666669,24,complete_24_hours,Original weather CSV
2024-07-27,23.52916666666667,22.5,25.4,7.2,24.02083333333333,91.04166666666669,24,complete_24_hours,Original weather CSV
2024-07-28,23.425,22.6,25.1,17.5,20.72083333333333,93.0,24,complete_24_hours,Original weather CSV
2024-07-29,23.84583333333333,22.6,26.4,18.0,21.7125,90.20833333333331,24,complete_24_hours,Original weather CSV
2024-07-30,24.058333333333334,22.1,27.2,3.6,18.0875,89.66666666666667,24,complete_24_hours,Original weather CSV
2024-07-31,24.266666666666666,22.3,27.1,8.6,17.991666666666667,89.58333333333333,24,complete_24_hours,Original weather CSV
2024-08-01,23.879166666666663,22.7,26.8,6.1000000000000005,19.8125,89.66666666666667,24,complete_24_hours,Original weather CSV
2024-08-02,23.525,22.1,25.8,10.3,23.933333333333334,89.33333333333333,24,complete_24_hours,Original weather CSV
2024-08-03,23.304166666666664,22.1,25.9,14.8,24.67083333333333,92.04166666666669,24,complete_24_hours,Original weather CSV
2024-08-04,23.15416666666667,22.3,24.6,17.8,22.079166666666666,93.5,24,complete_24_hours,Original weather CSV
2024-08-05,23.625,22.4,26.1,3.9,21.475,90.20833333333331,24,complete_24_hours,Original weather CSV
2024-08-06,24.05,22.3,26.9,3.2,20.266666666666666,87.33333333333333,24,complete_24_hours,Original weather CSV
2024-08-07,24.229166666666668,22.4,27.4,3.2,18.975,85.79166666666667,24,complete_24_hours,Original weather CSV
2024-08-08,23.675,22.1,26.6,2.9000000000000004,16.349999999999998,87.375,24,complete_24_hours,Original weather CSV
2024-08-09,23.116666666666664,22.1,24.6,2.5,14.15,90.83333333333331,24,complete_24_hours,Original weather CSV
2024-08-10,24.03333333333333,22.0,27.8,3.9,16.245833333333334,86.70833333333333,24,complete_24_hours,Original weather CSV
2024-08-11,23.870833333333334,22.2,26.2,2.1,18.2,86.5,24,complete_24_hours,Original weather CSV
2024-08-12,23.933333333333334,22.1,26.7,5.5,15.2125,87.83333333333333,24,complete_24_hours,Original weather CSV
2024-08-13,24.71666666666667,21.9,28.3,3.4,12.291666666666666,83.33333333333333,24,complete_24_hours,Original weather CSV
2024-08-14,24.579166666666666,21.4,28.4,1.3,8.674999999999999,83.625,24,complete_24_hours,Original weather CSV
2024-08-15,24.695833333333336,21.8,28.5,1.7,9.045833333333333,83.95833333333333,24,complete_24_hours,Original weather CSV
2024-08-16,24.854166666666668,21.7,28.4,1.8,10.7625,82.66666666666667,24,complete_24_hours,Original weather CSV
2024-08-17,24.875,21.3,29.6,2.7,6.529166666666666,84.20833333333333,24,complete_24_hours,Original weather CSV
2024-08-18,25.058333333333334,23.3,29.3,16.1,3.6833333333333336,88.66666666666667,24,complete_24_hours,Original weather CSV
2024-08-19,25.0875,22.5,28.9,10.7,4.3,88.70833333333333,24,complete_24_hours,Original weather CSV
2024-08-20,24.40833333333333,22.7,27.8,28.700000000000003,5.4125000000000005,91.875,24,complete_24_hours,Original weather CSV
2024-08-21,24.816666666666663,21.7,29.3,17.5,4.8875,88.91666666666667,24,complete_24_hours,Original weather CSV
2024-08-22,24.7875,22.2,29.5,23.9,4.9,89.625,24,complete_24_hours,Original weather CSV
2024-08-23,24.6125,22.8,28.5,10.8,8.041666666666666,89.41666666666667,24,complete_24_hours,Original weather CSV
2024-08-24,23.17083333333333,22.0,24.5,21.2,14.233333333333334,93.5,24,complete_24_hours,Original weather CSV
2024-08-25,22.479166666666668,21.9,24.0,27.0,24.40833333333333,93.16666666666669,24,complete_24_hours,Original weather CSV
2024-08-26,22.46666666666667,21.1,24.1,20.7,26.35833333333333,93.58333333333331,24,complete_24_hours,Original weather CSV
2024-08-27,22.454166666666666,20.6,25.3,6.8,23.21666666666667,91.91666666666669,24,complete_24_hours,Original weather CSV
2024-08-28,22.54583333333333,21.2,24.8,10.3,21.89583333333333,93.625,24,complete_24_hours,Original weather CSV
2024-08-29,23.225,21.4,26.5,4.6000000000000005,20.1375,90.54166666666669,24,complete_24_hours,Original weather CSV
2024-08-30,23.59166666666667,21.8,27.3,1.7,14.345833333333331,89.20833333333333,24,complete_24_hours,Original weather CSV
2024-08-31,24.175,21.8,27.5,1.4,11.370833333333332,85.20833333333333,24,complete_24_hours,Original weather CSV
2024-09-01,23.98333333333333,21.4,27.8,0.5,14.254166666666668,83.75,24,complete_24_hours,Original weather CSV
2024-09-02,22.558333333333334,21.3,23.6,19.8,15.045833333333334,94.04166666666669,24,complete_24_hours,Original weather CSV
2024-09-03,23.4,21.5,26.3,4.1000000000000005,14.633333333333333,89.875,24,complete_24_hours,Original weather CSV
2024-09-04,23.941666666666663,22.1,26.8,2.4,15.904166666666669,87.16666666666667,24,complete_24_hours,Original weather CSV
2024-09-05,23.629166666666663,22.3,26.1,8.0,15.095833333333331,90.33333333333331,24,complete_24_hours,Original weather CSV
2024-09-06,23.854166666666668,22.4,27.2,4.6,16.974999999999998,88.25,24,complete_24_hours,Original weather CSV
2024-09-07,24.075,22.3,27.5,2.6,14.791666666666666,86.54166666666667,24,complete_24_hours,Original weather CSV
2024-09-08,24.1125,22.1,27.7,1.9,13.445833333333333,86.04166666666667,24,complete_24_hours,Original weather CSV
2024-09-09,23.90833333333333,22.2,26.7,3.6,13.729166666666666,86.79166666666667,24,complete_24_hours,Original weather CSV
2024-09-10,24.1625,22.1,27.7,1.6,15.075,84.91666666666667,24,complete_24_hours,Original weather CSV
2024-09-11,23.995833333333334,22.0,27.8,1.6,16.858333333333334,85.95833333333333,24,complete_24_hours,Original weather CSV
2024-09-12,23.3875,21.7,26.2,0.9,16.6875,87.875,24,complete_24_hours,Original weather CSV
2024-09-13,23.175,21.3,26.1,2.0,16.183333333333334,85.33333333333333,24,complete_24_hours,Original weather CSV
2024-09-14,22.6375,20.7,25.8,2.3000000000000003,15.370833333333332,86.83333333333333,24,complete_24_hours,Original weather CSV
2024-09-15,22.879166666666663,20.7,26.2,1.3,13.45,86.0,24,complete_24_hours,Original weather CSV
2024-09-16,23.83333333333333,20.6,28.1,0.4,11.083333333333334,81.25,24,complete_24_hours,Original weather CSV
2024-09-17,22.754166666666663,19.1,27.6,1.0,9.85,82.04166666666667,24,complete_24_hours,Original weather CSV
2024-09-18,23.379166666666663,19.6,28.0,0.3,8.65,80.66666666666667,24,complete_24_hours,Original weather CSV
2024-09-19,23.71666666666667,20.4,28.9,7.6,6.95,84.33333333333333,24,complete_24_hours,Original weather CSV
2024-09-20,24.041666666666668,20.9,28.6,1.3,8.241666666666667,85.04166666666667,24,complete_24_hours,Original weather CSV
2024-09-21,24.425,21.3,28.9,0.2,8.666666666666666,82.5,24,complete_24_hours,Original weather CSV
2024-09-22,24.241666666666664,21.2,28.7,3.6,8.704166666666667,86.125,24,complete_24_hours,Original weather CSV
2024-09-23,24.55,22.4,28.3,10.0,7.425,89.04166666666667,24,complete_24_hours,Original weather CSV
2024-09-24,24.5875,21.9,29.8,12.4,6.2375,88.16666666666667,24,complete_24_hours,Original weather CSV
2024-09-25,23.90833333333333,22.0,27.9,39.5,6.008333333333333,91.875,24,complete_24_hours,Original weather CSV
2024-09-26,23.204166666666666,22.3,24.8,50.2,8.116666666666667,94.125,24,complete_24_hours,Original weather CSV
2024-09-27,22.975,22.0,24.8,11.3,15.179166666666667,94.125,24,complete_24_hours,Original weather CSV
2024-09-28,23.65,22.0,26.8,46.7,17.150000000000002,89.125,24,complete_24_hours,Original weather CSV
2024-09-29,23.8375,21.5,27.8,1.3,12.525,88.79166666666667,24,complete_24_hours,Original weather CSV
2024-09-30,24.579166666666666,21.3,28.5,1.7,7.441666666666666,86.66666666666667,24,complete_24_hours,Original weather CSV
2024-10-01,25.5375,21.1,30.9,0.2,3.975,82.33333333333333,24,complete_24_hours,Original weather CSV
2024-10-02,25.2875,21.5,31.0,2.5,6.625,83.29166666666667,24,complete_24_hours,Original weather CSV
2024-10-03,24.8875,22.1,29.7,0.3999999999999999,9.054166666666667,83.75,24,complete_24_hours,Original weather CSV
2024-10-04,24.33333333333333,21.5,28.6,1.0,8.270833333333334,85.66666666666667,24,complete_24_hours,Original weather CSV
2024-10-05,24.366666666666664,20.7,29.1,0.2,3.908333333333333,81.08333333333333,24,complete_24_hours,Original weather CSV
2024-10-06,24.29583333333333,20.2,29.0,2.2,8.258333333333333,81.70833333333333,24,complete_24_hours,Original weather CSV
2024-10-07,25.3875,21.5,30.2,0.2,10.4,74.08333333333333,24,complete_24_hours,Original weather CSV
2024-10-08,25.491666666666664,21.1,30.4,0.0,7.641666666666667,67.54166666666667,24,complete_24_hours,Original weather CSV
2024-10-09,24.15416666666667,22.1,29.2,9.1,8.054166666666667,83.125,24,complete_24_hours,Original weather CSV
2024-10-10,23.7,21.1,28.0,8.9,12.366666666666667,86.20833333333333,24,complete_24_hours,Original weather CSV
2024-10-11,23.47083333333333,21.5,28.4,12.3,13.345833333333331,88.70833333333333,24,complete_24_hours,Original weather CSV
2024-10-12,24.03333333333333,21.4,29.1,7.1,11.029166666666669,87.75,24,complete_24_hours,Original weather CSV
2024-10-13,24.079166666666666,21.3,29.3,5.7,8.5375,87.875,24,complete_24_hours,Original weather CSV
2024-10-14,24.041666666666668,20.9,29.4,2.3,8.433333333333334,86.66666666666667,24,complete_24_hours,Original weather CSV
2024-10-15,24.6375,21.1,29.3,0.4,7.3,85.0,24,complete_24_hours,Original weather CSV
2024-10-16,24.9875,21.0,29.5,1.0,7.25,83.58333333333333,24,complete_24_hours,Original weather CSV
2024-10-17,24.55,21.7,27.1,0.0,7.854166666666667,84.0,24,complete_24_hours,Original weather CSV
2024-10-18,25.2,22.3,29.6,6.4,12.254166666666668,82.75,24,complete_24_hours,Original weather CSV
2024-10-19,23.725,21.3,29.0,14.9,8.354166666666666,88.75,24,complete_24_hours,Original weather CSV
2024-10-20,22.929166666666664,20.8,27.3,19.7,7.670833333333333,90.25,24,complete_24_hours,Original weather CSV
2024-10-21,23.120833333333334,20.3,27.7,12.2,8.191666666666666,87.58333333333333,24,complete_24_hours,Original weather CSV
2024-10-22,23.64583333333333,20.3,28.9,0.8999999999999999,6.929166666666667,85.875,24,complete_24_hours,Original weather CSV
2024-10-23,24.229166666666668,20.8,29.1,0.2,7.7625,81.79166666666667,24,complete_24_hours,Original weather CSV
2024-10-24,23.58333333333333,19.3,28.0,0.0,7.116666666666667,76.70833333333333,24,complete_24_hours,Original weather CSV
2024-10-25,23.1625,18.2,29.4,0.0,5.762499999999999,64.5,24,complete_24_hours,Original weather CSV
2024-10-26,22.9875,17.5,29.5,0.0,5.291666666666667,69.41666666666667,24,complete_24_hours,Original weather CSV
2024-10-27,23.90416666666667,17.2,30.5,0.0,9.070833333333333,67.83333333333333,24,complete_24_hours,Original weather CSV
2024-10-28,24.041666666666668,18.1,31.4,0.0,5.2375,67.25,24,complete_24_hours,Original weather CSV
2024-10-29,24.775,19.8,31.0,0.0,6.266666666666667,63.75,24,complete_24_hours,Original weather CSV
2024-10-30,24.258333333333336,19.1,30.1,0.0,5.054166666666666,67.45833333333333,24,complete_24_hours,Original weather CSV
2024-10-31,24.554166666666664,19.7,30.4,0.0,8.329166666666667,66.33333333333333,24,complete_24_hours,Original weather CSV
2024-11-01,24.54583333333333,19.5,30.4,0.0,8.645833333333334,62.458333333333336,24,complete_24_hours,Original weather CSV
2024-11-02,24.225,18.3,30.1,0.0,7.320833333333333,57.625,24,complete_24_hours,Original weather CSV
2024-11-03,23.77083333333333,18.1,30.4,0.0,7.6875,62.708333333333336,24,complete_24_hours,Original weather CSV
2024-11-04,23.90833333333333,18.5,30.2,0.0,8.104166666666666,60.79166666666666,24,complete_24_hours,Original weather CSV
2024-11-05,23.8,18.3,29.8,0.0,6.808333333333334,61.333333333333336,24,complete_24_hours,Original weather CSV
2024-11-06,23.445833333333336,18.2,30.5,0.0,6.716666666666666,57.125,24,complete_24_hours,Original weather CSV
2024-11-07,22.65833333333333,15.9,29.7,0.0,7.1875,59.625,24,complete_24_hours,Original weather CSV
2024-11-08,22.775,16.9,30.2,0.0,9.25,62.083333333333336,24,complete_24_hours,Original weather CSV
2024-11-09,22.866666666666664,16.5,29.5,0.0,8.670833333333333,59.54166666666666,24,complete_24_hours,Original weather CSV
2024-11-10,22.70833333333333,16.4,29.1,0.0,8.5,53.66666666666666,24,complete_24_hours,Original weather CSV
2024-11-11,22.48333333333333,15.9,28.7,0.0,8.566666666666666,53.91666666666666,24,complete_24_hours,Original weather CSV
2024-11-12,22.5375,15.9,28.7,0.0,10.0375,55.16666666666666,24,complete_24_hours,Original weather CSV
2024-11-13,22.96666666666667,16.5,29.4,0.0,10.7375,50.208333333333336,24,complete_24_hours,Original weather CSV
2024-11-14,23.64583333333333,17.4,30.1,0.0,9.383333333333333,54.583333333333336,24,complete_24_hours,Original weather CSV
2024-11-15,24.829166666666666,19.6,30.9,0.0,9.166666666666666,56.91666666666666,24,complete_24_hours,Original weather CSV
2024-11-16,25.03333333333333,19.6,31.4,0.0,7.558333333333334,56.875,24,complete_24_hours,Original weather CSV
2024-11-17,24.433333333333334,19.1,30.3,0.0,9.125,55.333333333333336,24,complete_24_hours,Original weather CSV
2024-11-18,22.9625,17.6,29.0,0.0,10.070833333333333,48.583333333333336,24,complete_24_hours,Original weather CSV
2024-11-19,22.10833333333333,16.3,28.2,0.0,9.845833333333331,49.66666666666666,24,complete_24_hours,Original weather CSV
2024-11-20,21.704166666666666,16.1,27.8,0.0,10.225,50.54166666666666,24,complete_24_hours,Original weather CSV
2024-11-21,21.820833333333336,16.1,28.2,0.0,8.5,53.083333333333336,24,complete_24_hours,Original weather CSV
2024-11-22,21.754166666666663,15.2,28.4,0.0,8.604166666666666,55.083333333333336,24,complete_24_hours,Original weather CSV
2024-11-23,22.225,16.0,29.1,0.0,7.145833333333333,53.25,24,complete_24_hours,Original weather CSV
2024-11-24,22.09166666666667,16.3,28.4,0.0,8.354166666666666,55.5,24,complete_24_hours,Original weather CSV
2024-11-25,21.3625,15.4,27.9,0.0,11.258333333333333,51.708333333333336,24,complete_24_hours,Original weather CSV
2024-11-26,20.95833333333333,14.7,27.8,0.0,11.8625,48.583333333333336,24,complete_24_hours,Original weather CSV
2024-11-27,20.745833333333334,14.3,27.2,0.0,11.870833333333332,48.375,24,complete_24_hours,Original weather CSV
2024-11-28,20.683333333333334,14.6,27.6,0.0,13.995833333333332,42.208333333333336,24,complete_24_hours,Original weather CSV
2024-11-29,20.029166666666665,14.1,27.0,0.0,12.308333333333332,44.958333333333336,24,complete_24_hours,Original weather CSV
2024-11-30,20.091666666666665,13.7,27.1,0.0,10.6375,48.333333333333336,24,complete_24_hours,Original weather CSV
2024-12-01,21.604166666666668,15.3,28.7,0.0,9.004166666666666,56.79166666666666,24,complete_24_hours,Original weather CSV
2024-12-02,23.46666666666667,18.4,29.1,0.0,10.229166666666666,61.125,24,complete_24_hours,Original weather CSV
2024-12-03,24.379166666666663,20.0,29.7,0.7,11.570833333333333,67.45833333333333,24,complete_24_hours,Original weather CSV
2024-12-04,24.875,21.4,29.8,0.3,11.7125,71.625,24,complete_24_hours,Original weather CSV
2024-12-05,24.59166666666667,20.4,29.8,0.8,7.7,76.41666666666667,24,complete_24_hours,Original weather CSV
2024-12-06,24.85833333333333,20.5,30.9,0.0,5.6000000000000005,70.70833333333333,24,complete_24_hours,Original weather CSV
2024-12-07,23.14583333333333,18.2,29.6,0.0,5.908333333333334,61.083333333333336,24,complete_24_hours,Original weather CSV
2024-12-08,20.425,15.0,27.7,0.0,7.274999999999999,49.083333333333336,24,complete_24_hours,Original weather CSV
2024-12-09,18.9125,13.0,26.0,0.0,9.358333333333333,48.75,24,complete_24_hours,Original weather CSV
2024-12-10,18.683333333333334,12.8,25.9,0.0,11.216666666666669,51.29166666666666,24,complete_24_hours,Original weather CSV
2024-12-11,20.27083333333333,13.9,27.6,0.0,8.0375,56.625,24,complete_24_hours,Original weather CSV
2024-12-12,20.695833333333333,14.6,27.8,0.0,7.899999999999999,61.333333333333336,24,complete_24_hours,Original weather CSV
2024-12-13,19.491666666666667,14.2,26.1,0.0,12.129166666666668,56.833333333333336,24,complete_24_hours,Original weather CSV
2024-12-14,18.8,12.7,26.1,0.0,13.395833333333334,52.208333333333336,24,complete_24_hours,Original weather CSV
2024-12-15,19.054166666666667,13.0,26.8,0.0,12.720833333333331,49.5,24,complete_24_hours,Original weather CSV
2024-12-16,19.70833333333333,13.1,27.3,0.0,11.491666666666667,43.75,24,complete_24_hours,Original weather CSV
2024-12-17,20.3375,12.9,28.7,0.0,8.658333333333333,45.0,24,complete_24_hours,Original weather CSV
2024-12-18,20.629166666666663,13.6,28.8,0.0,8.745833333333334,48.16666666666666,24,complete_24_hours,Original weather CSV
2024-12-19,20.67083333333333,13.0,29.1,0.0,7.429166666666667,46.91666666666666,24,complete_24_hours,Original weather CSV
2024-12-20,21.1125,14.9,28.4,0.0,4.658333333333333,58.875,24,complete_24_hours,Original weather CSV
2024-12-21,21.6625,15.9,29.1,0.0,5.308333333333333,61.41666666666666,24,complete_24_hours,Original weather CSV
2024-12-22,20.8875,15.1,28.1,0.0,7.291666666666667,76.70833333333333,24,complete_24_hours,Original weather CSV
2024-12-23,21.0125,17.6,26.8,0.2,8.7875,76.54166666666667,24,complete_24_hours,Original weather CSV
2024-12-24,21.216666666666665,16.8,26.9,0.0,7.441666666666666,69.66666666666667,24,complete_24_hours,Original weather CSV
2024-12-25,22.229166666666668,17.2,28.6,0.0,6.566666666666666,68.375,24,complete_24_hours,Original weather CSV
2024-12-26,22.5875,18.2,28.3,0.1,8.545833333333333,71.25,24,complete_24_hours,Original weather CSV
2024-12-27,22.4875,18.2,27.9,0.7,8.895833333333334,74.29166666666667,24,complete_24_hours,Original weather CSV
2024-12-28,22.166666666666668,19.1,26.6,1.0,6.5,75.08333333333333,24,complete_24_hours,Original weather CSV
2024-12-29,22.179166666666664,17.4,27.6,0.1,7.7625,74.66666666666667,24,complete_24_hours,Original weather CSV
2024-12-30,22.8625,18.2,29.2,0.0,7.891666666666667,72.95833333333333,24,complete_24_hours,Original weather CSV
2024-12-31,22.77916666666667,18.1,29.0,0.0,7.337499999999999,71.79166666666667,24,complete_24_hours,Original weather CSV
2025-01-01,22.416666666666668,17.7,28.6,0.0,8.075000000000001,71.20833333333333,24,complete_24_hours,Original weather CSV
2025-01-02,22.070833333333336,15.7,29.7,0.0,8.491666666666667,63.458333333333336,24,complete_24_hours,Original weather CSV
2025-01-03,21.820833333333336,15.6,29.3,0.0,9.45,54.125,24,complete_24_hours,Original weather CSV
2025-01-04,21.64583333333333,14.6,29.5,0.0,9.358333333333333,46.333333333333336,24,complete_24_hours,Original weather CSV
2025-01-05,21.979166666666668,15.8,29.5,0.0,5.9125000000000005,45.208333333333336,24,complete_24_hours,Original weather CSV
2025-01-06,21.4875,15.5,28.9,0.0,7.004166666666666,55.875,24,complete_24_hours,Original weather CSV
2025-01-07,20.216666666666665,15.0,26.8,0.0,10.316666666666666,59.625,24,complete_24_hours,Original weather CSV
2025-01-08,19.45833333333333,13.1,27.0,0.0,10.170833333333333,59.625,24,complete_24_hours,Original weather CSV
2025-01-09,19.95833333333333,13.3,27.6,0.0,11.4,53.54166666666666,24,complete_24_hours,Original weather CSV
2025-01-10,20.629166666666663,13.2,27.8,0.0,7.679166666666667,49.29166666666666,24,complete_24_hours,Original weather CSV
2025-01-11,21.125,14.7,28.2,0.0,6.308333333333334,57.833333333333336,24,complete_24_hours,Original weather CSV
2025-01-12,21.35,15.4,28.2,0.0,6.1625000000000005,60.91666666666666,24,complete_24_hours,Original weather CSV
2025-01-13,21.004166666666663,15.5,27.7,0.0,10.6,67.08333333333333,24,complete_24_hours,Original weather CSV
2025-01-14,22.0875,15.1,29.8,0.0,9.8125,63.333333333333336,24,complete_24_hours,Original weather CSV
2025-01-15,23.479166666666668,18.6,30.5,0.0,9.729166666666666,59.833333333333336,24,complete_24_hours,Original weather CSV
2025-01-16,22.89583333333333,17.0,29.9,0.1,5.6625000000000005,64.20833333333333,24,complete_24_hours,Original weather CSV
2025-01-17,22.320833333333336,17.1,28.6,0.0,12.383333333333333,64.33333333333333,24,complete_24_hours,Original weather CSV
2025-01-18,21.8875,16.3,28.5,0.0,12.479166666666666,54.125,24,complete_24_hours,Original weather CSV
2025-01-19,22.1875,15.5,29.7,0.0,8.666666666666666,50.333333333333336,24,complete_24_hours,Original weather CSV
2025-01-20,22.495833333333334,15.9,29.9,0.0,8.729166666666666,50.333333333333336,24,complete_24_hours,Original weather CSV
2025-01-21,22.8875,15.9,30.4,0.0,7.316666666666666,49.29166666666666,24,complete_24_hours,Original weather CSV
2025-01-22,23.495833333333334,16.5,31.4,0.0,8.616666666666667,51.29166666666666,24,complete_24_hours,Original weather CSV
2025-01-23,23.20833333333333,17.0,30.7,0.0,7.070833333333333,52.54166666666666,24,complete_24_hours,Original weather CSV
2025-01-24,23.679166666666664,17.0,30.8,0.0,8.75,54.208333333333336,24,complete_24_hours,Original weather CSV
2025-01-25,24.691666666666663,17.5,32.4,0.0,8.520833333333334,56.625,24,complete_24_hours,Original weather CSV
2025-01-26,25.254166666666663,17.9,32.9,0.0,6.245833333333334,55.083333333333336,24,complete_24_hours,Original weather CSV
2025-01-27,25.09583333333333,17.8,33.3,0.0,5.866666666666667,49.5,24,complete_24_hours,Original weather CSV
2025-01-28,25.229166666666668,18.3,33.8,0.0,6.5125,45.04166666666666,24,complete_24_hours,Original weather CSV
2025-01-29,25.229166666666668,18.1,34.0,0.0,6.895833333333333,36.25,24,complete_24_hours,Original weather CSV
2025-01-30,24.433333333333334,17.2,33.0,0.0,6.891666666666667,40.375,24,complete_24_hours,Original weather CSV
2025-01-31,23.579166666666666,17.3,31.7,0.0,7.466666666666666,38.708333333333336,24,complete_24_hours,Original weather CSV
2025-02-01,22.6875,16.1,31.0,0.0,7.129166666666666,39.208333333333336,24,complete_24_hours,Original weather CSV
2025-02-02,23.758333333333336,16.8,31.9,0.0,7.066666666666666,41.04166666666666,24,complete_24_hours,Original weather CSV
2025-02-03,24.79583333333333,18.9,32.6,0.0,6.479166666666667,43.0,24,complete_24_hours,Original weather CSV
2025-02-04,24.25,18.2,32.1,0.0,8.304166666666667,40.833333333333336,24,complete_24_hours,Original weather CSV
2025-02-05,23.325,16.8,30.4,0.0,7.6375,35.041666666666664,24,complete_24_hours,Original weather CSV
2025-02-06,23.829166666666666,17.2,30.9,0.0,9.841666666666669,46.208333333333336,24,complete_24_hours,Original weather CSV
2025-02-07,24.77083333333333,17.8,32.6,0.0,9.966666666666669,47.583333333333336,24,complete_24_hours,Original weather CSV
2025-02-08,25.5625,18.5,33.2,0.0,7.1375,47.16666666666666,24,complete_24_hours,Original weather CSV
2025-02-09,26.241666666666664,19.5,33.4,0.0,7.475,43.625,24,complete_24_hours,Original weather CSV
2025-02-10,26.3875,20.2,33.9,0.0,6.079166666666667,36.083333333333336,24,complete_24_hours,Original weather CSV
2025-02-11,25.40416666666667,19.3,33.6,0.0,7.733333333333333,34.916666666666664,24,complete_24_hours,Original weather CSV
2025-02-12,24.304166666666664,16.4,32.8,0.0,6.508333333333333,33.458333333333336,24,complete_24_hours,Original weather CSV
2025-02-13,24.22083333333333,16.9,32.5,0.0,7.1125,35.75,24,complete_24_hours,Original weather CSV
2025-02-14,24.566666666666663,16.9,32.2,0.0,6.866666666666667,37.708333333333336,24,complete_24_hours,Original weather CSV
2025-02-15,25.23333333333333,18.0,33.6,0.0,5.883333333333334,31.416666666666668,24,complete_24_hours,Original weather CSV
2025-02-16,25.35,18.2,33.4,0.0,7.645833333333333,28.291666666666668,24,complete_24_hours,Original weather CSV
2025-02-17,26.3375,19.2,34.1,0.0,6.966666666666666,28.375,24,complete_24_hours,Original weather CSV
2025-02-18,26.1875,19.4,34.2,0.0,8.266666666666667,33.375,24,complete_24_hours,Original weather CSV
2025-02-19,25.525,18.4,32.6,0.0,7.712499999999999,33.333333333333336,24,complete_24_hours,Original weather CSV
2025-02-20,25.875,18.4,32.9,0.0,6.7125,31.625,24,complete_24_hours,Original weather CSV
2025-02-21,26.316666666666663,19.3,33.3,0.0,7.558333333333334,27.45833333333333,24,complete_24_hours,Original weather CSV
2025-02-22,26.475,18.6,34.3,0.0,7.695833333333333,28.541666666666668,24,complete_24_hours,Original weather CSV
2025-02-23,26.3875,19.5,34.1,0.0,6.625,27.541666666666668,24,complete_24_hours,Original weather CSV
2025-02-24,26.204166666666666,19.1,33.2,0.0,7.541666666666667,26.416666666666668,24,complete_24_hours,Original weather CSV
2025-02-25,26.15,18.9,33.4,0.0,7.345833333333334,29.875,24,complete_24_hours,Original weather CSV
2025-02-26,26.5,19.7,33.8,0.0,10.283333333333331,32.166666666666664,24,complete_24_hours,Original weather CSV
2025-02-27,27.379166666666663,20.4,34.9,0.0,7.783333333333334,33.041666666666664,24,complete_24_hours,Original weather CSV
2025-02-28,27.85,20.8,36.0,0.0,6.608333333333333,33.708333333333336,24,complete_24_hours,Original weather CSV
2025-03-01,27.966666666666665,21.9,35.8,0.0,8.320833333333333,34.25,24,complete_24_hours,Original weather CSV
2025-03-02,27.17083333333333,20.9,34.3,0.0,9.825,30.95833333333333,24,complete_24_hours,Original weather CSV
2025-03-03,27.879166666666663,20.3,35.3,0.0,10.895833333333334,27.875,24,complete_24_hours,Original weather CSV
2025-03-04,27.366666666666664,20.3,35.0,0.0,8.716666666666667,31.166666666666668,24,complete_24_hours,Original weather CSV
2025-03-05,25.525,19.4,33.0,0.0,11.25,25.33333333333333,24,complete_24_hours,Original weather CSV
2025-03-06,25.308333333333334,16.6,34.2,0.0,7.320833333333333,18.125,24,complete_24_hours,Original weather CSV
2025-03-07,26.854166666666668,18.6,35.1,0.0,6.791666666666667,19.041666666666668,24,complete_24_hours,Original weather CSV
2025-03-08,27.96666666666667,19.2,36.1,0.0,7.85,19.625,24,complete_24_hours,Original weather CSV
2025-03-09,28.4625,20.9,36.1,0.0,5.25,23.75,24,complete_24_hours,Original weather CSV
2025-03-10,28.88333333333333,21.7,36.4,0.0,10.6625,26.95833333333333,24,complete_24_hours,Original weather CSV
2025-03-11,29.84166666666667,22.6,37.0,0.0,8.891666666666667,28.666666666666668,24,complete_24_hours,Original weather CSV
2025-03-12,30.1125,22.7,37.8,0.0,4.55,27.58333333333333,24,complete_24_hours,Original weather CSV
2025-03-13,30.02916666666667,22.7,37.4,0.0,9.666666666666666,27.58333333333333,24,complete_24_hours,Original weather CSV
2025-03-14,29.5375,22.1,36.4,0.0,9.0375,20.75,24,complete_24_hours,Original weather CSV
2025-03-15,29.541666666666668,22.0,37.5,0.0,8.775,22.666666666666668,24,complete_24_hours,Original weather CSV
2025-03-16,28.808333333333334,22.7,36.0,0.0,8.620833333333334,25.291666666666668,24,complete_24_hours,Original weather CSV
2025-03-17,28.541666666666668,23.2,34.7,0.0,10.5375,25.83333333333333,24,complete_24_hours,Original weather CSV
2025-03-18,28.29583333333333,20.6,36.7,0.0,8.820833333333333,27.916666666666668,24,complete_24_hours,Original weather CSV
2025-03-19,28.225,20.8,36.5,0.0,8.220833333333333,23.95833333333333,24,complete_24_hours,Original weather CSV
2025-03-20,27.4875,21.0,34.4,0.0,8.887500000000001,22.75,24,complete_24_hours,Original weather CSV
2025-03-21,26.95833333333333,20.6,33.9,0.0,9.983333333333333,27.666666666666668,24,complete_24_hours,Original weather CSV
2025-03-22,27.28333333333333,18.8,34.9,0.0,6.075,24.291666666666668,24,complete_24_hours,Original weather CSV
2025-03-23,28.804166666666664,20.0,36.0,0.0,6.670833333333333,21.291666666666668,24,complete_24_hours,Original weather CSV
2025-03-24,29.58333333333333,22.3,36.5,0.0,7.679166666666667,22.875,24,complete_24_hours,Original weather CSV
2025-03-25,29.495833333333334,21.9,37.1,0.0,7.333333333333333,25.58333333333333,24,complete_24_hours,Original weather CSV
2025-03-26,28.9625,22.1,37.2,0.0,8.733333333333333,30.75,24,complete_24_hours,Original weather CSV
2025-03-27,27.55,21.3,34.9,0.0,10.75,36.91666666666666,24,complete_24_hours,Original weather CSV
2025-03-28,28.79583333333333,20.9,37.4,0.0,8.770833333333334,35.708333333333336,24,complete_24_hours,Original weather CSV
2025-03-29,30.67083333333333,23.4,37.9,0.0,9.904166666666669,18.416666666666668,24,complete_24_hours,Original weather CSV
2025-03-30,31.4125,24.1,39.0,0.0,9.133333333333333,18.33333333333333,24,complete_24_hours,Original weather CSV
2025-03-31,31.979166666666668,26.8,38.8,0.0,7.504166666666666,18.875,24,complete_24_hours,Original weather CSV
2025-04-01,30.570833333333336,25.4,38.3,0.1,6.741666666666667,25.45833333333333,24,complete_24_hours,Original weather CSV
2025-04-02,28.8625,24.4,37.1,1.2,7.358333333333333,40.375,24,complete_24_hours,Original weather CSV
2025-04-03,27.991666666666664,22.1,35.9,5.9,6.104166666666667,47.958333333333336,24,complete_24_hours,Original weather CSV
2025-04-04,27.96666666666667,21.6,35.3,0.0,8.5375,53.79166666666666,24,complete_24_hours,Original weather CSV
2025-04-05,30.2625,21.9,38.2,0.0,9.345833333333331,26.33333333333333,24,complete_24_hours,Original weather CSV
2025-04-06,31.77083333333333,24.3,38.9,0.0,10.145833333333334,18.45833333333333,24,complete_24_hours,Original weather CSV
2025-04-07,31.683333333333334,23.0,40.2,0.0,9.733333333333333,20.041666666666668,24,complete_24_hours,Original weather CSV
2025-04-08,33.05833333333333,24.7,40.3,0.0,10.041666666666666,16.0,24,complete_24_hours,Original weather CSV
2025-04-09,32.8375,26.5,40.1,0.0,13.329166666666666,17.833333333333332,24,complete_24_hours,Original weather CSV
2025-04-10,30.1125,23.6,37.5,0.0,10.683333333333332,34.083333333333336,24,complete_24_hours,Original weather CSV
2025-04-11,28.945833333333336,22.9,36.2,0.0,13.879166666666668,33.833333333333336,24,complete_24_hours,Original weather CSV
2025-04-12,27.75,20.9,35.5,0.0,13.525,52.708333333333336,24,complete_24_hours,Original weather CSV
2025-04-13,28.741666666666664,21.0,36.5,0.0,11.4,47.958333333333336,24,complete_24_hours,Original weather CSV
2025-04-14,30.27083333333333,23.1,37.4,0.0,12.158333333333331,29.041666666666668,24,complete_24_hours,Original weather CSV
2025-04-15,31.075,24.7,38.5,0.0,12.05,24.625,24,complete_24_hours,Original weather CSV
2025-04-16,30.7875,23.8,38.3,0.0,11.720833333333331,29.541666666666668,24,complete_24_hours,Original weather CSV
2025-04-17,30.34166666666667,23.5,38.7,0.0,12.441666666666668,34.666666666666664,24,complete_24_hours,Original weather CSV
2025-04-18,30.329166666666666,23.0,38.6,0.0,12.229166666666666,37.208333333333336,24,complete_24_hours,Original weather CSV
2025-04-19,30.475,24.6,37.7,0.0,13.345833333333331,33.166666666666664,24,complete_24_hours,Original weather CSV
2025-04-20,29.495833333333334,22.6,36.9,0.0,11.9875,37.41666666666666,24,complete_24_hours,Original weather CSV
2025-04-21,30.55,22.5,38.5,0.0,10.1,36.25,24,complete_24_hours,Original weather CSV
2025-04-22,32.204166666666666,24.2,41.2,0.0,9.470833333333331,27.125,24,complete_24_hours,Original weather CSV
2025-04-23,32.3375,24.5,39.9,0.0,9.841666666666669,22.70833333333333,24,complete_24_hours,Original weather CSV
2025-04-24,31.72083333333333,25.5,39.3,0.0,11.266666666666666,26.33333333333333,24,complete_24_hours,Original weather CSV
2025-04-25,30.77916666666667,24.0,38.4,0.0,10.591666666666669,28.625,24,complete_24_hours,Original weather CSV
2025-04-26,30.85833333333333,24.3,37.6,0.0,11.125,28.666666666666668,24,complete_24_hours,Original weather CSV
2025-04-27,30.854166666666668,21.8,39.0,0.0,10.270833333333334,35.5,24,complete_24_hours,Original weather CSV
2025-04-28,30.78333333333333,22.9,38.6,0.0,11.175,36.458333333333336,24,complete_24_hours,Original weather CSV
2025-04-29,31.05,23.2,38.6,0.0,11.629166666666668,40.875,24,complete_24_hours,Original weather CSV
2025-04-30,30.65,23.6,38.4,0.0,13.2125,37.29166666666666,24,complete_24_hours,Original weather CSV
2025-05-01,31.8375,25.6,39.8,0.0,13.558333333333332,28.08333333333333,24,complete_24_hours,Original weather CSV
2025-05-02,31.65833333333333,24.7,39.4,0.0,12.8875,24.75,24,complete_24_hours,Original weather CSV
2025-05-03,29.641666666666666,23.7,37.1,0.0,13.658333333333331,36.04166666666666,24,complete_24_hours,Original weather CSV
2025-05-04,27.566666666666663,21.9,34.0,0.0,14.475,57.625,24,complete_24_hours,Original weather CSV
2025-05-05,28.254166666666663,22.4,35.5,0.1,11.7375,59.125,24,complete_24_hours,Original weather CSV
2025-05-06,26.241666666666664,21.7,33.7,0.5,14.541666666666666,65.33333333333333,24,complete_24_hours,Original weather CSV
2025-05-07,25.495833333333334,21.4,32.6,0.8,15.25,67.45833333333333,24,complete_24_hours,Original weather CSV
2025-05-08,24.675,21.4,30.8,3.8,13.841666666666669,73.91666666666667,24,complete_24_hours,Original weather CSV
2025-05-09,25.454166666666666,20.7,31.6,2.2,10.2625,70.29166666666667,24,complete_24_hours,Original weather CSV
2025-05-10,27.02916666666667,21.7,34.4,0.0,8.125,68.0,24,complete_24_hours,Original weather CSV
2025-05-11,27.6625,22.3,35.3,1.4,6.575,67.29166666666667,24,complete_24_hours,Original weather CSV
2025-05-12,27.3,23.2,36.1,5.6,6.2,70.41666666666667,24,complete_24_hours,Original weather CSV
2025-05-13,26.20833333333333,23.0,33.7,12.7,5.245833333333334,77.125,24,complete_24_hours,Original weather CSV
2025-05-14,26.1875,22.4,32.6,1.9,4.9750000000000005,79.70833333333333,24,complete_24_hours,Original weather CSV
2025-05-15,26.4125,23.3,32.2,3.7,5.5375000000000005,80.29166666666667,24,complete_24_hours,Original weather CSV
2025-05-16,25.67083333333333,23.0,31.9,19.6,7.508333333333333,84.125,24,complete_24_hours,Original weather CSV
2025-05-17,26.504166666666663,23.1,31.6,4.3,7.866666666666667,79.66666666666667,24,complete_24_hours,Original weather CSV
2025-05-18,26.820833333333336,22.9,32.6,4.1000000000000005,6.516666666666667,77.625,24,complete_24_hours,Original weather CSV
2025-05-19,26.604166666666668,23.3,32.6,7.399999999999999,5.116666666666666,81.08333333333333,24,complete_24_hours,Original weather CSV
2025-05-20,26.879166666666663,24.1,31.9,15.000000000000002,6.645833333333333,82.5,24,complete_24_hours,Original weather CSV
2025-05-21,26.22083333333333,22.8,30.1,7.3,4.570833333333334,78.375,24,complete_24_hours,Original weather CSV
2025-05-22,25.4125,22.5,28.1,2.4,8.383333333333333,81.75,24,complete_24_hours,Original weather CSV
2025-05-23,25.64583333333333,23.1,28.2,0.0,7.899999999999999,80.5,24,complete_24_hours,Original weather CSV
2025-05-24,25.125,23.5,27.2,1.7,7.658333333333334,80.79166666666667,24,complete_24_hours,Original weather CSV
2025-05-25,25.75,23.4,30.7,16.900000000000002,10.375,82.54166666666667,24,complete_24_hours,Original weather CSV
2025-05-26,27.137500000000003,23.8,33.1,3.3,9.916666666666666,79.83333333333333,24,complete_24_hours,Original weather CSV
2025-05-27,25.8,23.4,30.3,2.8,13.766666666666666,83.79166666666667,24,complete_24_hours,Original weather CSV
2025-05-28,25.266666666666666,22.6,29.0,2.6,14.675,87.0,24,complete_24_hours,Original weather CSV
2025-05-29,26.6875,23.4,31.9,2.3,14.745833333333332,80.54166666666667,24,complete_24_hours,Original weather CSV
2025-05-30,26.77083333333333,23.7,31.1,0.0,19.379166666666663,77.375,24,complete_24_hours,Original weather CSV
2025-05-31,26.1125,23.7,30.7,0.8,20.20833333333333,79.25,24,complete_24_hours,Original weather CSV
2025-06-01,25.508333333333336,22.4,30.0,0.9,16.916666666666668,80.20833333333333,24,complete_24_hours,Original weather CSV
2025-06-02,25.3625,22.2,30.0,0.3,17.483333333333334,79.04166666666667,24,complete_24_hours,Original weather CSV
2025-06-03,24.96666666666667,21.7,29.3,0.7000000000000001,17.633333333333333,80.20833333333333,24,complete_24_hours,Original weather CSV
2025-06-04,23.916666666666668,21.3,28.6,5.1,10.5375,84.54166666666667,24,complete_24_hours,Original weather CSV
2025-06-05,25.116666666666664,21.3,30.8,1.0,7.6,77.66666666666667,24,complete_24_hours,Original weather CSV
2025-06-06,25.73333333333333,21.5,32.0,6.7,8.033333333333333,78.70833333333333,24,complete_24_hours,Original weather CSV
2025-06-07,25.9625,22.5,30.8,1.7,11.004166666666668,81.04166666666667,24,complete_24_hours,Original weather CSV
2025-06-08,26.45833333333333,23.1,31.3,1.0,11.9,78.0,24,complete_24_hours,Original weather CSV
2025-06-09,26.59166666666667,23.4,31.7,0.0,14.954166666666666,75.58333333333333,24,complete_24_hours,Original weather CSV
2025-06-10,26.566666666666663,22.8,31.6,0.0,14.7375,74.16666666666667,24,complete_24_hours,Original weather CSV
2025-06-11,27.075,23.2,32.1,0.0,15.345833333333331,74.95833333333333,24,complete_24_hours,Original weather CSV
2025-06-12,27.166666666666668,24.5,33.2,8.100000000000001,13.291666666666666,79.25,24,complete_24_hours,Original weather CSV
2025-06-13,25.7375,23.3,30.1,44.4,8.779166666666667,86.54166666666667,24,complete_24_hours,Original weather CSV
2025-06-14,26.23333333333333,23.0,32.3,36.9,5.416666666666667,85.875,24,complete_24_hours,Original weather CSV
2025-06-15,25.98333333333333,23.2,29.7,2.8000000000000003,5.4875,84.08333333333333,24,complete_24_hours,Original weather CSV
2025-06-16,23.85,22.8,26.3,9.4,15.470833333333331,92.66666666666669,24,complete_24_hours,Original weather CSV
2025-06-17,24.025,22.0,27.5,5.6,22.65416666666667,88.125,24,complete_24_hours,Original weather CSV
2025-06-18,24.316666666666663,22.2,27.6,20.9,20.59583333333333,90.83333333333331,24,complete_24_hours,Original weather CSV
2025-06-19,23.23333333333333,21.9,24.9,17.6,19.1875,92.91666666666669,24,complete_24_hours,Original weather CSV
2025-06-20,24.275,22.2,28.2,2.5,21.120833333333334,86.79166666666667,24,complete_24_hours,Original weather CSV
2025-06-21,23.75,21.8,26.2,6.8,18.516666666666666,89.41666666666667,24,complete_24_hours,Original weather CSV
2025-06-22,23.566666666666663,21.9,26.9,5.3,18.808333333333334,90.375,24,complete_24_hours,Original weather CSV
2025-06-23,23.33333333333333,22.0,25.8,8.6,19.9,91.83333333333331,24,complete_24_hours,Original weather CSV
2025-06-24,23.275,22.2,25.2,14.9,20.291666666666668,91.95833333333331,24,complete_24_hours,Original weather CSV
2025-06-25,24.10833333333333,22.1,27.2,6.3,18.825,89.29166666666667,24,complete_24_hours,Original weather CSV
2025-06-26,23.17083333333333,21.9,25.2,14.1,16.291666666666668,93.58333333333331,24,complete_24_hours,Original weather CSV
2025-06-27,23.245833333333334,22.0,25.3,7.5,19.620833333333334,92.66666666666669,24,complete_24_hours,Original weather CSV
2025-06-28,23.041666666666668,21.3,26.0,10.6,22.504166666666663,91.29166666666669,24,complete_24_hours,Original weather CSV
2025-06-29,22.9375,22.0,24.9,9.4,21.3375,92.08333333333331,24,complete_24_hours,Original weather CSV
2025-06-30,23.29583333333333,21.6,26.6,5.1,20.666666666666668,90.375,24,complete_24_hours,Original weather CSV
2025-07-01,23.40416666666667,22.1,26.0,7.2,19.279166666666665,90.875,24,complete_24_hours,Original weather CSV
2025-07-02,23.554166666666664,22.2,26.1,9.6,19.2375,90.45833333333331,24,complete_24_hours,Original weather CSV
2025-07-03,23.508333333333336,21.5,26.7,7.7,19.995833333333334,89.20833333333333,24,complete_24_hours,Original weather CSV
2025-07-04,23.204166666666666,21.7,25.5,5.8,20.616666666666667,91.79166666666669,24,complete_24_hours,Original weather CSV
2025-07-05,23.508333333333336,22.3,26.6,11.4,21.96666666666667,90.625,24,complete_24_hours,Original weather CSV
2025-07-06,22.78333333333333,22.1,24.0,22.2,21.570833333333336,93.95833333333331,24,complete_24_hours,Original weather CSV
2025-07-07,22.5625,21.8,23.4,7.9,18.225,93.66666666666669,24,complete_24_hours,Original weather CSV
2025-07-08,23.0375,21.7,25.6,5.9,17.979166666666668,92.08333333333331,24,complete_24_hours,Original weather CSV
2025-07-09,23.09166666666667,22.1,25.5,5.9,14.320833333333333,93.58333333333331,24,complete_24_hours,Original weather CSV
2025-07-10,24.354166666666668,22.0,28.4,1.2,14.0125,85.5,24,complete_24_hours,Original weather CSV
2025-07-11,24.304166666666664,22.2,27.9,1.9,13.75,86.375,24,complete_24_hours,Original weather CSV
2025-07-12,24.25,22.3,27.7,2.8000000000000003,15.675,85.41666666666667,24,complete_24_hours,Original weather CSV
2025-07-13,24.1,22.4,27.3,4.7,17.045833333333334,87.04166666666667,24,complete_24_hours,Original weather CSV
2025-07-14,23.875,22.2,26.5,12.3,16.1125,89.91666666666667,24,complete_24_hours,Original weather CSV
2025-07-15,24.34166666666667,22.3,27.8,4.8,14.1125,87.29166666666667,24,complete_24_hours,Original weather CSV
2025-07-16,25.0,22.5,28.5,2.6,13.558333333333332,84.5,24,complete_24_hours,Original weather CSV
2025-07-17,25.116666666666664,22.3,28.9,0.6000000000000001,10.491666666666667,82.5,24,complete_24_hours,Original weather CSV
2025-07-18,24.666666666666668,22.0,27.8,0.2,11.816666666666668,83.33333333333333,24,complete_24_hours,Original weather CSV
2025-07-19,24.445833333333336,22.2,28.5,1.7000000000000002,13.895833333333334,84.04166666666667,24,complete_24_hours,Original weather CSV
2025-07-20,24.48333333333333,21.9,27.7,3.4000000000000004,14.445833333333333,86.0,24,complete_24_hours,Original weather CSV
2025-07-21,24.066666666666663,22.3,27.1,19.4,10.745833333333332,90.75,24,complete_24_hours,Original weather CSV
2025-07-22,24.254166666666663,22.3,26.8,2.0,13.091666666666669,87.54166666666667,24,complete_24_hours,Original weather CSV
2025-07-23,23.666666666666668,22.2,26.3,6.7,15.979166666666666,89.0,24,complete_24_hours,Original weather CSV
2025-07-24,23.704166666666666,21.5,26.5,4.0,17.470833333333335,88.875,24,complete_24_hours,Original weather CSV
2025-07-25,23.5,22.4,25.6,13.2,16.98333333333333,92.20833333333331,24,complete_24_hours,Original weather CSV
2025-07-26,23.320833333333336,22.4,25.0,9.3,19.90833333333333,92.83333333333331,24,complete_24_hours,Original weather CSV
2025-07-27,23.004166666666663,22.0,24.5,13.9,24.0625,92.20833333333331,24,complete_24_hours,Original weather CSV
2025-07-28,23.016666666666666,21.8,25.3,8.5,24.42083333333333,91.08333333333331,24,complete_24_hours,Original weather CSV
2025-07-29,22.754166666666663,21.8,24.4,8.4,23.125,93.0,24,complete_24_hours,Original weather CSV
2025-07-30,23.52916666666667,22.2,25.7,2.2,22.95833333333333,91.0,24,complete_24_hours,Original weather CSV
2025-07-31,23.729166666666668,22.0,27.0,2.5,21.0125,88.75,24,complete_24_hours,Original weather CSV
2025-08-01,23.9375,21.8,27.3,2.3000000000000003,17.704166666666666,86.375,24,complete_24_hours,Original weather CSV
2025-08-02,24.0125,22.0,27.3,2.2,14.895833333333334,86.625,24,complete_24_hours,Original weather CSV
2025-08-03,24.21666666666667,21.7,27.8,1.8,12.875,85.125,24,complete_24_hours,Original weather CSV
2025-08-04,24.291666666666668,21.9,28.1,0.9,12.25,84.54166666666667,24,complete_24_hours,Original weather CSV
2025-08-05,24.52083333333333,21.5,28.5,1.7,10.570833333333333,83.29166666666667,24,complete_24_hours,Original weather CSV
2025-08-06,24.875,21.5,29.3,1.4,7.929166666666667,81.95833333333333,24,complete_24_hours,Original weather CSV
2025-08-07,24.641666666666666,21.9,28.9,7.2,7.462499999999999,84.16666666666667,24,complete_24_hours,Original weather CSV
2025-08-08,23.90833333333333,21.9,27.2,5.300000000000001,7.866666666666667,87.375,24,complete_24_hours,Original weather CSV
2025-08-09,23.96666666666667,21.9,27.5,1.2,8.4125,86.41666666666667,24,complete_24_hours,Original weather CSV
2025-08-10,23.90833333333333,21.7,27.8,1.7,10.8625,86.16666666666667,24,complete_24_hours,Original weather CSV
2025-08-11,23.691666666666663,21.7,27.5,1.9,12.920833333333334,87.16666666666667,24,complete_24_hours,Original weather CSV
2025-08-12,23.925,21.7,27.2,1.9,13.6125,85.08333333333333,24,complete_24_hours,Original weather CSV
2025-08-13,23.679166666666664,21.8,27.8,5.7,11.370833333333332,89.33333333333333,24,complete_24_hours,Original weather CSV
2025-08-14,23.929166666666664,22.0,27.3,10.9,9.145833333333334,88.58333333333333,24,complete_24_hours,Original weather CSV
2025-08-15,23.679166666666664,21.9,27.1,8.8,10.8625,89.79166666666667,24,complete_24_hours,Original weather CSV
2025-08-16,23.33333333333333,21.8,26.4,11.5,11.970833333333331,90.58333333333331,24,complete_24_hours,Original weather CSV
2025-08-17,23.75,21.5,27.8,4.6,11.579166666666666,88.41666666666667,24,complete_24_hours,Original weather CSV
2025-08-18,23.166666666666668,22.0,26.8,20.7,15.795833333333334,93.25,24,complete_24_hours,Original weather CSV
2025-08-19,23.275,22.1,26.7,22.7,19.079166666666666,93.41666666666669,24,complete_24_hours,Original weather CSV
2025-08-20,22.725,22.3,23.8,10.0,24.729166666666668,93.29166666666669,24,complete_24_hours,Original weather CSV
2025-08-21,23.241666666666664,22.0,26.3,9.8,22.925,90.83333333333331,24,complete_24_hours,Original weather CSV
2025-08-22,23.125,21.8,25.8,5.7,23.245833333333334,89.125,24,complete_24_hours,Original weather CSV
2025-08-23,22.65833333333333,21.3,25.0,7.2,24.429166666666664,89.875,24,complete_24_hours,Original weather CSV
2025-08-24,22.7375,21.4,25.7,6.9,24.575,89.66666666666667,24,complete_24_hours,Original weather CSV
2025-08-25,22.379166666666663,21.4,23.7,13.8,18.891666666666666,93.58333333333331,24,complete_24_hours,Original weather CSV
2025-08-26,23.554166666666664,21.8,27.0,7.0,15.55,89.66666666666667,24,complete_24_hours,Original weather CSV
2025-08-27,23.575,22.0,26.1,6.4,11.3625,89.375,24,complete_24_hours,Original weather CSV
2025-08-28,23.366666666666664,21.8,26.4,11.7,11.3875,90.625,24,complete_24_hours,Original weather CSV
2025-08-29,23.379166666666663,21.5,26.8,14.3,11.0625,91.08333333333331,24,complete_24_hours,Original weather CSV
2025-08-30,23.7875,21.7,27.3,4.800000000000001,13.1,89.125,24,complete_24_hours,Original weather CSV
2025-08-31,23.84166666666667,21.7,27.2,1.9,15.445833333333333,87.625,24,complete_24_hours,Original weather CSV
2025-09-01,23.2625,22.0,25.2,6.4,18.683333333333334,90.66666666666669,24,complete_24_hours,Original weather CSV
2025-09-02,23.70833333333333,21.8,26.6,1.6,16.958333333333332,87.20833333333333,24,complete_24_hours,Original weather CSV
2025-09-03,23.445833333333336,21.9,26.4,3.2,14.120833333333332,86.79166666666667,24,complete_24_hours,Original weather CSV
2025-09-04,22.53333333333333,21.2,24.6,10.2,14.85,92.0,24,complete_24_hours,Original weather CSV
2025-09-05,23.225,22.0,26.2,10.1,17.2625,91.16666666666669,24,complete_24_hours,Original weather CSV
2025-09-06,21.97083333333333,20.9,24.0,43.4,18.475,94.29166666666669,24,complete_24_hours,Original weather CSV
2025-09-07,22.758333333333336,20.9,25.7,6.5,18.691666666666663,89.91666666666667,24,complete_24_hours,Original weather CSV
2025-09-08,23.09583333333333,20.8,26.6,2.1,13.8,87.75,24,complete_24_hours,Original weather CSV
2025-09-09,23.52916666666667,20.3,28.1,0.1,7.825,82.875,24,complete_24_hours,Original weather CSV
2025-09-10,23.566666666666663,19.4,28.7,1.4,6.675,81.20833333333333,24,complete_24_hours,Original weather CSV
2025-09-11,23.27083333333333,19.5,28.0,0.7000000000000001,8.191666666666666,84.375,24,complete_24_hours,Original weather CSV
2025-09-12,23.225,20.2,26.2,0.9,7.383333333333333,85.25,24,complete_24_hours,Original weather CSV
2025-09-13,23.5,21.1,28.2,17.599999999999998,5.783333333333334,88.83333333333333,24,complete_24_hours,Original weather CSV
2025-09-14,23.620833333333334,21.8,28.3,31.3,8.4125,90.25,24,complete_24_hours,Original weather CSV
2025-09-15,23.7875,21.7,28.7,11.1,7.854166666666667,89.25,24,complete_24_hours,Original weather CSV
2025-09-16,23.52083333333333,21.5,26.5,4.1000000000000005,8.620833333333334,89.08333333333333,24,complete_24_hours,Original weather CSV
2025-09-17,23.85,21.3,28.4,5.7,6.020833333333333,89.04166666666667,24,complete_24_hours,Original weather CSV
2025-09-18,24.041666666666668,21.7,27.8,10.7,5.25,89.16666666666667,24,complete_24_hours,Original weather CSV
2025-09-19,23.83333333333333,21.7,27.3,8.0,6.358333333333333,90.29166666666669,24,complete_24_hours,Original weather CSV
2025-09-20,23.77916666666667,21.7,27.1,5.300000000000001,9.166666666666666,89.70833333333333,24,complete_24_hours,Original weather CSV
2025-09-21,24.15833333333333,22.1,28.1,2.0,8.7125,87.66666666666667,24,complete_24_hours,Original weather CSV
2025-09-22,23.67083333333333,22.0,26.6,4.0,8.333333333333334,89.54166666666667,24,complete_24_hours,Original weather CSV
2025-09-23,23.40416666666667,21.5,27.1,1.8,12.629166666666668,86.875,24,complete_24_hours,Original weather CSV
2025-09-24,23.27083333333333,21.1,27.2,1.5,11.070833333333333,85.08333333333333,24,complete_24_hours,Original weather CSV
2025-09-25,23.59583333333333,20.7,28.2,1.3,8.674999999999999,83.45833333333333,24,complete_24_hours,Original weather CSV
2025-09-26,23.254166666666663,21.0,26.7,18.6,9.1375,88.95833333333333,24,complete_24_hours,Original weather CSV
2025-09-27,24.17083333333333,22.2,28.0,12.6,15.141666666666666,88.25,24,complete_24_hours,Original weather CSV
2025-09-28,22.4125,21.6,23.6,82.9,13.9125,95.41666666666669,24,complete_24_hours,Original weather CSV
2025-09-29,21.975,20.6,24.3,3.4000000000000004,19.541666666666668,90.625,24,complete_24_hours,Original weather CSV
2025-09-30,22.7125,20.5,26.9,1.0,15.1375,87.125,24,complete_24_hours,Original weather CSV
2025-10-01,23.433333333333334,20.8,27.3,0.4,13.904166666666669,85.125,24,complete_24_hours,Original weather CSV
2025-10-02,23.416666666666668,20.5,27.7,2.3,9.9,85.125,24,complete_24_hours,Original weather CSV
2025-10-03,23.89583333333333,21.1,28.7,1.4,8.191666666666666,85.5,24,complete_24_hours,Original weather CSV
2025-10-04,23.825,21.3,28.6,2.7,8.841666666666667,86.58333333333333,24,complete_24_hours,Original weather CSV
2025-10-05,23.09583333333333,20.7,26.8,1.9,9.279166666666669,86.70833333333333,24,complete_24_hours,Original weather CSV
2025-10-06,23.1125,20.2,27.8,0.3,9.583333333333334,83.375,24,complete_24_hours,Original weather CSV
2025-10-07,22.829166666666666,19.9,27.1,2.2,8.629166666666666,87.29166666666667,24,complete_24_hours,Original weather CSV
2025-10-08,23.59166666666667,19.7,28.2,0.1,6.120833333333334,78.83333333333333,24,complete_24_hours,Original weather CSV
2025-10-09,23.8,19.7,28.6,0.0,5.483333333333333,69.5,24,complete_24_hours,Original weather CSV
2025-10-10,23.65416666666667,19.0,29.0,0.0,6.383333333333333,67.0,24,complete_24_hours,Original weather CSV
2025-10-11,23.625,19.0,28.8,0.0,5.55,66.66666666666667,24,complete_24_hours,Original weather CSV
2025-10-12,23.629166666666663,18.8,29.0,0.0,6.466666666666666,62.833333333333336,24,complete_24_hours,Original weather CSV
2025-10-13,24.1,18.9,30.2,0.0,4.595833333333333,56.625,24,complete_24_hours,Original weather CSV
2025-10-14,24.179166666666664,18.5,30.2,0.0,6.833333333333333,53.54166666666666,24,complete_24_hours,Original weather CSV
2025-10-15,24.616666666666664,19.4,30.4,0.2,9.7625,60.66666666666666,24,complete_24_hours,Original weather CSV
2025-10-16,25.79583333333333,20.9,31.1,1.3,10.5375,70.08333333333333,24,complete_24_hours,Original weather CSV
2025-10-17,26.041666666666668,21.8,31.1,0.1,10.154166666666669,67.20833333333333,24,complete_24_hours,Original weather CSV
2025-10-18,25.7625,21.8,30.9,0.3,7.85,68.54166666666667,24,complete_24_hours,Original weather CSV
2025-10-19,25.4125,21.9,29.8,0.5,9.929166666666667,68.29166666666667,24,complete_24_hours,Original weather CSV
2025-10-20,25.504166666666663,21.1,30.2,0.0,11.783333333333331,63.25,24,complete_24_hours,Original weather CSV
2025-10-21,24.8,21.0,30.0,2.6,10.9375,71.875,24,complete_24_hours,Original weather CSV
2025-10-22,25.4,21.9,30.5,0.7,11.033333333333331,77.41666666666667,24,complete_24_hours,Original weather CSV
2025-10-23,26.5625,22.7,31.2,0.0,13.9375,71.20833333333333,24,complete_24_hours,Original weather CSV
2025-10-24,25.391666666666666,22.1,30.1,3.6,15.079166666666666,76.0,24,complete_24_hours,Original weather CSV
2025-10-25,23.516666666666666,21.3,29.4,11.8,13.045833333333334,88.20833333333333,24,complete_24_hours,Original weather CSV
2025-10-26,22.9,21.2,27.9,29.6,12.491666666666667,90.70833333333331,24,complete_24_hours,Original weather CSV
2025-10-27,23.53333333333333,21.2,28.6,19.8,10.441666666666666,88.375,24,complete_24_hours,Original weather CSV
2025-10-28,23.96666666666667,21.5,28.4,3.6,9.695833333333333,85.45833333333333,24,complete_24_hours,Original weather CSV
2025-10-29,23.425,21.4,26.4,6.9,9.766666666666667,89.375,24,complete_24_hours,Original weather CSV
2025-10-30,22.85,21.1,25.2,4.0,8.325000000000001,88.04166666666667,24,complete_24_hours,Original weather CSV
2025-10-31,23.04583333333333,19.7,27.9,1.3,4.666666666666667,87.83333333333333,24,complete_24_hours,Original weather CSV
2025-11-01,23.75,21.6,27.5,0.9,8.429166666666667,90.16666666666669,24,complete_24_hours,Original weather CSV
2025-11-02,23.445833333333336,21.2,27.5,1.6,10.3875,89.375,24,complete_24_hours,Original weather CSV
2025-11-03,23.64583333333333,21.2,27.7,0.5,9.95,86.33333333333333,24,complete_24_hours,Original weather CSV
2025-11-04,22.879166666666663,20.4,26.6,0.6000000000000001,9.795833333333333,84.125,24,complete_24_hours,Original weather CSV
2025-11-05,22.804166666666664,19.7,28.0,0.0,5.016666666666667,77.16666666666667,24,complete_24_hours,Original weather CSV
2025-11-06,22.2875,17.7,27.8,0.0,5.0125,73.08333333333333,24,complete_24_hours,Original weather CSV
2025-11-07,21.9875,16.7,27.8,0.0,6.258333333333333,61.29166666666666,24,complete_24_hours,Original weather CSV
2025-11-08,21.695833333333336,16.5,28.4,0.0,6.579166666666667,59.375,24,complete_24_hours,Original weather CSV
2025-11-09,21.39583333333333,15.5,27.8,0.0,5.416666666666667,53.333333333333336,24,complete_24_hours,Original weather CSV
2025-11-10,21.125,14.9,27.6,0.0,5.970833333333334,49.583333333333336,24,complete_24_hours,Original weather CSV
2025-11-11,20.966666666666665,14.8,27.6,0.0,7.408333333333334,48.5,24,complete_24_hours,Original weather CSV
2025-11-12,20.78333333333333,14.8,27.6,0.0,7.566666666666666,50.41666666666666,24,complete_24_hours,Original weather CSV
2025-11-13,20.65,15.0,27.4,0.0,9.029166666666669,50.625,24,complete_24_hours,Original weather CSV
2025-11-14,20.695833333333333,14.7,27.6,0.0,9.575,53.79166666666666,24,complete_24_hours,Original weather CSV
2025-11-15,20.375,14.4,27.2,0.0,11.258333333333333,52.833333333333336,24,complete_24_hours,Original weather CSV
2025-11-16,19.954166666666666,14.2,26.8,0.0,11.116666666666667,53.458333333333336,24,complete_24_hours,Original weather CSV
2025-11-17,19.6375,14.1,26.5,0.0,12.445833333333333,52.79166666666666,24,complete_24_hours,Original weather CSV
2025-11-18,19.070833333333333,12.5,26.3,0.0,12.533333333333331,52.875,24,complete_24_hours,Original weather CSV
2025-11-19,20.0375,13.4,27.8,0.0,9.5375,54.54166666666666,24,complete_24_hours,Original weather CSV
2025-11-20,20.254166666666663,14.0,27.6,0.0,10.3625,56.208333333333336,24,complete_24_hours,Original weather CSV
2025-11-21,21.008333333333333,14.7,28.5,0.0,10.391666666666667,61.25,24,complete_24_hours,Original weather CSV
2025-11-22,23.08333333333333,17.1,30.6,0.0,8.695833333333333,61.79166666666666,24,complete_24_hours,Original weather CSV
2025-11-23,23.79583333333333,18.3,30.5,0.0,5.641666666666667,66.75,24,complete_24_hours,Original weather CSV
2025-11-24,23.98333333333333,19.5,29.8,0.0,4.633333333333334,67.16666666666667,24,complete_24_hours,Original weather CSV
2025-11-25,24.22083333333333,19.3,29.7,0.0,8.195833333333333,61.54166666666666,24,complete_24_hours,Original weather CSV
2025-11-26,24.02916666666667,18.5,29.8,0.0,8.720833333333333,57.79166666666666,24,complete_24_hours,Original weather CSV
2025-11-27,22.683333333333334,17.8,28.4,0.0,10.041666666666666,58.0,24,complete_24_hours,Original weather CSV
2025-11-28,22.1625,17.5,27.8,0.0,9.983333333333333,64.33333333333333,24,complete_24_hours,Original weather CSV
2025-11-29,20.5,15.8,26.7,0.0,11.929166666666667,53.083333333333336,24,complete_24_hours,Original weather CSV
2025-11-30,19.883333333333333,14.6,26.5,0.0,10.7875,49.125,24,complete_24_hours,Original weather CSV
2025-12-01,19.995833333333334,14.2,27.0,0.0,10.404166666666669,50.583333333333336,24,complete_24_hours,Original weather CSV
2025-12-02,20.016666666666666,14.0,27.0,0.0,8.65,55.875,24,complete_24_hours,Original weather CSV
2025-12-03,19.97083333333333,13.8,27.0,0.0,11.208333333333334,59.54166666666666,24,complete_24_hours,Original weather CSV
2025-12-04,20.4875,15.3,27.2,0.0,11.083333333333334,61.375,24,complete_24_hours,Original weather CSV
2025-12-05,20.758333333333333,15.1,27.4,0.0,10.975,62.25,24,complete_24_hours,Original weather CSV
2025-12-06,16.4,15.2,17.6,0.0,10.78,76.8,5,incomplete_day,Original weather CSV
2025-12-07,18.983333333333334,13.4,26.1,0.0,12.316666666666668,55.333333333333336,24,complete_24_hours,Open-Meteo Historical Weather API
2025-12-08,18.587500000000002,12.6,26.3,0.0,10.658333333333333,48.375,24,complete_24_hours,Open-Meteo Historical Weather API
2025-12-09,18.474999999999998,11.8,26.4,0.0,12.695833333333333,41.875,24,complete_24_hours,Open-Meteo Historical Weather API
2025-12-10,18.483333333333334,12.1,26.2,0.0,10.279166666666667,40.875,24,complete_24_hours,Open-Meteo Historical Weather API
2025-12-11,18.020833333333332,11.3,25.5,0.0,8.762500000000001,43.166666666666664,24,complete_24_hours,Open-Meteo Historical Weather API
2025-12-12,18.204166666666666,12.0,25.9,0.0,9.129166666666666,43.625,24,complete_24_hours,Open-Meteo Historical Weather API
2025-12-13,18.9875,12.1,27.0,0.0,9.924999999999999,45.125,24,complete_24_hours,Open-Meteo Historical Weather API
2025-12-14,19.087500000000002,13.0,26.7,0.0,10.554166666666667,48.708333333333336,24,complete_24_hours,Open-Meteo Historical Weather API
2025-12-15,18.379166666666666,12.4,25.9,0.0,11.408333333333333,48.083333333333336,24,complete_24_hours,Open-Meteo Historical Weather API
2025-12-16,18.225,11.8,25.9,0.0,12.9625,51.166666666666664,24,complete_24_hours,Open-Meteo Historical Weather API
2025-12-17,18.954166666666666,12.2,27.2,0.0,11.008333333333333,56.5,24,complete_24_hours,Open-Meteo Historical Weather API
2025-12-18,19.2,12.6,27.4,0.0,10.716666666666667,50.833333333333336,24,complete_24_hours,Open-Meteo Historical Weather API
2025-12-19,18.870833333333334,12.3,27.5,0.0,10.216666666666667,43.125,24,complete_24_hours,Open-Meteo Historical Weather API
2025-12-20,18.55,12.3,26.9,0.0,10.5,39.125,24,complete_24_hours,Open-Meteo Historical Weather API
2025-12-21,18.033333333333335,12.1,25.0,0.0,11.108333333333334,40.375,24,complete_24_hours,Open-Meteo Historical Weather API
2025-12-22,18.208333333333332,11.6,25.9,0.0,11.304166666666667,45.375,24,complete_24_hours,Open-Meteo Historical Weather API
2025-12-23,18.6875,12.2,26.3,0.0,10.6875,47.083333333333336,24,complete_24_hours,Open-Meteo Historical Weather API
2025-12-24,18.391666666666666,12.3,25.3,0.0,10.779166666666667,45.958333333333336,24,complete_24_hours,Open-Meteo Historical Weather API
2025-12-25,18.379166666666666,12.3,25.4,0.0,9.745833333333334,44.291666666666664,24,complete_24_hours,Open-Meteo Historical Weather API
2025-12-26,18.2,11.6,25.4,0.0,9.595833333333333,49.541666666666664,24,complete_24_hours,Open-Meteo Historical Weather API
2025-12-27,18.720833333333335,12.4,25.9,0.0,8.366666666666667,48.041666666666664,24,complete_24_hours,Open-Meteo Historical Weather API
2025-12-28,18.587500000000002,12.0,25.8,0.0,9.258333333333333,50.458333333333336,24,complete_24_hours,Open-Meteo Historical Weather API
2025-12-29,18.379166666666666,11.8,25.6,0.0,8.366666666666667,48.958333333333336,24,complete_24_hours,Open-Meteo Historical Weather API
2025-12-30,18.420833333333334,11.4,26.8,0.0,8.1875,49.333333333333336,24,complete_24_hours,Open-Meteo Historical Weather API
2025-12-31,18.179166666666667,12.0,25.6,0.0,6.570833333333334,58.166666666666664,24,complete_24_hours,Open-Meteo Historical Weather API
